version,1.6.0
info,balls_per_over,6
info,team,Australia
info,team,Pakistan
info,gender,male
info,season,2016/17
info,date,2017/01/15
info,event,Pakistan in Australia ODI Series
info,match_number,2
info,venue,Melbourne Cricket Ground
info,city,
info,toss_winner,Australia
info,toss_decision,bat
info,player_of_match,Mohammad Hafeez
info,umpire,CB Gaffaney
info,umpire,P Wilson
info,reserve_umpire,SJ Nogajski
info,tv_umpire,C Shamshuddin
info,match_referee,JJ Crowe
info,winner,Pakistan
info,winner_wickets,6
info,player,Australia,UT Khawaja
info,player,Australia,DA Warner
info,player,Australia,SPD Smith
info,player,Australia,MR Marsh
info,player,Australia,TM Head
info,player,Australia,GJ Maxwell
info,player,Australia,MS Wade
info,player,Australia,JP Faulkner
info,player,Australia,MA Starc
info,player,Australia,PJ Cummins
info,player,Australia,JR Hazlewood
info,player,Pakistan,Mohammad Hafeez
info,player,Pakistan,Sharjeel Khan
info,player,Pakistan,Babar Azam
info,player,Pakistan,Asad Shafiq
info,player,Pakistan,Shoaib Malik
info,player,Pakistan,Umar Akmal
info,player,Pakistan,Mohammad Rizwan
info,player,Pakistan,Imad Wasim
info,player,Pakistan,Mohammad Amir
info,player,Pakistan,Hasan Ali
info,player,Pakistan,Junaid Khan
info,registry,people,Asad Shafiq,50250426
info,registry,people,Babar Azam,8a75e999
info,registry,people,C Shamshuddin,0f9d921b
info,registry,people,CB Gaffaney,d5ac41d8
info,registry,people,DA Warner,dcce6f09
info,registry,people,GJ Maxwell,b681e71e
info,registry,people,Hasan Ali,2911de16
info,registry,people,Imad Wasim,9cb8d7a6
info,registry,people,JJ Crowe,2e760301
info,registry,people,JP Faulkner,808f425a
info,registry,people,JR Hazlewood,03806cf8
info,registry,people,Junaid Khan,086f5984
info,registry,people,MA Starc,3fb19989
info,registry,people,MR Marsh,3d8feaf8
info,registry,people,MS Wade,afa7e784
info,registry,people,Mohammad Amir,e174dadd
info,registry,people,Mohammad Hafeez,9ab63e7b
info,registry,people,Mohammad Rizwan,2f26ac1a
info,registry,people,P Wilson,68304a36
info,registry,people,PJ Cummins,ded9240e
info,registry,people,SJ Nogajski,9b3f9323
info,registry,people,SPD Smith,30a45b23
info,registry,people,Sharjeel Khan,193ef196
info,registry,people,Shoaib Malik,64c34cd0
info,registry,people,TM Head,12b610c2
info,registry,people,UT Khawaja,331ea488
info,registry,people,Umar Akmal,fd2bf2a0
ball,1,0.1,Australia,UT Khawaja,DA Warner,Mohammad Amir,3,0,,,,,,"",""
ball,1,0.2,Australia,DA Warner,UT Khawaja,Mohammad Amir,0,0,,,,,,"",""
ball,1,0.3,Australia,DA Warner,UT Khawaja,Mohammad Amir,1,0,,,,,,"",""
ball,1,0.4,Australia,UT Khawaja,DA Warner,Mohammad Amir,0,1,,,,1,,"",""
ball,1,0.5,Australia,DA Warner,UT Khawaja,Mohammad Amir,0,0,,,,,,"",""
ball,1,0.6,Australia,DA Warner,UT Khawaja,Mohammad Amir,0,0,,,,,,"",""
ball,1,1.1,Australia,UT Khawaja,DA Warner,Junaid Khan,1,0,,,,,,"",""
ball,1,1.2,Australia,DA Warner,UT Khawaja,Junaid Khan,4,0,,,,,,"",""
ball,1,1.3,Australia,DA Warner,UT Khawaja,Junaid Khan,2,0,,,,,,"",""
ball,1,1.4,Australia,DA Warner,UT Khawaja,Junaid Khan,0,0,,,,,,"",""
ball,1,1.5,Australia,DA Warner,UT Khawaja,Junaid Khan,0,0,,,,,,"",""
ball,1,1.6,Australia,DA Warner,UT Khawaja,Junaid Khan,0,1,1,,,,,"",""
ball,1,1.7,Australia,DA Warner,UT Khawaja,Junaid Khan,0,0,,,,,,"",""
ball,1,2.1,Australia,UT Khawaja,DA Warner,Mohammad Amir,0,0,,,,,,"",""
ball,1,2.2,Australia,UT Khawaja,DA Warner,Mohammad Amir,0,0,,,,,,"",""
ball,1,2.3,Australia,UT Khawaja,DA Warner,Mohammad Amir,3,0,,,,,,"",""
ball,1,2.4,Australia,DA Warner,UT Khawaja,Mohammad Amir,1,0,,,,,,"",""
ball,1,2.5,Australia,UT Khawaja,DA Warner,Mohammad Amir,0,0,,,,,,"",""
ball,1,2.6,Australia,UT Khawaja,DA Warner,Mohammad Amir,0,0,,,,,,"",""
ball,1,3.1,Australia,DA Warner,UT Khawaja,Junaid Khan,0,0,,,,,,"",""
ball,1,3.2,Australia,DA Warner,UT Khawaja,Junaid Khan,0,0,,,,,,"",""
ball,1,3.3,Australia,DA Warner,UT Khawaja,Junaid Khan,1,0,,,,,,"",""
ball,1,3.4,Australia,UT Khawaja,DA Warner,Junaid Khan,0,0,,,,,,"",""
ball,1,3.5,Australia,UT Khawaja,DA Warner,Junaid Khan,0,0,,,,,,"",""
ball,1,3.6,Australia,UT Khawaja,DA Warner,Junaid Khan,2,0,,,,,,"",""
ball,1,4.1,Australia,DA Warner,UT Khawaja,Mohammad Amir,2,0,,,,,,"",""
ball,1,4.2,Australia,DA Warner,UT Khawaja,Mohammad Amir,0,0,,,,,,"",""
ball,1,4.3,Australia,DA Warner,UT Khawaja,Mohammad Amir,2,0,,,,,,"",""
ball,1,4.4,Australia,DA Warner,UT Khawaja,Mohammad Amir,0,1,1,,,,,"",""
ball,1,4.5,Australia,DA Warner,UT Khawaja,Mohammad Amir,1,0,,,,,,"",""
ball,1,4.6,Australia,UT Khawaja,DA Warner,Mohammad Amir,1,0,,,,,,"",""
ball,1,4.7,Australia,DA Warner,UT Khawaja,Mohammad Amir,2,0,,,,,,"",""
ball,1,5.1,Australia,UT Khawaja,DA Warner,Junaid Khan,1,0,,,,,,"",""
ball,1,5.2,Australia,DA Warner,UT Khawaja,Junaid Khan,0,0,,,,,,"",""
ball,1,5.3,Australia,DA Warner,UT Khawaja,Junaid Khan,0,1,1,,,,,"",""
ball,1,5.4,Australia,DA Warner,UT Khawaja,Junaid Khan,0,0,,,,,,"",""
ball,1,5.5,Australia,DA Warner,UT Khawaja,Junaid Khan,0,0,,,,,,"",""
ball,1,5.6,Australia,DA Warner,UT Khawaja,Junaid Khan,0,0,,,,,,caught,DA Warner
ball,1,5.7,Australia,SPD Smith,UT Khawaja,Junaid Khan,0,0,,,,,,"",""
ball,1,6.1,Australia,UT Khawaja,SPD Smith,Mohammad Amir,0,0,,,,,,"",""
ball,1,6.2,Australia,UT Khawaja,SPD Smith,Mohammad Amir,0,0,,,,,,"",""
ball,1,6.3,Australia,UT Khawaja,SPD Smith,Mohammad Amir,1,0,,,,,,"",""
ball,1,6.4,Australia,SPD Smith,UT Khawaja,Mohammad Amir,0,0,,,,,,"",""
ball,1,6.5,Australia,SPD Smith,UT Khawaja,Mohammad Amir,0,0,,,,,,"",""
ball,1,6.6,Australia,SPD Smith,UT Khawaja,Mohammad Amir,0,0,,,,,,"",""
ball,1,7.1,Australia,UT Khawaja,SPD Smith,Junaid Khan,1,0,,,,,,"",""
ball,1,7.2,Australia,SPD Smith,UT Khawaja,Junaid Khan,3,0,,,,,,"",""
ball,1,7.3,Australia,UT Khawaja,SPD Smith,Junaid Khan,0,0,,,,,,"",""
ball,1,7.4,Australia,UT Khawaja,SPD Smith,Junaid Khan,4,0,,,,,,"",""
ball,1,7.5,Australia,UT Khawaja,SPD Smith,Junaid Khan,0,0,,,,,,"",""
ball,1,7.6,Australia,UT Khawaja,SPD Smith,Junaid Khan,0,0,,,,,,caught,UT Khawaja
ball,1,8.1,Australia,SPD Smith,MR Marsh,Mohammad Amir,0,0,,,,,,"",""
ball,1,8.2,Australia,SPD Smith,MR Marsh,Mohammad Amir,0,0,,,,,,"",""
ball,1,8.3,Australia,SPD Smith,MR Marsh,Mohammad Amir,0,0,,,,,,"",""
ball,1,8.4,Australia,SPD Smith,MR Marsh,Mohammad Amir,1,0,,,,,,"",""
ball,1,8.5,Australia,MR Marsh,SPD Smith,Mohammad Amir,0,0,,,,,,caught,MR Marsh
ball,1,8.6,Australia,TM Head,SPD Smith,Mohammad Amir,4,0,,,,,,"",""
ball,1,9.1,Australia,SPD Smith,TM Head,Junaid Khan,4,0,,,,,,"",""
ball,1,9.2,Australia,SPD Smith,TM Head,Junaid Khan,0,0,,,,,,"",""
ball,1,9.3,Australia,SPD Smith,TM Head,Junaid Khan,0,0,,,,,,"",""
ball,1,9.4,Australia,SPD Smith,TM Head,Junaid Khan,0,0,,,,,,"",""
ball,1,9.5,Australia,SPD Smith,TM Head,Junaid Khan,0,0,,,,,,"",""
ball,1,9.6,Australia,SPD Smith,TM Head,Junaid Khan,0,0,,,,,,"",""
ball,1,10.1,Australia,TM Head,SPD Smith,Mohammad Amir,0,0,,,,,,"",""
ball,1,10.2,Australia,TM Head,SPD Smith,Mohammad Amir,1,0,,,,,,"",""
ball,1,10.3,Australia,SPD Smith,TM Head,Mohammad Amir,4,0,,,,,,"",""
ball,1,10.4,Australia,SPD Smith,TM Head,Mohammad Amir,0,0,,,,,,"",""
ball,1,10.5,Australia,SPD Smith,TM Head,Mohammad Amir,0,0,,,,,,"",""
ball,1,10.6,Australia,SPD Smith,TM Head,Mohammad Amir,0,0,,,,,,"",""
ball,1,11.1,Australia,TM Head,SPD Smith,Junaid Khan,0,0,,,,,,"",""
ball,1,11.2,Australia,TM Head,SPD Smith,Junaid Khan,4,0,,,,,,"",""
ball,1,11.3,Australia,TM Head,SPD Smith,Junaid Khan,2,0,,,,,,"",""
ball,1,11.4,Australia,TM Head,SPD Smith,Junaid Khan,0,0,,,,,,"",""
ball,1,11.5,Australia,TM Head,SPD Smith,Junaid Khan,4,0,,,,,,"",""
ball,1,11.6,Australia,TM Head,SPD Smith,Junaid Khan,0,0,,,,,,"",""
ball,1,12.1,Australia,SPD Smith,TM Head,Imad Wasim,0,0,,,,,,"",""
ball,1,12.2,Australia,SPD Smith,TM Head,Imad Wasim,1,0,,,,,,"",""
ball,1,12.3,Australia,TM Head,SPD Smith,Imad Wasim,0,0,,,,,,"",""
ball,1,12.4,Australia,TM Head,SPD Smith,Imad Wasim,1,0,,,,,,"",""
ball,1,12.5,Australia,SPD Smith,TM Head,Imad Wasim,1,0,,,,,,"",""
ball,1,12.6,Australia,TM Head,SPD Smith,Imad Wasim,1,0,,,,,,"",""
ball,1,13.1,Australia,TM Head,SPD Smith,Hasan Ali,0,0,,,,,,"",""
ball,1,13.2,Australia,TM Head,SPD Smith,Hasan Ali,0,0,,,,,,"",""
ball,1,13.3,Australia,TM Head,SPD Smith,Hasan Ali,0,0,,,,,,"",""
ball,1,13.4,Australia,TM Head,SPD Smith,Hasan Ali,0,1,,,,1,,"",""
ball,1,13.5,Australia,SPD Smith,TM Head,Hasan Ali,0,0,,,,,,"",""
ball,1,13.6,Australia,SPD Smith,TM Head,Hasan Ali,1,0,,,,,,"",""
ball,1,14.1,Australia,SPD Smith,TM Head,Imad Wasim,1,0,,,,,,"",""
ball,1,14.2,Australia,TM Head,SPD Smith,Imad Wasim,0,0,,,,,,"",""
ball,1,14.3,Australia,TM Head,SPD Smith,Imad Wasim,1,0,,,,,,"",""
ball,1,14.4,Australia,SPD Smith,TM Head,Imad Wasim,1,0,,,,,,"",""
ball,1,14.5,Australia,TM Head,SPD Smith,Imad Wasim,0,0,,,,,,"",""
ball,1,14.6,Australia,TM Head,SPD Smith,Imad Wasim,0,0,,,,,,"",""
ball,1,15.1,Australia,SPD Smith,TM Head,Hasan Ali,1,0,,,,,,"",""
ball,1,15.2,Australia,TM Head,SPD Smith,Hasan Ali,0,0,,,,,,"",""
ball,1,15.3,Australia,TM Head,SPD Smith,Hasan Ali,4,0,,,,,,"",""
ball,1,15.4,Australia,TM Head,SPD Smith,Hasan Ali,0,0,,,,,,"",""
ball,1,15.5,Australia,TM Head,SPD Smith,Hasan Ali,2,0,,,,,,"",""
ball,1,15.6,Australia,TM Head,SPD Smith,Hasan Ali,0,0,,,,,,"",""
ball,1,16.1,Australia,SPD Smith,TM Head,Mohammad Hafeez,0,0,,,,,,"",""
ball,1,16.2,Australia,SPD Smith,TM Head,Mohammad Hafeez,1,0,,,,,,"",""
ball,1,16.3,Australia,TM Head,SPD Smith,Mohammad Hafeez,0,0,,,,,,"",""
ball,1,16.4,Australia,TM Head,SPD Smith,Mohammad Hafeez,0,0,,,,,,"",""
ball,1,16.5,Australia,TM Head,SPD Smith,Mohammad Hafeez,0,0,,,,,,"",""
ball,1,16.6,Australia,TM Head,SPD Smith,Mohammad Hafeez,1,0,,,,,,"",""
ball,1,17.1,Australia,TM Head,SPD Smith,Hasan Ali,4,0,,,,,,"",""
ball,1,17.2,Australia,TM Head,SPD Smith,Hasan Ali,0,0,,,,,,caught,TM Head
ball,1,17.3,Australia,GJ Maxwell,SPD Smith,Hasan Ali,0,0,,,,,,"",""
ball,1,17.4,Australia,GJ Maxwell,SPD Smith,Hasan Ali,0,0,,,,,,"",""
ball,1,17.5,Australia,GJ Maxwell,SPD Smith,Hasan Ali,0,0,,,,,,"",""
ball,1,17.6,Australia,GJ Maxwell,SPD Smith,Hasan Ali,4,0,,,,,,"",""
ball,1,18.1,Australia,SPD Smith,GJ Maxwell,Mohammad Hafeez,1,0,,,,,,"",""
ball,1,18.2,Australia,GJ Maxwell,SPD Smith,Mohammad Hafeez,0,0,,,,,,"",""
ball,1,18.3,Australia,GJ Maxwell,SPD Smith,Mohammad Hafeez,0,0,,,,,,"",""
ball,1,18.4,Australia,GJ Maxwell,SPD Smith,Mohammad Hafeez,0,3,,,,3,,"",""
ball,1,18.5,Australia,SPD Smith,GJ Maxwell,Mohammad Hafeez,1,0,,,,,,"",""
ball,1,18.6,Australia,GJ Maxwell,SPD Smith,Mohammad Hafeez,0,0,,,,,,"",""
ball,1,19.1,Australia,SPD Smith,GJ Maxwell,Hasan Ali,0,0,,,,,,"",""
ball,1,19.2,Australia,SPD Smith,GJ Maxwell,Hasan Ali,0,0,,,,,,"",""
ball,1,19.3,Australia,SPD Smith,GJ Maxwell,Hasan Ali,0,0,,,,,,"",""
ball,1,19.4,Australia,SPD Smith,GJ Maxwell,Hasan Ali,0,0,,,,,,"",""
ball,1,19.5,Australia,SPD Smith,GJ Maxwell,Hasan Ali,2,0,,,,,,"",""
ball,1,19.6,Australia,SPD Smith,GJ Maxwell,Hasan Ali,2,0,,,,,,"",""
ball,1,20.1,Australia,GJ Maxwell,SPD Smith,Mohammad Hafeez,0,0,,,,,,"",""
ball,1,20.2,Australia,GJ Maxwell,SPD Smith,Mohammad Hafeez,4,0,,,,,,"",""
ball,1,20.3,Australia,GJ Maxwell,SPD Smith,Mohammad Hafeez,0,0,,,,,,"",""
ball,1,20.4,Australia,GJ Maxwell,SPD Smith,Mohammad Hafeez,0,0,,,,,,"",""
ball,1,20.5,Australia,GJ Maxwell,SPD Smith,Mohammad Hafeez,1,0,,,,,,"",""
ball,1,20.6,Australia,SPD Smith,GJ Maxwell,Mohammad Hafeez,1,0,,,,,,"",""
ball,1,21.1,Australia,SPD Smith,GJ Maxwell,Hasan Ali,0,0,,,,,,"",""
ball,1,21.2,Australia,SPD Smith,GJ Maxwell,Hasan Ali,0,0,,,,,,"",""
ball,1,21.3,Australia,SPD Smith,GJ Maxwell,Hasan Ali,0,0,,,,,,"",""
ball,1,21.4,Australia,SPD Smith,GJ Maxwell,Hasan Ali,0,0,,,,,,"",""
ball,1,21.5,Australia,SPD Smith,GJ Maxwell,Hasan Ali,0,0,,,,,,"",""
ball,1,21.6,Australia,SPD Smith,GJ Maxwell,Hasan Ali,1,0,,,,,,"",""
ball,1,22.1,Australia,SPD Smith,GJ Maxwell,Imad Wasim,2,0,,,,,,"",""
ball,1,22.2,Australia,SPD Smith,GJ Maxwell,Imad Wasim,0,0,,,,,,"",""
ball,1,22.3,Australia,SPD Smith,GJ Maxwell,Imad Wasim,1,0,,,,,,"",""
ball,1,22.4,Australia,GJ Maxwell,SPD Smith,Imad Wasim,0,0,,,,,,"",""
ball,1,22.5,Australia,GJ Maxwell,SPD Smith,Imad Wasim,1,0,,,,,,"",""
ball,1,22.6,Australia,SPD Smith,GJ Maxwell,Imad Wasim,0,0,,,,,,"",""
ball,1,23.1,Australia,GJ Maxwell,SPD Smith,Mohammad Hafeez,6,0,,,,,,"",""
ball,1,23.2,Australia,GJ Maxwell,SPD Smith,Mohammad Hafeez,1,0,,,,,,"",""
ball,1,23.3,Australia,SPD Smith,GJ Maxwell,Mohammad Hafeez,0,0,,,,,,"",""
ball,1,23.4,Australia,SPD Smith,GJ Maxwell,Mohammad Hafeez,1,0,,,,,,"",""
ball,1,23.5,Australia,GJ Maxwell,SPD Smith,Mohammad Hafeez,1,0,,,,,,"",""
ball,1,23.6,Australia,SPD Smith,GJ Maxwell,Mohammad Hafeez,0,0,,,,,,"",""
ball,1,24.1,Australia,GJ Maxwell,SPD Smith,Imad Wasim,0,0,,,,,,"",""
ball,1,24.2,Australia,GJ Maxwell,SPD Smith,Imad Wasim,1,0,,,,,,"",""
ball,1,24.3,Australia,SPD Smith,GJ Maxwell,Imad Wasim,0,0,,,,,,"",""
ball,1,24.4,Australia,SPD Smith,GJ Maxwell,Imad Wasim,0,1,1,,,,,"",""
ball,1,24.5,Australia,SPD Smith,GJ Maxwell,Imad Wasim,1,0,,,,,,"",""
ball,1,24.6,Australia,GJ Maxwell,SPD Smith,Imad Wasim,1,0,,,,,,"",""
ball,1,24.7,Australia,SPD Smith,GJ Maxwell,Imad Wasim,0,0,,,,,,"",""
ball,1,25.1,Australia,GJ Maxwell,SPD Smith,Mohammad Hafeez,1,0,,,,,,"",""
ball,1,25.2,Australia,SPD Smith,GJ Maxwell,Mohammad Hafeez,0,0,,,,,,"",""
ball,1,25.3,Australia,SPD Smith,GJ Maxwell,Mohammad Hafeez,1,0,,,,,,"",""
ball,1,25.4,Australia,GJ Maxwell,SPD Smith,Mohammad Hafeez,1,0,,,,,,"",""
ball,1,25.5,Australia,SPD Smith,GJ Maxwell,Mohammad Hafeez,1,0,,,,,,"",""
ball,1,25.6,Australia,GJ Maxwell,SPD Smith,Mohammad Hafeez,1,0,,,,,,"",""
ball,1,26.1,Australia,GJ Maxwell,SPD Smith,Imad Wasim,0,0,,,,,,"",""
ball,1,26.2,Australia,GJ Maxwell,SPD Smith,Imad Wasim,0,0,,,,,,bowled,GJ Maxwell
ball,1,26.3,Australia,MS Wade,SPD Smith,Imad Wasim,1,0,,,,,,"",""
ball,1,26.4,Australia,SPD Smith,MS Wade,Imad Wasim,0,0,,,,,,"",""
ball,1,26.5,Australia,SPD Smith,MS Wade,Imad Wasim,0,0,,,,,,"",""
ball,1,26.6,Australia,SPD Smith,MS Wade,Imad Wasim,0,0,,,,,,"",""
ball,1,27.1,Australia,MS Wade,SPD Smith,Mohammad Hafeez,1,0,,,,,,"",""
ball,1,27.2,Australia,SPD Smith,MS Wade,Mohammad Hafeez,1,0,,,,,,"",""
ball,1,27.3,Australia,MS Wade,SPD Smith,Mohammad Hafeez,0,0,,,,,,"",""
ball,1,27.4,Australia,MS Wade,SPD Smith,Mohammad Hafeez,1,0,,,,,,"",""
ball,1,27.5,Australia,SPD Smith,MS Wade,Mohammad Hafeez,1,0,,,,,,"",""
ball,1,27.6,Australia,MS Wade,SPD Smith,Mohammad Hafeez,0,0,,,,,,"",""
ball,1,28.1,Australia,SPD Smith,MS Wade,Imad Wasim,1,0,,,,,,"",""
ball,1,28.2,Australia,MS Wade,SPD Smith,Imad Wasim,0,0,,,,,,"",""
ball,1,28.3,Australia,MS Wade,SPD Smith,Imad Wasim,0,0,,,,,,"",""
ball,1,28.4,Australia,MS Wade,SPD Smith,Imad Wasim,1,0,,,,,,"",""
ball,1,28.5,Australia,SPD Smith,MS Wade,Imad Wasim,0,0,,,,,,"",""
ball,1,28.6,Australia,SPD Smith,MS Wade,Imad Wasim,0,0,,,,,,"",""
ball,1,29.1,Australia,MS Wade,SPD Smith,Mohammad Hafeez,0,0,,,,,,"",""
ball,1,29.2,Australia,MS Wade,SPD Smith,Mohammad Hafeez,1,0,,,,,,"",""
ball,1,29.3,Australia,SPD Smith,MS Wade,Mohammad Hafeez,1,0,,,,,,"",""
ball,1,29.4,Australia,MS Wade,SPD Smith,Mohammad Hafeez,1,0,,,,,,"",""
ball,1,29.5,Australia,SPD Smith,MS Wade,Mohammad Hafeez,0,0,,,,,,"",""
ball,1,29.6,Australia,SPD Smith,MS Wade,Mohammad Hafeez,1,0,,,,,,"",""
ball,1,30.1,Australia,SPD Smith,MS Wade,Imad Wasim,0,0,,,,,,"",""
ball,1,30.2,Australia,SPD Smith,MS Wade,Imad Wasim,1,0,,,,,,"",""
ball,1,30.3,Australia,MS Wade,SPD Smith,Imad Wasim,0,0,,,,,,"",""
ball,1,30.4,Australia,MS Wade,SPD Smith,Imad Wasim,0,0,,,,,,"",""
ball,1,30.5,Australia,MS Wade,SPD Smith,Imad Wasim,0,0,,,,,,"",""
ball,1,30.6,Australia,MS Wade,SPD Smith,Imad Wasim,0,0,,,,,,"",""
ball,1,31.1,Australia,SPD Smith,MS Wade,Mohammad Hafeez,0,0,,,,,,"",""
ball,1,31.2,Australia,SPD Smith,MS Wade,Mohammad Hafeez,0,0,,,,,,"",""
ball,1,31.3,Australia,SPD Smith,MS Wade,Mohammad Hafeez,1,0,,,,,,"",""
ball,1,31.4,Australia,MS Wade,SPD Smith,Mohammad Hafeez,1,0,,,,,,"",""
ball,1,31.5,Australia,SPD Smith,MS Wade,Mohammad Hafeez,1,0,,,,,,"",""
ball,1,31.6,Australia,MS Wade,SPD Smith,Mohammad Hafeez,0,1,1,,,,,"",""
ball,1,31.7,Australia,MS Wade,SPD Smith,Mohammad Hafeez,2,0,,,,,,"",""
ball,1,32.1,Australia,SPD Smith,MS Wade,Mohammad Amir,0,0,,,,,,"",""
ball,1,32.2,Australia,SPD Smith,MS Wade,Mohammad Amir,0,0,,,,,,"",""
ball,1,32.3,Australia,SPD Smith,MS Wade,Mohammad Amir,1,0,,,,,,"",""
ball,1,32.4,Australia,MS Wade,SPD Smith,Mohammad Amir,1,0,,,,,,"",""
ball,1,32.5,Australia,SPD Smith,MS Wade,Mohammad Amir,1,0,,,,,,"",""
ball,1,32.6,Australia,MS Wade,SPD Smith,Mohammad Amir,1,0,,,,,,"",""
ball,1,33.1,Australia,MS Wade,SPD Smith,Mohammad Hafeez,0,0,,,,,,"",""
ball,1,33.2,Australia,MS Wade,SPD Smith,Mohammad Hafeez,0,0,,,,,,"",""
ball,1,33.3,Australia,MS Wade,SPD Smith,Mohammad Hafeez,4,0,,,,,,"",""
ball,1,33.4,Australia,MS Wade,SPD Smith,Mohammad Hafeez,0,0,,,,,,"",""
ball,1,33.5,Australia,MS Wade,SPD Smith,Mohammad Hafeez,1,0,,,,,,"",""
ball,1,33.6,Australia,SPD Smith,MS Wade,Mohammad Hafeez,0,0,,,,,,"",""
ball,1,34.1,Australia,MS Wade,SPD Smith,Mohammad Amir,1,0,,,,,,"",""
ball,1,34.2,Australia,SPD Smith,MS Wade,Mohammad Amir,1,0,,,,,,"",""
ball,1,34.3,Australia,MS Wade,SPD Smith,Mohammad Amir,0,0,,,,,,"",""
ball,1,34.4,Australia,MS Wade,SPD Smith,Mohammad Amir,0,0,,,,,,"",""
ball,1,34.5,Australia,MS Wade,SPD Smith,Mohammad Amir,4,0,,,,,,"",""
ball,1,34.6,Australia,MS Wade,SPD Smith,Mohammad Amir,0,0,,,,,,"",""
ball,1,35.1,Australia,SPD Smith,MS Wade,Mohammad Hafeez,0,0,,,,,,"",""
ball,1,35.2,Australia,SPD Smith,MS Wade,Mohammad Hafeez,1,0,,,,,,"",""
ball,1,35.3,Australia,MS Wade,SPD Smith,Mohammad Hafeez,0,0,,,,,,"",""
ball,1,35.4,Australia,MS Wade,SPD Smith,Mohammad Hafeez,1,0,,,,,,"",""
ball,1,35.5,Australia,SPD Smith,MS Wade,Mohammad Hafeez,0,0,,,,,,"",""
ball,1,35.6,Australia,SPD Smith,MS Wade,Mohammad Hafeez,0,0,,,,,,"",""
ball,1,36.1,Australia,MS Wade,SPD Smith,Hasan Ali,0,0,,,,,,"",""
ball,1,36.2,Australia,MS Wade,SPD Smith,Hasan Ali,0,0,,,,,,"",""
ball,1,36.3,Australia,MS Wade,SPD Smith,Hasan Ali,0,0,,,,,,"",""
ball,1,36.4,Australia,MS Wade,SPD Smith,Hasan Ali,1,0,,,,,,"",""
ball,1,36.5,Australia,SPD Smith,MS Wade,Hasan Ali,2,0,,,,,,"",""
ball,1,36.6,Australia,SPD Smith,MS Wade,Hasan Ali,0,0,,,,,,"",""
ball,1,37.1,Australia,MS Wade,SPD Smith,Shoaib Malik,0,0,,,,,,"",""
ball,1,37.2,Australia,MS Wade,SPD Smith,Shoaib Malik,0,0,,,,,,"",""
ball,1,37.3,Australia,MS Wade,SPD Smith,Shoaib Malik,1,0,,,,,,"",""
ball,1,37.4,Australia,SPD Smith,MS Wade,Shoaib Malik,0,0,,,,,,"",""
ball,1,37.5,Australia,SPD Smith,MS Wade,Shoaib Malik,1,0,,,,,,"",""
ball,1,37.6,Australia,MS Wade,SPD Smith,Shoaib Malik,0,0,,,,,,"",""
ball,1,38.1,Australia,SPD Smith,MS Wade,Hasan Ali,0,0,,,,,,"",""
ball,1,38.2,Australia,SPD Smith,MS Wade,Hasan Ali,0,0,,,,,,"",""
ball,1,38.3,Australia,SPD Smith,MS Wade,Hasan Ali,1,0,,,,,,"",""
ball,1,38.4,Australia,MS Wade,SPD Smith,Hasan Ali,0,0,,,,,,"",""
ball,1,38.5,Australia,MS Wade,SPD Smith,Hasan Ali,4,0,,,,,,"",""
ball,1,38.6,Australia,MS Wade,SPD Smith,Hasan Ali,0,0,,,,,,"",""
ball,1,39.1,Australia,SPD Smith,MS Wade,Shoaib Malik,1,0,,,,,,"",""
ball,1,39.2,Australia,MS Wade,SPD Smith,Shoaib Malik,0,0,,,,,,"",""
ball,1,39.3,Australia,MS Wade,SPD Smith,Shoaib Malik,0,0,,,,,,"",""
ball,1,39.4,Australia,MS Wade,SPD Smith,Shoaib Malik,1,0,,,,,,"",""
ball,1,39.5,Australia,SPD Smith,MS Wade,Shoaib Malik,1,0,,,,,,"",""
ball,1,39.6,Australia,MS Wade,SPD Smith,Shoaib Malik,0,0,,,,,,"",""
ball,1,40.1,Australia,SPD Smith,MS Wade,Imad Wasim,1,0,,,,,,"",""
ball,1,40.2,Australia,MS Wade,SPD Smith,Imad Wasim,0,0,,,,,,"",""
ball,1,40.3,Australia,MS Wade,SPD Smith,Imad Wasim,0,0,,,,,,"",""
ball,1,40.4,Australia,MS Wade,SPD Smith,Imad Wasim,0,0,,,,,,"",""
ball,1,40.5,Australia,MS Wade,SPD Smith,Imad Wasim,1,0,,,,,,"",""
ball,1,40.6,Australia,SPD Smith,MS Wade,Imad Wasim,1,0,,,,,,"",""
ball,1,41.1,Australia,SPD Smith,MS Wade,Shoaib Malik,1,0,,,,,,"",""
ball,1,41.2,Australia,MS Wade,SPD Smith,Shoaib Malik,2,0,,,,,,"",""
ball,1,41.3,Australia,MS Wade,SPD Smith,Shoaib Malik,0,0,,,,,,"",""
ball,1,41.4,Australia,MS Wade,SPD Smith,Shoaib Malik,1,0,,,,,,"",""
ball,1,41.5,Australia,SPD Smith,MS Wade,Shoaib Malik,0,0,,,,,,"",""
ball,1,41.6,Australia,SPD Smith,MS Wade,Shoaib Malik,1,0,,,,,,"",""
ball,1,42.1,Australia,SPD Smith,MS Wade,Imad Wasim,0,5,5,,,,,"",""
ball,1,42.2,Australia,SPD Smith,MS Wade,Imad Wasim,2,0,,,,,,"",""
ball,1,42.3,Australia,SPD Smith,MS Wade,Imad Wasim,2,0,,,,,,"",""
ball,1,42.4,Australia,SPD Smith,MS Wade,Imad Wasim,0,0,,,,,,bowled,SPD Smith
ball,1,42.5,Australia,JP Faulkner,MS Wade,Imad Wasim,1,0,,,,,,"",""
ball,1,42.6,Australia,MS Wade,JP Faulkner,Imad Wasim,1,0,,,,,,"",""
ball,1,42.7,Australia,JP Faulkner,MS Wade,Imad Wasim,0,1,,,,1,,"",""
ball,1,43.1,Australia,JP Faulkner,MS Wade,Shoaib Malik,1,0,,,,,,"",""
ball,1,43.2,Australia,MS Wade,JP Faulkner,Shoaib Malik,1,0,,,,,,"",""
ball,1,43.3,Australia,JP Faulkner,MS Wade,Shoaib Malik,1,0,,,,,,"",""
ball,1,43.4,Australia,MS Wade,JP Faulkner,Shoaib Malik,0,0,,,,,,bowled,MS Wade
ball,1,43.5,Australia,MA Starc,JP Faulkner,Shoaib Malik,1,0,,,,,,"",""
ball,1,43.6,Australia,JP Faulkner,MA Starc,Shoaib Malik,1,0,,,,,,"",""
ball,1,44.1,Australia,JP Faulkner,MA Starc,Imad Wasim,2,0,,,,,,"",""
ball,1,44.2,Australia,JP Faulkner,MA Starc,Imad Wasim,1,0,,,,,,"",""
ball,1,44.3,Australia,MA Starc,JP Faulkner,Imad Wasim,0,0,,,,,,"",""
ball,1,44.4,Australia,MA Starc,JP Faulkner,Imad Wasim,1,0,,,,,,"",""
ball,1,44.5,Australia,JP Faulkner,MA Starc,Imad Wasim,0,0,,,,,,"",""
ball,1,44.6,Australia,JP Faulkner,MA Starc,Imad Wasim,0,0,,,,,,"",""
ball,1,45.1,Australia,MA Starc,JP Faulkner,Junaid Khan,1,0,,,,,,"",""
ball,1,45.2,Australia,JP Faulkner,MA Starc,Junaid Khan,0,0,,,,,,"",""
ball,1,45.3,Australia,JP Faulkner,MA Starc,Junaid Khan,1,0,,,,,,"",""
ball,1,45.4,Australia,MA Starc,JP Faulkner,Junaid Khan,0,0,,,,,,run out,MA Starc
ball,1,45.5,Australia,PJ Cummins,JP Faulkner,Junaid Khan,0,0,,,,,,"",""
ball,1,45.6,Australia,PJ Cummins,JP Faulkner,Junaid Khan,0,0,,,,,,"",""
ball,1,46.1,Australia,JP Faulkner,PJ Cummins,Mohammad Amir,0,0,,,,,,"",""
ball,1,46.2,Australia,JP Faulkner,PJ Cummins,Mohammad Amir,4,0,,,,,,"",""
ball,1,46.3,Australia,JP Faulkner,PJ Cummins,Mohammad Amir,0,0,,,,,,"",""
ball,1,46.4,Australia,JP Faulkner,PJ Cummins,Mohammad Amir,1,0,,,,,,"",""
ball,1,46.5,Australia,PJ Cummins,JP Faulkner,Mohammad Amir,0,0,,,,,,caught,PJ Cummins
ball,1,46.6,Australia,JR Hazlewood,JP Faulkner,Mohammad Amir,0,0,,,,,,"",""
ball,1,47.1,Australia,JP Faulkner,JR Hazlewood,Junaid Khan,0,0,,,,,,"",""
ball,1,47.2,Australia,JP Faulkner,JR Hazlewood,Junaid Khan,0,1,1,,,,,"",""
ball,1,47.3,Australia,JP Faulkner,JR Hazlewood,Junaid Khan,1,0,,,,,,"",""
ball,1,47.4,Australia,JR Hazlewood,JP Faulkner,Junaid Khan,0,1,,,,1,,"",""
ball,1,47.5,Australia,JP Faulkner,JR Hazlewood,Junaid Khan,0,0,,,,,,"",""
ball,1,47.6,Australia,JP Faulkner,JR Hazlewood,Junaid Khan,1,0,,,,,,"",""
ball,1,47.7,Australia,JR Hazlewood,JP Faulkner,Junaid Khan,0,0,,,,,,"",""
ball,1,48.1,Australia,JP Faulkner,JR Hazlewood,Mohammad Amir,4,0,,,,,,"",""
ball,1,48.2,Australia,JP Faulkner,JR Hazlewood,Mohammad Amir,0,0,,,,,,caught,JP Faulkner
ball,2,0.1,Pakistan,Mohammad Hafeez,Sharjeel Khan,MA Starc,0,0,,,,,,"",""
ball,2,0.2,Pakistan,Mohammad Hafeez,Sharjeel Khan,MA Starc,0,0,,,,,,"",""
ball,2,0.3,Pakistan,Mohammad Hafeez,Sharjeel Khan,MA Starc,0,0,,,,,,"",""
ball,2,0.4,Pakistan,Mohammad Hafeez,Sharjeel Khan,MA Starc,0,0,,,,,,"",""
ball,2,0.5,Pakistan,Mohammad Hafeez,Sharjeel Khan,MA Starc,0,0,,,,,,"",""
ball,2,0.6,Pakistan,Mohammad Hafeez,Sharjeel Khan,MA Starc,0,0,,,,,,"",""
ball,2,1.1,Pakistan,Sharjeel Khan,Mohammad Hafeez,JR Hazlewood,0,0,,,,,,"",""
ball,2,1.2,Pakistan,Sharjeel Khan,Mohammad Hafeez,JR Hazlewood,0,0,,,,,,"",""
ball,2,1.3,Pakistan,Sharjeel Khan,Mohammad Hafeez,JR Hazlewood,0,0,,,,,,"",""
ball,2,1.4,Pakistan,Sharjeel Khan,Mohammad Hafeez,JR Hazlewood,0,0,,,,,,"",""
ball,2,1.5,Pakistan,Sharjeel Khan,Mohammad Hafeez,JR Hazlewood,1,0,,,,,,"",""
ball,2,1.6,Pakistan,Mohammad Hafeez,Sharjeel Khan,JR Hazlewood,0,0,,,,,,"",""
ball,2,2.1,Pakistan,Sharjeel Khan,Mohammad Hafeez,MA Starc,0,0,,,,,,"",""
ball,2,2.2,Pakistan,Sharjeel Khan,Mohammad Hafeez,MA Starc,0,0,,,,,,"",""
ball,2,2.3,Pakistan,Sharjeel Khan,Mohammad Hafeez,MA Starc,0,1,1,,,,,"",""
ball,2,2.4,Pakistan,Sharjeel Khan,Mohammad Hafeez,MA Starc,4,0,,,,,,"",""
ball,2,2.5,Pakistan,Sharjeel Khan,Mohammad Hafeez,MA Starc,2,0,,,,,,"",""
ball,2,2.6,Pakistan,Sharjeel Khan,Mohammad Hafeez,MA Starc,0,0,,,,,,"",""
ball,2,2.7,Pakistan,Sharjeel Khan,Mohammad Hafeez,MA Starc,0,0,,,,,,"",""
ball,2,3.1,Pakistan,Mohammad Hafeez,Sharjeel Khan,JR Hazlewood,2,0,,,,,,"",""
ball,2,3.2,Pakistan,Mohammad Hafeez,Sharjeel Khan,JR Hazlewood,0,0,,,,,,"",""
ball,2,3.3,Pakistan,Mohammad Hafeez,Sharjeel Khan,JR Hazlewood,0,1,1,,,,,"",""
ball,2,3.4,Pakistan,Mohammad Hafeez,Sharjeel Khan,JR Hazlewood,0,0,,,,,,"",""
ball,2,3.5,Pakistan,Mohammad Hafeez,Sharjeel Khan,JR Hazlewood,1,0,,,,,,"",""
ball,2,3.6,Pakistan,Sharjeel Khan,Mohammad Hafeez,JR Hazlewood,4,0,,,,,,"",""
ball,2,3.7,Pakistan,Sharjeel Khan,Mohammad Hafeez,JR Hazlewood,0,0,,,,,,"",""
ball,2,4.1,Pakistan,Mohammad Hafeez,Sharjeel Khan,MA Starc,0,0,,,,,,"",""
ball,2,4.2,Pakistan,Mohammad Hafeez,Sharjeel Khan,MA Starc,0,0,,,,,,"",""
ball,2,4.3,Pakistan,Mohammad Hafeez,Sharjeel Khan,MA Starc,0,0,,,,,,"",""
ball,2,4.4,Pakistan,Mohammad Hafeez,Sharjeel Khan,MA Starc,0,0,,,,,,"",""
ball,2,4.5,Pakistan,Mohammad Hafeez,Sharjeel Khan,MA Starc,0,1,1,,,,,"",""
ball,2,4.6,Pakistan,Mohammad Hafeez,Sharjeel Khan,MA Starc,3,0,,,,,,"",""
ball,2,4.7,Pakistan,Sharjeel Khan,Mohammad Hafeez,MA Starc,0,0,,,,,,"",""
ball,2,5.1,Pakistan,Mohammad Hafeez,Sharjeel Khan,JR Hazlewood,0,0,,,,,,"",""
ball,2,5.2,Pakistan,Mohammad Hafeez,Sharjeel Khan,JR Hazlewood,0,0,,,,,,"",""
ball,2,5.3,Pakistan,Mohammad Hafeez,Sharjeel Khan,JR Hazlewood,0,0,,,,,,"",""
ball,2,5.4,Pakistan,Mohammad Hafeez,Sharjeel Khan,JR Hazlewood,0,0,,,,,,"",""
ball,2,5.5,Pakistan,Mohammad Hafeez,Sharjeel Khan,JR Hazlewood,0,0,,,,,,"",""
ball,2,5.6,Pakistan,Mohammad Hafeez,Sharjeel Khan,JR Hazlewood,0,0,,,,,,"",""
ball,2,6.1,Pakistan,Sharjeel Khan,Mohammad Hafeez,PJ Cummins,4,0,,,,,,"",""
ball,2,6.2,Pakistan,Sharjeel Khan,Mohammad Hafeez,PJ Cummins,0,0,,,,,,"",""
ball,2,6.3,Pakistan,Sharjeel Khan,Mohammad Hafeez,PJ Cummins,0,0,,,,,,"",""
ball,2,6.4,Pakistan,Sharjeel Khan,Mohammad Hafeez,PJ Cummins,0,0,,,,,,"",""
ball,2,6.5,Pakistan,Sharjeel Khan,Mohammad Hafeez,PJ Cummins,0,0,,,,,,"",""
ball,2,6.6,Pakistan,Sharjeel Khan,Mohammad Hafeez,PJ Cummins,0,0,,,,,,"",""
ball,2,7.1,Pakistan,Mohammad Hafeez,Sharjeel Khan,JR Hazlewood,0,0,,,,,,"",""
ball,2,7.2,Pakistan,Mohammad Hafeez,Sharjeel Khan,JR Hazlewood,2,0,,,,,,"",""
ball,2,7.3,Pakistan,Mohammad Hafeez,Sharjeel Khan,JR Hazlewood,0,0,,,,,,"",""
ball,2,7.4,Pakistan,Mohammad Hafeez,Sharjeel Khan,JR Hazlewood,0,0,,,,,,"",""
ball,2,7.5,Pakistan,Mohammad Hafeez,Sharjeel Khan,JR Hazlewood,1,0,,,,,,"",""
ball,2,7.6,Pakistan,Sharjeel Khan,Mohammad Hafeez,JR Hazlewood,4,0,,,,,,"",""
ball,2,8.1,Pakistan,Mohammad Hafeez,Sharjeel Khan,PJ Cummins,0,0,,,,,,"",""
ball,2,8.2,Pakistan,Mohammad Hafeez,Sharjeel Khan,PJ Cummins,0,0,,,,,,"",""
ball,2,8.3,Pakistan,Mohammad Hafeez,Sharjeel Khan,PJ Cummins,0,0,,,,,,"",""
ball,2,8.4,Pakistan,Mohammad Hafeez,Sharjeel Khan,PJ Cummins,0,0,,,,,,"",""
ball,2,8.5,Pakistan,Mohammad Hafeez,Sharjeel Khan,PJ Cummins,0,0,,,,,,"",""
ball,2,8.6,Pakistan,Mohammad Hafeez,Sharjeel Khan,PJ Cummins,0,0,,,,,,"",""
ball,2,9.1,Pakistan,Sharjeel Khan,Mohammad Hafeez,JP Faulkner,0,0,,,,,,"",""
ball,2,9.2,Pakistan,Sharjeel Khan,Mohammad Hafeez,JP Faulkner,0,1,,,,1,,"",""
ball,2,9.3,Pakistan,Mohammad Hafeez,Sharjeel Khan,JP Faulkner,0,0,,,,,,"",""
ball,2,9.4,Pakistan,Mohammad Hafeez,Sharjeel Khan,JP Faulkner,2,0,,,,,,"",""
ball,2,9.5,Pakistan,Mohammad Hafeez,Sharjeel Khan,JP Faulkner,1,0,,,,,,"",""
ball,2,9.6,Pakistan,Sharjeel Khan,Mohammad Hafeez,JP Faulkner,1,0,,,,,,"",""
ball,2,10.1,Pakistan,Sharjeel Khan,Mohammad Hafeez,PJ Cummins,1,0,,,,,,"",""
ball,2,10.2,Pakistan,Mohammad Hafeez,Sharjeel Khan,PJ Cummins,4,0,,,,,,"",""
ball,2,10.3,Pakistan,Mohammad Hafeez,Sharjeel Khan,PJ Cummins,0,0,,,,,,"",""
ball,2,10.4,Pakistan,Mohammad Hafeez,Sharjeel Khan,PJ Cummins,0,0,,,,,,"",""
ball,2,10.5,Pakistan,Mohammad Hafeez,Sharjeel Khan,PJ Cummins,0,0,,,,,,"",""
ball,2,10.6,Pakistan,Mohammad Hafeez,Sharjeel Khan,PJ Cummins,0,0,,,,,,"",""
ball,2,11.1,Pakistan,Sharjeel Khan,Mohammad Hafeez,JP Faulkner,3,0,,,,,,"",""
ball,2,11.2,Pakistan,Mohammad Hafeez,Sharjeel Khan,JP Faulkner,0,0,,,,,,"",""
ball,2,11.3,Pakistan,Mohammad Hafeez,Sharjeel Khan,JP Faulkner,0,0,,,,,,"",""
ball,2,11.4,Pakistan,Mohammad Hafeez,Sharjeel Khan,JP Faulkner,1,0,,,,,,"",""
ball,2,11.5,Pakistan,Sharjeel Khan,Mohammad Hafeez,JP Faulkner,2,0,,,,,,"",""
ball,2,11.6,Pakistan,Sharjeel Khan,Mohammad Hafeez,JP Faulkner,0,0,,,,,,"",""
ball,2,12.1,Pakistan,Mohammad Hafeez,Sharjeel Khan,PJ Cummins,0,0,,,,,,"",""
ball,2,12.2,Pakistan,Mohammad Hafeez,Sharjeel Khan,PJ Cummins,0,0,,,,,,"",""
ball,2,12.3,Pakistan,Mohammad Hafeez,Sharjeel Khan,PJ Cummins,2,0,,,,,,"",""
ball,2,12.4,Pakistan,Mohammad Hafeez,Sharjeel Khan,PJ Cummins,0,0,,,,,,"",""
ball,2,12.5,Pakistan,Mohammad Hafeez,Sharjeel Khan,PJ Cummins,4,0,,,,,,"",""
ball,2,12.6,Pakistan,Mohammad Hafeez,Sharjeel Khan,PJ Cummins,0,0,,,,,,"",""
ball,2,13.1,Pakistan,Sharjeel Khan,Mohammad Hafeez,TM Head,1,0,,,,,,"",""
ball,2,13.2,Pakistan,Mohammad Hafeez,Sharjeel Khan,TM Head,0,0,,,,,,"",""
ball,2,13.3,Pakistan,Mohammad Hafeez,Sharjeel Khan,TM Head,4,0,,,,,,"",""
ball,2,13.4,Pakistan,Mohammad Hafeez,Sharjeel Khan,TM Head,1,0,,,,,,"",""
ball,2,13.5,Pakistan,Sharjeel Khan,Mohammad Hafeez,TM Head,1,0,,,,,,"",""
ball,2,13.6,Pakistan,Mohammad Hafeez,Sharjeel Khan,TM Head,4,0,,,,,,"",""
ball,2,14.1,Pakistan,Sharjeel Khan,Mohammad Hafeez,JP Faulkner,1,0,,,,,,"",""
ball,2,14.2,Pakistan,Mohammad Hafeez,Sharjeel Khan,JP Faulkner,3,0,,,,,,"",""
ball,2,14.3,Pakistan,Sharjeel Khan,Mohammad Hafeez,JP Faulkner,0,0,,,,,,caught,Sharjeel Khan
ball,2,14.4,Pakistan,Babar Azam,Mohammad Hafeez,JP Faulkner,0,0,,,,,,"",""
ball,2,14.5,Pakistan,Babar Azam,Mohammad Hafeez,JP Faulkner,0,0,,,,,,"",""
ball,2,14.6,Pakistan,Babar Azam,Mohammad Hafeez,JP Faulkner,0,0,,,,,,"",""
ball,2,15.1,Pakistan,Mohammad Hafeez,Babar Azam,MR Marsh,1,0,,,,,,"",""
ball,2,15.2,Pakistan,Babar Azam,Mohammad Hafeez,MR Marsh,0,0,,,,,,"",""
ball,2,15.3,Pakistan,Babar Azam,Mohammad Hafeez,MR Marsh,0,0,,,,,,"",""
ball,2,15.4,Pakistan,Babar Azam,Mohammad Hafeez,MR Marsh,0,0,,,,,,"",""
ball,2,15.5,Pakistan,Babar Azam,Mohammad Hafeez,MR Marsh,0,0,,,,,,"",""
ball,2,15.6,Pakistan,Babar Azam,Mohammad Hafeez,MR Marsh,0,0,,,,,,"",""
ball,2,16.1,Pakistan,Mohammad Hafeez,Babar Azam,JP Faulkner,0,0,,,,,,"",""
ball,2,16.2,Pakistan,Mohammad Hafeez,Babar Azam,JP Faulkner,0,0,,,,,,"",""
ball,2,16.3,Pakistan,Mohammad Hafeez,Babar Azam,JP Faulkner,0,0,,,,,,"",""
ball,2,16.4,Pakistan,Mohammad Hafeez,Babar Azam,JP Faulkner,0,0,,,,,,"",""
ball,2,16.5,Pakistan,Mohammad Hafeez,Babar Azam,JP Faulkner,4,0,,,,,,"",""
ball,2,16.6,Pakistan,Mohammad Hafeez,Babar Azam,JP Faulkner,0,0,,,,,,"",""
ball,2,17.1,Pakistan,Babar Azam,Mohammad Hafeez,MR Marsh,1,0,,,,,,"",""
ball,2,17.2,Pakistan,Mohammad Hafeez,Babar Azam,MR Marsh,0,0,,,,,,"",""
ball,2,17.3,Pakistan,Mohammad Hafeez,Babar Azam,MR Marsh,3,0,,,,,,"",""
ball,2,17.4,Pakistan,Babar Azam,Mohammad Hafeez,MR Marsh,0,0,,,,,,"",""
ball,2,17.5,Pakistan,Babar Azam,Mohammad Hafeez,MR Marsh,4,0,,,,,,"",""
ball,2,17.6,Pakistan,Babar Azam,Mohammad Hafeez,MR Marsh,0,0,,,,,,"",""
ball,2,18.1,Pakistan,Mohammad Hafeez,Babar Azam,JR Hazlewood,0,0,,,,,,"",""
ball,2,18.2,Pakistan,Mohammad Hafeez,Babar Azam,JR Hazlewood,1,0,,,,,,"",""
ball,2,18.3,Pakistan,Babar Azam,Mohammad Hafeez,JR Hazlewood,0,0,,,,,,"",""
ball,2,18.4,Pakistan,Babar Azam,Mohammad Hafeez,JR Hazlewood,0,0,,,,,,"",""
ball,2,18.5,Pakistan,Babar Azam,Mohammad Hafeez,JR Hazlewood,0,0,,,,,,"",""
ball,2,18.6,Pakistan,Babar Azam,Mohammad Hafeez,JR Hazlewood,0,0,,,,,,"",""
ball,2,19.1,Pakistan,Mohammad Hafeez,Babar Azam,MR Marsh,0,0,,,,,,"",""
ball,2,19.2,Pakistan,Mohammad Hafeez,Babar Azam,MR Marsh,0,0,,,,,,"",""
ball,2,19.3,Pakistan,Mohammad Hafeez,Babar Azam,MR Marsh,0,0,,,,,,"",""
ball,2,19.4,Pakistan,Mohammad Hafeez,Babar Azam,MR Marsh,0,1,,,,1,,"",""
ball,2,19.5,Pakistan,Babar Azam,Mohammad Hafeez,MR Marsh,0,0,,,,,,"",""
ball,2,19.6,Pakistan,Babar Azam,Mohammad Hafeez,MR Marsh,3,0,,,,,,"",""
ball,2,20.1,Pakistan,Babar Azam,Mohammad Hafeez,JR Hazlewood,0,0,,,,,,"",""
ball,2,20.2,Pakistan,Babar Azam,Mohammad Hafeez,JR Hazlewood,0,0,,,,,,"",""
ball,2,20.3,Pakistan,Babar Azam,Mohammad Hafeez,JR Hazlewood,0,0,,,,,,"",""
ball,2,20.4,Pakistan,Babar Azam,Mohammad Hafeez,JR Hazlewood,0,0,,,,,,"",""
ball,2,20.5,Pakistan,Babar Azam,Mohammad Hafeez,JR Hazlewood,0,0,,,,,,"",""
ball,2,20.6,Pakistan,Babar Azam,Mohammad Hafeez,JR Hazlewood,0,0,,,,,,"",""
ball,2,21.1,Pakistan,Mohammad Hafeez,Babar Azam,PJ Cummins,0,0,,,,,,"",""
ball,2,21.2,Pakistan,Mohammad Hafeez,Babar Azam,PJ Cummins,0,0,,,,,,"",""
ball,2,21.3,Pakistan,Mohammad Hafeez,Babar Azam,PJ Cummins,0,0,,,,,,"",""
ball,2,21.4,Pakistan,Mohammad Hafeez,Babar Azam,PJ Cummins,0,0,,,,,,"",""
ball,2,21.5,Pakistan,Mohammad Hafeez,Babar Azam,PJ Cummins,1,0,,,,,,"",""
ball,2,21.6,Pakistan,Babar Azam,Mohammad Hafeez,PJ Cummins,0,0,,,,,,"",""
ball,2,22.1,Pakistan,Mohammad Hafeez,Babar Azam,JR Hazlewood,0,0,,,,,,"",""
ball,2,22.2,Pakistan,Mohammad Hafeez,Babar Azam,JR Hazlewood,0,0,,,,,,"",""
ball,2,22.3,Pakistan,Mohammad Hafeez,Babar Azam,JR Hazlewood,1,0,,,,,,"",""
ball,2,22.4,Pakistan,Babar Azam,Mohammad Hafeez,JR Hazlewood,0,0,,,,,,"",""
ball,2,22.5,Pakistan,Babar Azam,Mohammad Hafeez,JR Hazlewood,0,0,,,,,,"",""
ball,2,22.6,Pakistan,Babar Azam,Mohammad Hafeez,JR Hazlewood,4,0,,,,,,"",""
ball,2,23.1,Pakistan,Mohammad Hafeez,Babar Azam,PJ Cummins,1,0,,,,,,"",""
ball,2,23.2,Pakistan,Babar Azam,Mohammad Hafeez,PJ Cummins,0,0,,,,,,"",""
ball,2,23.3,Pakistan,Babar Azam,Mohammad Hafeez,PJ Cummins,0,0,,,,,,"",""
ball,2,23.4,Pakistan,Babar Azam,Mohammad Hafeez,PJ Cummins,0,0,,,,,,"",""
ball,2,23.5,Pakistan,Babar Azam,Mohammad Hafeez,PJ Cummins,2,0,,,,,,"",""
ball,2,23.6,Pakistan,Babar Azam,Mohammad Hafeez,PJ Cummins,2,0,,,,,,"",""
ball,2,24.1,Pakistan,Mohammad Hafeez,Babar Azam,MA Starc,0,0,,,,,,"",""
ball,2,24.2,Pakistan,Mohammad Hafeez,Babar Azam,MA Starc,4,0,,,,,,"",""
ball,2,24.3,Pakistan,Mohammad Hafeez,Babar Azam,MA Starc,0,0,,,,,,"",""
ball,2,24.4,Pakistan,Mohammad Hafeez,Babar Azam,MA Starc,0,0,,,,,,"",""
ball,2,24.5,Pakistan,Mohammad Hafeez,Babar Azam,MA Starc,0,0,,,,,,"",""
ball,2,24.6,Pakistan,Mohammad Hafeez,Babar Azam,MA Starc,0,0,,,,,,"",""
ball,2,25.1,Pakistan,Babar Azam,Mohammad Hafeez,PJ Cummins,0,0,,,,,,"",""
ball,2,25.2,Pakistan,Babar Azam,Mohammad Hafeez,PJ Cummins,0,0,,,,,,"",""
ball,2,25.3,Pakistan,Babar Azam,Mohammad Hafeez,PJ Cummins,1,0,,,,,,"",""
ball,2,25.4,Pakistan,Mohammad Hafeez,Babar Azam,PJ Cummins,0,0,,,,,,"",""
ball,2,25.5,Pakistan,Mohammad Hafeez,Babar Azam,PJ Cummins,3,0,,,,,,"",""
ball,2,25.6,Pakistan,Babar Azam,Mohammad Hafeez,PJ Cummins,4,0,,,,,,"",""
ball,2,26.1,Pakistan,Mohammad Hafeez,Babar Azam,MA Starc,1,0,,,,,,"",""
ball,2,26.2,Pakistan,Babar Azam,Mohammad Hafeez,MA Starc,0,0,,,,,,"",""
ball,2,26.3,Pakistan,Babar Azam,Mohammad Hafeez,MA Starc,0,0,,,,,,"",""
ball,2,26.4,Pakistan,Babar Azam,Mohammad Hafeez,MA Starc,1,0,,,,,,"",""
ball,2,26.5,Pakistan,Mohammad Hafeez,Babar Azam,MA Starc,0,0,,,,,,"",""
ball,2,26.6,Pakistan,Mohammad Hafeez,Babar Azam,MA Starc,0,0,,,,,,"",""
ball,2,27.1,Pakistan,Babar Azam,Mohammad Hafeez,JP Faulkner,0,0,,,,,,"",""
ball,2,27.2,Pakistan,Babar Azam,Mohammad Hafeez,JP Faulkner,0,1,,,,1,,"",""
ball,2,27.3,Pakistan,Mohammad Hafeez,Babar Azam,JP Faulkner,2,0,,,,,,"",""
ball,2,27.4,Pakistan,Mohammad Hafeez,Babar Azam,JP Faulkner,1,0,,,,,,"",""
ball,2,27.5,Pakistan,Babar Azam,Mohammad Hafeez,JP Faulkner,1,0,,,,,,"",""
ball,2,27.6,Pakistan,Mohammad Hafeez,Babar Azam,JP Faulkner,0,0,,,,,,"",""
ball,2,28.1,Pakistan,Babar Azam,Mohammad Hafeez,MA Starc,0,0,,,,,,"",""
ball,2,28.2,Pakistan,Babar Azam,Mohammad Hafeez,MA Starc,2,0,,,,,,"",""
ball,2,28.3,Pakistan,Babar Azam,Mohammad Hafeez,MA Starc,1,0,,,,,,"",""
ball,2,28.4,Pakistan,Mohammad Hafeez,Babar Azam,MA Starc,4,0,,,,,,"",""
ball,2,28.5,Pakistan,Mohammad Hafeez,Babar Azam,MA Starc,3,0,,,,,,"",""
ball,2,28.6,Pakistan,Babar Azam,Mohammad Hafeez,MA Starc,4,0,,,,,,"",""
ball,2,29.1,Pakistan,Mohammad Hafeez,Babar Azam,JP Faulkner,0,0,,,,,,"",""
ball,2,29.2,Pakistan,Mohammad Hafeez,Babar Azam,JP Faulkner,0,0,,,,,,"",""
ball,2,29.3,Pakistan,Mohammad Hafeez,Babar Azam,JP Faulkner,0,0,,,,,,"",""
ball,2,29.4,Pakistan,Mohammad Hafeez,Babar Azam,JP Faulkner,0,0,,,,,,"",""
ball,2,29.5,Pakistan,Mohammad Hafeez,Babar Azam,JP Faulkner,1,0,,,,,,"",""
ball,2,29.6,Pakistan,Babar Azam,Mohammad Hafeez,JP Faulkner,4,0,,,,,,"",""
ball,2,30.1,Pakistan,Mohammad Hafeez,Babar Azam,MA Starc,4,0,,,,,,"",""
ball,2,30.2,Pakistan,Mohammad Hafeez,Babar Azam,MA Starc,1,0,,,,,,"",""
ball,2,30.3,Pakistan,Babar Azam,Mohammad Hafeez,MA Starc,0,0,,,,,,caught,Babar Azam
ball,2,30.4,Pakistan,Asad Shafiq,Mohammad Hafeez,MA Starc,0,0,,,,,,"",""
ball,2,30.5,Pakistan,Asad Shafiq,Mohammad Hafeez,MA Starc,0,0,,,,,,"",""
ball,2,30.6,Pakistan,Asad Shafiq,Mohammad Hafeez,MA Starc,0,0,,,,,,"",""
ball,2,31.1,Pakistan,Mohammad Hafeez,Asad Shafiq,JP Faulkner,1,0,,,,,,"",""
ball,2,31.2,Pakistan,Asad Shafiq,Mohammad Hafeez,JP Faulkner,0,0,,,,,,"",""
ball,2,31.3,Pakistan,Asad Shafiq,Mohammad Hafeez,JP Faulkner,0,0,,,,,,"",""
ball,2,31.4,Pakistan,Asad Shafiq,Mohammad Hafeez,JP Faulkner,1,0,,,,,,"",""
ball,2,31.5,Pakistan,Mohammad Hafeez,Asad Shafiq,JP Faulkner,0,0,,,,,,caught,Mohammad Hafeez
ball,2,31.6,Pakistan,Shoaib Malik,Asad Shafiq,JP Faulkner,0,0,,,,,,"",""
ball,2,32.1,Pakistan,Asad Shafiq,Shoaib Malik,MA Starc,0,0,,,,,,"",""
ball,2,32.2,Pakistan,Asad Shafiq,Shoaib Malik,MA Starc,1,0,,,,,,"",""
ball,2,32.3,Pakistan,Shoaib Malik,Asad Shafiq,MA Starc,0,0,,,,,,"",""
ball,2,32.4,Pakistan,Shoaib Malik,Asad Shafiq,MA Starc,0,0,,,,,,"",""
ball,2,32.5,Pakistan,Shoaib Malik,Asad Shafiq,MA Starc,0,0,,,,,,"",""
ball,2,32.6,Pakistan,Shoaib Malik,Asad Shafiq,MA Starc,0,3,,,,3,,"",""
ball,2,33.1,Pakistan,Shoaib Malik,Asad Shafiq,PJ Cummins,0,0,,,,,,"",""
ball,2,33.2,Pakistan,Shoaib Malik,Asad Shafiq,PJ Cummins,0,0,,,,,,"",""
ball,2,33.3,Pakistan,Shoaib Malik,Asad Shafiq,PJ Cummins,4,0,,,,,,"",""
ball,2,33.4,Pakistan,Shoaib Malik,Asad Shafiq,PJ Cummins,1,0,,,,,,"",""
ball,2,33.5,Pakistan,Asad Shafiq,Shoaib Malik,PJ Cummins,0,0,,,,,,"",""
ball,2,33.6,Pakistan,Asad Shafiq,Shoaib Malik,PJ Cummins,0,0,,,,,,"",""
ball,2,34.1,Pakistan,Shoaib Malik,Asad Shafiq,JR Hazlewood,0,0,,,,,,"",""
ball,2,34.2,Pakistan,Shoaib Malik,Asad Shafiq,JR Hazlewood,0,0,,,,,,"",""
ball,2,34.3,Pakistan,Shoaib Malik,Asad Shafiq,JR Hazlewood,0,0,,,,,,"",""
ball,2,34.4,Pakistan,Shoaib Malik,Asad Shafiq,JR Hazlewood,0,0,,,,,,"",""
ball,2,34.5,Pakistan,Shoaib Malik,Asad Shafiq,JR Hazlewood,1,0,,,,,,"",""
ball,2,34.6,Pakistan,Asad Shafiq,Shoaib Malik,JR Hazlewood,0,0,,,,,,"",""
ball,2,35.1,Pakistan,Shoaib Malik,Asad Shafiq,PJ Cummins,4,0,,,,,,"",""
ball,2,35.2,Pakistan,Shoaib Malik,Asad Shafiq,PJ Cummins,0,0,,,,,,"",""
ball,2,35.3,Pakistan,Shoaib Malik,Asad Shafiq,PJ Cummins,0,1,1,,,,,"",""
ball,2,35.4,Pakistan,Shoaib Malik,Asad Shafiq,PJ Cummins,0,0,,,,,,"",""
ball,2,35.5,Pakistan,Shoaib Malik,Asad Shafiq,PJ Cummins,2,0,,,,,,"",""
ball,2,35.6,Pakistan,Shoaib Malik,Asad Shafiq,PJ Cummins,0,0,,,,,,"",""
ball,2,35.7,Pakistan,Shoaib Malik,Asad Shafiq,PJ Cummins,0,0,,,,,,"",""
ball,2,36.1,Pakistan,Asad Shafiq,Shoaib Malik,JR Hazlewood,0,0,,,,,,"",""
ball,2,36.2,Pakistan,Asad Shafiq,Shoaib Malik,JR Hazlewood,0,0,,,,,,"",""
ball,2,36.3,Pakistan,Asad Shafiq,Shoaib Malik,JR Hazlewood,1,0,,,,,,"",""
ball,2,36.4,Pakistan,Shoaib Malik,Asad Shafiq,JR Hazlewood,6,0,,,,,,"",""
ball,2,36.5,Pakistan,Shoaib Malik,Asad Shafiq,JR Hazlewood,0,0,,,,,,"",""
ball,2,36.6,Pakistan,Shoaib Malik,Asad Shafiq,JR Hazlewood,0,0,,,,,,"",""
ball,2,37.1,Pakistan,Asad Shafiq,Shoaib Malik,PJ Cummins,1,0,,,,,,"",""
ball,2,37.2,Pakistan,Shoaib Malik,Asad Shafiq,PJ Cummins,0,0,,,,,,"",""
ball,2,37.3,Pakistan,Shoaib Malik,Asad Shafiq,PJ Cummins,0,0,,,,,,"",""
ball,2,37.4,Pakistan,Shoaib Malik,Asad Shafiq,PJ Cummins,2,0,,,,,,"",""
ball,2,37.5,Pakistan,Shoaib Malik,Asad Shafiq,PJ Cummins,1,0,,,,,,"",""
ball,2,37.6,Pakistan,Asad Shafiq,Shoaib Malik,PJ Cummins,3,0,,,,,,"",""
ball,2,38.1,Pakistan,Asad Shafiq,Shoaib Malik,JR Hazlewood,0,0,,,,,,"",""
ball,2,38.2,Pakistan,Asad Shafiq,Shoaib Malik,JR Hazlewood,0,0,,,,,,"",""
ball,2,38.3,Pakistan,Asad Shafiq,Shoaib Malik,JR Hazlewood,0,0,,,,,,"",""
ball,2,38.4,Pakistan,Asad Shafiq,Shoaib Malik,JR Hazlewood,0,0,,,,,,"",""
ball,2,38.5,Pakistan,Asad Shafiq,Shoaib Malik,JR Hazlewood,1,0,,,,,,"",""
ball,2,38.6,Pakistan,Shoaib Malik,Asad Shafiq,JR Hazlewood,1,0,,,,,,"",""
ball,2,39.1,Pakistan,Shoaib Malik,Asad Shafiq,MR Marsh,4,0,,,,,,"",""
ball,2,39.2,Pakistan,Shoaib Malik,Asad Shafiq,MR Marsh,0,0,,,,,,"",""
ball,2,39.3,Pakistan,Shoaib Malik,Asad Shafiq,MR Marsh,0,0,,,,,,"",""
ball,2,39.4,Pakistan,Shoaib Malik,Asad Shafiq,MR Marsh,0,0,,,,,,"",""
ball,2,39.5,Pakistan,Shoaib Malik,Asad Shafiq,MR Marsh,4,0,,,,,,"",""
ball,2,39.6,Pakistan,Shoaib Malik,Asad Shafiq,MR Marsh,0,0,,,,,,"",""
ball,2,40.1,Pakistan,Asad Shafiq,Shoaib Malik,MA Starc,1,0,,,,,,"",""
ball,2,40.2,Pakistan,Shoaib Malik,Asad Shafiq,MA Starc,0,0,,,,,,"",""
ball,2,40.3,Pakistan,Shoaib Malik,Asad Shafiq,MA Starc,1,0,,,,,,"",""
ball,2,40.4,Pakistan,Asad Shafiq,Shoaib Malik,MA Starc,2,0,,,,,,"",""
ball,2,40.5,Pakistan,Asad Shafiq,Shoaib Malik,MA Starc,0,0,,,,,,"",""
ball,2,40.6,Pakistan,Asad Shafiq,Shoaib Malik,MA Starc,0,0,,,,,,"",""
ball,2,41.1,Pakistan,Shoaib Malik,Asad Shafiq,MR Marsh,1,0,,,,,,"",""
ball,2,41.2,Pakistan,Asad Shafiq,Shoaib Malik,MR Marsh,0,0,,,,,,"",""
ball,2,41.3,Pakistan,Asad Shafiq,Shoaib Malik,MR Marsh,1,0,,,,,,"",""
ball,2,41.4,Pakistan,Shoaib Malik,Asad Shafiq,MR Marsh,0,1,1,,,,,"",""
ball,2,41.5,Pakistan,Shoaib Malik,Asad Shafiq,MR Marsh,0,0,,,,,,"",""
ball,2,41.6,Pakistan,Shoaib Malik,Asad Shafiq,MR Marsh,0,0,,,,,,"",""
ball,2,41.7,Pakistan,Shoaib Malik,Asad Shafiq,MR Marsh,0,1,1,,,,,"",""
ball,2,41.8,Pakistan,Shoaib Malik,Asad Shafiq,MR Marsh,0,0,,,,,,"",""
ball,2,42.1,Pakistan,Asad Shafiq,Shoaib Malik,MA Starc,1,0,,,,,,"",""
ball,2,42.2,Pakistan,Shoaib Malik,Asad Shafiq,MA Starc,0,0,,,,,,"",""
ball,2,42.3,Pakistan,Shoaib Malik,Asad Shafiq,MA Starc,2,0,,,,,,"",""
ball,2,42.4,Pakistan,Shoaib Malik,Asad Shafiq,MA Starc,1,0,,,,,,"",""
ball,2,42.5,Pakistan,Asad Shafiq,Shoaib Malik,MA Starc,0,0,,,,,,caught,Asad Shafiq
ball,2,42.6,Pakistan,Umar Akmal,Shoaib Malik,MA Starc,0,0,,,,,,"",""
ball,2,43.1,Pakistan,Shoaib Malik,Umar Akmal,MR Marsh,1,0,,,,,,"",""
ball,2,43.2,Pakistan,Umar Akmal,Shoaib Malik,MR Marsh,0,0,,,,,,"",""
ball,2,43.3,Pakistan,Umar Akmal,Shoaib Malik,MR Marsh,3,0,,,,,,"",""
ball,2,43.4,Pakistan,Shoaib Malik,Umar Akmal,MR Marsh,0,0,,,,,,"",""
ball,2,43.5,Pakistan,Shoaib Malik,Umar Akmal,MR Marsh,4,0,,,,,,"",""
ball,2,43.6,Pakistan,Shoaib Malik,Umar Akmal,MR Marsh,0,0,,,,,,"",""
ball,2,44.1,Pakistan,Umar Akmal,Shoaib Malik,JP Faulkner,0,0,,,,,,"",""
ball,2,44.2,Pakistan,Umar Akmal,Shoaib Malik,JP Faulkner,0,0,,,,,,"",""
ball,2,44.3,Pakistan,Umar Akmal,Shoaib Malik,JP Faulkner,0,0,,,,,,"",""
ball,2,44.4,Pakistan,Umar Akmal,Shoaib Malik,JP Faulkner,4,0,,,,,,"",""
ball,2,44.5,Pakistan,Umar Akmal,Shoaib Malik,JP Faulkner,1,0,,,,,,"",""
ball,2,44.6,Pakistan,Shoaib Malik,Umar Akmal,JP Faulkner,0,0,,,,,,"",""
ball,2,45.1,Pakistan,Umar Akmal,Shoaib Malik,TM Head,0,0,,,,,,"",""
ball,2,45.2,Pakistan,Umar Akmal,Shoaib Malik,TM Head,0,0,,,,,,"",""
ball,2,45.3,Pakistan,Umar Akmal,Shoaib Malik,TM Head,0,0,,,,,,"",""
ball,2,45.4,Pakistan,Umar Akmal,Shoaib Malik,TM Head,0,0,,,,,,"",""
ball,2,45.5,Pakistan,Umar Akmal,Shoaib Malik,TM Head,1,0,,,,,,"",""
ball,2,45.6,Pakistan,Shoaib Malik,Umar Akmal,TM Head,2,0,,,,,,"",""
ball,2,46.1,Pakistan,Umar Akmal,Shoaib Malik,JP Faulkner,0,0,,,,,,"",""
ball,2,46.2,Pakistan,Umar Akmal,Shoaib Malik,JP Faulkner,0,0,,,,,,"",""
ball,2,46.3,Pakistan,Umar Akmal,Shoaib Malik,JP Faulkner,1,0,,,,,,"",""
ball,2,46.4,Pakistan,Shoaib Malik,Umar Akmal,JP Faulkner,0,0,,,,,,"",""
ball,2,46.5,Pakistan,Shoaib Malik,Umar Akmal,JP Faulkner,0,0,,,,,,"",""
ball,2,46.6,Pakistan,Shoaib Malik,Umar Akmal,JP Faulkner,0,0,,,,,,"",""
ball,2,47.1,Pakistan,Umar Akmal,Shoaib Malik,TM Head,0,0,,,,,,"",""
ball,2,47.2,Pakistan,Umar Akmal,Shoaib Malik,TM Head,4,0,,,,,,"",""
ball,2,47.3,Pakistan,Umar Akmal,Shoaib Malik,TM Head,0,0,,,,,,"",""
ball,2,47.4,Pakistan,Umar Akmal,Shoaib Malik,TM Head,4,0,,,,,,"",""
ball,2,47.5,Pakistan,Umar Akmal,Shoaib Malik,TM Head,0,1,1,,,,,"",""
