version,1.6.0
info,balls_per_over,6
info,team,Australia
info,team,New Zealand
info,gender,male
info,season,2016/17
info,date,2016/12/09
info,event,Chappell-Hadlee Trophy
info,match_number,3
info,venue,Melbourne Cricket Ground
info,city,
info,toss_winner,Australia
info,toss_decision,bat
info,player_of_match,DA Warner
info,umpire,NJ Llong
info,umpire,MD Martell
info,reserve_umpire,P Wilson
info,tv_umpire,HDPK Dharmasena
info,match_referee,RB Richardson
info,winner,Australia
info,winner_runs,117
info,player,Australia,DA Warner
info,player,Australia,AJ Finch
info,player,Australia,SPD Smith
info,player,Australia,GJ Bailey
info,player,Australia,MR Marsh
info,player,Australia,TM Head
info,player,Australia,MS Wade
info,player,Australia,JP Faulkner
info,player,Australia,MA Starc
info,player,Australia,PJ Cummins
info,player,Australia,JR Hazlewood
info,player,New Zealand,MJ Guptill
info,player,New Zealand,TWM Latham
info,player,New Zealand,KS Williamson
info,player,New Zealand,HM Nicholls
info,player,New Zealand,C Munro
info,player,New Zealand,BJ Watling
info,player,New Zealand,C de Grandhomme
info,player,New Zealand,MJ Santner
info,player,New Zealand,TG Southee
info,player,New Zealand,LH Ferguson
info,player,New Zealand,TA Boult
info,registry,people,AJ Finch,b8d490fd
info,registry,people,BJ Watling,928670cc
info,registry,people,C Munro,af2c687b
info,registry,people,C de Grandhomme,94d7f855
info,registry,people,DA Warner,dcce6f09
info,registry,people,GJ Bailey,5056011d
info,registry,people,HDPK Dharmasena,323e4c16
info,registry,people,HM Nicholls,03521fd3
info,registry,people,JP Faulkner,808f425a
info,registry,people,JR Hazlewood,03806cf8
info,registry,people,KS Williamson,d027ba9f
info,registry,people,LH Ferguson,2f9d0389
info,registry,people,MA Starc,3fb19989
info,registry,people,MD Martell,487c072e
info,registry,people,MJ Guptill,2be41edb
info,registry,people,MJ Santner,e4a0deae
info,registry,people,MR Marsh,3d8feaf8
info,registry,people,MS Wade,afa7e784
info,registry,people,NJ Llong,573fb985
info,registry,people,P Wilson,68304a36
info,registry,people,PJ Cummins,ded9240e
info,registry,people,RB Richardson,410e2f12
info,registry,people,SPD Smith,30a45b23
info,registry,people,TA Boult,a818c1be
info,registry,people,TG Southee,13c35c9e
info,registry,people,TM Head,12b610c2
info,registry,people,TWM Latham,e824e6ee
ball,1,0.1,Australia,DA Warner,AJ Finch,TG Southee,0,1,1,,,,,"",""
ball,1,0.2,Australia,DA Warner,AJ Finch,TG Southee,1,0,,,,,,"",""
ball,1,0.3,Australia,AJ Finch,DA Warner,TG Southee,0,0,,,,,,"",""
ball,1,0.4,Australia,AJ Finch,DA Warner,TG Southee,0,1,1,,,,,"",""
ball,1,0.5,Australia,AJ Finch,DA Warner,TG Southee,0,0,,,,,,"",""
ball,1,0.6,Australia,AJ Finch,DA Warner,TG Southee,3,0,,,,,,"",""
ball,1,0.7,Australia,DA Warner,AJ Finch,TG Southee,0,0,,,,,,"",""
ball,1,0.8,Australia,DA Warner,AJ Finch,TG Southee,0,0,,,,,,"",""
ball,1,1.1,Australia,AJ Finch,DA Warner,TA Boult,0,0,,,,,,"",""
ball,1,1.2,Australia,AJ Finch,DA Warner,TA Boult,0,0,,,,,,"",""
ball,1,1.3,Australia,AJ Finch,DA Warner,TA Boult,0,0,,,,,,"",""
ball,1,1.4,Australia,AJ Finch,DA Warner,TA Boult,0,0,,,,,,"",""
ball,1,1.5,Australia,AJ Finch,DA Warner,TA Boult,0,0,,,,,,caught,AJ Finch
ball,1,1.6,Australia,SPD Smith,DA Warner,TA Boult,0,0,,,,,,"",""
ball,1,2.1,Australia,DA Warner,SPD Smith,TG Southee,0,0,,,,,,"",""
ball,1,2.2,Australia,DA Warner,SPD Smith,TG Southee,0,0,,,,,,"",""
ball,1,2.3,Australia,DA Warner,SPD Smith,TG Southee,0,0,,,,,,"",""
ball,1,2.4,Australia,DA Warner,SPD Smith,TG Southee,0,0,,,,,,"",""
ball,1,2.5,Australia,DA Warner,SPD Smith,TG Southee,0,0,,,,,,"",""
ball,1,2.6,Australia,DA Warner,SPD Smith,TG Southee,4,0,,,,,,"",""
ball,1,3.1,Australia,SPD Smith,DA Warner,TA Boult,0,0,,,,,,"",""
ball,1,3.2,Australia,SPD Smith,DA Warner,TA Boult,0,0,,,,,,"",""
ball,1,3.3,Australia,SPD Smith,DA Warner,TA Boult,0,0,,,,,,"",""
ball,1,3.4,Australia,SPD Smith,DA Warner,TA Boult,0,1,1,,,,,"",""
ball,1,3.5,Australia,SPD Smith,DA Warner,TA Boult,0,0,,,,,,"",""
ball,1,3.6,Australia,SPD Smith,DA Warner,TA Boult,0,0,,,,,,"",""
ball,1,3.7,Australia,SPD Smith,DA Warner,TA Boult,0,0,,,,,,caught,SPD Smith
ball,1,4.1,Australia,DA Warner,GJ Bailey,TG Southee,0,0,,,,,,"",""
ball,1,4.2,Australia,DA Warner,GJ Bailey,TG Southee,0,0,,,,,,"",""
ball,1,4.3,Australia,DA Warner,GJ Bailey,TG Southee,0,0,,,,,,"",""
ball,1,4.4,Australia,DA Warner,GJ Bailey,TG Southee,0,0,,,,,,"",""
ball,1,4.5,Australia,DA Warner,GJ Bailey,TG Southee,1,0,,,,,,"",""
ball,1,4.6,Australia,GJ Bailey,DA Warner,TG Southee,2,0,,,,,,"",""
ball,1,5.1,Australia,DA Warner,GJ Bailey,TA Boult,0,1,,,,1,,"",""
ball,1,5.2,Australia,GJ Bailey,DA Warner,TA Boult,0,0,,,,,,"",""
ball,1,5.3,Australia,GJ Bailey,DA Warner,TA Boult,0,0,,,,,,"",""
ball,1,5.4,Australia,GJ Bailey,DA Warner,TA Boult,0,0,,,,,,"",""
ball,1,5.5,Australia,GJ Bailey,DA Warner,TA Boult,0,0,,,,,,"",""
ball,1,5.6,Australia,GJ Bailey,DA Warner,TA Boult,3,0,,,,,,"",""
ball,1,6.1,Australia,GJ Bailey,DA Warner,TG Southee,0,0,,,,,,"",""
ball,1,6.2,Australia,GJ Bailey,DA Warner,TG Southee,0,0,,,,,,"",""
ball,1,6.3,Australia,GJ Bailey,DA Warner,TG Southee,0,0,,,,,,"",""
ball,1,6.4,Australia,GJ Bailey,DA Warner,TG Southee,0,0,,,,,,"",""
ball,1,6.5,Australia,GJ Bailey,DA Warner,TG Southee,0,0,,,,,,"",""
ball,1,6.6,Australia,GJ Bailey,DA Warner,TG Southee,0,0,,,,,,"",""
ball,1,7.1,Australia,DA Warner,GJ Bailey,TA Boult,0,0,,,,,,"",""
ball,1,7.2,Australia,DA Warner,GJ Bailey,TA Boult,0,0,,,,,,"",""
ball,1,7.3,Australia,DA Warner,GJ Bailey,TA Boult,1,0,,,,,,"",""
ball,1,7.4,Australia,GJ Bailey,DA Warner,TA Boult,0,0,,,,,,"",""
ball,1,7.5,Australia,GJ Bailey,DA Warner,TA Boult,0,1,1,,,,,"",""
ball,1,7.6,Australia,GJ Bailey,DA Warner,TA Boult,0,0,,,,,,"",""
ball,1,7.7,Australia,GJ Bailey,DA Warner,TA Boult,1,0,,,,,,"",""
ball,1,8.1,Australia,GJ Bailey,DA Warner,LH Ferguson,0,1,,1,,,,"",""
ball,1,8.2,Australia,GJ Bailey,DA Warner,LH Ferguson,0,0,,,,,,"",""
ball,1,8.3,Australia,GJ Bailey,DA Warner,LH Ferguson,0,0,,,,,,"",""
ball,1,8.4,Australia,GJ Bailey,DA Warner,LH Ferguson,0,0,,,,,,"",""
ball,1,8.5,Australia,GJ Bailey,DA Warner,LH Ferguson,0,0,,,,,,"",""
ball,1,8.6,Australia,GJ Bailey,DA Warner,LH Ferguson,0,0,,,,,,"",""
ball,1,8.7,Australia,GJ Bailey,DA Warner,LH Ferguson,0,0,,,,,,"",""
ball,1,9.1,Australia,DA Warner,GJ Bailey,TA Boult,4,0,,,,,,"",""
ball,1,9.2,Australia,DA Warner,GJ Bailey,TA Boult,0,0,,,,,,"",""
ball,1,9.3,Australia,DA Warner,GJ Bailey,TA Boult,1,0,,,,,,"",""
ball,1,9.4,Australia,GJ Bailey,DA Warner,TA Boult,0,0,,,,,,"",""
ball,1,9.5,Australia,GJ Bailey,DA Warner,TA Boult,4,0,,,,,,"",""
ball,1,9.6,Australia,GJ Bailey,DA Warner,TA Boult,0,0,,,,,,"",""
ball,1,10.1,Australia,DA Warner,GJ Bailey,LH Ferguson,0,0,,,,,,"",""
ball,1,10.2,Australia,DA Warner,GJ Bailey,LH Ferguson,1,0,,,,,,"",""
ball,1,10.3,Australia,GJ Bailey,DA Warner,LH Ferguson,1,0,,,,,,"",""
ball,1,10.4,Australia,DA Warner,GJ Bailey,LH Ferguson,0,0,,,,,,"",""
ball,1,10.5,Australia,DA Warner,GJ Bailey,LH Ferguson,0,1,1,,,,,"",""
ball,1,10.6,Australia,DA Warner,GJ Bailey,LH Ferguson,0,0,,,,,,"",""
ball,1,10.7,Australia,DA Warner,GJ Bailey,LH Ferguson,4,0,,,,,,"",""
ball,1,11.1,Australia,GJ Bailey,DA Warner,MJ Santner,1,0,,,,,,"",""
ball,1,11.2,Australia,DA Warner,GJ Bailey,MJ Santner,0,0,,,,,,"",""
ball,1,11.3,Australia,DA Warner,GJ Bailey,MJ Santner,0,0,,,,,,"",""
ball,1,11.4,Australia,DA Warner,GJ Bailey,MJ Santner,0,0,,,,,,"",""
ball,1,11.5,Australia,DA Warner,GJ Bailey,MJ Santner,1,0,,,,,,"",""
ball,1,11.6,Australia,GJ Bailey,DA Warner,MJ Santner,1,0,,,,,,"",""
ball,1,12.1,Australia,GJ Bailey,DA Warner,LH Ferguson,0,0,,,,,,"",""
ball,1,12.2,Australia,GJ Bailey,DA Warner,LH Ferguson,2,0,,,,,,"",""
ball,1,12.3,Australia,GJ Bailey,DA Warner,LH Ferguson,2,0,,,,,,"",""
ball,1,12.4,Australia,GJ Bailey,DA Warner,LH Ferguson,1,0,,,,,,"",""
ball,1,12.5,Australia,DA Warner,GJ Bailey,LH Ferguson,0,0,,,,,,"",""
ball,1,12.6,Australia,DA Warner,GJ Bailey,LH Ferguson,1,0,,,,,,"",""
ball,1,13.1,Australia,DA Warner,GJ Bailey,MJ Santner,6,0,,,,,,"",""
ball,1,13.2,Australia,DA Warner,GJ Bailey,MJ Santner,0,0,,,,,,"",""
ball,1,13.3,Australia,DA Warner,GJ Bailey,MJ Santner,1,0,,,,,,"",""
ball,1,13.4,Australia,GJ Bailey,DA Warner,MJ Santner,1,0,,,,,,"",""
ball,1,13.5,Australia,DA Warner,GJ Bailey,MJ Santner,1,0,,,,,,"",""
ball,1,13.6,Australia,GJ Bailey,DA Warner,MJ Santner,0,0,,,,,,"",""
ball,1,14.1,Australia,DA Warner,GJ Bailey,LH Ferguson,1,0,,,,,,"",""
ball,1,14.2,Australia,GJ Bailey,DA Warner,LH Ferguson,0,0,,,,,,"",""
ball,1,14.3,Australia,GJ Bailey,DA Warner,LH Ferguson,0,0,,,,,,"",""
ball,1,14.4,Australia,GJ Bailey,DA Warner,LH Ferguson,0,0,,,,,,"",""
ball,1,14.5,Australia,GJ Bailey,DA Warner,LH Ferguson,0,0,,,,,,"",""
ball,1,14.6,Australia,GJ Bailey,DA Warner,LH Ferguson,0,1,1,,,,,"",""
ball,1,14.7,Australia,GJ Bailey,DA Warner,LH Ferguson,1,0,,,,,,"",""
ball,1,15.1,Australia,GJ Bailey,DA Warner,MJ Santner,1,0,,,,,,"",""
ball,1,15.2,Australia,DA Warner,GJ Bailey,MJ Santner,1,0,,,,,,"",""
ball,1,15.3,Australia,GJ Bailey,DA Warner,MJ Santner,0,0,,,,,,"",""
ball,1,15.4,Australia,GJ Bailey,DA Warner,MJ Santner,0,0,,,,,,"",""
ball,1,15.5,Australia,GJ Bailey,DA Warner,MJ Santner,0,0,,,,,,"",""
ball,1,15.6,Australia,GJ Bailey,DA Warner,MJ Santner,0,0,,,,,,"",""
ball,1,16.1,Australia,DA Warner,GJ Bailey,C de Grandhomme,2,0,,,,,,"",""
ball,1,16.2,Australia,DA Warner,GJ Bailey,C de Grandhomme,1,0,,,,,,"",""
ball,1,16.3,Australia,GJ Bailey,DA Warner,C de Grandhomme,0,0,,,,,,"",""
ball,1,16.4,Australia,GJ Bailey,DA Warner,C de Grandhomme,0,1,1,,,,,"",""
ball,1,16.5,Australia,GJ Bailey,DA Warner,C de Grandhomme,1,0,,,,,,"",""
ball,1,16.6,Australia,DA Warner,GJ Bailey,C de Grandhomme,1,0,,,,,,"",""
ball,1,16.7,Australia,GJ Bailey,DA Warner,C de Grandhomme,0,0,,,,,,"",""
ball,1,17.1,Australia,DA Warner,GJ Bailey,MJ Santner,1,0,,,,,,"",""
ball,1,17.2,Australia,GJ Bailey,DA Warner,MJ Santner,0,0,,,,,,"",""
ball,1,17.3,Australia,GJ Bailey,DA Warner,MJ Santner,1,0,,,,,,"",""
ball,1,17.4,Australia,DA Warner,GJ Bailey,MJ Santner,0,0,,,,,,"",""
ball,1,17.5,Australia,DA Warner,GJ Bailey,MJ Santner,1,0,,,,,,"",""
ball,1,17.6,Australia,GJ Bailey,DA Warner,MJ Santner,0,0,,,,,,"",""
ball,1,18.1,Australia,DA Warner,GJ Bailey,C de Grandhomme,2,0,,,,,,"",""
ball,1,18.2,Australia,DA Warner,GJ Bailey,C de Grandhomme,1,0,,,,,,"",""
ball,1,18.3,Australia,GJ Bailey,DA Warner,C de Grandhomme,0,0,,,,,,caught,GJ Bailey
ball,1,18.4,Australia,MR Marsh,DA Warner,C de Grandhomme,0,0,,,,,,"",""
ball,1,18.5,Australia,MR Marsh,DA Warner,C de Grandhomme,0,0,,,,,,bowled,MR Marsh
ball,1,18.6,Australia,TM Head,DA Warner,C de Grandhomme,0,0,,,,,,"",""
ball,1,19.1,Australia,DA Warner,TM Head,KS Williamson,0,0,,,,,,"",""
ball,1,19.2,Australia,DA Warner,TM Head,KS Williamson,1,0,,,,,,"",""
ball,1,19.3,Australia,TM Head,DA Warner,KS Williamson,1,0,,,,,,"",""
ball,1,19.4,Australia,DA Warner,TM Head,KS Williamson,1,0,,,,,,"",""
ball,1,19.5,Australia,TM Head,DA Warner,KS Williamson,0,0,,,,,,"",""
ball,1,19.6,Australia,TM Head,DA Warner,KS Williamson,0,0,,,,,,"",""
ball,1,20.1,Australia,DA Warner,TM Head,C de Grandhomme,1,0,,,,,,"",""
ball,1,20.2,Australia,TM Head,DA Warner,C de Grandhomme,0,0,,,,,,"",""
ball,1,20.3,Australia,TM Head,DA Warner,C de Grandhomme,0,0,,,,,,"",""
ball,1,20.4,Australia,TM Head,DA Warner,C de Grandhomme,0,0,,,,,,"",""
ball,1,20.5,Australia,TM Head,DA Warner,C de Grandhomme,0,0,,,,,,"",""
ball,1,20.6,Australia,TM Head,DA Warner,C de Grandhomme,1,0,,,,,,"",""
ball,1,21.1,Australia,TM Head,DA Warner,TG Southee,0,0,,,,,,"",""
ball,1,21.2,Australia,TM Head,DA Warner,TG Southee,0,0,,,,,,"",""
ball,1,21.3,Australia,TM Head,DA Warner,TG Southee,0,0,,,,,,"",""
ball,1,21.4,Australia,TM Head,DA Warner,TG Southee,0,0,,,,,,"",""
ball,1,21.5,Australia,TM Head,DA Warner,TG Southee,0,0,,,,,,"",""
ball,1,21.6,Australia,TM Head,DA Warner,TG Southee,0,0,,,,,,"",""
ball,1,22.1,Australia,DA Warner,TM Head,C de Grandhomme,0,0,,,,,,"",""
ball,1,22.2,Australia,DA Warner,TM Head,C de Grandhomme,0,0,,,,,,"",""
ball,1,22.3,Australia,DA Warner,TM Head,C de Grandhomme,0,1,1,,,,,"",""
ball,1,22.4,Australia,DA Warner,TM Head,C de Grandhomme,1,0,,,,,,"",""
ball,1,22.5,Australia,TM Head,DA Warner,C de Grandhomme,0,0,,,,,,"",""
ball,1,22.6,Australia,TM Head,DA Warner,C de Grandhomme,1,0,,,,,,"",""
ball,1,22.7,Australia,DA Warner,TM Head,C de Grandhomme,1,0,,,,,,"",""
ball,1,23.1,Australia,DA Warner,TM Head,TG Southee,0,0,,,,,,"",""
ball,1,23.2,Australia,DA Warner,TM Head,TG Southee,1,0,,,,,,"",""
ball,1,23.3,Australia,TM Head,DA Warner,TG Southee,0,0,,,,,,"",""
ball,1,23.4,Australia,TM Head,DA Warner,TG Southee,1,0,,,,,,"",""
ball,1,23.5,Australia,DA Warner,TM Head,TG Southee,2,0,,,,,,"",""
ball,1,23.6,Australia,DA Warner,TM Head,TG Southee,0,0,,,,,,"",""
ball,1,24.1,Australia,TM Head,DA Warner,C de Grandhomme,1,0,,,,,,"",""
ball,1,24.2,Australia,DA Warner,TM Head,C de Grandhomme,0,0,,,,,,"",""
ball,1,24.3,Australia,DA Warner,TM Head,C de Grandhomme,1,0,,,,,,"",""
ball,1,24.4,Australia,TM Head,DA Warner,C de Grandhomme,1,0,,,,,,"",""
ball,1,24.5,Australia,DA Warner,TM Head,C de Grandhomme,4,0,,,,,,"",""
ball,1,24.6,Australia,DA Warner,TM Head,C de Grandhomme,1,0,,,,,,"",""
ball,1,25.1,Australia,DA Warner,TM Head,LH Ferguson,1,0,,,,,,"",""
ball,1,25.2,Australia,TM Head,DA Warner,LH Ferguson,1,0,,,,,,"",""
ball,1,25.3,Australia,DA Warner,TM Head,LH Ferguson,4,0,,,,,,"",""
ball,1,25.4,Australia,DA Warner,TM Head,LH Ferguson,1,0,,,,,,"",""
ball,1,25.5,Australia,TM Head,DA Warner,LH Ferguson,0,0,,,,,,"",""
ball,1,25.6,Australia,TM Head,DA Warner,LH Ferguson,0,0,,,,,,"",""
ball,1,26.1,Australia,DA Warner,TM Head,C de Grandhomme,0,0,,,,,,"",""
ball,1,26.2,Australia,DA Warner,TM Head,C de Grandhomme,1,0,,,,,,"",""
ball,1,26.3,Australia,TM Head,DA Warner,C de Grandhomme,0,0,,,,,,"",""
ball,1,26.4,Australia,TM Head,DA Warner,C de Grandhomme,0,0,,,,,,"",""
ball,1,26.5,Australia,TM Head,DA Warner,C de Grandhomme,1,0,,,,,,"",""
ball,1,26.6,Australia,DA Warner,TM Head,C de Grandhomme,2,0,,,,,,"",""
ball,1,27.1,Australia,TM Head,DA Warner,LH Ferguson,0,1,1,,,,,"",""
ball,1,27.2,Australia,TM Head,DA Warner,LH Ferguson,4,0,,,,,,"",""
ball,1,27.3,Australia,TM Head,DA Warner,LH Ferguson,0,0,,,,,,"",""
ball,1,27.4,Australia,TM Head,DA Warner,LH Ferguson,1,0,,,,,,"",""
ball,1,27.5,Australia,DA Warner,TM Head,LH Ferguson,3,0,,,,,,"",""
ball,1,27.6,Australia,TM Head,DA Warner,LH Ferguson,0,0,,,,,,"",""
ball,1,27.7,Australia,TM Head,DA Warner,LH Ferguson,0,0,,,,,,"",""
ball,1,28.1,Australia,DA Warner,TM Head,C de Grandhomme,1,0,,,,,,"",""
ball,1,28.2,Australia,TM Head,DA Warner,C de Grandhomme,0,0,,,,,,"",""
ball,1,28.3,Australia,TM Head,DA Warner,C de Grandhomme,1,0,,,,,,"",""
ball,1,28.4,Australia,DA Warner,TM Head,C de Grandhomme,1,0,,,,,,"",""
ball,1,28.5,Australia,TM Head,DA Warner,C de Grandhomme,0,0,,,,,,"",""
ball,1,28.6,Australia,TM Head,DA Warner,C de Grandhomme,2,0,,,,,,"",""
ball,1,29.1,Australia,DA Warner,TM Head,TA Boult,1,0,,,,,,"",""
ball,1,29.2,Australia,TM Head,DA Warner,TA Boult,0,0,,,,,,"",""
ball,1,29.3,Australia,TM Head,DA Warner,TA Boult,0,0,,,,,,"",""
ball,1,29.4,Australia,TM Head,DA Warner,TA Boult,1,0,,,,,,"",""
ball,1,29.5,Australia,DA Warner,TM Head,TA Boult,1,0,,,,,,"",""
ball,1,29.6,Australia,TM Head,DA Warner,TA Boult,0,0,,,,,,"",""
ball,1,30.1,Australia,DA Warner,TM Head,C de Grandhomme,1,0,,,,,,"",""
ball,1,30.2,Australia,TM Head,DA Warner,C de Grandhomme,0,0,,,,,,"",""
ball,1,30.3,Australia,TM Head,DA Warner,C de Grandhomme,1,0,,,,,,"",""
ball,1,30.4,Australia,DA Warner,TM Head,C de Grandhomme,4,0,,,,,,"",""
ball,1,30.5,Australia,DA Warner,TM Head,C de Grandhomme,0,0,,,,,,"",""
ball,1,30.6,Australia,DA Warner,TM Head,C de Grandhomme,1,0,,,,,,"",""
ball,1,31.1,Australia,DA Warner,TM Head,TA Boult,4,0,,,,,,"",""
ball,1,31.2,Australia,DA Warner,TM Head,TA Boult,1,0,,,,,,"",""
ball,1,31.3,Australia,TM Head,DA Warner,TA Boult,4,0,,,,,,"",""
ball,1,31.4,Australia,TM Head,DA Warner,TA Boult,0,0,,,,,,"",""
ball,1,31.5,Australia,TM Head,DA Warner,TA Boult,1,0,,,,,,"",""
ball,1,31.6,Australia,DA Warner,TM Head,TA Boult,0,0,,,,,,"",""
ball,1,32.1,Australia,TM Head,DA Warner,C de Grandhomme,0,0,,,,,,"",""
ball,1,32.2,Australia,TM Head,DA Warner,C de Grandhomme,0,0,,,,,,"",""
ball,1,32.3,Australia,TM Head,DA Warner,C de Grandhomme,1,0,,,,,,"",""
ball,1,32.4,Australia,DA Warner,TM Head,C de Grandhomme,1,0,,,,,,"",""
ball,1,32.5,Australia,TM Head,DA Warner,C de Grandhomme,2,0,,,,,,"",""
ball,1,32.6,Australia,TM Head,DA Warner,C de Grandhomme,0,0,,,,,,"",""
ball,1,33.1,Australia,DA Warner,TM Head,LH Ferguson,1,0,,,,,,"",""
ball,1,33.2,Australia,TM Head,DA Warner,LH Ferguson,0,0,,,,,,"",""
ball,1,33.3,Australia,TM Head,DA Warner,LH Ferguson,1,0,,,,,,"",""
ball,1,33.4,Australia,DA Warner,TM Head,LH Ferguson,1,0,,,,,,"",""
ball,1,33.5,Australia,TM Head,DA Warner,LH Ferguson,2,0,,,,,,"",""
ball,1,33.6,Australia,TM Head,DA Warner,LH Ferguson,0,0,,,,,,"",""
ball,1,34.1,Australia,DA Warner,TM Head,C de Grandhomme,0,0,,,,,,"",""
ball,1,34.2,Australia,DA Warner,TM Head,C de Grandhomme,1,0,,,,,,"",""
ball,1,34.3,Australia,TM Head,DA Warner,C de Grandhomme,0,0,,,,,,"",""
ball,1,34.4,Australia,TM Head,DA Warner,C de Grandhomme,1,0,,,,,,"",""
ball,1,34.5,Australia,DA Warner,TM Head,C de Grandhomme,4,0,,,,,,"",""
ball,1,34.6,Australia,DA Warner,TM Head,C de Grandhomme,1,0,,,,,,"",""
ball,1,35.1,Australia,DA Warner,TM Head,MJ Santner,2,0,,,,,,"",""
ball,1,35.2,Australia,DA Warner,TM Head,MJ Santner,1,0,,,,,,"",""
ball,1,35.3,Australia,TM Head,DA Warner,MJ Santner,1,0,,,,,,"",""
ball,1,35.4,Australia,DA Warner,TM Head,MJ Santner,0,0,,,,,,"",""
ball,1,35.5,Australia,DA Warner,TM Head,MJ Santner,1,0,,,,,,"",""
ball,1,35.6,Australia,TM Head,DA Warner,MJ Santner,0,0,,,,,,"",""
ball,1,36.1,Australia,DA Warner,TM Head,TG Southee,1,0,,,,,,"",""
ball,1,36.2,Australia,TM Head,DA Warner,TG Southee,0,0,,,,,,"",""
ball,1,36.3,Australia,TM Head,DA Warner,TG Southee,0,0,,,,,,"",""
ball,1,36.4,Australia,TM Head,DA Warner,TG Southee,1,0,,,,,,"",""
ball,1,36.5,Australia,DA Warner,TM Head,TG Southee,0,0,,,,,,"",""
ball,1,36.6,Australia,DA Warner,TM Head,TG Southee,4,0,,,,,,"",""
ball,1,37.1,Australia,TM Head,DA Warner,MJ Santner,1,0,,,,,,"",""
ball,1,37.2,Australia,DA Warner,TM Head,MJ Santner,4,0,,,,,,"",""
ball,1,37.3,Australia,DA Warner,TM Head,MJ Santner,1,0,,,,,,"",""
ball,1,37.4,Australia,TM Head,DA Warner,MJ Santner,1,0,,,,,,"",""
ball,1,37.5,Australia,DA Warner,TM Head,MJ Santner,1,0,,,,,,"",""
ball,1,37.6,Australia,TM Head,DA Warner,MJ Santner,0,0,,,,,,"",""
ball,1,38.1,Australia,DA Warner,TM Head,TG Southee,1,0,,,,,,"",""
ball,1,38.2,Australia,TM Head,DA Warner,TG Southee,0,0,,,,,,"",""
ball,1,38.3,Australia,TM Head,DA Warner,TG Southee,0,0,,,,,,"",""
ball,1,38.4,Australia,TM Head,DA Warner,TG Southee,0,0,,,,,,"",""
ball,1,38.5,Australia,TM Head,DA Warner,TG Southee,2,0,,,,,,"",""
ball,1,38.6,Australia,TM Head,DA Warner,TG Southee,1,0,,,,,,"",""
ball,1,39.1,Australia,TM Head,DA Warner,MJ Santner,0,0,,,,,,bowled,TM Head
ball,1,39.2,Australia,MS Wade,DA Warner,MJ Santner,0,0,,,,,,"",""
ball,1,39.3,Australia,MS Wade,DA Warner,MJ Santner,0,0,,,,,,"",""
ball,1,39.4,Australia,MS Wade,DA Warner,MJ Santner,0,1,1,,,,,"",""
ball,1,39.5,Australia,MS Wade,DA Warner,MJ Santner,0,0,,,,,,"",""
ball,1,39.6,Australia,MS Wade,DA Warner,MJ Santner,0,0,,,,,,"",""
ball,1,39.7,Australia,MS Wade,DA Warner,MJ Santner,2,0,,,,,,"",""
ball,1,40.1,Australia,DA Warner,MS Wade,C Munro,1,0,,,,,,"",""
ball,1,40.2,Australia,MS Wade,DA Warner,C Munro,0,0,,,,,,"",""
ball,1,40.3,Australia,MS Wade,DA Warner,C Munro,0,0,,,,,,"",""
ball,1,40.4,Australia,MS Wade,DA Warner,C Munro,1,0,,,,,,"",""
ball,1,40.5,Australia,DA Warner,MS Wade,C Munro,1,0,,,,,,"",""
ball,1,40.6,Australia,MS Wade,DA Warner,C Munro,1,0,,,,,,"",""
ball,1,41.1,Australia,MS Wade,DA Warner,MJ Santner,0,0,,,,,,"",""
ball,1,41.2,Australia,MS Wade,DA Warner,MJ Santner,1,0,,,,,,"",""
ball,1,41.3,Australia,DA Warner,MS Wade,MJ Santner,4,0,,,,,,"",""
ball,1,41.4,Australia,DA Warner,MS Wade,MJ Santner,0,0,,,,,,"",""
ball,1,41.5,Australia,DA Warner,MS Wade,MJ Santner,2,0,,,,,,"",""
ball,1,41.6,Australia,DA Warner,MS Wade,MJ Santner,0,0,,,,,,"",""
ball,1,42.1,Australia,MS Wade,DA Warner,C Munro,1,0,,,,,,"",""
ball,1,42.2,Australia,DA Warner,MS Wade,C Munro,6,0,,,,,,"",""
ball,1,42.3,Australia,DA Warner,MS Wade,C Munro,6,0,,,,,,"",""
ball,1,42.4,Australia,DA Warner,MS Wade,C Munro,1,0,,,,,,"",""
ball,1,42.5,Australia,MS Wade,DA Warner,C Munro,0,0,,,,,,"",""
ball,1,42.6,Australia,MS Wade,DA Warner,C Munro,1,0,,,,,,"",""
ball,1,43.1,Australia,MS Wade,DA Warner,TA Boult,1,0,,,,,,"",""
ball,1,43.2,Australia,DA Warner,MS Wade,TA Boult,2,0,,,,,,"",""
ball,1,43.3,Australia,DA Warner,MS Wade,TA Boult,1,0,,,,,,"",""
ball,1,43.4,Australia,MS Wade,DA Warner,TA Boult,2,0,,,,,,"",""
ball,1,43.5,Australia,MS Wade,DA Warner,TA Boult,0,0,,,,,,"",""
ball,1,43.6,Australia,MS Wade,DA Warner,TA Boult,1,0,,,,,,"",""
ball,1,44.1,Australia,MS Wade,DA Warner,LH Ferguson,1,1,,1,,,,"",""
ball,1,44.2,Australia,DA Warner,MS Wade,LH Ferguson,6,0,,,,,,"",""
ball,1,44.3,Australia,DA Warner,MS Wade,LH Ferguson,1,0,,,,,,"",""
ball,1,44.4,Australia,MS Wade,DA Warner,LH Ferguson,1,0,,,,,,"",""
ball,1,44.5,Australia,DA Warner,MS Wade,LH Ferguson,1,0,,,,,,"",""
ball,1,44.6,Australia,MS Wade,DA Warner,LH Ferguson,1,0,,,,,,"",""
ball,1,44.7,Australia,DA Warner,MS Wade,LH Ferguson,0,0,,,,,,"",""
ball,1,45.1,Australia,MS Wade,DA Warner,MJ Santner,0,0,,,,,,"",""
ball,1,45.2,Australia,MS Wade,DA Warner,MJ Santner,0,0,,,,,,caught,MS Wade
ball,1,45.3,Australia,DA Warner,JP Faulkner,MJ Santner,1,0,,,,,,"",""
ball,1,45.4,Australia,JP Faulkner,DA Warner,MJ Santner,2,0,,,,,,"",""
ball,1,45.5,Australia,JP Faulkner,DA Warner,MJ Santner,0,0,,,,,,"",""
ball,1,45.6,Australia,JP Faulkner,DA Warner,MJ Santner,0,0,,,,,,"",""
ball,1,46.1,Australia,DA Warner,JP Faulkner,TG Southee,1,0,,,,,,"",""
ball,1,46.2,Australia,JP Faulkner,DA Warner,TG Southee,1,0,,,,,,"",""
ball,1,46.3,Australia,DA Warner,JP Faulkner,TG Southee,0,1,1,,,,,"",""
ball,1,46.4,Australia,DA Warner,JP Faulkner,TG Southee,2,0,,,,,,"",""
ball,1,46.5,Australia,DA Warner,JP Faulkner,TG Southee,4,0,,,,,,"",""
ball,1,46.6,Australia,DA Warner,JP Faulkner,TG Southee,2,0,,,,,,"",""
ball,1,46.7,Australia,DA Warner,JP Faulkner,TG Southee,0,0,,,,,,"",""
ball,1,47.1,Australia,JP Faulkner,DA Warner,TA Boult,0,0,,,,,,"",""
ball,1,47.2,Australia,JP Faulkner,DA Warner,TA Boult,0,0,,,,,,"",""
ball,1,47.3,Australia,JP Faulkner,DA Warner,TA Boult,1,0,,,,,,"",""
ball,1,47.4,Australia,DA Warner,JP Faulkner,TA Boult,4,0,,,,,,"",""
ball,1,47.5,Australia,DA Warner,JP Faulkner,TA Boult,0,0,,,,,,"",""
ball,1,47.6,Australia,DA Warner,JP Faulkner,TA Boult,0,4,,,,4,,"",""
ball,1,48.1,Australia,JP Faulkner,DA Warner,TG Southee,1,0,,,,,,"",""
ball,1,48.2,Australia,DA Warner,JP Faulkner,TG Southee,1,0,,,,,,"",""
ball,1,48.3,Australia,JP Faulkner,DA Warner,TG Southee,1,0,,,,,,"",""
ball,1,48.4,Australia,DA Warner,JP Faulkner,TG Southee,1,0,,,,,,"",""
ball,1,48.5,Australia,JP Faulkner,DA Warner,TG Southee,1,0,,,,,,"",""
ball,1,48.6,Australia,DA Warner,JP Faulkner,TG Southee,2,0,,,,,,"",""
ball,1,49.1,Australia,JP Faulkner,DA Warner,TA Boult,2,0,,,,,,"",""
ball,1,49.2,Australia,JP Faulkner,DA Warner,TA Boult,4,0,,,,,,"",""
ball,1,49.3,Australia,JP Faulkner,DA Warner,TA Boult,0,0,,,,,,caught,JP Faulkner
ball,1,49.4,Australia,DA Warner,MA Starc,TA Boult,2,0,,,,,,"",""
ball,1,49.5,Australia,DA Warner,MA Starc,TA Boult,0,0,,,,,,"",""
ball,1,49.6,Australia,DA Warner,MA Starc,TA Boult,0,0,,,,,,run out,DA Warner
ball,2,0.1,New Zealand,MJ Guptill,TWM Latham,MA Starc,0,0,,,,,,"",""
ball,2,0.2,New Zealand,MJ Guptill,TWM Latham,MA Starc,0,0,,,,,,"",""
ball,2,0.3,New Zealand,MJ Guptill,TWM Latham,MA Starc,0,0,,,,,,"",""
ball,2,0.4,New Zealand,MJ Guptill,TWM Latham,MA Starc,1,0,,,,,,"",""
ball,2,0.5,New Zealand,TWM Latham,MJ Guptill,MA Starc,3,0,,,,,,"",""
ball,2,0.6,New Zealand,MJ Guptill,TWM Latham,MA Starc,0,0,,,,,,"",""
ball,2,1.1,New Zealand,TWM Latham,MJ Guptill,JR Hazlewood,0,0,,,,,,"",""
ball,2,1.2,New Zealand,TWM Latham,MJ Guptill,JR Hazlewood,0,0,,,,,,"",""
ball,2,1.3,New Zealand,TWM Latham,MJ Guptill,JR Hazlewood,0,0,,,,,,"",""
ball,2,1.4,New Zealand,TWM Latham,MJ Guptill,JR Hazlewood,0,0,,,,,,"",""
ball,2,1.5,New Zealand,TWM Latham,MJ Guptill,JR Hazlewood,0,0,,,,,,"",""
ball,2,1.6,New Zealand,TWM Latham,MJ Guptill,JR Hazlewood,1,0,,,,,,"",""
ball,2,2.1,New Zealand,TWM Latham,MJ Guptill,MA Starc,0,1,1,,,,,"",""
ball,2,2.2,New Zealand,TWM Latham,MJ Guptill,MA Starc,0,0,,,,,,"",""
ball,2,2.3,New Zealand,TWM Latham,MJ Guptill,MA Starc,0,1,1,,,,,"",""
ball,2,2.4,New Zealand,TWM Latham,MJ Guptill,MA Starc,4,0,,,,,,"",""
ball,2,2.5,New Zealand,TWM Latham,MJ Guptill,MA Starc,0,0,,,,,,"",""
ball,2,2.6,New Zealand,TWM Latham,MJ Guptill,MA Starc,1,0,,,,,,"",""
ball,2,2.7,New Zealand,MJ Guptill,TWM Latham,MA Starc,0,0,,,,,,"",""
ball,2,2.8,New Zealand,MJ Guptill,TWM Latham,MA Starc,0,0,,,,,,"",""
ball,2,3.1,New Zealand,TWM Latham,MJ Guptill,JR Hazlewood,0,0,,,,,,"",""
ball,2,3.2,New Zealand,TWM Latham,MJ Guptill,JR Hazlewood,4,0,,,,,,"",""
ball,2,3.3,New Zealand,TWM Latham,MJ Guptill,JR Hazlewood,2,0,,,,,,"",""
ball,2,3.4,New Zealand,TWM Latham,MJ Guptill,JR Hazlewood,0,0,,,,,,"",""
ball,2,3.5,New Zealand,TWM Latham,MJ Guptill,JR Hazlewood,0,0,,,,,,"",""
ball,2,3.6,New Zealand,TWM Latham,MJ Guptill,JR Hazlewood,0,1,1,,,,,"",""
ball,2,3.7,New Zealand,TWM Latham,MJ Guptill,JR Hazlewood,0,0,,,,,,"",""
ball,2,4.1,New Zealand,MJ Guptill,TWM Latham,MA Starc,0,0,,,,,,"",""
ball,2,4.2,New Zealand,MJ Guptill,TWM Latham,MA Starc,3,0,,,,,,"",""
ball,2,4.3,New Zealand,TWM Latham,MJ Guptill,MA Starc,0,0,,,,,,"",""
ball,2,4.4,New Zealand,TWM Latham,MJ Guptill,MA Starc,2,0,,,,,,"",""
ball,2,4.5,New Zealand,TWM Latham,MJ Guptill,MA Starc,4,0,,,,,,"",""
ball,2,4.6,New Zealand,TWM Latham,MJ Guptill,MA Starc,1,0,,,,,,"",""
ball,2,5.1,New Zealand,TWM Latham,MJ Guptill,JR Hazlewood,0,0,,,,,,"",""
ball,2,5.2,New Zealand,TWM Latham,MJ Guptill,JR Hazlewood,0,0,,,,,,"",""
ball,2,5.3,New Zealand,TWM Latham,MJ Guptill,JR Hazlewood,2,0,,,,,,"",""
ball,2,5.4,New Zealand,TWM Latham,MJ Guptill,JR Hazlewood,1,0,,,,,,"",""
ball,2,5.5,New Zealand,MJ Guptill,TWM Latham,JR Hazlewood,0,0,,,,,,"",""
ball,2,5.6,New Zealand,MJ Guptill,TWM Latham,JR Hazlewood,2,0,,,,,,"",""
ball,2,6.1,New Zealand,TWM Latham,MJ Guptill,PJ Cummins,0,0,,,,,,"",""
ball,2,6.2,New Zealand,TWM Latham,MJ Guptill,PJ Cummins,1,0,,,,,,"",""
ball,2,6.3,New Zealand,MJ Guptill,TWM Latham,PJ Cummins,0,0,,,,,,"",""
ball,2,6.4,New Zealand,MJ Guptill,TWM Latham,PJ Cummins,0,0,,,,,,"",""
ball,2,6.5,New Zealand,MJ Guptill,TWM Latham,PJ Cummins,2,0,,,,,,"",""
ball,2,6.6,New Zealand,MJ Guptill,TWM Latham,PJ Cummins,1,0,,,,,,"",""
ball,2,7.1,New Zealand,MJ Guptill,TWM Latham,JR Hazlewood,3,0,,,,,,"",""
ball,2,7.2,New Zealand,TWM Latham,MJ Guptill,JR Hazlewood,0,0,,,,,,"",""
ball,2,7.3,New Zealand,TWM Latham,MJ Guptill,JR Hazlewood,0,0,,,,,,"",""
ball,2,7.4,New Zealand,TWM Latham,MJ Guptill,JR Hazlewood,0,0,,,,,,"",""
ball,2,7.5,New Zealand,TWM Latham,MJ Guptill,JR Hazlewood,1,0,,,,,,"",""
ball,2,7.6,New Zealand,MJ Guptill,TWM Latham,JR Hazlewood,0,0,,,,,,"",""
ball,2,8.1,New Zealand,TWM Latham,MJ Guptill,PJ Cummins,0,0,,,,,,"",""
ball,2,8.2,New Zealand,TWM Latham,MJ Guptill,PJ Cummins,1,0,,,,,,"",""
ball,2,8.3,New Zealand,MJ Guptill,TWM Latham,PJ Cummins,1,0,,,,,,"",""
ball,2,8.4,New Zealand,TWM Latham,MJ Guptill,PJ Cummins,0,0,,,,,,"",""
ball,2,8.5,New Zealand,TWM Latham,MJ Guptill,PJ Cummins,0,0,,,,,,"",""
ball,2,8.6,New Zealand,TWM Latham,MJ Guptill,PJ Cummins,0,0,,,,,,caught,TWM Latham
ball,2,9.1,New Zealand,MJ Guptill,KS Williamson,JP Faulkner,0,0,,,,,,"",""
ball,2,9.2,New Zealand,MJ Guptill,KS Williamson,JP Faulkner,0,0,,,,,,"",""
ball,2,9.3,New Zealand,MJ Guptill,KS Williamson,JP Faulkner,0,0,,,,,,"",""
ball,2,9.4,New Zealand,MJ Guptill,KS Williamson,JP Faulkner,0,0,,,,,,"",""
ball,2,9.5,New Zealand,MJ Guptill,KS Williamson,JP Faulkner,4,0,,,,,,"",""
ball,2,9.6,New Zealand,MJ Guptill,KS Williamson,JP Faulkner,0,0,,,,,,"",""
ball,2,10.1,New Zealand,KS Williamson,MJ Guptill,PJ Cummins,0,1,1,,,,,"",""
ball,2,10.2,New Zealand,KS Williamson,MJ Guptill,PJ Cummins,0,0,,,,,,"",""
ball,2,10.3,New Zealand,KS Williamson,MJ Guptill,PJ Cummins,4,0,,,,,,"",""
ball,2,10.4,New Zealand,KS Williamson,MJ Guptill,PJ Cummins,0,0,,,,,,"",""
ball,2,10.5,New Zealand,KS Williamson,MJ Guptill,PJ Cummins,0,0,,,,,,"",""
ball,2,10.6,New Zealand,KS Williamson,MJ Guptill,PJ Cummins,1,0,,,,,,"",""
ball,2,10.7,New Zealand,MJ Guptill,KS Williamson,PJ Cummins,1,0,,,,,,"",""
ball,2,11.1,New Zealand,MJ Guptill,KS Williamson,JP Faulkner,0,0,,,,,,"",""
ball,2,11.2,New Zealand,MJ Guptill,KS Williamson,JP Faulkner,1,0,,,,,,"",""
ball,2,11.3,New Zealand,KS Williamson,MJ Guptill,JP Faulkner,1,0,,,,,,"",""
ball,2,11.4,New Zealand,MJ Guptill,KS Williamson,JP Faulkner,1,0,,,,,,"",""
ball,2,11.5,New Zealand,KS Williamson,MJ Guptill,JP Faulkner,4,0,,,,,,"",""
ball,2,11.6,New Zealand,KS Williamson,MJ Guptill,JP Faulkner,1,0,,,,,,"",""
ball,2,12.1,New Zealand,KS Williamson,MJ Guptill,PJ Cummins,1,0,,,,,,"",""
ball,2,12.2,New Zealand,MJ Guptill,KS Williamson,PJ Cummins,0,0,,,,,,"",""
ball,2,12.3,New Zealand,MJ Guptill,KS Williamson,PJ Cummins,4,0,,,,,,"",""
ball,2,12.4,New Zealand,MJ Guptill,KS Williamson,PJ Cummins,0,0,,,,,,"",""
ball,2,12.5,New Zealand,MJ Guptill,KS Williamson,PJ Cummins,2,0,,,,,,"",""
ball,2,12.6,New Zealand,MJ Guptill,KS Williamson,PJ Cummins,1,0,,,,,,"",""
ball,2,13.1,New Zealand,MJ Guptill,KS Williamson,JP Faulkner,0,0,,,,,,"",""
ball,2,13.2,New Zealand,MJ Guptill,KS Williamson,JP Faulkner,1,0,,,,,,"",""
ball,2,13.3,New Zealand,KS Williamson,MJ Guptill,JP Faulkner,0,0,,,,,,"",""
ball,2,13.4,New Zealand,KS Williamson,MJ Guptill,JP Faulkner,1,0,,,,,,"",""
ball,2,13.5,New Zealand,MJ Guptill,KS Williamson,JP Faulkner,1,0,,,,,,"",""
ball,2,13.6,New Zealand,KS Williamson,MJ Guptill,JP Faulkner,0,0,,,,,,lbw,KS Williamson
ball,2,14.1,New Zealand,MJ Guptill,HM Nicholls,PJ Cummins,4,0,,,,,,"",""
ball,2,14.2,New Zealand,MJ Guptill,HM Nicholls,PJ Cummins,0,0,,,,,,"",""
ball,2,14.3,New Zealand,MJ Guptill,HM Nicholls,PJ Cummins,1,0,,,,,,"",""
ball,2,14.4,New Zealand,HM Nicholls,MJ Guptill,PJ Cummins,0,0,,,,,,"",""
ball,2,14.5,New Zealand,HM Nicholls,MJ Guptill,PJ Cummins,0,0,,,,,,"",""
ball,2,14.6,New Zealand,HM Nicholls,MJ Guptill,PJ Cummins,0,0,,,,,,"",""
ball,2,15.1,New Zealand,MJ Guptill,HM Nicholls,TM Head,0,0,,,,,,caught,MJ Guptill
ball,2,15.2,New Zealand,C Munro,HM Nicholls,TM Head,0,0,,,,,,"",""
ball,2,15.3,New Zealand,C Munro,HM Nicholls,TM Head,1,0,,,,,,"",""
ball,2,15.4,New Zealand,HM Nicholls,C Munro,TM Head,2,0,,,,,,"",""
ball,2,15.5,New Zealand,HM Nicholls,C Munro,TM Head,1,0,,,,,,"",""
ball,2,15.6,New Zealand,C Munro,HM Nicholls,TM Head,0,0,,,,,,"",""
ball,2,16.1,New Zealand,HM Nicholls,C Munro,MA Starc,0,0,,,,,,"",""
ball,2,16.2,New Zealand,HM Nicholls,C Munro,MA Starc,0,0,,,,,,"",""
ball,2,16.3,New Zealand,HM Nicholls,C Munro,MA Starc,0,0,,,,,,"",""
ball,2,16.4,New Zealand,HM Nicholls,C Munro,MA Starc,0,0,,,,,,"",""
ball,2,16.5,New Zealand,HM Nicholls,C Munro,MA Starc,0,0,,,,,,"",""
ball,2,16.6,New Zealand,HM Nicholls,C Munro,MA Starc,0,0,,,,,,bowled,HM Nicholls
ball,2,17.1,New Zealand,C Munro,BJ Watling,TM Head,1,0,,,,,,"",""
ball,2,17.2,New Zealand,BJ Watling,C Munro,TM Head,0,1,,,,1,,"",""
ball,2,17.3,New Zealand,C Munro,BJ Watling,TM Head,0,0,,,,,,"",""
ball,2,17.4,New Zealand,C Munro,BJ Watling,TM Head,1,0,,,,,,"",""
ball,2,17.5,New Zealand,BJ Watling,C Munro,TM Head,0,0,,,,,,"",""
ball,2,17.6,New Zealand,BJ Watling,C Munro,TM Head,0,0,,,,,,"",""
ball,2,18.1,New Zealand,C Munro,BJ Watling,MA Starc,0,0,,,,,,"",""
ball,2,18.2,New Zealand,C Munro,BJ Watling,MA Starc,0,0,,,,,,"",""
ball,2,18.3,New Zealand,C Munro,BJ Watling,MA Starc,0,0,,,,,,"",""
ball,2,18.4,New Zealand,C Munro,BJ Watling,MA Starc,0,0,,,,,,"",""
ball,2,18.5,New Zealand,C Munro,BJ Watling,MA Starc,0,0,,,,,,"",""
ball,2,18.6,New Zealand,C Munro,BJ Watling,MA Starc,0,0,,,,,,"",""
ball,2,19.1,New Zealand,BJ Watling,C Munro,TM Head,1,0,,,,,,"",""
ball,2,19.2,New Zealand,C Munro,BJ Watling,TM Head,1,0,,,,,,"",""
ball,2,19.3,New Zealand,BJ Watling,C Munro,TM Head,1,0,,,,,,"",""
ball,2,19.4,New Zealand,C Munro,BJ Watling,TM Head,1,0,,,,,,"",""
ball,2,19.5,New Zealand,BJ Watling,C Munro,TM Head,1,0,,,,,,"",""
ball,2,19.6,New Zealand,C Munro,BJ Watling,TM Head,1,0,,,,,,"",""
ball,2,20.1,New Zealand,C Munro,BJ Watling,MA Starc,0,0,,,,,,"",""
ball,2,20.2,New Zealand,C Munro,BJ Watling,MA Starc,0,1,,,,1,,"",""
ball,2,20.3,New Zealand,BJ Watling,C Munro,MA Starc,0,0,,,,,,"",""
ball,2,20.4,New Zealand,BJ Watling,C Munro,MA Starc,1,0,,,,,,"",""
ball,2,20.5,New Zealand,C Munro,BJ Watling,MA Starc,0,0,,,,,,"",""
ball,2,20.6,New Zealand,C Munro,BJ Watling,MA Starc,0,0,,,,,,"",""
ball,2,21.1,New Zealand,BJ Watling,C Munro,TM Head,0,0,,,,,,"",""
ball,2,21.2,New Zealand,BJ Watling,C Munro,TM Head,0,0,,,,,,"",""
ball,2,21.3,New Zealand,BJ Watling,C Munro,TM Head,0,0,,,,,,"",""
ball,2,21.4,New Zealand,BJ Watling,C Munro,TM Head,4,0,,,,,,"",""
ball,2,21.5,New Zealand,BJ Watling,C Munro,TM Head,0,0,,,,,,lbw,BJ Watling
ball,2,21.6,New Zealand,C de Grandhomme,C Munro,TM Head,2,0,,,,,,"",""
ball,2,22.1,New Zealand,C Munro,C de Grandhomme,JR Hazlewood,1,0,,,,,,"",""
ball,2,22.2,New Zealand,C de Grandhomme,C Munro,JR Hazlewood,0,0,,,,,,"",""
ball,2,22.3,New Zealand,C de Grandhomme,C Munro,JR Hazlewood,1,0,,,,,,"",""
ball,2,22.4,New Zealand,C Munro,C de Grandhomme,JR Hazlewood,0,0,,,,,,"",""
ball,2,22.5,New Zealand,C Munro,C de Grandhomme,JR Hazlewood,0,0,,,,,,"",""
ball,2,22.6,New Zealand,C Munro,C de Grandhomme,JR Hazlewood,1,0,,,,,,"",""
ball,2,23.1,New Zealand,C Munro,C de Grandhomme,TM Head,0,0,,,,,,"",""
ball,2,23.2,New Zealand,C Munro,C de Grandhomme,TM Head,1,0,,,,,,"",""
ball,2,23.3,New Zealand,C de Grandhomme,C Munro,TM Head,1,0,,,,,,"",""
ball,2,23.4,New Zealand,C Munro,C de Grandhomme,TM Head,1,0,,,,,,"",""
ball,2,23.5,New Zealand,C de Grandhomme,C Munro,TM Head,6,0,,,,,,"",""
ball,2,23.6,New Zealand,C de Grandhomme,C Munro,TM Head,1,0,,,,,,"",""
ball,2,24.1,New Zealand,C de Grandhomme,C Munro,JR Hazlewood,0,0,,,,,,"",""
ball,2,24.2,New Zealand,C de Grandhomme,C Munro,JR Hazlewood,0,0,,,,,,"",""
ball,2,24.3,New Zealand,C de Grandhomme,C Munro,JR Hazlewood,0,0,,,,,,"",""
ball,2,24.4,New Zealand,C de Grandhomme,C Munro,JR Hazlewood,0,0,,,,,,caught,C de Grandhomme
ball,2,24.5,New Zealand,MJ Santner,C Munro,JR Hazlewood,0,0,,,,,,"",""
ball,2,24.6,New Zealand,MJ Santner,C Munro,JR Hazlewood,0,0,,,,,,"",""
ball,2,25.1,New Zealand,C Munro,MJ Santner,TM Head,0,0,,,,,,"",""
ball,2,25.2,New Zealand,C Munro,MJ Santner,TM Head,1,0,,,,,,"",""
ball,2,25.3,New Zealand,MJ Santner,C Munro,TM Head,0,0,,,,,,"",""
ball,2,25.4,New Zealand,MJ Santner,C Munro,TM Head,0,0,,,,,,"",""
ball,2,25.5,New Zealand,MJ Santner,C Munro,TM Head,1,0,,,,,,"",""
ball,2,25.6,New Zealand,C Munro,MJ Santner,TM Head,0,0,,,,,,"",""
ball,2,26.1,New Zealand,MJ Santner,C Munro,JR Hazlewood,0,0,,,,,,"",""
ball,2,26.2,New Zealand,MJ Santner,C Munro,JR Hazlewood,1,0,,,,,,"",""
ball,2,26.3,New Zealand,C Munro,MJ Santner,JR Hazlewood,0,0,,,,,,"",""
ball,2,26.4,New Zealand,C Munro,MJ Santner,JR Hazlewood,1,0,,,,,,"",""
ball,2,26.5,New Zealand,MJ Santner,C Munro,JR Hazlewood,0,0,,,,,,"",""
ball,2,26.6,New Zealand,MJ Santner,C Munro,JR Hazlewood,0,0,,,,,,"",""
ball,2,27.1,New Zealand,C Munro,MJ Santner,TM Head,0,0,,,,,,"",""
ball,2,27.2,New Zealand,C Munro,MJ Santner,TM Head,4,0,,,,,,"",""
ball,2,27.3,New Zealand,C Munro,MJ Santner,TM Head,1,0,,,,,,"",""
ball,2,27.4,New Zealand,MJ Santner,C Munro,TM Head,1,0,,,,,,"",""
ball,2,27.5,New Zealand,C Munro,MJ Santner,TM Head,0,0,,,,,,"",""
ball,2,27.6,New Zealand,C Munro,MJ Santner,TM Head,1,0,,,,,,"",""
ball,2,28.1,New Zealand,C Munro,MJ Santner,MA Starc,2,0,,,,,,"",""
ball,2,28.2,New Zealand,C Munro,MJ Santner,MA Starc,0,0,,,,,,bowled,C Munro
ball,2,28.3,New Zealand,TG Southee,MJ Santner,MA Starc,0,0,,,,,,"",""
ball,2,28.4,New Zealand,TG Southee,MJ Santner,MA Starc,0,0,,,,,,"",""
ball,2,28.5,New Zealand,TG Southee,MJ Santner,MA Starc,0,0,,,,,,"",""
ball,2,28.6,New Zealand,TG Southee,MJ Santner,MA Starc,0,0,,,,,,"",""
ball,2,29.1,New Zealand,MJ Santner,TG Southee,JP Faulkner,0,0,,,,,,"",""
ball,2,29.2,New Zealand,MJ Santner,TG Southee,JP Faulkner,0,0,,,,,,"",""
ball,2,29.3,New Zealand,MJ Santner,TG Southee,JP Faulkner,0,0,,,,,,"",""
ball,2,29.4,New Zealand,MJ Santner,TG Southee,JP Faulkner,0,0,,,,,,"",""
ball,2,29.5,New Zealand,MJ Santner,TG Southee,JP Faulkner,4,0,,,,,,"",""
ball,2,29.6,New Zealand,MJ Santner,TG Southee,JP Faulkner,0,0,,,,,,"",""
ball,2,30.1,New Zealand,TG Southee,MJ Santner,MA Starc,1,0,,,,,,"",""
ball,2,30.2,New Zealand,MJ Santner,TG Southee,MA Starc,0,0,,,,,,"",""
ball,2,30.3,New Zealand,MJ Santner,TG Southee,MA Starc,0,0,,,,,,"",""
ball,2,30.4,New Zealand,MJ Santner,TG Southee,MA Starc,4,0,,,,,,"",""
ball,2,30.5,New Zealand,MJ Santner,TG Southee,MA Starc,4,0,,,,,,"",""
ball,2,30.6,New Zealand,MJ Santner,TG Southee,MA Starc,0,0,,,,,,lbw,MJ Santner
ball,2,31.1,New Zealand,TG Southee,LH Ferguson,JP Faulkner,0,0,,,,,,"",""
ball,2,31.2,New Zealand,TG Southee,LH Ferguson,JP Faulkner,0,0,,,,,,"",""
ball,2,31.3,New Zealand,TG Southee,LH Ferguson,JP Faulkner,0,0,,,,,,"",""
ball,2,31.4,New Zealand,TG Southee,LH Ferguson,JP Faulkner,0,0,,,,,,"",""
ball,2,31.5,New Zealand,TG Southee,LH Ferguson,JP Faulkner,0,0,,,,,,"",""
ball,2,31.6,New Zealand,TG Southee,LH Ferguson,JP Faulkner,2,0,,,,,,"",""
ball,2,32.1,New Zealand,LH Ferguson,TG Southee,MA Starc,0,0,,,,,,"",""
ball,2,32.2,New Zealand,LH Ferguson,TG Southee,MA Starc,0,0,,,,,,"",""
ball,2,32.3,New Zealand,LH Ferguson,TG Southee,MA Starc,0,0,,,,,,"",""
ball,2,32.4,New Zealand,LH Ferguson,TG Southee,MA Starc,0,0,,,,,,"",""
ball,2,32.5,New Zealand,LH Ferguson,TG Southee,MA Starc,0,0,,,,,,"",""
ball,2,32.6,New Zealand,LH Ferguson,TG Southee,MA Starc,0,0,,,,,,"",""
ball,2,33.1,New Zealand,TG Southee,LH Ferguson,JP Faulkner,0,0,,,,,,"",""
ball,2,33.2,New Zealand,TG Southee,LH Ferguson,JP Faulkner,1,0,,,,,,"",""
ball,2,33.3,New Zealand,LH Ferguson,TG Southee,JP Faulkner,1,0,,,,,,"",""
ball,2,33.4,New Zealand,TG Southee,LH Ferguson,JP Faulkner,0,0,,,,,,caught,TG Southee
ball,2,33.5,New Zealand,LH Ferguson,TA Boult,JP Faulkner,1,0,,,,,,"",""
ball,2,33.6,New Zealand,TA Boult,LH Ferguson,JP Faulkner,0,0,,,,,,"",""
ball,2,34.1,New Zealand,LH Ferguson,TA Boult,MA Starc,0,0,,,,,,"",""
ball,2,34.2,New Zealand,LH Ferguson,TA Boult,MA Starc,0,0,,,,,,"",""
ball,2,34.3,New Zealand,LH Ferguson,TA Boult,MA Starc,1,0,,,,,,"",""
ball,2,34.4,New Zealand,TA Boult,LH Ferguson,MA Starc,0,0,,,,,,"",""
ball,2,34.5,New Zealand,TA Boult,LH Ferguson,MA Starc,0,0,,,,,,"",""
ball,2,34.6,New Zealand,TA Boult,LH Ferguson,MA Starc,0,0,,,,,,"",""
ball,2,35.1,New Zealand,LH Ferguson,TA Boult,JP Faulkner,0,0,,,,,,"",""
ball,2,35.2,New Zealand,LH Ferguson,TA Boult,JP Faulkner,0,0,,,,,,"",""
ball,2,35.3,New Zealand,LH Ferguson,TA Boult,JP Faulkner,0,0,,,,,,"",""
ball,2,35.4,New Zealand,LH Ferguson,TA Boult,JP Faulkner,1,0,,,,,,"",""
ball,2,35.5,New Zealand,TA Boult,LH Ferguson,JP Faulkner,0,0,,,,,,"",""
ball,2,35.6,New Zealand,TA Boult,LH Ferguson,JP Faulkner,1,0,,,,,,"",""
ball,2,36.1,New Zealand,TA Boult,LH Ferguson,PJ Cummins,0,0,,,,,,caught,TA Boult
