version,1.6.0
info,balls_per_over,6
info,team,Zimbabwe
info,team,India
info,gender,male
info,season,2016
info,date,2016/06/13
info,event,India in Zimbabwe ODI Series
info,match_number,2
info,venue,Harare Sports Club
info,city,
info,toss_winner,India
info,toss_decision,field
info,player_of_match,YS Chahal
info,umpire,IJ Gould
info,umpire,L Rusere
info,reserve_umpire,O Chirombe
info,tv_umpire,RB Tiffin
info,match_referee,RB Richardson
info,winner,India
info,winner_wickets,8
info,player,India,KL Rahul
info,player,India,KK Nair
info,player,India,AT Rayudu
info,player,India,MK Pandey
info,player,India,KM Jadhav
info,player,India,MS Dhoni
info,player,India,AR Patel
info,player,India,DS Kulkarni
info,player,India,JJ Bumrah
info,player,India,BB Sran
info,player,India,YS Chahal
info,player,Zimbabwe,H Masakadza
info,player,Zimbabwe,CJ Chibhabha
info,player,Zimbabwe,PJ Moor
info,player,Zimbabwe,V Sibanda
info,player,Zimbabwe,Sikandar Raza
info,player,Zimbabwe,E Chigumbura
info,player,Zimbabwe,R Mutumbami
info,player,Zimbabwe,AG Cremer
info,player,Zimbabwe,TL Chatara
info,player,Zimbabwe,T Muzarabani
info,player,Zimbabwe,SC Williams
info,registry,people,AG Cremer,9f0270e0
info,registry,people,AR Patel,2e171977
info,registry,people,AT Rayudu,70d205c9
info,registry,people,BB Sran,d8b2f218
info,registry,people,CJ Chibhabha,f32dbc84
info,registry,people,DS Kulkarni,d2a989fc
info,registry,people,E Chigumbura,d2babdd5
info,registry,people,H Masakadza,31fbf891
info,registry,people,IJ Gould,a9dfdf6c
info,registry,people,JJ Bumrah,462411b3
info,registry,people,KK Nair,944533a5
info,registry,people,KL Rahul,b17e2f24
info,registry,people,KM Jadhav,99d63244
info,registry,people,L Rusere,6a4734ae
info,registry,people,MK Pandey,93b4fc78
info,registry,people,MS Dhoni,4a8a2e3b
info,registry,people,O Chirombe,6345307f
info,registry,people,PJ Moor,a1d3540a
info,registry,people,R Mutumbami,5fef85ee
info,registry,people,RB Richardson,410e2f12
info,registry,people,RB Tiffin,89087a0d
info,registry,people,SC Williams,afe57f7a
info,registry,people,Sikandar Raza,26d041c4
info,registry,people,T Muzarabani,a945bb28
info,registry,people,TL Chatara,5bbabe59
info,registry,people,V Sibanda,0fdabe05
info,registry,people,YS Chahal,57ee1fde
ball,1,0.1,Zimbabwe,H Masakadza,CJ Chibhabha,BB Sran,0,0,,,,,,"",""
ball,1,0.2,Zimbabwe,H Masakadza,CJ Chibhabha,BB Sran,0,0,,,,,,"",""
ball,1,0.3,Zimbabwe,H Masakadza,CJ Chibhabha,BB Sran,0,0,,,,,,"",""
ball,1,0.4,Zimbabwe,H Masakadza,CJ Chibhabha,BB Sran,0,0,,,,,,"",""
ball,1,0.5,Zimbabwe,H Masakadza,CJ Chibhabha,BB Sran,0,0,,,,,,"",""
ball,1,0.6,Zimbabwe,H Masakadza,CJ Chibhabha,BB Sran,0,0,,,,,,"",""
ball,1,1.1,Zimbabwe,CJ Chibhabha,H Masakadza,DS Kulkarni,0,0,,,,,,"",""
ball,1,1.2,Zimbabwe,CJ Chibhabha,H Masakadza,DS Kulkarni,0,0,,,,,,"",""
ball,1,1.3,Zimbabwe,CJ Chibhabha,H Masakadza,DS Kulkarni,0,0,,,,,,"",""
ball,1,1.4,Zimbabwe,CJ Chibhabha,H Masakadza,DS Kulkarni,4,0,,,,,,"",""
ball,1,1.5,Zimbabwe,CJ Chibhabha,H Masakadza,DS Kulkarni,0,0,,,,,,"",""
ball,1,1.6,Zimbabwe,CJ Chibhabha,H Masakadza,DS Kulkarni,0,0,,,,,,"",""
ball,1,2.1,Zimbabwe,H Masakadza,CJ Chibhabha,BB Sran,1,0,,,,,,"",""
ball,1,2.2,Zimbabwe,CJ Chibhabha,H Masakadza,BB Sran,1,0,,,,,,"",""
ball,1,2.3,Zimbabwe,H Masakadza,CJ Chibhabha,BB Sran,0,1,1,,,,,"",""
ball,1,2.4,Zimbabwe,H Masakadza,CJ Chibhabha,BB Sran,0,0,,,,,,"",""
ball,1,2.5,Zimbabwe,H Masakadza,CJ Chibhabha,BB Sran,0,0,,,,,,"",""
ball,1,2.6,Zimbabwe,H Masakadza,CJ Chibhabha,BB Sran,2,0,,,,,,"",""
ball,1,2.7,Zimbabwe,H Masakadza,CJ Chibhabha,BB Sran,0,0,,,,,,"",""
ball,1,3.1,Zimbabwe,CJ Chibhabha,H Masakadza,DS Kulkarni,3,0,,,,,,"",""
ball,1,3.2,Zimbabwe,H Masakadza,CJ Chibhabha,DS Kulkarni,0,0,,,,,,"",""
ball,1,3.3,Zimbabwe,H Masakadza,CJ Chibhabha,DS Kulkarni,4,0,,,,,,"",""
ball,1,3.4,Zimbabwe,H Masakadza,CJ Chibhabha,DS Kulkarni,0,0,,,,,,"",""
ball,1,3.5,Zimbabwe,H Masakadza,CJ Chibhabha,DS Kulkarni,2,0,,,,,,"",""
ball,1,3.6,Zimbabwe,H Masakadza,CJ Chibhabha,DS Kulkarni,0,0,,,,,,"",""
ball,1,4.1,Zimbabwe,CJ Chibhabha,H Masakadza,BB Sran,0,0,,,,,,"",""
ball,1,4.2,Zimbabwe,CJ Chibhabha,H Masakadza,BB Sran,0,1,,,,1,,"",""
ball,1,4.3,Zimbabwe,H Masakadza,CJ Chibhabha,BB Sran,0,0,,,,,,caught,H Masakadza
ball,1,4.4,Zimbabwe,PJ Moor,CJ Chibhabha,BB Sran,0,0,,,,,,"",""
ball,1,4.5,Zimbabwe,PJ Moor,CJ Chibhabha,BB Sran,1,0,,,,,,"",""
ball,1,4.6,Zimbabwe,CJ Chibhabha,PJ Moor,BB Sran,0,0,,,,,,"",""
ball,1,5.1,Zimbabwe,PJ Moor,CJ Chibhabha,DS Kulkarni,0,0,,,,,,"",""
ball,1,5.2,Zimbabwe,PJ Moor,CJ Chibhabha,DS Kulkarni,0,0,,,,,,"",""
ball,1,5.3,Zimbabwe,PJ Moor,CJ Chibhabha,DS Kulkarni,0,0,,,,,,"",""
ball,1,5.4,Zimbabwe,PJ Moor,CJ Chibhabha,DS Kulkarni,0,0,,,,,,"",""
ball,1,5.5,Zimbabwe,PJ Moor,CJ Chibhabha,DS Kulkarni,0,0,,,,,,"",""
ball,1,5.6,Zimbabwe,PJ Moor,CJ Chibhabha,DS Kulkarni,0,0,,,,,,"",""
ball,1,6.1,Zimbabwe,CJ Chibhabha,PJ Moor,BB Sran,1,0,,,,,,"",""
ball,1,6.2,Zimbabwe,PJ Moor,CJ Chibhabha,BB Sran,0,0,,,,,,lbw,PJ Moor
ball,1,6.3,Zimbabwe,V Sibanda,CJ Chibhabha,BB Sran,0,1,,,,1,,"",""
ball,1,6.4,Zimbabwe,CJ Chibhabha,V Sibanda,BB Sran,0,0,,,,,,"",""
ball,1,6.5,Zimbabwe,CJ Chibhabha,V Sibanda,BB Sran,0,0,,,,,,"",""
ball,1,6.6,Zimbabwe,CJ Chibhabha,V Sibanda,BB Sran,0,0,,,,,,"",""
ball,1,7.1,Zimbabwe,V Sibanda,CJ Chibhabha,DS Kulkarni,1,0,,,,,,"",""
ball,1,7.2,Zimbabwe,CJ Chibhabha,V Sibanda,DS Kulkarni,2,0,,,,,,"",""
ball,1,7.3,Zimbabwe,CJ Chibhabha,V Sibanda,DS Kulkarni,1,0,,,,,,"",""
ball,1,7.4,Zimbabwe,V Sibanda,CJ Chibhabha,DS Kulkarni,2,0,,,,,,"",""
ball,1,7.5,Zimbabwe,V Sibanda,CJ Chibhabha,DS Kulkarni,0,0,,,,,,"",""
ball,1,7.6,Zimbabwe,V Sibanda,CJ Chibhabha,DS Kulkarni,0,0,,,,,,"",""
ball,1,8.1,Zimbabwe,CJ Chibhabha,V Sibanda,BB Sran,3,0,,,,,,"",""
ball,1,8.2,Zimbabwe,V Sibanda,CJ Chibhabha,BB Sran,0,0,,,,,,"",""
ball,1,8.3,Zimbabwe,V Sibanda,CJ Chibhabha,BB Sran,0,0,,,,,,"",""
ball,1,8.4,Zimbabwe,V Sibanda,CJ Chibhabha,BB Sran,1,0,,,,,,"",""
ball,1,8.5,Zimbabwe,CJ Chibhabha,V Sibanda,BB Sran,2,0,,,,,,"",""
ball,1,8.6,Zimbabwe,CJ Chibhabha,V Sibanda,BB Sran,0,1,,,,1,,"",""
ball,1,9.1,Zimbabwe,CJ Chibhabha,V Sibanda,DS Kulkarni,0,0,,,,,,"",""
ball,1,9.2,Zimbabwe,CJ Chibhabha,V Sibanda,DS Kulkarni,2,0,,,,,,"",""
ball,1,9.3,Zimbabwe,CJ Chibhabha,V Sibanda,DS Kulkarni,2,0,,,,,,"",""
ball,1,9.4,Zimbabwe,CJ Chibhabha,V Sibanda,DS Kulkarni,0,0,,,,,,"",""
ball,1,9.5,Zimbabwe,CJ Chibhabha,V Sibanda,DS Kulkarni,0,0,,,,,,"",""
ball,1,9.6,Zimbabwe,CJ Chibhabha,V Sibanda,DS Kulkarni,0,0,,,,,,lbw,CJ Chibhabha
ball,1,10.1,Zimbabwe,V Sibanda,Sikandar Raza,BB Sran,0,0,,,,,,"",""
ball,1,10.2,Zimbabwe,V Sibanda,Sikandar Raza,BB Sran,0,0,,,,,,"",""
ball,1,10.3,Zimbabwe,V Sibanda,Sikandar Raza,BB Sran,4,0,,,,,,"",""
ball,1,10.4,Zimbabwe,V Sibanda,Sikandar Raza,BB Sran,0,0,,,,,,"",""
ball,1,10.5,Zimbabwe,V Sibanda,Sikandar Raza,BB Sran,0,0,,,,,,"",""
ball,1,10.6,Zimbabwe,V Sibanda,Sikandar Raza,BB Sran,0,0,,,,,,"",""
ball,1,11.1,Zimbabwe,Sikandar Raza,V Sibanda,DS Kulkarni,0,0,,,,,,"",""
ball,1,11.2,Zimbabwe,Sikandar Raza,V Sibanda,DS Kulkarni,1,0,,,,,,"",""
ball,1,11.3,Zimbabwe,V Sibanda,Sikandar Raza,DS Kulkarni,0,0,,,,,,"",""
ball,1,11.4,Zimbabwe,V Sibanda,Sikandar Raza,DS Kulkarni,0,0,,,,,,"",""
ball,1,11.5,Zimbabwe,V Sibanda,Sikandar Raza,DS Kulkarni,0,0,,,,,,"",""
ball,1,11.6,Zimbabwe,V Sibanda,Sikandar Raza,DS Kulkarni,2,0,,,,,,"",""
ball,1,12.1,Zimbabwe,Sikandar Raza,V Sibanda,JJ Bumrah,0,0,,,,,,"",""
ball,1,12.2,Zimbabwe,Sikandar Raza,V Sibanda,JJ Bumrah,0,0,,,,,,"",""
ball,1,12.3,Zimbabwe,Sikandar Raza,V Sibanda,JJ Bumrah,0,0,,,,,,"",""
ball,1,12.4,Zimbabwe,Sikandar Raza,V Sibanda,JJ Bumrah,0,0,,,,,,"",""
ball,1,12.5,Zimbabwe,Sikandar Raza,V Sibanda,JJ Bumrah,0,1,1,,,,,"",""
ball,1,12.6,Zimbabwe,Sikandar Raza,V Sibanda,JJ Bumrah,0,0,,,,,,"",""
ball,1,12.7,Zimbabwe,Sikandar Raza,V Sibanda,JJ Bumrah,0,0,,,,,,"",""
ball,1,13.1,Zimbabwe,V Sibanda,Sikandar Raza,AR Patel,1,0,,,,,,"",""
ball,1,13.2,Zimbabwe,Sikandar Raza,V Sibanda,AR Patel,1,0,,,,,,"",""
ball,1,13.3,Zimbabwe,V Sibanda,Sikandar Raza,AR Patel,0,0,,,,,,"",""
ball,1,13.4,Zimbabwe,V Sibanda,Sikandar Raza,AR Patel,1,0,,,,,,"",""
ball,1,13.5,Zimbabwe,Sikandar Raza,V Sibanda,AR Patel,0,0,,,,,,"",""
ball,1,13.6,Zimbabwe,Sikandar Raza,V Sibanda,AR Patel,0,0,,,,,,"",""
ball,1,14.1,Zimbabwe,V Sibanda,Sikandar Raza,JJ Bumrah,4,0,,,,,,"",""
ball,1,14.2,Zimbabwe,V Sibanda,Sikandar Raza,JJ Bumrah,2,0,,,,,,"",""
ball,1,14.3,Zimbabwe,V Sibanda,Sikandar Raza,JJ Bumrah,0,1,1,,,,,"",""
ball,1,14.4,Zimbabwe,V Sibanda,Sikandar Raza,JJ Bumrah,4,0,,,,,,"",""
ball,1,14.5,Zimbabwe,V Sibanda,Sikandar Raza,JJ Bumrah,0,0,,,,,,"",""
ball,1,14.6,Zimbabwe,V Sibanda,Sikandar Raza,JJ Bumrah,0,0,,,,,,"",""
ball,1,14.7,Zimbabwe,V Sibanda,Sikandar Raza,JJ Bumrah,0,0,,,,,,"",""
ball,1,15.1,Zimbabwe,Sikandar Raza,V Sibanda,AR Patel,1,0,,,,,,"",""
ball,1,15.2,Zimbabwe,V Sibanda,Sikandar Raza,AR Patel,0,0,,,,,,"",""
ball,1,15.3,Zimbabwe,V Sibanda,Sikandar Raza,AR Patel,1,0,,,,,,"",""
ball,1,15.4,Zimbabwe,Sikandar Raza,V Sibanda,AR Patel,1,0,,,,,,"",""
ball,1,15.5,Zimbabwe,V Sibanda,Sikandar Raza,AR Patel,0,0,,,,,,"",""
ball,1,15.6,Zimbabwe,V Sibanda,Sikandar Raza,AR Patel,0,0,,,,,,"",""
ball,1,16.1,Zimbabwe,Sikandar Raza,V Sibanda,JJ Bumrah,0,0,,,,,,"",""
ball,1,16.2,Zimbabwe,Sikandar Raza,V Sibanda,JJ Bumrah,0,0,,,,,,"",""
ball,1,16.3,Zimbabwe,Sikandar Raza,V Sibanda,JJ Bumrah,0,0,,,,,,"",""
ball,1,16.4,Zimbabwe,Sikandar Raza,V Sibanda,JJ Bumrah,0,0,,,,,,"",""
ball,1,16.5,Zimbabwe,Sikandar Raza,V Sibanda,JJ Bumrah,0,0,,,,,,"",""
ball,1,16.6,Zimbabwe,Sikandar Raza,V Sibanda,JJ Bumrah,2,0,,,,,,"",""
ball,1,17.1,Zimbabwe,V Sibanda,Sikandar Raza,YS Chahal,0,0,,,,,,"",""
ball,1,17.2,Zimbabwe,V Sibanda,Sikandar Raza,YS Chahal,1,0,,,,,,"",""
ball,1,17.3,Zimbabwe,Sikandar Raza,V Sibanda,YS Chahal,1,0,,,,,,"",""
ball,1,17.4,Zimbabwe,V Sibanda,Sikandar Raza,YS Chahal,0,0,,,,,,"",""
ball,1,17.5,Zimbabwe,V Sibanda,Sikandar Raza,YS Chahal,6,0,,,,,,"",""
ball,1,17.6,Zimbabwe,V Sibanda,Sikandar Raza,YS Chahal,2,0,,,,,,"",""
ball,1,18.1,Zimbabwe,Sikandar Raza,V Sibanda,JJ Bumrah,0,0,,,,,,"",""
ball,1,18.2,Zimbabwe,Sikandar Raza,V Sibanda,JJ Bumrah,0,0,,,,,,"",""
ball,1,18.3,Zimbabwe,Sikandar Raza,V Sibanda,JJ Bumrah,0,0,,,,,,"",""
ball,1,18.4,Zimbabwe,Sikandar Raza,V Sibanda,JJ Bumrah,4,0,,,,,,"",""
ball,1,18.5,Zimbabwe,Sikandar Raza,V Sibanda,JJ Bumrah,0,0,,,,,,"",""
ball,1,18.6,Zimbabwe,Sikandar Raza,V Sibanda,JJ Bumrah,0,0,,,,,,"",""
ball,1,19.1,Zimbabwe,V Sibanda,Sikandar Raza,YS Chahal,0,0,,,,,,"",""
ball,1,19.2,Zimbabwe,V Sibanda,Sikandar Raza,YS Chahal,2,0,,,,,,"",""
ball,1,19.3,Zimbabwe,V Sibanda,Sikandar Raza,YS Chahal,1,1,,1,,,,"",""
ball,1,19.4,Zimbabwe,Sikandar Raza,V Sibanda,YS Chahal,1,0,,,,,,"",""
ball,1,19.5,Zimbabwe,V Sibanda,Sikandar Raza,YS Chahal,1,0,,,,,,"",""
ball,1,19.6,Zimbabwe,Sikandar Raza,V Sibanda,YS Chahal,1,0,,,,,,"",""
ball,1,19.7,Zimbabwe,V Sibanda,Sikandar Raza,YS Chahal,0,0,,,,,,"",""
ball,1,20.1,Zimbabwe,Sikandar Raza,V Sibanda,AR Patel,0,0,,,,,,"",""
ball,1,20.2,Zimbabwe,Sikandar Raza,V Sibanda,AR Patel,0,0,,,,,,"",""
ball,1,20.3,Zimbabwe,Sikandar Raza,V Sibanda,AR Patel,0,0,,,,,,"",""
ball,1,20.4,Zimbabwe,Sikandar Raza,V Sibanda,AR Patel,2,0,,,,,,"",""
ball,1,20.5,Zimbabwe,Sikandar Raza,V Sibanda,AR Patel,0,0,,,,,,"",""
ball,1,20.6,Zimbabwe,Sikandar Raza,V Sibanda,AR Patel,0,0,,,,,,"",""
ball,1,21.1,Zimbabwe,V Sibanda,Sikandar Raza,YS Chahal,0,0,,,,,,"",""
ball,1,21.2,Zimbabwe,V Sibanda,Sikandar Raza,YS Chahal,0,0,,,,,,"",""
ball,1,21.3,Zimbabwe,V Sibanda,Sikandar Raza,YS Chahal,0,0,,,,,,"",""
ball,1,21.4,Zimbabwe,V Sibanda,Sikandar Raza,YS Chahal,4,0,,,,,,"",""
ball,1,21.5,Zimbabwe,V Sibanda,Sikandar Raza,YS Chahal,0,0,,,,,,"",""
ball,1,21.6,Zimbabwe,V Sibanda,Sikandar Raza,YS Chahal,1,0,,,,,,"",""
ball,1,22.1,Zimbabwe,V Sibanda,Sikandar Raza,AR Patel,4,0,,,,,,"",""
ball,1,22.2,Zimbabwe,V Sibanda,Sikandar Raza,AR Patel,0,0,,,,,,"",""
ball,1,22.3,Zimbabwe,V Sibanda,Sikandar Raza,AR Patel,0,0,,,,,,"",""
ball,1,22.4,Zimbabwe,V Sibanda,Sikandar Raza,AR Patel,1,0,,,,,,"",""
ball,1,22.5,Zimbabwe,Sikandar Raza,V Sibanda,AR Patel,0,0,,,,,,"",""
ball,1,22.6,Zimbabwe,Sikandar Raza,V Sibanda,AR Patel,0,0,,,,,,"",""
ball,1,23.1,Zimbabwe,V Sibanda,Sikandar Raza,YS Chahal,0,0,,,,,,"",""
ball,1,23.2,Zimbabwe,V Sibanda,Sikandar Raza,YS Chahal,1,0,,,,,,"",""
ball,1,23.3,Zimbabwe,Sikandar Raza,V Sibanda,YS Chahal,0,0,,,,,,"",""
ball,1,23.4,Zimbabwe,Sikandar Raza,V Sibanda,YS Chahal,0,0,,,,,,"",""
ball,1,23.5,Zimbabwe,Sikandar Raza,V Sibanda,YS Chahal,1,0,,,,,,"",""
ball,1,23.6,Zimbabwe,V Sibanda,Sikandar Raza,YS Chahal,1,0,,,,,,"",""
ball,1,24.1,Zimbabwe,V Sibanda,Sikandar Raza,AR Patel,0,0,,,,,,"",""
ball,1,24.2,Zimbabwe,V Sibanda,Sikandar Raza,AR Patel,0,0,,,,,,"",""
ball,1,24.3,Zimbabwe,V Sibanda,Sikandar Raza,AR Patel,0,0,,,,,,"",""
ball,1,24.4,Zimbabwe,V Sibanda,Sikandar Raza,AR Patel,4,0,,,,,,"",""
ball,1,24.5,Zimbabwe,V Sibanda,Sikandar Raza,AR Patel,0,0,,,,,,"",""
ball,1,24.6,Zimbabwe,V Sibanda,Sikandar Raza,AR Patel,0,0,,,,,,"",""
ball,1,25.1,Zimbabwe,Sikandar Raza,V Sibanda,YS Chahal,0,0,,,,,,"",""
ball,1,25.2,Zimbabwe,Sikandar Raza,V Sibanda,YS Chahal,0,0,,,,,,caught,Sikandar Raza
ball,1,25.3,Zimbabwe,E Chigumbura,V Sibanda,YS Chahal,0,0,,,,,,lbw,E Chigumbura
ball,1,25.4,Zimbabwe,R Mutumbami,V Sibanda,YS Chahal,0,0,,,,,,"",""
ball,1,25.5,Zimbabwe,R Mutumbami,V Sibanda,YS Chahal,0,0,,,,,,"",""
ball,1,25.6,Zimbabwe,R Mutumbami,V Sibanda,YS Chahal,0,0,,,,,,"",""
ball,1,26.1,Zimbabwe,V Sibanda,R Mutumbami,AR Patel,0,0,,,,,,"",""
ball,1,26.2,Zimbabwe,V Sibanda,R Mutumbami,AR Patel,0,0,,,,,,"",""
ball,1,26.3,Zimbabwe,V Sibanda,R Mutumbami,AR Patel,0,0,,,,,,"",""
ball,1,26.4,Zimbabwe,V Sibanda,R Mutumbami,AR Patel,0,0,,,,,,"",""
ball,1,26.5,Zimbabwe,V Sibanda,R Mutumbami,AR Patel,1,0,,,,,,"",""
ball,1,26.6,Zimbabwe,R Mutumbami,V Sibanda,AR Patel,0,0,,,,,,"",""
ball,1,27.1,Zimbabwe,V Sibanda,R Mutumbami,YS Chahal,0,0,,,,,,"",""
ball,1,27.2,Zimbabwe,V Sibanda,R Mutumbami,YS Chahal,0,0,,,,,,"",""
ball,1,27.3,Zimbabwe,V Sibanda,R Mutumbami,YS Chahal,0,0,,,,,,"",""
ball,1,27.4,Zimbabwe,V Sibanda,R Mutumbami,YS Chahal,0,0,,,,,,caught,V Sibanda
ball,1,27.5,Zimbabwe,R Mutumbami,AG Cremer,YS Chahal,0,0,,,,,,"",""
ball,1,27.6,Zimbabwe,R Mutumbami,AG Cremer,YS Chahal,0,0,,,,,,"",""
ball,1,28.1,Zimbabwe,AG Cremer,R Mutumbami,AR Patel,1,0,,,,,,"",""
ball,1,28.2,Zimbabwe,R Mutumbami,AG Cremer,AR Patel,0,0,,,,,,"",""
ball,1,28.3,Zimbabwe,R Mutumbami,AG Cremer,AR Patel,1,0,,,,,,"",""
ball,1,28.4,Zimbabwe,AG Cremer,R Mutumbami,AR Patel,0,0,,,,,,"",""
ball,1,28.5,Zimbabwe,AG Cremer,R Mutumbami,AR Patel,0,0,,,,,,"",""
ball,1,28.6,Zimbabwe,AG Cremer,R Mutumbami,AR Patel,0,0,,,,,,"",""
ball,1,29.1,Zimbabwe,R Mutumbami,AG Cremer,DS Kulkarni,0,0,,,,,,"",""
ball,1,29.2,Zimbabwe,R Mutumbami,AG Cremer,DS Kulkarni,0,0,,,,,,"",""
ball,1,29.3,Zimbabwe,R Mutumbami,AG Cremer,DS Kulkarni,0,0,,,,,,"",""
ball,1,29.4,Zimbabwe,R Mutumbami,AG Cremer,DS Kulkarni,0,0,,,,,,"",""
ball,1,29.5,Zimbabwe,R Mutumbami,AG Cremer,DS Kulkarni,1,0,,,,,,"",""
ball,1,29.6,Zimbabwe,AG Cremer,R Mutumbami,DS Kulkarni,0,1,,,,1,,"",""
ball,1,30.1,Zimbabwe,AG Cremer,R Mutumbami,JJ Bumrah,1,0,,,,,,"",""
ball,1,30.2,Zimbabwe,R Mutumbami,AG Cremer,JJ Bumrah,0,0,,,,,,caught,R Mutumbami
ball,1,30.3,Zimbabwe,TL Chatara,AG Cremer,JJ Bumrah,0,0,,,,,,"",""
ball,1,30.4,Zimbabwe,TL Chatara,AG Cremer,JJ Bumrah,2,0,,,,,,"",""
ball,1,30.5,Zimbabwe,TL Chatara,AG Cremer,JJ Bumrah,0,0,,,,,,"",""
ball,1,30.6,Zimbabwe,TL Chatara,AG Cremer,JJ Bumrah,0,0,,,,,,"",""
ball,1,31.1,Zimbabwe,AG Cremer,TL Chatara,DS Kulkarni,0,0,,,,,,"",""
ball,1,31.2,Zimbabwe,AG Cremer,TL Chatara,DS Kulkarni,1,0,,,,,,"",""
ball,1,31.3,Zimbabwe,TL Chatara,AG Cremer,DS Kulkarni,0,0,,,,,,"",""
ball,1,31.4,Zimbabwe,TL Chatara,AG Cremer,DS Kulkarni,0,0,,,,,,bowled,TL Chatara
ball,1,31.5,Zimbabwe,T Muzarabani,AG Cremer,DS Kulkarni,0,0,,,,,,"",""
ball,1,31.6,Zimbabwe,T Muzarabani,AG Cremer,DS Kulkarni,0,0,,,,,,"",""
ball,1,32.1,Zimbabwe,AG Cremer,T Muzarabani,JJ Bumrah,0,0,,,,,,"",""
ball,1,32.2,Zimbabwe,AG Cremer,T Muzarabani,JJ Bumrah,0,0,,,,,,"",""
ball,1,32.3,Zimbabwe,AG Cremer,T Muzarabani,JJ Bumrah,0,1,1,,,,,"",""
ball,1,32.4,Zimbabwe,AG Cremer,T Muzarabani,JJ Bumrah,0,0,,,,,,"",""
ball,1,32.5,Zimbabwe,AG Cremer,T Muzarabani,JJ Bumrah,1,0,,,,,,"",""
ball,1,32.6,Zimbabwe,T Muzarabani,AG Cremer,JJ Bumrah,4,0,,,,,,"",""
ball,1,32.7,Zimbabwe,T Muzarabani,AG Cremer,JJ Bumrah,0,0,,,,,,"",""
ball,1,33.1,Zimbabwe,AG Cremer,T Muzarabani,DS Kulkarni,1,0,,,,,,"",""
ball,1,33.2,Zimbabwe,T Muzarabani,AG Cremer,DS Kulkarni,1,0,,,,,,"",""
ball,1,33.3,Zimbabwe,AG Cremer,T Muzarabani,DS Kulkarni,1,0,,,,,,"",""
ball,1,33.4,Zimbabwe,T Muzarabani,AG Cremer,DS Kulkarni,0,0,,,,,,"",""
ball,1,33.5,Zimbabwe,T Muzarabani,AG Cremer,DS Kulkarni,0,0,,,,,,"",""
ball,1,33.6,Zimbabwe,T Muzarabani,AG Cremer,DS Kulkarni,0,0,,,,,,"",""
ball,1,34.1,Zimbabwe,AG Cremer,T Muzarabani,AR Patel,0,1,1,,,,,"",""
ball,1,34.2,Zimbabwe,AG Cremer,T Muzarabani,AR Patel,1,0,,,,,,"",""
ball,1,34.3,Zimbabwe,T Muzarabani,AG Cremer,AR Patel,0,0,,,,,,"",""
ball,1,34.4,Zimbabwe,T Muzarabani,AG Cremer,AR Patel,0,0,,,,,,lbw,T Muzarabani
ball,2,0.1,India,KL Rahul,KK Nair,TL Chatara,0,0,,,,,,"",""
ball,2,0.2,India,KL Rahul,KK Nair,TL Chatara,0,0,,,,,,"",""
ball,2,0.3,India,KL Rahul,KK Nair,TL Chatara,0,0,,,,,,"",""
ball,2,0.4,India,KL Rahul,KK Nair,TL Chatara,0,0,,,,,,"",""
ball,2,0.5,India,KL Rahul,KK Nair,TL Chatara,0,0,,,,,,"",""
ball,2,0.6,India,KL Rahul,KK Nair,TL Chatara,0,0,,,,,,"",""
ball,2,1.1,India,KK Nair,KL Rahul,T Muzarabani,1,0,,,,,,"",""
ball,2,1.2,India,KL Rahul,KK Nair,T Muzarabani,3,0,,,,,,"",""
ball,2,1.3,India,KK Nair,KL Rahul,T Muzarabani,1,0,,,,,,"",""
ball,2,1.4,India,KL Rahul,KK Nair,T Muzarabani,0,0,,,,,,"",""
ball,2,1.5,India,KL Rahul,KK Nair,T Muzarabani,4,0,,,,,,"",""
ball,2,1.6,India,KL Rahul,KK Nair,T Muzarabani,0,0,,,,,,"",""
ball,2,2.1,India,KK Nair,KL Rahul,TL Chatara,0,0,,,,,,"",""
ball,2,2.2,India,KK Nair,KL Rahul,TL Chatara,0,0,,,,,,"",""
ball,2,2.3,India,KK Nair,KL Rahul,TL Chatara,0,0,,,,,,"",""
ball,2,2.4,India,KK Nair,KL Rahul,TL Chatara,0,0,,,,,,"",""
ball,2,2.5,India,KK Nair,KL Rahul,TL Chatara,4,0,,,,,,"",""
ball,2,2.6,India,KK Nair,KL Rahul,TL Chatara,0,0,,,,,,"",""
ball,2,3.1,India,KL Rahul,KK Nair,T Muzarabani,0,0,,,,,,"",""
ball,2,3.2,India,KL Rahul,KK Nair,T Muzarabani,4,0,,,,,,"",""
ball,2,3.3,India,KL Rahul,KK Nair,T Muzarabani,0,0,,,,,,"",""
ball,2,3.4,India,KL Rahul,KK Nair,T Muzarabani,0,0,,,,,,"",""
ball,2,3.5,India,KL Rahul,KK Nair,T Muzarabani,0,0,,,,,,"",""
ball,2,3.6,India,KL Rahul,KK Nair,T Muzarabani,0,0,,,,,,"",""
ball,2,4.1,India,KK Nair,KL Rahul,TL Chatara,0,0,,,,,,"",""
ball,2,4.2,India,KK Nair,KL Rahul,TL Chatara,4,0,,,,,,"",""
ball,2,4.3,India,KK Nair,KL Rahul,TL Chatara,0,0,,,,,,"",""
ball,2,4.4,India,KK Nair,KL Rahul,TL Chatara,0,1,1,,,,,"",""
ball,2,4.5,India,KK Nair,KL Rahul,TL Chatara,0,1,,1,,,,"",""
ball,2,4.6,India,KK Nair,KL Rahul,TL Chatara,4,0,,,,,,"",""
ball,2,4.7,India,KK Nair,KL Rahul,TL Chatara,1,0,,,,,,"",""
ball,2,4.8,India,KL Rahul,KK Nair,TL Chatara,0,0,,,,,,"",""
ball,2,5.1,India,KK Nair,KL Rahul,T Muzarabani,0,0,,,,,,"",""
ball,2,5.2,India,KK Nair,KL Rahul,T Muzarabani,0,0,,,,,,"",""
ball,2,5.3,India,KK Nair,KL Rahul,T Muzarabani,0,0,,,,,,"",""
ball,2,5.4,India,KK Nair,KL Rahul,T Muzarabani,0,0,,,,,,"",""
ball,2,5.5,India,KK Nair,KL Rahul,T Muzarabani,0,0,,,,,,"",""
ball,2,5.6,India,KK Nair,KL Rahul,T Muzarabani,0,0,,,,,,"",""
ball,2,6.1,India,KL Rahul,KK Nair,CJ Chibhabha,1,0,,,,,,"",""
ball,2,6.2,India,KK Nair,KL Rahul,CJ Chibhabha,0,0,,,,,,"",""
ball,2,6.3,India,KK Nair,KL Rahul,CJ Chibhabha,0,0,,,,,,"",""
ball,2,6.4,India,KK Nair,KL Rahul,CJ Chibhabha,0,0,,,,,,"",""
ball,2,6.5,India,KK Nair,KL Rahul,CJ Chibhabha,0,0,,,,,,"",""
ball,2,6.6,India,KK Nair,KL Rahul,CJ Chibhabha,0,0,,,,,,"",""
ball,2,7.1,India,KL Rahul,KK Nair,TL Chatara,0,0,,,,,,"",""
ball,2,7.2,India,KL Rahul,KK Nair,TL Chatara,4,0,,,,,,"",""
ball,2,7.3,India,KL Rahul,KK Nair,TL Chatara,0,0,,,,,,"",""
ball,2,7.4,India,KL Rahul,KK Nair,TL Chatara,0,0,,,,,,"",""
ball,2,7.5,India,KL Rahul,KK Nair,TL Chatara,0,0,,,,,,"",""
ball,2,7.6,India,KL Rahul,KK Nair,TL Chatara,4,0,,,,,,"",""
ball,2,8.1,India,KK Nair,KL Rahul,CJ Chibhabha,1,0,,,,,,"",""
ball,2,8.2,India,KL Rahul,KK Nair,CJ Chibhabha,0,0,,,,,,"",""
ball,2,8.3,India,KL Rahul,KK Nair,CJ Chibhabha,0,0,,,,,,"",""
ball,2,8.4,India,KL Rahul,KK Nair,CJ Chibhabha,1,0,,,,,,"",""
ball,2,8.5,India,KK Nair,KL Rahul,CJ Chibhabha,0,0,,,,,,"",""
ball,2,8.6,India,KK Nair,KL Rahul,CJ Chibhabha,0,0,,,,,,"",""
ball,2,9.1,India,KL Rahul,KK Nair,TL Chatara,0,0,,,,,,"",""
ball,2,9.2,India,KL Rahul,KK Nair,TL Chatara,1,0,,,,,,"",""
ball,2,9.3,India,KK Nair,KL Rahul,TL Chatara,2,0,,,,,,"",""
ball,2,9.4,India,KK Nair,KL Rahul,TL Chatara,0,0,,,,,,"",""
ball,2,9.5,India,KK Nair,KL Rahul,TL Chatara,0,0,,,,,,"",""
ball,2,9.6,India,KK Nair,KL Rahul,TL Chatara,0,0,,,,,,"",""
ball,2,10.1,India,KL Rahul,KK Nair,CJ Chibhabha,0,0,,,,,,"",""
ball,2,10.2,India,KL Rahul,KK Nair,CJ Chibhabha,0,0,,,,,,"",""
ball,2,10.3,India,KL Rahul,KK Nair,CJ Chibhabha,1,0,,,,,,"",""
ball,2,10.4,India,KK Nair,KL Rahul,CJ Chibhabha,2,0,,,,,,"",""
ball,2,10.5,India,KK Nair,KL Rahul,CJ Chibhabha,0,0,,,,,,"",""
ball,2,10.6,India,KK Nair,KL Rahul,CJ Chibhabha,0,0,,,,,,"",""
ball,2,11.1,India,KL Rahul,KK Nair,AG Cremer,0,0,,,,,,"",""
ball,2,11.2,India,KL Rahul,KK Nair,AG Cremer,1,0,,,,,,"",""
ball,2,11.3,India,KK Nair,KL Rahul,AG Cremer,1,0,,,,,,"",""
ball,2,11.4,India,KL Rahul,KK Nair,AG Cremer,0,0,,,,,,"",""
ball,2,11.5,India,KL Rahul,KK Nair,AG Cremer,0,0,,,,,,"",""
ball,2,11.6,India,KL Rahul,KK Nair,AG Cremer,1,0,,,,,,"",""
ball,2,12.1,India,KL Rahul,KK Nair,CJ Chibhabha,0,0,,,,,,"",""
ball,2,12.2,India,KL Rahul,KK Nair,CJ Chibhabha,0,0,,,,,,"",""
ball,2,12.3,India,KL Rahul,KK Nair,CJ Chibhabha,0,0,,,,,,"",""
ball,2,12.4,India,KL Rahul,KK Nair,CJ Chibhabha,0,0,,,,,,"",""
ball,2,12.5,India,KL Rahul,KK Nair,CJ Chibhabha,0,0,,,,,,"",""
ball,2,12.6,India,KL Rahul,KK Nair,CJ Chibhabha,0,0,,,,,,"",""
ball,2,13.1,India,KK Nair,KL Rahul,TL Chatara,0,0,,,,,,"",""
ball,2,13.2,India,KK Nair,KL Rahul,TL Chatara,0,1,,,,1,,"",""
ball,2,13.3,India,KL Rahul,KK Nair,TL Chatara,0,0,,,,,,"",""
ball,2,13.4,India,KL Rahul,KK Nair,TL Chatara,2,0,,,,,,"",""
ball,2,13.5,India,KL Rahul,KK Nair,TL Chatara,0,0,,,,,,"",""
ball,2,13.6,India,KL Rahul,KK Nair,TL Chatara,1,0,,,,,,"",""
ball,2,14.1,India,KL Rahul,KK Nair,CJ Chibhabha,3,0,,,,,,"",""
ball,2,14.2,India,KK Nair,KL Rahul,CJ Chibhabha,1,0,,,,,,"",""
ball,2,14.3,India,KL Rahul,KK Nair,CJ Chibhabha,2,0,,,,,,"",""
ball,2,14.4,India,KL Rahul,KK Nair,CJ Chibhabha,0,0,,,,,,bowled,KL Rahul
ball,2,14.5,India,AT Rayudu,KK Nair,CJ Chibhabha,0,0,,,,,,"",""
ball,2,14.6,India,AT Rayudu,KK Nair,CJ Chibhabha,0,0,,,,,,"",""
ball,2,15.1,India,KK Nair,AT Rayudu,TL Chatara,1,0,,,,,,"",""
ball,2,15.2,India,AT Rayudu,KK Nair,TL Chatara,0,0,,,,,,"",""
ball,2,15.3,India,AT Rayudu,KK Nair,TL Chatara,4,0,,,,,,"",""
ball,2,15.4,India,AT Rayudu,KK Nair,TL Chatara,4,0,,,,,,"",""
ball,2,15.5,India,AT Rayudu,KK Nair,TL Chatara,0,0,,,,,,"",""
ball,2,15.6,India,AT Rayudu,KK Nair,TL Chatara,1,0,,,,,,"",""
ball,2,16.1,India,AT Rayudu,KK Nair,CJ Chibhabha,0,0,,,,,,"",""
ball,2,16.2,India,AT Rayudu,KK Nair,CJ Chibhabha,0,0,,,,,,"",""
ball,2,16.3,India,AT Rayudu,KK Nair,CJ Chibhabha,1,0,,,,,,"",""
ball,2,16.4,India,KK Nair,AT Rayudu,CJ Chibhabha,2,0,,,,,,"",""
ball,2,16.5,India,KK Nair,AT Rayudu,CJ Chibhabha,0,0,,,,,,"",""
ball,2,16.6,India,KK Nair,AT Rayudu,CJ Chibhabha,0,0,,,,,,"",""
ball,2,17.1,India,AT Rayudu,KK Nair,TL Chatara,0,0,,,,,,"",""
ball,2,17.2,India,AT Rayudu,KK Nair,TL Chatara,0,0,,,,,,"",""
ball,2,17.3,India,AT Rayudu,KK Nair,TL Chatara,0,0,,,,,,"",""
ball,2,17.4,India,AT Rayudu,KK Nair,TL Chatara,0,0,,,,,,"",""
ball,2,17.5,India,AT Rayudu,KK Nair,TL Chatara,1,0,,,,,,"",""
ball,2,17.6,India,KK Nair,AT Rayudu,TL Chatara,0,0,,,,,,"",""
ball,2,18.1,India,AT Rayudu,KK Nair,CJ Chibhabha,1,0,,,,,,"",""
ball,2,18.2,India,KK Nair,AT Rayudu,CJ Chibhabha,0,0,,,,,,"",""
ball,2,18.3,India,KK Nair,AT Rayudu,CJ Chibhabha,1,0,,,,,,"",""
ball,2,18.4,India,AT Rayudu,KK Nair,CJ Chibhabha,0,0,,,,,,"",""
ball,2,18.5,India,AT Rayudu,KK Nair,CJ Chibhabha,1,0,,,,,,"",""
ball,2,18.6,India,KK Nair,AT Rayudu,CJ Chibhabha,0,0,,,,,,"",""
ball,2,19.1,India,AT Rayudu,KK Nair,E Chigumbura,0,0,,,,,,"",""
ball,2,19.2,India,AT Rayudu,KK Nair,E Chigumbura,0,0,,,,,,"",""
ball,2,19.3,India,AT Rayudu,KK Nair,E Chigumbura,0,0,,,,,,"",""
ball,2,19.4,India,AT Rayudu,KK Nair,E Chigumbura,0,0,,,,,,"",""
ball,2,19.5,India,AT Rayudu,KK Nair,E Chigumbura,0,5,5,,,,,"",""
ball,2,19.6,India,AT Rayudu,KK Nair,E Chigumbura,2,0,,,,,,"",""
ball,2,19.7,India,AT Rayudu,KK Nair,E Chigumbura,0,1,1,,,,,"",""
ball,2,19.8,India,AT Rayudu,KK Nair,E Chigumbura,0,0,,,,,,"",""
ball,2,20.1,India,KK Nair,AT Rayudu,CJ Chibhabha,0,0,,,,,,"",""
ball,2,20.2,India,KK Nair,AT Rayudu,CJ Chibhabha,0,0,,,,,,"",""
ball,2,20.3,India,KK Nair,AT Rayudu,CJ Chibhabha,0,1,,1,,,,"",""
ball,2,20.4,India,KK Nair,AT Rayudu,CJ Chibhabha,4,0,,,,,,"",""
ball,2,20.5,India,KK Nair,AT Rayudu,CJ Chibhabha,0,0,,,,,,"",""
ball,2,20.6,India,KK Nair,AT Rayudu,CJ Chibhabha,0,0,,,,,,"",""
ball,2,20.7,India,KK Nair,AT Rayudu,CJ Chibhabha,0,0,,,,,,"",""
ball,2,21.1,India,AT Rayudu,KK Nair,E Chigumbura,4,0,,,,,,"",""
ball,2,21.2,India,AT Rayudu,KK Nair,E Chigumbura,4,0,,,,,,"",""
ball,2,21.3,India,AT Rayudu,KK Nair,E Chigumbura,0,2,2,,,,,"",""
ball,2,21.4,India,KK Nair,AT Rayudu,E Chigumbura,0,0,,,,,,"",""
ball,2,21.5,India,KK Nair,AT Rayudu,E Chigumbura,1,0,,,,,,"",""
ball,2,21.6,India,AT Rayudu,KK Nair,E Chigumbura,1,0,,,,,,"",""
ball,2,21.7,India,KK Nair,AT Rayudu,E Chigumbura,0,0,,,,,,"",""
ball,2,22.1,India,AT Rayudu,KK Nair,CJ Chibhabha,0,0,,,,,,"",""
ball,2,22.2,India,AT Rayudu,KK Nair,CJ Chibhabha,0,0,,,,,,"",""
ball,2,22.3,India,AT Rayudu,KK Nair,CJ Chibhabha,4,0,,,,,,"",""
ball,2,22.4,India,AT Rayudu,KK Nair,CJ Chibhabha,0,0,,,,,,"",""
ball,2,22.5,India,AT Rayudu,KK Nair,CJ Chibhabha,0,0,,,,,,"",""
ball,2,22.6,India,AT Rayudu,KK Nair,CJ Chibhabha,4,0,,,,,,"",""
ball,2,23.1,India,KK Nair,AT Rayudu,AG Cremer,0,0,,,,,,"",""
ball,2,23.2,India,KK Nair,AT Rayudu,AG Cremer,4,0,,,,,,"",""
ball,2,23.3,India,KK Nair,AT Rayudu,AG Cremer,1,0,,,,,,"",""
ball,2,23.4,India,AT Rayudu,KK Nair,AG Cremer,4,0,,,,,,"",""
ball,2,23.5,India,AT Rayudu,KK Nair,AG Cremer,0,0,,,,,,"",""
ball,2,23.6,India,AT Rayudu,KK Nair,AG Cremer,0,0,,,,,,"",""
ball,2,24.1,India,KK Nair,AT Rayudu,Sikandar Raza,0,0,,,,,,"",""
ball,2,24.2,India,KK Nair,AT Rayudu,Sikandar Raza,1,0,,,,,,"",""
ball,2,24.3,India,AT Rayudu,KK Nair,Sikandar Raza,0,0,,,,,,"",""
ball,2,24.4,India,AT Rayudu,KK Nair,Sikandar Raza,1,0,,,,,,"",""
ball,2,24.5,India,KK Nair,AT Rayudu,Sikandar Raza,0,0,,,,,,"",""
ball,2,24.6,India,KK Nair,AT Rayudu,Sikandar Raza,0,0,,,,,,"",""
ball,2,25.1,India,AT Rayudu,KK Nair,AG Cremer,1,0,,,,,,"",""
ball,2,25.2,India,KK Nair,AT Rayudu,AG Cremer,1,0,,,,,,"",""
ball,2,25.3,India,AT Rayudu,KK Nair,AG Cremer,1,0,,,,,,"",""
ball,2,25.4,India,KK Nair,AT Rayudu,AG Cremer,1,0,,,,,,"",""
ball,2,25.5,India,AT Rayudu,KK Nair,AG Cremer,1,0,,,,,,"",""
ball,2,25.6,India,KK Nair,AT Rayudu,AG Cremer,0,0,,,,,,"",""
ball,2,26.1,India,AT Rayudu,KK Nair,Sikandar Raza,0,0,,,,,,"",""
ball,2,26.2,India,AT Rayudu,KK Nair,Sikandar Raza,0,0,,,,,,"",""
ball,2,26.3,India,AT Rayudu,KK Nair,Sikandar Raza,1,0,,,,,,"",""
ball,2,26.4,India,KK Nair,AT Rayudu,Sikandar Raza,0,0,,,,,,lbw,KK Nair
ball,2,26.5,India,MK Pandey,AT Rayudu,Sikandar Raza,4,0,,,,,,"",""
