version,1.6.0
info,balls_per_over,6
info,team,Zimbabwe
info,team,India
info,gender,male
info,season,2016
info,date,2016/06/15
info,event,India in Zimbabwe ODI Series
info,match_number,3
info,venue,Harare Sports Club
info,city,
info,toss_winner,Zimbabwe
info,toss_decision,bat
info,player_of_match,KL Rahul
info,umpire,IJ Gould
info,umpire,TJ Matibiri
info,reserve_umpire,O Chirombe
info,tv_umpire,L Rusere
info,match_referee,RB Richardson
info,winner,India
info,winner_wickets,10
info,player,India,KL Rahul
info,player,India,FY Fazal
info,player,India,MK Pandey
info,player,India,AT Rayudu
info,player,India,KM Jadhav
info,player,India,MS Dhoni
info,player,India,AR Patel
info,player,India,DS Kulkarni
info,player,India,JJ Bumrah
info,player,India,BB Sran
info,player,India,YS Chahal
info,player,Zimbabwe,H Masakadza
info,player,Zimbabwe,CJ Chibhabha
info,player,Zimbabwe,V Sibanda
info,player,Zimbabwe,T Maruma
info,player,Zimbabwe,MN Waller
info,player,Zimbabwe,E Chigumbura
info,player,Zimbabwe,R Mutumbami
info,player,Zimbabwe,AG Cremer
info,player,Zimbabwe,N Madziva
info,player,Zimbabwe,T Mupariwa
info,player,Zimbabwe,DT Tiripano
info,registry,people,AG Cremer,9f0270e0
info,registry,people,AR Patel,2e171977
info,registry,people,AT Rayudu,70d205c9
info,registry,people,BB Sran,d8b2f218
info,registry,people,CJ Chibhabha,f32dbc84
info,registry,people,DS Kulkarni,d2a989fc
info,registry,people,DT Tiripano,dbfb8218
info,registry,people,E Chigumbura,d2babdd5
info,registry,people,FY Fazal,c15e2193
info,registry,people,H Masakadza,31fbf891
info,registry,people,IJ Gould,a9dfdf6c
info,registry,people,JJ Bumrah,462411b3
info,registry,people,KL Rahul,b17e2f24
info,registry,people,KM Jadhav,99d63244
info,registry,people,L Rusere,6a4734ae
info,registry,people,MK Pandey,93b4fc78
info,registry,people,MN Waller,ec4dada1
info,registry,people,MS Dhoni,4a8a2e3b
info,registry,people,N Madziva,4a36c370
info,registry,people,O Chirombe,6345307f
info,registry,people,R Mutumbami,5fef85ee
info,registry,people,RB Richardson,410e2f12
info,registry,people,T Maruma,f55c526f
info,registry,people,T Mupariwa,21bf71ab
info,registry,people,TJ Matibiri,4a3132b1
info,registry,people,V Sibanda,0fdabe05
info,registry,people,YS Chahal,57ee1fde
ball,1,0.1,Zimbabwe,H Masakadza,CJ Chibhabha,BB Sran,0,0,,,,,,"",""
ball,1,0.2,Zimbabwe,H Masakadza,CJ Chibhabha,BB Sran,0,0,,,,,,"",""
ball,1,0.3,Zimbabwe,H Masakadza,CJ Chibhabha,BB Sran,0,1,1,,,,,"",""
ball,1,0.4,Zimbabwe,H Masakadza,CJ Chibhabha,BB Sran,0,0,,,,,,"",""
ball,1,0.5,Zimbabwe,H Masakadza,CJ Chibhabha,BB Sran,0,0,,,,,,"",""
ball,1,0.6,Zimbabwe,H Masakadza,CJ Chibhabha,BB Sran,0,0,,,,,,"",""
ball,1,0.7,Zimbabwe,H Masakadza,CJ Chibhabha,BB Sran,0,0,,,,,,"",""
ball,1,1.1,Zimbabwe,CJ Chibhabha,H Masakadza,DS Kulkarni,4,0,,,,,,"",""
ball,1,1.2,Zimbabwe,CJ Chibhabha,H Masakadza,DS Kulkarni,0,0,,,,,,"",""
ball,1,1.3,Zimbabwe,CJ Chibhabha,H Masakadza,DS Kulkarni,0,0,,,,,,"",""
ball,1,1.4,Zimbabwe,CJ Chibhabha,H Masakadza,DS Kulkarni,0,0,,,,,,"",""
ball,1,1.5,Zimbabwe,CJ Chibhabha,H Masakadza,DS Kulkarni,0,0,,,,,,"",""
ball,1,1.6,Zimbabwe,CJ Chibhabha,H Masakadza,DS Kulkarni,0,0,,,,,,"",""
ball,1,2.1,Zimbabwe,H Masakadza,CJ Chibhabha,BB Sran,4,0,,,,,,"",""
ball,1,2.2,Zimbabwe,H Masakadza,CJ Chibhabha,BB Sran,3,0,,,,,,"",""
ball,1,2.3,Zimbabwe,CJ Chibhabha,H Masakadza,BB Sran,0,0,,,,,,"",""
ball,1,2.4,Zimbabwe,CJ Chibhabha,H Masakadza,BB Sran,0,0,,,,,,"",""
ball,1,2.5,Zimbabwe,CJ Chibhabha,H Masakadza,BB Sran,1,0,,,,,,"",""
ball,1,2.6,Zimbabwe,H Masakadza,CJ Chibhabha,BB Sran,0,0,,,,,,"",""
ball,1,3.1,Zimbabwe,CJ Chibhabha,H Masakadza,DS Kulkarni,0,0,,,,,,"",""
ball,1,3.2,Zimbabwe,CJ Chibhabha,H Masakadza,DS Kulkarni,0,0,,,,,,"",""
ball,1,3.3,Zimbabwe,CJ Chibhabha,H Masakadza,DS Kulkarni,0,0,,,,,,"",""
ball,1,3.4,Zimbabwe,CJ Chibhabha,H Masakadza,DS Kulkarni,0,0,,,,,,"",""
ball,1,3.5,Zimbabwe,CJ Chibhabha,H Masakadza,DS Kulkarni,4,0,,,,,,"",""
ball,1,3.6,Zimbabwe,CJ Chibhabha,H Masakadza,DS Kulkarni,0,0,,,,,,"",""
ball,1,4.1,Zimbabwe,H Masakadza,CJ Chibhabha,BB Sran,0,0,,,,,,"",""
ball,1,4.2,Zimbabwe,H Masakadza,CJ Chibhabha,BB Sran,0,0,,,,,,"",""
ball,1,4.3,Zimbabwe,H Masakadza,CJ Chibhabha,BB Sran,0,0,,,,,,"",""
ball,1,4.4,Zimbabwe,H Masakadza,CJ Chibhabha,BB Sran,0,0,,,,,,"",""
ball,1,4.5,Zimbabwe,H Masakadza,CJ Chibhabha,BB Sran,0,0,,,,,,"",""
ball,1,4.6,Zimbabwe,H Masakadza,CJ Chibhabha,BB Sran,1,0,,,,,,"",""
ball,1,5.1,Zimbabwe,H Masakadza,CJ Chibhabha,DS Kulkarni,0,1,1,,,,,"",""
ball,1,5.2,Zimbabwe,H Masakadza,CJ Chibhabha,DS Kulkarni,0,0,,,,,,"",""
ball,1,5.3,Zimbabwe,H Masakadza,CJ Chibhabha,DS Kulkarni,0,0,,,,,,"",""
ball,1,5.4,Zimbabwe,H Masakadza,CJ Chibhabha,DS Kulkarni,0,0,,,,,,caught,H Masakadza
ball,1,5.5,Zimbabwe,V Sibanda,CJ Chibhabha,DS Kulkarni,0,0,,,,,,"",""
ball,1,5.6,Zimbabwe,V Sibanda,CJ Chibhabha,DS Kulkarni,0,0,,,,,,"",""
ball,1,5.7,Zimbabwe,V Sibanda,CJ Chibhabha,DS Kulkarni,0,0,,,,,,"",""
ball,1,6.1,Zimbabwe,CJ Chibhabha,V Sibanda,BB Sran,0,0,,,,,,"",""
ball,1,6.2,Zimbabwe,CJ Chibhabha,V Sibanda,BB Sran,0,0,,,,,,"",""
ball,1,6.3,Zimbabwe,CJ Chibhabha,V Sibanda,BB Sran,0,0,,,,,,"",""
ball,1,6.4,Zimbabwe,CJ Chibhabha,V Sibanda,BB Sran,0,0,,,,,,"",""
ball,1,6.5,Zimbabwe,CJ Chibhabha,V Sibanda,BB Sran,1,0,,,,,,"",""
ball,1,6.6,Zimbabwe,V Sibanda,CJ Chibhabha,BB Sran,1,0,,,,,,"",""
ball,1,7.1,Zimbabwe,V Sibanda,CJ Chibhabha,DS Kulkarni,0,0,,,,,,"",""
ball,1,7.2,Zimbabwe,V Sibanda,CJ Chibhabha,DS Kulkarni,0,0,,,,,,"",""
ball,1,7.3,Zimbabwe,V Sibanda,CJ Chibhabha,DS Kulkarni,0,0,,,,,,"",""
ball,1,7.4,Zimbabwe,V Sibanda,CJ Chibhabha,DS Kulkarni,0,0,,,,,,"",""
ball,1,7.5,Zimbabwe,V Sibanda,CJ Chibhabha,DS Kulkarni,0,0,,,,,,"",""
ball,1,7.6,Zimbabwe,V Sibanda,CJ Chibhabha,DS Kulkarni,4,0,,,,,,"",""
ball,1,8.1,Zimbabwe,CJ Chibhabha,V Sibanda,BB Sran,4,0,,,,,,"",""
ball,1,8.2,Zimbabwe,CJ Chibhabha,V Sibanda,BB Sran,0,0,,,,,,"",""
ball,1,8.3,Zimbabwe,CJ Chibhabha,V Sibanda,BB Sran,0,0,,,,,,"",""
ball,1,8.4,Zimbabwe,CJ Chibhabha,V Sibanda,BB Sran,0,0,,,,,,"",""
ball,1,8.5,Zimbabwe,CJ Chibhabha,V Sibanda,BB Sran,2,0,,,,,,"",""
ball,1,8.6,Zimbabwe,CJ Chibhabha,V Sibanda,BB Sran,0,1,,,,1,,"",""
ball,1,9.1,Zimbabwe,CJ Chibhabha,V Sibanda,DS Kulkarni,0,0,,,,,,"",""
ball,1,9.2,Zimbabwe,CJ Chibhabha,V Sibanda,DS Kulkarni,0,0,,,,,,"",""
ball,1,9.3,Zimbabwe,CJ Chibhabha,V Sibanda,DS Kulkarni,0,0,,,,,,"",""
ball,1,9.4,Zimbabwe,CJ Chibhabha,V Sibanda,DS Kulkarni,0,0,,,,,,"",""
ball,1,9.5,Zimbabwe,CJ Chibhabha,V Sibanda,DS Kulkarni,0,0,,,,,,"",""
ball,1,9.6,Zimbabwe,CJ Chibhabha,V Sibanda,DS Kulkarni,0,0,,,,,,"",""
ball,1,10.1,Zimbabwe,V Sibanda,CJ Chibhabha,JJ Bumrah,0,1,,1,,,,"",""
ball,1,10.2,Zimbabwe,V Sibanda,CJ Chibhabha,JJ Bumrah,2,0,,,,,,"",""
ball,1,10.3,Zimbabwe,V Sibanda,CJ Chibhabha,JJ Bumrah,0,0,,,,,,"",""
ball,1,10.4,Zimbabwe,V Sibanda,CJ Chibhabha,JJ Bumrah,0,0,,,,,,"",""
ball,1,10.5,Zimbabwe,V Sibanda,CJ Chibhabha,JJ Bumrah,0,0,,,,,,"",""
ball,1,10.6,Zimbabwe,V Sibanda,CJ Chibhabha,JJ Bumrah,0,0,,,,,,"",""
ball,1,10.7,Zimbabwe,V Sibanda,CJ Chibhabha,JJ Bumrah,0,0,,,,,,"",""
ball,1,11.1,Zimbabwe,CJ Chibhabha,V Sibanda,DS Kulkarni,0,0,,,,,,"",""
ball,1,11.2,Zimbabwe,CJ Chibhabha,V Sibanda,DS Kulkarni,2,0,,,,,,"",""
ball,1,11.3,Zimbabwe,CJ Chibhabha,V Sibanda,DS Kulkarni,0,0,,,,,,"",""
ball,1,11.4,Zimbabwe,CJ Chibhabha,V Sibanda,DS Kulkarni,0,0,,,,,,"",""
ball,1,11.5,Zimbabwe,CJ Chibhabha,V Sibanda,DS Kulkarni,0,0,,,,,,"",""
ball,1,11.6,Zimbabwe,CJ Chibhabha,V Sibanda,DS Kulkarni,1,0,,,,,,"",""
ball,1,12.1,Zimbabwe,CJ Chibhabha,V Sibanda,JJ Bumrah,0,0,,,,,,"",""
ball,1,12.2,Zimbabwe,CJ Chibhabha,V Sibanda,JJ Bumrah,0,0,,,,,,"",""
ball,1,12.3,Zimbabwe,CJ Chibhabha,V Sibanda,JJ Bumrah,0,0,,,,,,"",""
ball,1,12.4,Zimbabwe,CJ Chibhabha,V Sibanda,JJ Bumrah,0,0,,,,,,"",""
ball,1,12.5,Zimbabwe,CJ Chibhabha,V Sibanda,JJ Bumrah,1,0,,,,,,"",""
ball,1,12.6,Zimbabwe,V Sibanda,CJ Chibhabha,JJ Bumrah,1,0,,,,,,"",""
ball,1,13.1,Zimbabwe,V Sibanda,CJ Chibhabha,AR Patel,1,0,,,,,,"",""
ball,1,13.2,Zimbabwe,CJ Chibhabha,V Sibanda,AR Patel,0,0,,,,,,"",""
ball,1,13.3,Zimbabwe,CJ Chibhabha,V Sibanda,AR Patel,0,0,,,,,,"",""
ball,1,13.4,Zimbabwe,CJ Chibhabha,V Sibanda,AR Patel,1,0,,,,,,"",""
ball,1,13.5,Zimbabwe,V Sibanda,CJ Chibhabha,AR Patel,0,0,,,,,,"",""
ball,1,13.6,Zimbabwe,V Sibanda,CJ Chibhabha,AR Patel,0,0,,,,,,"",""
ball,1,14.1,Zimbabwe,CJ Chibhabha,V Sibanda,JJ Bumrah,0,1,1,,,,,"",""
ball,1,14.2,Zimbabwe,CJ Chibhabha,V Sibanda,JJ Bumrah,0,0,,,,,,"",""
ball,1,14.3,Zimbabwe,CJ Chibhabha,V Sibanda,JJ Bumrah,0,0,,,,,,"",""
ball,1,14.4,Zimbabwe,CJ Chibhabha,V Sibanda,JJ Bumrah,0,1,,,,1,,"",""
ball,1,14.5,Zimbabwe,V Sibanda,CJ Chibhabha,JJ Bumrah,0,0,,,,,,"",""
ball,1,14.6,Zimbabwe,V Sibanda,CJ Chibhabha,JJ Bumrah,0,0,,,,,,"",""
ball,1,14.7,Zimbabwe,V Sibanda,CJ Chibhabha,JJ Bumrah,0,0,,,,,,"",""
ball,1,15.1,Zimbabwe,CJ Chibhabha,V Sibanda,AR Patel,0,0,,,,,,"",""
ball,1,15.2,Zimbabwe,CJ Chibhabha,V Sibanda,AR Patel,2,0,,,,,,"",""
ball,1,15.3,Zimbabwe,CJ Chibhabha,V Sibanda,AR Patel,0,0,,,,,,"",""
ball,1,15.4,Zimbabwe,CJ Chibhabha,V Sibanda,AR Patel,0,0,,,,,,"",""
ball,1,15.5,Zimbabwe,CJ Chibhabha,V Sibanda,AR Patel,0,0,,,,,,"",""
ball,1,15.6,Zimbabwe,CJ Chibhabha,V Sibanda,AR Patel,0,0,,,,,,"",""
ball,1,16.1,Zimbabwe,V Sibanda,CJ Chibhabha,JJ Bumrah,1,0,,,,,,"",""
ball,1,16.2,Zimbabwe,CJ Chibhabha,V Sibanda,JJ Bumrah,1,0,,,,,,"",""
ball,1,16.3,Zimbabwe,V Sibanda,CJ Chibhabha,JJ Bumrah,0,0,,,,,,"",""
ball,1,16.4,Zimbabwe,V Sibanda,CJ Chibhabha,JJ Bumrah,0,0,,,,,,"",""
ball,1,16.5,Zimbabwe,V Sibanda,CJ Chibhabha,JJ Bumrah,0,0,,,,,,"",""
ball,1,16.6,Zimbabwe,V Sibanda,CJ Chibhabha,JJ Bumrah,1,0,,,,,,"",""
ball,1,17.1,Zimbabwe,V Sibanda,CJ Chibhabha,AR Patel,0,0,,,,,,"",""
ball,1,17.2,Zimbabwe,V Sibanda,CJ Chibhabha,AR Patel,1,0,,,,,,"",""
ball,1,17.3,Zimbabwe,CJ Chibhabha,V Sibanda,AR Patel,0,0,,,,,,"",""
ball,1,17.4,Zimbabwe,CJ Chibhabha,V Sibanda,AR Patel,0,0,,,,,,"",""
ball,1,17.5,Zimbabwe,CJ Chibhabha,V Sibanda,AR Patel,1,0,,,,,,"",""
ball,1,17.6,Zimbabwe,V Sibanda,CJ Chibhabha,AR Patel,0,0,,,,,,"",""
ball,1,18.1,Zimbabwe,CJ Chibhabha,V Sibanda,YS Chahal,0,0,,,,,,"",""
ball,1,18.2,Zimbabwe,CJ Chibhabha,V Sibanda,YS Chahal,0,0,,,,,,"",""
ball,1,18.3,Zimbabwe,CJ Chibhabha,V Sibanda,YS Chahal,0,0,,,,,,"",""
ball,1,18.4,Zimbabwe,CJ Chibhabha,V Sibanda,YS Chahal,1,0,,,,,,"",""
ball,1,18.5,Zimbabwe,V Sibanda,CJ Chibhabha,YS Chahal,0,0,,,,,,"",""
ball,1,18.6,Zimbabwe,V Sibanda,CJ Chibhabha,YS Chahal,1,0,,,,,,"",""
ball,1,19.1,Zimbabwe,V Sibanda,CJ Chibhabha,AR Patel,1,0,,,,,,"",""
ball,1,19.2,Zimbabwe,CJ Chibhabha,V Sibanda,AR Patel,0,0,,,,,,"",""
ball,1,19.3,Zimbabwe,CJ Chibhabha,V Sibanda,AR Patel,1,0,,,,,,"",""
ball,1,19.4,Zimbabwe,V Sibanda,CJ Chibhabha,AR Patel,0,0,,,,,,"",""
ball,1,19.5,Zimbabwe,V Sibanda,CJ Chibhabha,AR Patel,0,0,,,,,,"",""
ball,1,19.6,Zimbabwe,V Sibanda,CJ Chibhabha,AR Patel,0,0,,,,,,"",""
ball,1,20.1,Zimbabwe,CJ Chibhabha,V Sibanda,YS Chahal,0,0,,,,,,caught,CJ Chibhabha
ball,1,20.2,Zimbabwe,V Sibanda,T Maruma,YS Chahal,0,0,,,,,,"",""
ball,1,20.3,Zimbabwe,V Sibanda,T Maruma,YS Chahal,0,0,,,,,,"",""
ball,1,20.4,Zimbabwe,V Sibanda,T Maruma,YS Chahal,1,0,,,,,,"",""
ball,1,20.5,Zimbabwe,T Maruma,V Sibanda,YS Chahal,0,0,,,,,,"",""
ball,1,20.6,Zimbabwe,T Maruma,V Sibanda,YS Chahal,0,0,,,,,,"",""
ball,1,21.1,Zimbabwe,V Sibanda,T Maruma,AR Patel,0,0,,,,,,"",""
ball,1,21.2,Zimbabwe,V Sibanda,T Maruma,AR Patel,0,0,,,,,,"",""
ball,1,21.3,Zimbabwe,V Sibanda,T Maruma,AR Patel,0,0,,,,,,"",""
ball,1,21.4,Zimbabwe,V Sibanda,T Maruma,AR Patel,0,0,,,,,,"",""
ball,1,21.5,Zimbabwe,V Sibanda,T Maruma,AR Patel,0,0,,,,,,"",""
ball,1,21.6,Zimbabwe,V Sibanda,T Maruma,AR Patel,0,0,,,,,,"",""
ball,1,22.1,Zimbabwe,T Maruma,V Sibanda,YS Chahal,0,0,,,,,,"",""
ball,1,22.2,Zimbabwe,T Maruma,V Sibanda,YS Chahal,1,0,,,,,,"",""
ball,1,22.3,Zimbabwe,V Sibanda,T Maruma,YS Chahal,3,0,,,,,,"",""
ball,1,22.4,Zimbabwe,T Maruma,V Sibanda,YS Chahal,0,0,,,,,,"",""
ball,1,22.5,Zimbabwe,T Maruma,V Sibanda,YS Chahal,0,0,,,,,,"",""
ball,1,22.6,Zimbabwe,T Maruma,V Sibanda,YS Chahal,0,0,,,,,,"",""
ball,1,23.1,Zimbabwe,V Sibanda,T Maruma,AR Patel,0,0,,,,,,"",""
ball,1,23.2,Zimbabwe,V Sibanda,T Maruma,AR Patel,0,0,,,,,,"",""
ball,1,23.3,Zimbabwe,V Sibanda,T Maruma,AR Patel,0,0,,,,,,"",""
ball,1,23.4,Zimbabwe,V Sibanda,T Maruma,AR Patel,0,0,,,,,,"",""
ball,1,23.5,Zimbabwe,V Sibanda,T Maruma,AR Patel,1,0,,,,,,"",""
ball,1,23.6,Zimbabwe,T Maruma,V Sibanda,AR Patel,1,0,,,,,,"",""
ball,1,24.1,Zimbabwe,T Maruma,V Sibanda,YS Chahal,0,0,,,,,,"",""
ball,1,24.2,Zimbabwe,T Maruma,V Sibanda,YS Chahal,1,0,,,,,,"",""
ball,1,24.3,Zimbabwe,V Sibanda,T Maruma,YS Chahal,1,0,,,,,,"",""
ball,1,24.4,Zimbabwe,T Maruma,V Sibanda,YS Chahal,4,0,,,,,,"",""
ball,1,24.5,Zimbabwe,T Maruma,V Sibanda,YS Chahal,0,0,,,,,,"",""
ball,1,24.6,Zimbabwe,T Maruma,V Sibanda,YS Chahal,0,0,,,,,,"",""
ball,1,25.1,Zimbabwe,V Sibanda,T Maruma,BB Sran,6,0,,,,,,"",""
ball,1,25.2,Zimbabwe,V Sibanda,T Maruma,BB Sran,0,0,,,,,,"",""
ball,1,25.3,Zimbabwe,V Sibanda,T Maruma,BB Sran,0,0,,,,,,"",""
ball,1,25.4,Zimbabwe,V Sibanda,T Maruma,BB Sran,0,0,,,,,,"",""
ball,1,25.5,Zimbabwe,V Sibanda,T Maruma,BB Sran,2,0,,,,,,"",""
ball,1,25.6,Zimbabwe,V Sibanda,T Maruma,BB Sran,1,0,,,,,,"",""
ball,1,26.1,Zimbabwe,V Sibanda,T Maruma,YS Chahal,2,0,,,,,,"",""
ball,1,26.2,Zimbabwe,V Sibanda,T Maruma,YS Chahal,0,0,,,,,,"",""
ball,1,26.3,Zimbabwe,V Sibanda,T Maruma,YS Chahal,0,0,,,,,,"",""
ball,1,26.4,Zimbabwe,V Sibanda,T Maruma,YS Chahal,0,0,,,,,,"",""
ball,1,26.5,Zimbabwe,V Sibanda,T Maruma,YS Chahal,0,0,,,,,,"",""
ball,1,26.6,Zimbabwe,V Sibanda,T Maruma,YS Chahal,0,0,,,,,,"",""
ball,1,27.1,Zimbabwe,T Maruma,V Sibanda,BB Sran,0,0,,,,,,"",""
ball,1,27.2,Zimbabwe,T Maruma,V Sibanda,BB Sran,1,0,,,,,,"",""
ball,1,27.3,Zimbabwe,V Sibanda,T Maruma,BB Sran,4,0,,,,,,"",""
ball,1,27.4,Zimbabwe,V Sibanda,T Maruma,BB Sran,1,0,,,,,,"",""
ball,1,27.5,Zimbabwe,T Maruma,V Sibanda,BB Sran,1,0,,,,,,"",""
ball,1,27.6,Zimbabwe,V Sibanda,T Maruma,BB Sran,1,0,,,,,,"",""
ball,1,28.1,Zimbabwe,V Sibanda,T Maruma,YS Chahal,1,0,,,,,,"",""
ball,1,28.2,Zimbabwe,T Maruma,V Sibanda,YS Chahal,0,0,,,,,,"",""
ball,1,28.3,Zimbabwe,T Maruma,V Sibanda,YS Chahal,1,0,,,,,,"",""
ball,1,28.4,Zimbabwe,V Sibanda,T Maruma,YS Chahal,0,0,,,,,,caught and bowled,V Sibanda
ball,1,28.5,Zimbabwe,MN Waller,T Maruma,YS Chahal,0,0,,,,,,"",""
ball,1,28.6,Zimbabwe,MN Waller,T Maruma,YS Chahal,1,0,,,,,,"",""
ball,1,29.1,Zimbabwe,MN Waller,T Maruma,BB Sran,0,0,,,,,,"",""
ball,1,29.2,Zimbabwe,MN Waller,T Maruma,BB Sran,1,0,,,,,,"",""
ball,1,29.3,Zimbabwe,T Maruma,MN Waller,BB Sran,2,0,,,,,,"",""
ball,1,29.4,Zimbabwe,T Maruma,MN Waller,BB Sran,0,0,,,,,,"",""
ball,1,29.5,Zimbabwe,T Maruma,MN Waller,BB Sran,1,0,,,,,,"",""
ball,1,29.6,Zimbabwe,MN Waller,T Maruma,BB Sran,1,0,,,,,,"",""
ball,1,30.1,Zimbabwe,MN Waller,T Maruma,JJ Bumrah,1,0,,,,,,"",""
ball,1,30.2,Zimbabwe,T Maruma,MN Waller,JJ Bumrah,0,0,,,,,,"",""
ball,1,30.3,Zimbabwe,T Maruma,MN Waller,JJ Bumrah,0,0,,,,,,"",""
ball,1,30.4,Zimbabwe,T Maruma,MN Waller,JJ Bumrah,0,0,,,,,,"",""
ball,1,30.5,Zimbabwe,T Maruma,MN Waller,JJ Bumrah,1,0,,,,,,"",""
ball,1,30.6,Zimbabwe,MN Waller,T Maruma,JJ Bumrah,1,0,,,,,,"",""
ball,1,31.1,Zimbabwe,MN Waller,T Maruma,AR Patel,1,0,,,,,,"",""
ball,1,31.2,Zimbabwe,T Maruma,MN Waller,AR Patel,1,0,,,,,,"",""
ball,1,31.3,Zimbabwe,MN Waller,T Maruma,AR Patel,1,0,,,,,,"",""
ball,1,31.4,Zimbabwe,T Maruma,MN Waller,AR Patel,1,0,,,,,,"",""
ball,1,31.5,Zimbabwe,MN Waller,T Maruma,AR Patel,0,0,,,,,,"",""
ball,1,31.6,Zimbabwe,MN Waller,T Maruma,AR Patel,0,0,,,,,,"",""
ball,1,32.1,Zimbabwe,T Maruma,MN Waller,JJ Bumrah,1,0,,,,,,"",""
ball,1,32.2,Zimbabwe,MN Waller,T Maruma,JJ Bumrah,0,0,,,,,,"",""
ball,1,32.3,Zimbabwe,MN Waller,T Maruma,JJ Bumrah,0,0,,,,,,"",""
ball,1,32.4,Zimbabwe,MN Waller,T Maruma,JJ Bumrah,1,0,,,,,,"",""
ball,1,32.5,Zimbabwe,T Maruma,MN Waller,JJ Bumrah,0,0,,,,,,bowled,T Maruma
ball,1,32.6,Zimbabwe,E Chigumbura,MN Waller,JJ Bumrah,0,0,,,,,,caught,E Chigumbura
ball,1,33.1,Zimbabwe,MN Waller,R Mutumbami,AR Patel,0,0,,,,,,run out,MN Waller
ball,1,33.2,Zimbabwe,AG Cremer,R Mutumbami,AR Patel,0,0,,,,,,lbw,AG Cremer
ball,1,33.3,Zimbabwe,N Madziva,R Mutumbami,AR Patel,0,0,,,,,,"",""
ball,1,33.4,Zimbabwe,N Madziva,R Mutumbami,AR Patel,0,0,,,,,,"",""
ball,1,33.5,Zimbabwe,N Madziva,R Mutumbami,AR Patel,0,0,,,,,,"",""
ball,1,33.6,Zimbabwe,N Madziva,R Mutumbami,AR Patel,0,0,,,,,,"",""
ball,1,34.1,Zimbabwe,R Mutumbami,N Madziva,JJ Bumrah,0,0,,,,,,"",""
ball,1,34.2,Zimbabwe,R Mutumbami,N Madziva,JJ Bumrah,4,0,,,,,,"",""
ball,1,34.3,Zimbabwe,R Mutumbami,N Madziva,JJ Bumrah,0,0,,,,,,caught,R Mutumbami
ball,1,34.4,Zimbabwe,T Mupariwa,N Madziva,JJ Bumrah,0,1,,,,1,,"",""
ball,1,34.5,Zimbabwe,N Madziva,T Mupariwa,JJ Bumrah,0,0,,,,,,"",""
ball,1,34.6,Zimbabwe,N Madziva,T Mupariwa,JJ Bumrah,0,0,,,,,,"",""
ball,1,35.1,Zimbabwe,T Mupariwa,N Madziva,AR Patel,0,0,,,,,,"",""
ball,1,35.2,Zimbabwe,T Mupariwa,N Madziva,AR Patel,0,0,,,,,,"",""
ball,1,35.3,Zimbabwe,T Mupariwa,N Madziva,AR Patel,0,0,,,,,,"",""
ball,1,35.4,Zimbabwe,T Mupariwa,N Madziva,AR Patel,1,0,,,,,,"",""
ball,1,35.5,Zimbabwe,N Madziva,T Mupariwa,AR Patel,0,0,,,,,,"",""
ball,1,35.6,Zimbabwe,N Madziva,T Mupariwa,AR Patel,0,0,,,,,,"",""
ball,1,36.1,Zimbabwe,T Mupariwa,N Madziva,JJ Bumrah,0,0,,,,,,"",""
ball,1,36.2,Zimbabwe,T Mupariwa,N Madziva,JJ Bumrah,0,0,,,,,,"",""
ball,1,36.3,Zimbabwe,T Mupariwa,N Madziva,JJ Bumrah,0,0,,,,,,"",""
ball,1,36.4,Zimbabwe,T Mupariwa,N Madziva,JJ Bumrah,0,0,,,,,,caught,T Mupariwa
ball,1,36.5,Zimbabwe,DT Tiripano,N Madziva,JJ Bumrah,0,0,,,,,,"",""
ball,1,36.6,Zimbabwe,DT Tiripano,N Madziva,JJ Bumrah,0,0,,,,,,"",""
ball,1,37.1,Zimbabwe,N Madziva,DT Tiripano,AR Patel,0,0,,,,,,"",""
ball,1,37.2,Zimbabwe,N Madziva,DT Tiripano,AR Patel,0,0,,,,,,"",""
ball,1,37.3,Zimbabwe,N Madziva,DT Tiripano,AR Patel,1,0,,,,,,"",""
ball,1,37.4,Zimbabwe,DT Tiripano,N Madziva,AR Patel,0,0,,,,,,"",""
ball,1,37.5,Zimbabwe,DT Tiripano,N Madziva,AR Patel,0,0,,,,,,"",""
ball,1,37.6,Zimbabwe,DT Tiripano,N Madziva,AR Patel,0,0,,,,,,"",""
ball,1,38.1,Zimbabwe,N Madziva,DT Tiripano,JJ Bumrah,0,0,,,,,,"",""
ball,1,38.2,Zimbabwe,N Madziva,DT Tiripano,JJ Bumrah,0,0,,,,,,"",""
ball,1,38.3,Zimbabwe,N Madziva,DT Tiripano,JJ Bumrah,0,0,,,,,,"",""
ball,1,38.4,Zimbabwe,N Madziva,DT Tiripano,JJ Bumrah,0,0,,,,,,"",""
ball,1,38.5,Zimbabwe,N Madziva,DT Tiripano,JJ Bumrah,1,0,,,,,,"",""
ball,1,38.6,Zimbabwe,DT Tiripano,N Madziva,JJ Bumrah,0,0,,,,,,"",""
ball,1,39.1,Zimbabwe,N Madziva,DT Tiripano,YS Chahal,1,0,,,,,,"",""
ball,1,39.2,Zimbabwe,DT Tiripano,N Madziva,YS Chahal,1,0,,,,,,"",""
ball,1,39.3,Zimbabwe,N Madziva,DT Tiripano,YS Chahal,3,0,,,,,,"",""
ball,1,39.4,Zimbabwe,DT Tiripano,N Madziva,YS Chahal,0,0,,,,,,"",""
ball,1,39.5,Zimbabwe,DT Tiripano,N Madziva,YS Chahal,0,0,,,,,,"",""
ball,1,39.6,Zimbabwe,DT Tiripano,N Madziva,YS Chahal,0,0,,,,,,"",""
ball,1,40.1,Zimbabwe,N Madziva,DT Tiripano,JJ Bumrah,0,0,,,,,,"",""
ball,1,40.2,Zimbabwe,N Madziva,DT Tiripano,JJ Bumrah,0,0,,,,,,"",""
ball,1,40.3,Zimbabwe,N Madziva,DT Tiripano,JJ Bumrah,2,0,,,,,,"",""
ball,1,40.4,Zimbabwe,N Madziva,DT Tiripano,JJ Bumrah,0,0,,,,,,"",""
ball,1,40.5,Zimbabwe,N Madziva,DT Tiripano,JJ Bumrah,1,0,,,,,,"",""
ball,1,40.6,Zimbabwe,DT Tiripano,N Madziva,JJ Bumrah,0,0,,,,,,"",""
ball,1,41.1,Zimbabwe,N Madziva,DT Tiripano,YS Chahal,0,0,,,,,,"",""
ball,1,41.2,Zimbabwe,N Madziva,DT Tiripano,YS Chahal,1,0,,,,,,"",""
ball,1,41.3,Zimbabwe,DT Tiripano,N Madziva,YS Chahal,0,0,,,,,,"",""
ball,1,41.4,Zimbabwe,DT Tiripano,N Madziva,YS Chahal,0,0,,,,,,"",""
ball,1,41.5,Zimbabwe,DT Tiripano,N Madziva,YS Chahal,1,0,,,,,,"",""
ball,1,41.6,Zimbabwe,N Madziva,DT Tiripano,YS Chahal,0,0,,,,,,"",""
ball,1,42.1,Zimbabwe,DT Tiripano,N Madziva,DS Kulkarni,0,1,1,,,,,"",""
ball,1,42.2,Zimbabwe,DT Tiripano,N Madziva,DS Kulkarni,0,0,,,,,,"",""
ball,1,42.3,Zimbabwe,DT Tiripano,N Madziva,DS Kulkarni,0,0,,,,,,run out,DT Tiripano
ball,2,0.1,India,KL Rahul,FY Fazal,DT Tiripano,0,0,,,,,,"",""
ball,2,0.2,India,KL Rahul,FY Fazal,DT Tiripano,0,0,,,,,,"",""
ball,2,0.3,India,KL Rahul,FY Fazal,DT Tiripano,0,0,,,,,,"",""
ball,2,0.4,India,KL Rahul,FY Fazal,DT Tiripano,0,0,,,,,,"",""
ball,2,0.5,India,KL Rahul,FY Fazal,DT Tiripano,0,0,,,,,,"",""
ball,2,0.6,India,KL Rahul,FY Fazal,DT Tiripano,0,0,,,,,,"",""
ball,2,1.1,India,FY Fazal,KL Rahul,N Madziva,0,0,,,,,,"",""
ball,2,1.2,India,FY Fazal,KL Rahul,N Madziva,0,0,,,,,,"",""
ball,2,1.3,India,FY Fazal,KL Rahul,N Madziva,1,0,,,,,,"",""
ball,2,1.4,India,KL Rahul,FY Fazal,N Madziva,1,0,,,,,,"",""
ball,2,1.5,India,FY Fazal,KL Rahul,N Madziva,0,0,,,,,,"",""
ball,2,1.6,India,FY Fazal,KL Rahul,N Madziva,0,1,1,,,,,"",""
ball,2,1.7,India,FY Fazal,KL Rahul,N Madziva,0,0,,,,,,"",""
ball,2,2.1,India,KL Rahul,FY Fazal,DT Tiripano,0,0,,,,,,"",""
ball,2,2.2,India,KL Rahul,FY Fazal,DT Tiripano,1,0,,,,,,"",""
ball,2,2.3,India,FY Fazal,KL Rahul,DT Tiripano,1,0,,,,,,"",""
ball,2,2.4,India,KL Rahul,FY Fazal,DT Tiripano,0,0,,,,,,"",""
ball,2,2.5,India,KL Rahul,FY Fazal,DT Tiripano,0,0,,,,,,"",""
ball,2,2.6,India,KL Rahul,FY Fazal,DT Tiripano,1,0,,,,,,"",""
ball,2,3.1,India,KL Rahul,FY Fazal,N Madziva,0,0,,,,,,"",""
ball,2,3.2,India,KL Rahul,FY Fazal,N Madziva,1,0,,,,,,"",""
ball,2,3.3,India,FY Fazal,KL Rahul,N Madziva,0,0,,,,,,"",""
ball,2,3.4,India,FY Fazal,KL Rahul,N Madziva,0,0,,,,,,"",""
ball,2,3.5,India,FY Fazal,KL Rahul,N Madziva,0,0,,,,,,"",""
ball,2,3.6,India,FY Fazal,KL Rahul,N Madziva,1,0,,,,,,"",""
ball,2,4.1,India,FY Fazal,KL Rahul,DT Tiripano,0,0,,,,,,"",""
ball,2,4.2,India,FY Fazal,KL Rahul,DT Tiripano,3,0,,,,,,"",""
ball,2,4.3,India,KL Rahul,FY Fazal,DT Tiripano,0,1,1,,,,,"",""
ball,2,4.4,India,KL Rahul,FY Fazal,DT Tiripano,0,1,1,,,,,"",""
ball,2,4.5,India,KL Rahul,FY Fazal,DT Tiripano,0,0,,,,,,"",""
ball,2,4.6,India,KL Rahul,FY Fazal,DT Tiripano,0,0,,,,,,"",""
ball,2,4.7,India,KL Rahul,FY Fazal,DT Tiripano,1,0,,,,,,"",""
ball,2,4.8,India,FY Fazal,KL Rahul,DT Tiripano,0,0,,,,,,"",""
ball,2,5.1,India,KL Rahul,FY Fazal,N Madziva,0,0,,,,,,"",""
ball,2,5.2,India,KL Rahul,FY Fazal,N Madziva,1,0,,,,,,"",""
ball,2,5.3,India,FY Fazal,KL Rahul,N Madziva,1,0,,,,,,"",""
ball,2,5.4,India,KL Rahul,FY Fazal,N Madziva,1,0,,,,,,"",""
ball,2,5.5,India,FY Fazal,KL Rahul,N Madziva,4,0,,,,,,"",""
ball,2,5.6,India,FY Fazal,KL Rahul,N Madziva,0,0,,,,,,"",""
ball,2,6.1,India,KL Rahul,FY Fazal,DT Tiripano,1,0,,,,,,"",""
ball,2,6.2,India,FY Fazal,KL Rahul,DT Tiripano,0,0,,,,,,"",""
ball,2,6.3,India,FY Fazal,KL Rahul,DT Tiripano,0,0,,,,,,"",""
ball,2,6.4,India,FY Fazal,KL Rahul,DT Tiripano,0,1,1,,,,,"",""
ball,2,6.5,India,FY Fazal,KL Rahul,DT Tiripano,0,0,,,,,,"",""
ball,2,6.6,India,FY Fazal,KL Rahul,DT Tiripano,0,0,,,,,,"",""
ball,2,6.7,India,FY Fazal,KL Rahul,DT Tiripano,0,0,,,,,,"",""
ball,2,7.1,India,KL Rahul,FY Fazal,N Madziva,0,0,,,,,,"",""
ball,2,7.2,India,KL Rahul,FY Fazal,N Madziva,1,0,,,,,,"",""
ball,2,7.3,India,FY Fazal,KL Rahul,N Madziva,0,1,1,,,,,"",""
ball,2,7.4,India,FY Fazal,KL Rahul,N Madziva,4,0,,,,,,"",""
ball,2,7.5,India,FY Fazal,KL Rahul,N Madziva,1,0,,,,,,"",""
ball,2,7.6,India,KL Rahul,FY Fazal,N Madziva,0,0,,,,,,"",""
ball,2,7.7,India,KL Rahul,FY Fazal,N Madziva,0,0,,,,,,"",""
ball,2,8.1,India,FY Fazal,KL Rahul,T Mupariwa,0,1,1,,,,,"",""
ball,2,8.2,India,FY Fazal,KL Rahul,T Mupariwa,2,0,,,,,,"",""
ball,2,8.3,India,FY Fazal,KL Rahul,T Mupariwa,0,0,,,,,,"",""
ball,2,8.4,India,FY Fazal,KL Rahul,T Mupariwa,0,0,,,,,,"",""
ball,2,8.5,India,FY Fazal,KL Rahul,T Mupariwa,4,0,,,,,,"",""
ball,2,8.6,India,FY Fazal,KL Rahul,T Mupariwa,0,0,,,,,,"",""
ball,2,8.7,India,FY Fazal,KL Rahul,T Mupariwa,0,0,,,,,,"",""
ball,2,9.1,India,KL Rahul,FY Fazal,N Madziva,2,0,,,,,,"",""
ball,2,9.2,India,KL Rahul,FY Fazal,N Madziva,0,0,,,,,,"",""
ball,2,9.3,India,KL Rahul,FY Fazal,N Madziva,0,0,,,,,,"",""
ball,2,9.4,India,KL Rahul,FY Fazal,N Madziva,4,0,,,,,,"",""
ball,2,9.5,India,KL Rahul,FY Fazal,N Madziva,0,0,,,,,,"",""
ball,2,9.6,India,KL Rahul,FY Fazal,N Madziva,0,0,,,,,,"",""
ball,2,10.1,India,FY Fazal,KL Rahul,T Mupariwa,0,0,,,,,,"",""
ball,2,10.2,India,FY Fazal,KL Rahul,T Mupariwa,0,0,,,,,,"",""
ball,2,10.3,India,FY Fazal,KL Rahul,T Mupariwa,1,0,,,,,,"",""
ball,2,10.4,India,KL Rahul,FY Fazal,T Mupariwa,0,0,,,,,,"",""
ball,2,10.5,India,KL Rahul,FY Fazal,T Mupariwa,0,0,,,,,,"",""
ball,2,10.6,India,KL Rahul,FY Fazal,T Mupariwa,1,0,,,,,,"",""
ball,2,11.1,India,KL Rahul,FY Fazal,AG Cremer,1,0,,,,,,"",""
ball,2,11.2,India,FY Fazal,KL Rahul,AG Cremer,0,0,,,,,,"",""
ball,2,11.3,India,FY Fazal,KL Rahul,AG Cremer,0,0,,,,,,"",""
ball,2,11.4,India,FY Fazal,KL Rahul,AG Cremer,0,0,,,,,,"",""
ball,2,11.5,India,FY Fazal,KL Rahul,AG Cremer,1,0,,,,,,"",""
ball,2,11.6,India,KL Rahul,FY Fazal,AG Cremer,0,0,,,,,,"",""
ball,2,12.1,India,FY Fazal,KL Rahul,T Mupariwa,0,0,,,,,,"",""
ball,2,12.2,India,FY Fazal,KL Rahul,T Mupariwa,0,0,,,,,,"",""
ball,2,12.3,India,FY Fazal,KL Rahul,T Mupariwa,0,1,,,,1,,"",""
ball,2,12.4,India,KL Rahul,FY Fazal,T Mupariwa,4,0,,,,,,"",""
ball,2,12.5,India,KL Rahul,FY Fazal,T Mupariwa,4,0,,,,,,"",""
ball,2,12.6,India,KL Rahul,FY Fazal,T Mupariwa,4,0,,,,,,"",""
ball,2,13.1,India,FY Fazal,KL Rahul,AG Cremer,0,0,,,,,,"",""
ball,2,13.2,India,FY Fazal,KL Rahul,AG Cremer,1,0,,,,,,"",""
ball,2,13.3,India,KL Rahul,FY Fazal,AG Cremer,2,0,,,,,,"",""
ball,2,13.4,India,KL Rahul,FY Fazal,AG Cremer,2,0,,,,,,"",""
ball,2,13.5,India,KL Rahul,FY Fazal,AG Cremer,1,0,,,,,,"",""
ball,2,13.6,India,FY Fazal,KL Rahul,AG Cremer,0,0,,,,,,"",""
ball,2,14.1,India,KL Rahul,FY Fazal,T Mupariwa,1,0,,,,,,"",""
ball,2,14.2,India,FY Fazal,KL Rahul,T Mupariwa,2,0,,,,,,"",""
ball,2,14.3,India,FY Fazal,KL Rahul,T Mupariwa,1,0,,,,,,"",""
ball,2,14.4,India,KL Rahul,FY Fazal,T Mupariwa,0,0,,,,,,"",""
ball,2,14.5,India,KL Rahul,FY Fazal,T Mupariwa,0,0,,,,,,"",""
ball,2,14.6,India,KL Rahul,FY Fazal,T Mupariwa,1,0,,,,,,"",""
ball,2,15.1,India,KL Rahul,FY Fazal,AG Cremer,6,0,,,,,,"",""
ball,2,15.2,India,KL Rahul,FY Fazal,AG Cremer,1,0,,,,,,"",""
ball,2,15.3,India,FY Fazal,KL Rahul,AG Cremer,0,0,,,,,,"",""
ball,2,15.4,India,FY Fazal,KL Rahul,AG Cremer,1,0,,,,,,"",""
ball,2,15.5,India,KL Rahul,FY Fazal,AG Cremer,0,0,,,,,,"",""
ball,2,15.6,India,KL Rahul,FY Fazal,AG Cremer,1,0,,,,,,"",""
ball,2,16.1,India,KL Rahul,FY Fazal,T Mupariwa,2,0,,,,,,"",""
ball,2,16.2,India,KL Rahul,FY Fazal,T Mupariwa,0,0,,,,,,"",""
ball,2,16.3,India,KL Rahul,FY Fazal,T Mupariwa,0,0,,,,,,"",""
ball,2,16.4,India,KL Rahul,FY Fazal,T Mupariwa,1,0,,,,,,"",""
ball,2,16.5,India,FY Fazal,KL Rahul,T Mupariwa,4,0,,,,,,"",""
ball,2,16.6,India,FY Fazal,KL Rahul,T Mupariwa,0,0,,,,,,"",""
ball,2,17.1,India,KL Rahul,FY Fazal,AG Cremer,0,0,,,,,,"",""
ball,2,17.2,India,KL Rahul,FY Fazal,AG Cremer,1,0,,,,,,"",""
ball,2,17.3,India,FY Fazal,KL Rahul,AG Cremer,1,0,,,,,,"",""
ball,2,17.4,India,KL Rahul,FY Fazal,AG Cremer,1,0,,,,,,"",""
ball,2,17.5,India,FY Fazal,KL Rahul,AG Cremer,0,0,,,,,,"",""
ball,2,17.6,India,FY Fazal,KL Rahul,AG Cremer,6,0,,,,,,"",""
ball,2,18.1,India,KL Rahul,FY Fazal,T Mupariwa,1,0,,,,,,"",""
ball,2,18.2,India,FY Fazal,KL Rahul,T Mupariwa,0,1,,,1,,,"",""
ball,2,18.3,India,KL Rahul,FY Fazal,T Mupariwa,0,0,,,,,,"",""
ball,2,18.4,India,KL Rahul,FY Fazal,T Mupariwa,1,0,,,,,,"",""
ball,2,18.5,India,FY Fazal,KL Rahul,T Mupariwa,4,0,,,,,,"",""
ball,2,18.6,India,FY Fazal,KL Rahul,T Mupariwa,4,0,,,,,,"",""
ball,2,19.1,India,KL Rahul,FY Fazal,CJ Chibhabha,1,0,,,,,,"",""
ball,2,19.2,India,FY Fazal,KL Rahul,CJ Chibhabha,0,0,,,,,,"",""
ball,2,19.3,India,FY Fazal,KL Rahul,CJ Chibhabha,0,0,,,,,,"",""
ball,2,19.4,India,FY Fazal,KL Rahul,CJ Chibhabha,1,0,,,,,,"",""
ball,2,19.5,India,KL Rahul,FY Fazal,CJ Chibhabha,0,0,,,,,,"",""
ball,2,19.6,India,KL Rahul,FY Fazal,CJ Chibhabha,0,0,,,,,,"",""
ball,2,20.1,India,FY Fazal,KL Rahul,DT Tiripano,1,0,,,,,,"",""
ball,2,20.2,India,KL Rahul,FY Fazal,DT Tiripano,1,0,,,,,,"",""
ball,2,20.3,India,FY Fazal,KL Rahul,DT Tiripano,1,0,,,,,,"",""
ball,2,20.4,India,KL Rahul,FY Fazal,DT Tiripano,0,0,,,,,,"",""
ball,2,20.5,India,KL Rahul,FY Fazal,DT Tiripano,1,0,,,,,,"",""
ball,2,20.6,India,FY Fazal,KL Rahul,DT Tiripano,0,0,,,,,,"",""
ball,2,21.1,India,KL Rahul,FY Fazal,CJ Chibhabha,2,0,,,,,,"",""
ball,2,21.2,India,KL Rahul,FY Fazal,CJ Chibhabha,0,0,,,,,,"",""
ball,2,21.3,India,KL Rahul,FY Fazal,CJ Chibhabha,6,0,,,,,,"",""
ball,2,21.4,India,KL Rahul,FY Fazal,CJ Chibhabha,1,0,,,,,,"",""
ball,2,21.5,India,FY Fazal,KL Rahul,CJ Chibhabha,4,0,,,,,,"",""
