version,1.6.0
info,balls_per_over,6
info,team,Zimbabwe
info,team,India
info,gender,male
info,season,2016
info,date,2016/06/11
info,event,India in Zimbabwe ODI Series
info,match_number,1
info,venue,Harare Sports Club
info,city,
info,toss_winner,India
info,toss_decision,field
info,player_of_match,KL Rahul
info,umpire,IJ Gould
info,umpire,RB Tiffin
info,reserve_umpire,I Chabi
info,tv_umpire,TJ Matibiri
info,match_referee,RB Richardson
info,winner,India
info,winner_wickets,9
info,player,India,KL Rahul
info,player,India,KK Nair
info,player,India,AT Rayudu
info,player,India,MK Pandey
info,player,India,KM Jadhav
info,player,India,MS Dhoni
info,player,India,AR Patel
info,player,India,DS Kulkarni
info,player,India,JJ Bumrah
info,player,India,BB Sran
info,player,India,YS Chahal
info,player,Zimbabwe,PJ Moor
info,player,Zimbabwe,CJ Chibhabha
info,player,Zimbabwe,H Masakadza
info,player,Zimbabwe,CR Ervine
info,player,Zimbabwe,V Sibanda
info,player,Zimbabwe,Sikandar Raza
info,player,Zimbabwe,E Chigumbura
info,player,Zimbabwe,R Mutumbami
info,player,Zimbabwe,AG Cremer
info,player,Zimbabwe,TL Chatara
info,player,Zimbabwe,T Muzarabani
info,registry,people,AG Cremer,9f0270e0
info,registry,people,AR Patel,2e171977
info,registry,people,AT Rayudu,70d205c9
info,registry,people,BB Sran,d8b2f218
info,registry,people,CJ Chibhabha,f32dbc84
info,registry,people,CR Ervine,c96311d4
info,registry,people,DS Kulkarni,d2a989fc
info,registry,people,E Chigumbura,d2babdd5
info,registry,people,FY Fazal,c15e2193
info,registry,people,H Masakadza,31fbf891
info,registry,people,I Chabi,5e39110e
info,registry,people,IJ Gould,a9dfdf6c
info,registry,people,JJ Bumrah,462411b3
info,registry,people,KK Nair,944533a5
info,registry,people,KL Rahul,b17e2f24
info,registry,people,KM Jadhav,99d63244
info,registry,people,MK Pandey,93b4fc78
info,registry,people,MS Dhoni,4a8a2e3b
info,registry,people,PJ Moor,a1d3540a
info,registry,people,R Mutumbami,5fef85ee
info,registry,people,RB Richardson,410e2f12
info,registry,people,RB Tiffin,89087a0d
info,registry,people,Sikandar Raza,26d041c4
info,registry,people,T Muzarabani,a945bb28
info,registry,people,TJ Matibiri,4a3132b1
info,registry,people,TL Chatara,5bbabe59
info,registry,people,V Sibanda,0fdabe05
info,registry,people,YS Chahal,57ee1fde
ball,1,0.1,Zimbabwe,PJ Moor,CJ Chibhabha,DS Kulkarni,1,0,,,,,,"",""
ball,1,0.2,Zimbabwe,CJ Chibhabha,PJ Moor,DS Kulkarni,0,0,,,,,,"",""
ball,1,0.3,Zimbabwe,CJ Chibhabha,PJ Moor,DS Kulkarni,0,0,,,,,,"",""
ball,1,0.4,Zimbabwe,CJ Chibhabha,PJ Moor,DS Kulkarni,0,0,,,,,,"",""
ball,1,0.5,Zimbabwe,CJ Chibhabha,PJ Moor,DS Kulkarni,3,0,,,,,,"",""
ball,1,0.6,Zimbabwe,PJ Moor,CJ Chibhabha,DS Kulkarni,2,0,,,,,,"",""
ball,1,1.1,Zimbabwe,CJ Chibhabha,PJ Moor,BB Sran,0,0,,,,,,"",""
ball,1,1.2,Zimbabwe,CJ Chibhabha,PJ Moor,BB Sran,0,1,1,,,,,"",""
ball,1,1.3,Zimbabwe,CJ Chibhabha,PJ Moor,BB Sran,0,0,,,,,,"",""
ball,1,1.4,Zimbabwe,CJ Chibhabha,PJ Moor,BB Sran,0,1,,,,1,,"",""
ball,1,1.5,Zimbabwe,PJ Moor,CJ Chibhabha,BB Sran,0,0,,,,,,"",""
ball,1,1.6,Zimbabwe,PJ Moor,CJ Chibhabha,BB Sran,0,0,,,,,,"",""
ball,1,1.7,Zimbabwe,PJ Moor,CJ Chibhabha,BB Sran,0,0,,,,,,lbw,PJ Moor
ball,1,2.1,Zimbabwe,CJ Chibhabha,H Masakadza,DS Kulkarni,0,0,,,,,,"",""
ball,1,2.2,Zimbabwe,CJ Chibhabha,H Masakadza,DS Kulkarni,0,0,,,,,,"",""
ball,1,2.3,Zimbabwe,CJ Chibhabha,H Masakadza,DS Kulkarni,0,1,1,,,,,"",""
ball,1,2.4,Zimbabwe,CJ Chibhabha,H Masakadza,DS Kulkarni,2,0,,,,,,"",""
ball,1,2.5,Zimbabwe,CJ Chibhabha,H Masakadza,DS Kulkarni,0,0,,,,,,"",""
ball,1,2.6,Zimbabwe,CJ Chibhabha,H Masakadza,DS Kulkarni,0,0,,,,,,"",""
ball,1,2.7,Zimbabwe,CJ Chibhabha,H Masakadza,DS Kulkarni,0,0,,,,,,"",""
ball,1,3.1,Zimbabwe,H Masakadza,CJ Chibhabha,BB Sran,1,0,,,,,,"",""
ball,1,3.2,Zimbabwe,CJ Chibhabha,H Masakadza,BB Sran,0,1,1,,,,,"",""
ball,1,3.3,Zimbabwe,CJ Chibhabha,H Masakadza,BB Sran,0,0,,,,,,"",""
ball,1,3.4,Zimbabwe,CJ Chibhabha,H Masakadza,BB Sran,0,0,,,,,,"",""
ball,1,3.5,Zimbabwe,CJ Chibhabha,H Masakadza,BB Sran,0,1,1,,,,,"",""
ball,1,3.6,Zimbabwe,CJ Chibhabha,H Masakadza,BB Sran,0,0,,,,,,"",""
ball,1,3.7,Zimbabwe,CJ Chibhabha,H Masakadza,BB Sran,0,0,,,,,,"",""
ball,1,3.8,Zimbabwe,CJ Chibhabha,H Masakadza,BB Sran,0,0,,,,,,"",""
ball,1,4.1,Zimbabwe,H Masakadza,CJ Chibhabha,DS Kulkarni,0,0,,,,,,"",""
ball,1,4.2,Zimbabwe,H Masakadza,CJ Chibhabha,DS Kulkarni,0,0,,,,,,"",""
ball,1,4.3,Zimbabwe,H Masakadza,CJ Chibhabha,DS Kulkarni,1,0,,,,,,"",""
ball,1,4.4,Zimbabwe,CJ Chibhabha,H Masakadza,DS Kulkarni,0,0,,,,,,"",""
ball,1,4.5,Zimbabwe,CJ Chibhabha,H Masakadza,DS Kulkarni,0,0,,,,,,"",""
ball,1,4.6,Zimbabwe,CJ Chibhabha,H Masakadza,DS Kulkarni,1,0,,,,,,"",""
ball,1,5.1,Zimbabwe,CJ Chibhabha,H Masakadza,BB Sran,0,0,,,,,,"",""
ball,1,5.2,Zimbabwe,CJ Chibhabha,H Masakadza,BB Sran,0,0,,,,,,"",""
ball,1,5.3,Zimbabwe,CJ Chibhabha,H Masakadza,BB Sran,1,0,,,,,,"",""
ball,1,5.4,Zimbabwe,H Masakadza,CJ Chibhabha,BB Sran,0,0,,,,,,"",""
ball,1,5.5,Zimbabwe,H Masakadza,CJ Chibhabha,BB Sran,0,0,,,,,,"",""
ball,1,5.6,Zimbabwe,H Masakadza,CJ Chibhabha,BB Sran,1,0,,,,,,"",""
ball,1,6.1,Zimbabwe,H Masakadza,CJ Chibhabha,DS Kulkarni,0,0,,,,,,"",""
ball,1,6.2,Zimbabwe,H Masakadza,CJ Chibhabha,DS Kulkarni,0,0,,,,,,"",""
ball,1,6.3,Zimbabwe,H Masakadza,CJ Chibhabha,DS Kulkarni,0,0,,,,,,"",""
ball,1,6.4,Zimbabwe,H Masakadza,CJ Chibhabha,DS Kulkarni,0,0,,,,,,"",""
ball,1,6.5,Zimbabwe,H Masakadza,CJ Chibhabha,DS Kulkarni,0,0,,,,,,"",""
ball,1,6.6,Zimbabwe,H Masakadza,CJ Chibhabha,DS Kulkarni,0,0,,,,,,"",""
ball,1,7.1,Zimbabwe,CJ Chibhabha,H Masakadza,BB Sran,0,0,,,,,,"",""
ball,1,7.2,Zimbabwe,CJ Chibhabha,H Masakadza,BB Sran,1,0,,,,,,"",""
ball,1,7.3,Zimbabwe,H Masakadza,CJ Chibhabha,BB Sran,0,0,,,,,,"",""
ball,1,7.4,Zimbabwe,H Masakadza,CJ Chibhabha,BB Sran,4,0,,,,,,"",""
ball,1,7.5,Zimbabwe,H Masakadza,CJ Chibhabha,BB Sran,0,0,,,,,,"",""
ball,1,7.6,Zimbabwe,H Masakadza,CJ Chibhabha,BB Sran,3,0,,,,,,"",""
ball,1,8.1,Zimbabwe,H Masakadza,CJ Chibhabha,DS Kulkarni,4,0,,,,,,"",""
ball,1,8.2,Zimbabwe,H Masakadza,CJ Chibhabha,DS Kulkarni,0,0,,,,,,"",""
ball,1,8.3,Zimbabwe,H Masakadza,CJ Chibhabha,DS Kulkarni,0,0,,,,,,"",""
ball,1,8.4,Zimbabwe,H Masakadza,CJ Chibhabha,DS Kulkarni,0,0,,,,,,caught,H Masakadza
ball,1,8.5,Zimbabwe,CR Ervine,CJ Chibhabha,DS Kulkarni,0,0,,,,,,"",""
ball,1,8.6,Zimbabwe,CR Ervine,CJ Chibhabha,DS Kulkarni,0,0,,,,,,"",""
ball,1,9.1,Zimbabwe,CJ Chibhabha,CR Ervine,BB Sran,0,0,,,,,,"",""
ball,1,9.2,Zimbabwe,CJ Chibhabha,CR Ervine,BB Sran,0,0,,,,,,"",""
ball,1,9.3,Zimbabwe,CJ Chibhabha,CR Ervine,BB Sran,2,0,,,,,,"",""
ball,1,9.4,Zimbabwe,CJ Chibhabha,CR Ervine,BB Sran,0,0,,,,,,"",""
ball,1,9.5,Zimbabwe,CJ Chibhabha,CR Ervine,BB Sran,0,0,,,,,,"",""
ball,1,9.6,Zimbabwe,CJ Chibhabha,CR Ervine,BB Sran,0,0,,,,,,"",""
ball,1,10.1,Zimbabwe,CR Ervine,CJ Chibhabha,JJ Bumrah,0,1,,1,,,,"",""
ball,1,10.2,Zimbabwe,CR Ervine,CJ Chibhabha,JJ Bumrah,0,0,,,,,,"",""
ball,1,10.3,Zimbabwe,CR Ervine,CJ Chibhabha,JJ Bumrah,0,1,,,,1,,"",""
ball,1,10.4,Zimbabwe,CJ Chibhabha,CR Ervine,JJ Bumrah,0,0,,,,,,"",""
ball,1,10.5,Zimbabwe,CJ Chibhabha,CR Ervine,JJ Bumrah,0,0,,,,,,"",""
ball,1,10.6,Zimbabwe,CJ Chibhabha,CR Ervine,JJ Bumrah,0,0,,,,,,"",""
ball,1,10.7,Zimbabwe,CJ Chibhabha,CR Ervine,JJ Bumrah,0,1,1,,,,,"",""
ball,1,10.8,Zimbabwe,CJ Chibhabha,CR Ervine,JJ Bumrah,0,0,,,,,,"",""
ball,1,11.1,Zimbabwe,CR Ervine,CJ Chibhabha,BB Sran,0,1,1,,,,,"",""
ball,1,11.2,Zimbabwe,CR Ervine,CJ Chibhabha,BB Sran,1,0,,,,,,"",""
ball,1,11.3,Zimbabwe,CJ Chibhabha,CR Ervine,BB Sran,0,0,,,,,,"",""
ball,1,11.4,Zimbabwe,CJ Chibhabha,CR Ervine,BB Sran,1,0,,,,,,"",""
ball,1,11.5,Zimbabwe,CR Ervine,CJ Chibhabha,BB Sran,0,0,,,,,,"",""
ball,1,11.6,Zimbabwe,CR Ervine,CJ Chibhabha,BB Sran,2,0,,,,,,"",""
ball,1,11.7,Zimbabwe,CR Ervine,CJ Chibhabha,BB Sran,4,0,,,,,,"",""
ball,1,12.1,Zimbabwe,CJ Chibhabha,CR Ervine,AR Patel,1,0,,,,,,"",""
ball,1,12.2,Zimbabwe,CR Ervine,CJ Chibhabha,AR Patel,0,0,,,,,,"",""
ball,1,12.3,Zimbabwe,CR Ervine,CJ Chibhabha,AR Patel,1,0,,,,,,"",""
ball,1,12.4,Zimbabwe,CJ Chibhabha,CR Ervine,AR Patel,0,0,,,,,,"",""
ball,1,12.5,Zimbabwe,CJ Chibhabha,CR Ervine,AR Patel,1,0,,,,,,"",""
ball,1,12.6,Zimbabwe,CR Ervine,CJ Chibhabha,AR Patel,0,0,,,,,,"",""
ball,1,13.1,Zimbabwe,CJ Chibhabha,CR Ervine,JJ Bumrah,0,0,,,,,,bowled,CJ Chibhabha
ball,1,13.2,Zimbabwe,V Sibanda,CR Ervine,JJ Bumrah,0,0,,,,,,"",""
ball,1,13.3,Zimbabwe,V Sibanda,CR Ervine,JJ Bumrah,0,0,,,,,,"",""
ball,1,13.4,Zimbabwe,V Sibanda,CR Ervine,JJ Bumrah,0,0,,,,,,"",""
ball,1,13.5,Zimbabwe,V Sibanda,CR Ervine,JJ Bumrah,0,0,,,,,,"",""
ball,1,13.6,Zimbabwe,V Sibanda,CR Ervine,JJ Bumrah,0,0,,,,,,"",""
ball,1,14.1,Zimbabwe,CR Ervine,V Sibanda,AR Patel,1,0,,,,,,"",""
ball,1,14.2,Zimbabwe,V Sibanda,CR Ervine,AR Patel,0,0,,,,,,"",""
ball,1,14.3,Zimbabwe,V Sibanda,CR Ervine,AR Patel,0,0,,,,,,"",""
ball,1,14.4,Zimbabwe,V Sibanda,CR Ervine,AR Patel,0,0,,,,,,"",""
ball,1,14.5,Zimbabwe,V Sibanda,CR Ervine,AR Patel,1,0,,,,,,"",""
ball,1,14.6,Zimbabwe,CR Ervine,V Sibanda,AR Patel,0,0,,,,,,"",""
ball,1,15.1,Zimbabwe,V Sibanda,CR Ervine,JJ Bumrah,0,0,,,,,,"",""
ball,1,15.2,Zimbabwe,V Sibanda,CR Ervine,JJ Bumrah,0,0,,,,,,"",""
ball,1,15.3,Zimbabwe,V Sibanda,CR Ervine,JJ Bumrah,0,0,,,,,,"",""
ball,1,15.4,Zimbabwe,V Sibanda,CR Ervine,JJ Bumrah,0,1,,,,1,,"",""
ball,1,15.5,Zimbabwe,CR Ervine,V Sibanda,JJ Bumrah,0,0,,,,,,"",""
ball,1,15.6,Zimbabwe,CR Ervine,V Sibanda,JJ Bumrah,0,0,,,,,,"",""
ball,1,16.1,Zimbabwe,V Sibanda,CR Ervine,AR Patel,1,0,,,,,,"",""
ball,1,16.2,Zimbabwe,CR Ervine,V Sibanda,AR Patel,2,0,,,,,,"",""
ball,1,16.3,Zimbabwe,CR Ervine,V Sibanda,AR Patel,1,0,,,,,,"",""
ball,1,16.4,Zimbabwe,V Sibanda,CR Ervine,AR Patel,0,0,,,,,,"",""
ball,1,16.5,Zimbabwe,V Sibanda,CR Ervine,AR Patel,1,0,,,,,,"",""
ball,1,16.6,Zimbabwe,CR Ervine,V Sibanda,AR Patel,1,0,,,,,,"",""
ball,1,17.1,Zimbabwe,CR Ervine,V Sibanda,JJ Bumrah,0,0,,,,,,"",""
ball,1,17.2,Zimbabwe,CR Ervine,V Sibanda,JJ Bumrah,0,1,,1,,,,"",""
ball,1,17.3,Zimbabwe,CR Ervine,V Sibanda,JJ Bumrah,0,5,5,,,,,"",""
ball,1,17.4,Zimbabwe,CR Ervine,V Sibanda,JJ Bumrah,2,0,,,,,,"",""
ball,1,17.5,Zimbabwe,CR Ervine,V Sibanda,JJ Bumrah,0,0,,,,,,"",""
ball,1,17.6,Zimbabwe,CR Ervine,V Sibanda,JJ Bumrah,0,0,,,,,,"",""
ball,1,17.7,Zimbabwe,CR Ervine,V Sibanda,JJ Bumrah,0,0,,,,,,"",""
ball,1,17.8,Zimbabwe,CR Ervine,V Sibanda,JJ Bumrah,1,0,,,,,,"",""
ball,1,18.1,Zimbabwe,CR Ervine,V Sibanda,YS Chahal,1,0,,,,,,"",""
ball,1,18.2,Zimbabwe,V Sibanda,CR Ervine,YS Chahal,1,0,,,,,,"",""
ball,1,18.3,Zimbabwe,CR Ervine,V Sibanda,YS Chahal,1,0,,,,,,"",""
ball,1,18.4,Zimbabwe,V Sibanda,CR Ervine,YS Chahal,0,0,,,,,,"",""
ball,1,18.5,Zimbabwe,V Sibanda,CR Ervine,YS Chahal,1,0,,,,,,"",""
ball,1,18.6,Zimbabwe,CR Ervine,V Sibanda,YS Chahal,0,0,,,,,,"",""
ball,1,19.1,Zimbabwe,V Sibanda,CR Ervine,JJ Bumrah,0,0,,,,,,"",""
ball,1,19.2,Zimbabwe,V Sibanda,CR Ervine,JJ Bumrah,0,0,,,,,,caught,V Sibanda
ball,1,19.3,Zimbabwe,Sikandar Raza,CR Ervine,JJ Bumrah,0,0,,,,,,"",""
ball,1,19.4,Zimbabwe,Sikandar Raza,CR Ervine,JJ Bumrah,0,0,,,,,,"",""
ball,1,19.5,Zimbabwe,Sikandar Raza,CR Ervine,JJ Bumrah,1,0,,,,,,"",""
ball,1,19.6,Zimbabwe,CR Ervine,Sikandar Raza,JJ Bumrah,0,0,,,,,,"",""
ball,1,20.1,Zimbabwe,Sikandar Raza,CR Ervine,YS Chahal,1,0,,,,,,"",""
ball,1,20.2,Zimbabwe,CR Ervine,Sikandar Raza,YS Chahal,0,0,,,,,,"",""
ball,1,20.3,Zimbabwe,CR Ervine,Sikandar Raza,YS Chahal,1,0,,,,,,"",""
ball,1,20.4,Zimbabwe,Sikandar Raza,CR Ervine,YS Chahal,0,0,,,,,,"",""
ball,1,20.5,Zimbabwe,Sikandar Raza,CR Ervine,YS Chahal,0,0,,,,,,"",""
ball,1,20.6,Zimbabwe,Sikandar Raza,CR Ervine,YS Chahal,0,0,,,,,,"",""
ball,1,21.1,Zimbabwe,CR Ervine,Sikandar Raza,JJ Bumrah,0,0,,,,,,"",""
ball,1,21.2,Zimbabwe,CR Ervine,Sikandar Raza,JJ Bumrah,0,0,,,,,,"",""
ball,1,21.3,Zimbabwe,CR Ervine,Sikandar Raza,JJ Bumrah,0,0,,,,,,"",""
ball,1,21.4,Zimbabwe,CR Ervine,Sikandar Raza,JJ Bumrah,0,0,,,,,,"",""
ball,1,21.5,Zimbabwe,CR Ervine,Sikandar Raza,JJ Bumrah,1,0,,,,,,"",""
ball,1,21.6,Zimbabwe,Sikandar Raza,CR Ervine,JJ Bumrah,0,0,,,,,,"",""
ball,1,22.1,Zimbabwe,CR Ervine,Sikandar Raza,YS Chahal,1,0,,,,,,"",""
ball,1,22.2,Zimbabwe,Sikandar Raza,CR Ervine,YS Chahal,0,0,,,,,,"",""
ball,1,22.3,Zimbabwe,Sikandar Raza,CR Ervine,YS Chahal,0,0,,,,,,"",""
ball,1,22.4,Zimbabwe,Sikandar Raza,CR Ervine,YS Chahal,1,0,,,,,,"",""
ball,1,22.5,Zimbabwe,CR Ervine,Sikandar Raza,YS Chahal,0,0,,,,,,"",""
ball,1,22.6,Zimbabwe,CR Ervine,Sikandar Raza,YS Chahal,0,0,,,,,,"",""
ball,1,23.1,Zimbabwe,Sikandar Raza,CR Ervine,AR Patel,1,0,,,,,,"",""
ball,1,23.2,Zimbabwe,CR Ervine,Sikandar Raza,AR Patel,0,0,,,,,,"",""
ball,1,23.3,Zimbabwe,CR Ervine,Sikandar Raza,AR Patel,0,1,1,,,,,"",""
ball,1,23.4,Zimbabwe,CR Ervine,Sikandar Raza,AR Patel,0,0,,,,,,"",""
ball,1,23.5,Zimbabwe,CR Ervine,Sikandar Raza,AR Patel,0,0,,,,,,"",""
ball,1,23.6,Zimbabwe,CR Ervine,Sikandar Raza,AR Patel,0,0,,,,,,"",""
ball,1,23.7,Zimbabwe,CR Ervine,Sikandar Raza,AR Patel,0,0,,,,,,caught,CR Ervine
ball,1,24.1,Zimbabwe,E Chigumbura,Sikandar Raza,YS Chahal,0,0,,,,,,"",""
ball,1,24.2,Zimbabwe,E Chigumbura,Sikandar Raza,YS Chahal,0,0,,,,,,"",""
ball,1,24.3,Zimbabwe,E Chigumbura,Sikandar Raza,YS Chahal,0,0,,,,,,"",""
ball,1,24.4,Zimbabwe,E Chigumbura,Sikandar Raza,YS Chahal,0,0,,,,,,"",""
ball,1,24.5,Zimbabwe,E Chigumbura,Sikandar Raza,YS Chahal,0,0,,,,,,"",""
ball,1,24.6,Zimbabwe,E Chigumbura,Sikandar Raza,YS Chahal,0,0,,,,,,"",""
ball,1,25.1,Zimbabwe,Sikandar Raza,E Chigumbura,AR Patel,1,0,,,,,,"",""
ball,1,25.2,Zimbabwe,E Chigumbura,Sikandar Raza,AR Patel,0,0,,,,,,"",""
ball,1,25.3,Zimbabwe,E Chigumbura,Sikandar Raza,AR Patel,0,0,,,,,,"",""
ball,1,25.4,Zimbabwe,E Chigumbura,Sikandar Raza,AR Patel,0,0,,,,,,"",""
ball,1,25.5,Zimbabwe,E Chigumbura,Sikandar Raza,AR Patel,1,0,,,,,,"",""
ball,1,25.6,Zimbabwe,Sikandar Raza,E Chigumbura,AR Patel,0,0,,,,,,"",""
ball,1,26.1,Zimbabwe,E Chigumbura,Sikandar Raza,YS Chahal,1,0,,,,,,"",""
ball,1,26.2,Zimbabwe,Sikandar Raza,E Chigumbura,YS Chahal,1,0,,,,,,"",""
ball,1,26.3,Zimbabwe,E Chigumbura,Sikandar Raza,YS Chahal,0,0,,,,,,"",""
ball,1,26.4,Zimbabwe,E Chigumbura,Sikandar Raza,YS Chahal,0,0,,,,,,"",""
ball,1,26.5,Zimbabwe,E Chigumbura,Sikandar Raza,YS Chahal,0,0,,,,,,"",""
ball,1,26.6,Zimbabwe,E Chigumbura,Sikandar Raza,YS Chahal,0,0,,,,,,"",""
ball,1,27.1,Zimbabwe,Sikandar Raza,E Chigumbura,AR Patel,4,0,,,,,,"",""
ball,1,27.2,Zimbabwe,Sikandar Raza,E Chigumbura,AR Patel,0,0,,,,,,"",""
ball,1,27.3,Zimbabwe,Sikandar Raza,E Chigumbura,AR Patel,0,0,,,,,,"",""
ball,1,27.4,Zimbabwe,Sikandar Raza,E Chigumbura,AR Patel,0,0,,,,,,"",""
ball,1,27.5,Zimbabwe,Sikandar Raza,E Chigumbura,AR Patel,0,0,,,,,,"",""
ball,1,27.6,Zimbabwe,Sikandar Raza,E Chigumbura,AR Patel,0,0,,,,,,"",""
ball,1,28.1,Zimbabwe,E Chigumbura,Sikandar Raza,YS Chahal,0,0,,,,,,"",""
ball,1,28.2,Zimbabwe,E Chigumbura,Sikandar Raza,YS Chahal,0,0,,,,,,"",""
ball,1,28.3,Zimbabwe,E Chigumbura,Sikandar Raza,YS Chahal,4,0,,,,,,"",""
ball,1,28.4,Zimbabwe,E Chigumbura,Sikandar Raza,YS Chahal,1,0,,,,,,"",""
ball,1,28.5,Zimbabwe,Sikandar Raza,E Chigumbura,YS Chahal,0,0,,,,,,"",""
ball,1,28.6,Zimbabwe,Sikandar Raza,E Chigumbura,YS Chahal,0,0,,,,,,"",""
ball,1,29.1,Zimbabwe,E Chigumbura,Sikandar Raza,AR Patel,0,0,,,,,,"",""
ball,1,29.2,Zimbabwe,E Chigumbura,Sikandar Raza,AR Patel,0,0,,,,,,"",""
ball,1,29.3,Zimbabwe,E Chigumbura,Sikandar Raza,AR Patel,1,0,,,,,,"",""
ball,1,29.4,Zimbabwe,Sikandar Raza,E Chigumbura,AR Patel,0,0,,,,,,"",""
ball,1,29.5,Zimbabwe,Sikandar Raza,E Chigumbura,AR Patel,0,0,,,,,,"",""
ball,1,29.6,Zimbabwe,Sikandar Raza,E Chigumbura,AR Patel,0,0,,,,,,"",""
ball,1,30.1,Zimbabwe,E Chigumbura,Sikandar Raza,YS Chahal,2,0,,,,,,"",""
ball,1,30.2,Zimbabwe,E Chigumbura,Sikandar Raza,YS Chahal,1,0,,,,,,"",""
ball,1,30.3,Zimbabwe,Sikandar Raza,E Chigumbura,YS Chahal,0,0,,,,,,"",""
ball,1,30.4,Zimbabwe,Sikandar Raza,E Chigumbura,YS Chahal,1,0,,,,,,"",""
ball,1,30.5,Zimbabwe,E Chigumbura,Sikandar Raza,YS Chahal,0,0,,,,,,"",""
ball,1,30.6,Zimbabwe,E Chigumbura,Sikandar Raza,YS Chahal,0,0,,,,,,"",""
ball,1,31.1,Zimbabwe,Sikandar Raza,E Chigumbura,DS Kulkarni,4,0,,,,,,"",""
ball,1,31.2,Zimbabwe,Sikandar Raza,E Chigumbura,DS Kulkarni,0,0,,,,,,"",""
ball,1,31.3,Zimbabwe,Sikandar Raza,E Chigumbura,DS Kulkarni,1,0,,,,,,"",""
ball,1,31.4,Zimbabwe,E Chigumbura,Sikandar Raza,DS Kulkarni,0,0,,,,,,"",""
ball,1,31.5,Zimbabwe,E Chigumbura,Sikandar Raza,DS Kulkarni,1,0,,,,,,"",""
ball,1,31.6,Zimbabwe,Sikandar Raza,E Chigumbura,DS Kulkarni,1,0,,,,,,"",""
ball,1,32.1,Zimbabwe,Sikandar Raza,E Chigumbura,AR Patel,0,0,,,,,,"",""
ball,1,32.2,Zimbabwe,Sikandar Raza,E Chigumbura,AR Patel,0,0,,,,,,"",""
ball,1,32.3,Zimbabwe,Sikandar Raza,E Chigumbura,AR Patel,0,0,,,,,,"",""
ball,1,32.4,Zimbabwe,Sikandar Raza,E Chigumbura,AR Patel,0,0,,,,,,"",""
ball,1,32.5,Zimbabwe,Sikandar Raza,E Chigumbura,AR Patel,0,0,,,,,,"",""
ball,1,32.6,Zimbabwe,Sikandar Raza,E Chigumbura,AR Patel,0,0,,,,,,"",""
ball,1,33.1,Zimbabwe,E Chigumbura,Sikandar Raza,DS Kulkarni,1,0,,,,,,"",""
ball,1,33.2,Zimbabwe,Sikandar Raza,E Chigumbura,DS Kulkarni,0,0,,,,,,"",""
ball,1,33.3,Zimbabwe,Sikandar Raza,E Chigumbura,DS Kulkarni,1,0,,,,,,"",""
ball,1,33.4,Zimbabwe,E Chigumbura,Sikandar Raza,DS Kulkarni,0,0,,,,,,"",""
ball,1,33.5,Zimbabwe,E Chigumbura,Sikandar Raza,DS Kulkarni,1,0,,,,,,"",""
ball,1,33.6,Zimbabwe,Sikandar Raza,E Chigumbura,DS Kulkarni,0,0,,,,,,"",""
ball,1,34.1,Zimbabwe,E Chigumbura,Sikandar Raza,AR Patel,1,0,,,,,,"",""
ball,1,34.2,Zimbabwe,Sikandar Raza,E Chigumbura,AR Patel,0,0,,,,,,"",""
ball,1,34.3,Zimbabwe,Sikandar Raza,E Chigumbura,AR Patel,1,0,,,,,,"",""
ball,1,34.4,Zimbabwe,E Chigumbura,Sikandar Raza,AR Patel,2,0,,,,,,"",""
ball,1,34.5,Zimbabwe,E Chigumbura,Sikandar Raza,AR Patel,0,0,,,,,,"",""
ball,1,34.6,Zimbabwe,E Chigumbura,Sikandar Raza,AR Patel,0,0,,,,,,"",""
ball,1,35.1,Zimbabwe,Sikandar Raza,E Chigumbura,BB Sran,0,0,,,,,,"",""
ball,1,35.2,Zimbabwe,Sikandar Raza,E Chigumbura,BB Sran,0,0,,,,,,"",""
ball,1,35.3,Zimbabwe,Sikandar Raza,E Chigumbura,BB Sran,0,0,,,,,,"",""
ball,1,35.4,Zimbabwe,Sikandar Raza,E Chigumbura,BB Sran,2,0,,,,,,"",""
ball,1,35.5,Zimbabwe,Sikandar Raza,E Chigumbura,BB Sran,1,0,,,,,,"",""
ball,1,35.6,Zimbabwe,E Chigumbura,Sikandar Raza,BB Sran,1,0,,,,,,"",""
ball,1,36.1,Zimbabwe,E Chigumbura,Sikandar Raza,AR Patel,0,0,,,,,,"",""
ball,1,36.2,Zimbabwe,E Chigumbura,Sikandar Raza,AR Patel,0,0,,,,,,"",""
ball,1,36.3,Zimbabwe,E Chigumbura,Sikandar Raza,AR Patel,1,0,,,,,,"",""
ball,1,36.4,Zimbabwe,Sikandar Raza,E Chigumbura,AR Patel,0,0,,,,,,"",""
ball,1,36.5,Zimbabwe,Sikandar Raza,E Chigumbura,AR Patel,0,0,,,,,,"",""
ball,1,36.6,Zimbabwe,Sikandar Raza,E Chigumbura,AR Patel,1,0,,,,,,"",""
ball,1,37.1,Zimbabwe,Sikandar Raza,E Chigumbura,BB Sran,0,0,,,,,,"",""
ball,1,37.2,Zimbabwe,Sikandar Raza,E Chigumbura,BB Sran,0,0,,,,,,"",""
ball,1,37.3,Zimbabwe,Sikandar Raza,E Chigumbura,BB Sran,0,0,,,,,,bowled,Sikandar Raza
ball,1,37.4,Zimbabwe,R Mutumbami,E Chigumbura,BB Sran,0,0,,,,,,"",""
ball,1,37.5,Zimbabwe,R Mutumbami,E Chigumbura,BB Sran,0,0,,,,,,"",""
ball,1,37.6,Zimbabwe,R Mutumbami,E Chigumbura,BB Sran,0,1,1,,,,,"",""
ball,1,37.7,Zimbabwe,R Mutumbami,E Chigumbura,BB Sran,0,0,,,,,,"",""
ball,1,38.1,Zimbabwe,E Chigumbura,R Mutumbami,YS Chahal,0,0,,,,,,"",""
ball,1,38.2,Zimbabwe,E Chigumbura,R Mutumbami,YS Chahal,1,0,,,,,,"",""
ball,1,38.3,Zimbabwe,R Mutumbami,E Chigumbura,YS Chahal,0,0,,,,,,"",""
ball,1,38.4,Zimbabwe,R Mutumbami,E Chigumbura,YS Chahal,0,0,,,,,,"",""
ball,1,38.5,Zimbabwe,R Mutumbami,E Chigumbura,YS Chahal,0,0,,,,,,"",""
ball,1,38.6,Zimbabwe,R Mutumbami,E Chigumbura,YS Chahal,1,0,,,,,,"",""
ball,1,39.1,Zimbabwe,R Mutumbami,E Chigumbura,JJ Bumrah,0,0,,,,,,"",""
ball,1,39.2,Zimbabwe,R Mutumbami,E Chigumbura,JJ Bumrah,0,0,,,,,,"",""
ball,1,39.3,Zimbabwe,R Mutumbami,E Chigumbura,JJ Bumrah,4,0,,,,,,"",""
ball,1,39.4,Zimbabwe,R Mutumbami,E Chigumbura,JJ Bumrah,0,0,,,,,,"",""
ball,1,39.5,Zimbabwe,R Mutumbami,E Chigumbura,JJ Bumrah,0,0,,,,,,"",""
ball,1,39.6,Zimbabwe,R Mutumbami,E Chigumbura,JJ Bumrah,0,0,,,,,,"",""
ball,1,40.1,Zimbabwe,E Chigumbura,R Mutumbami,YS Chahal,1,0,,,,,,"",""
ball,1,40.2,Zimbabwe,R Mutumbami,E Chigumbura,YS Chahal,0,0,,,,,,"",""
ball,1,40.3,Zimbabwe,R Mutumbami,E Chigumbura,YS Chahal,0,0,,,,,,"",""
ball,1,40.4,Zimbabwe,R Mutumbami,E Chigumbura,YS Chahal,1,0,,,,,,"",""
ball,1,40.5,Zimbabwe,E Chigumbura,R Mutumbami,YS Chahal,1,0,,,,,,"",""
ball,1,40.6,Zimbabwe,R Mutumbami,E Chigumbura,YS Chahal,0,0,,,,,,"",""
ball,1,41.1,Zimbabwe,E Chigumbura,R Mutumbami,DS Kulkarni,2,0,,,,,,"",""
ball,1,41.2,Zimbabwe,E Chigumbura,R Mutumbami,DS Kulkarni,1,0,,,,,,"",""
ball,1,41.3,Zimbabwe,R Mutumbami,E Chigumbura,DS Kulkarni,1,0,,,,,,"",""
ball,1,41.4,Zimbabwe,E Chigumbura,R Mutumbami,DS Kulkarni,1,0,,,,,,"",""
ball,1,41.5,Zimbabwe,R Mutumbami,E Chigumbura,DS Kulkarni,0,0,,,,,,"",""
ball,1,41.6,Zimbabwe,R Mutumbami,E Chigumbura,DS Kulkarni,1,0,,,,,,"",""
ball,1,42.1,Zimbabwe,R Mutumbami,E Chigumbura,BB Sran,1,0,,,,,,"",""
ball,1,42.2,Zimbabwe,E Chigumbura,R Mutumbami,BB Sran,1,0,,,,,,"",""
ball,1,42.3,Zimbabwe,R Mutumbami,E Chigumbura,BB Sran,0,0,,,,,,"",""
ball,1,42.4,Zimbabwe,R Mutumbami,E Chigumbura,BB Sran,0,0,,,,,,"",""
ball,1,42.5,Zimbabwe,R Mutumbami,E Chigumbura,BB Sran,4,0,,,,,,"",""
ball,1,42.6,Zimbabwe,R Mutumbami,E Chigumbura,BB Sran,1,0,,,,,,"",""
ball,1,43.1,Zimbabwe,R Mutumbami,E Chigumbura,YS Chahal,1,0,,,,,,"",""
ball,1,43.2,Zimbabwe,E Chigumbura,R Mutumbami,YS Chahal,1,0,,,,,,"",""
ball,1,43.3,Zimbabwe,R Mutumbami,E Chigumbura,YS Chahal,0,0,,,,,,caught,R Mutumbami
ball,1,43.4,Zimbabwe,E Chigumbura,AG Cremer,YS Chahal,0,0,,,,,,"",""
ball,1,43.5,Zimbabwe,E Chigumbura,AG Cremer,YS Chahal,1,0,,,,,,"",""
ball,1,43.6,Zimbabwe,AG Cremer,E Chigumbura,YS Chahal,0,0,,,,,,"",""
ball,1,44.1,Zimbabwe,E Chigumbura,AG Cremer,DS Kulkarni,1,0,,,,,,"",""
ball,1,44.2,Zimbabwe,AG Cremer,E Chigumbura,DS Kulkarni,1,0,,,,,,"",""
ball,1,44.3,Zimbabwe,E Chigumbura,AG Cremer,DS Kulkarni,1,0,,,,,,"",""
ball,1,44.4,Zimbabwe,AG Cremer,E Chigumbura,DS Kulkarni,4,0,,,,,,"",""
ball,1,44.5,Zimbabwe,AG Cremer,E Chigumbura,DS Kulkarni,0,0,,,,,,"",""
ball,1,44.6,Zimbabwe,AG Cremer,E Chigumbura,DS Kulkarni,0,0,,,,,,"",""
ball,1,45.1,Zimbabwe,E Chigumbura,AG Cremer,JJ Bumrah,0,0,,,,,,"",""
ball,1,45.2,Zimbabwe,E Chigumbura,AG Cremer,JJ Bumrah,1,0,,,,,,"",""
ball,1,45.3,Zimbabwe,AG Cremer,E Chigumbura,JJ Bumrah,1,0,,,,,,"",""
ball,1,45.4,Zimbabwe,E Chigumbura,AG Cremer,JJ Bumrah,1,0,,,,,,"",""
ball,1,45.5,Zimbabwe,AG Cremer,E Chigumbura,JJ Bumrah,0,0,,,,,,"",""
ball,1,45.6,Zimbabwe,AG Cremer,E Chigumbura,JJ Bumrah,1,0,,,,,,"",""
ball,1,46.1,Zimbabwe,AG Cremer,E Chigumbura,DS Kulkarni,0,0,,,,,,"",""
ball,1,46.2,Zimbabwe,AG Cremer,E Chigumbura,DS Kulkarni,1,0,,,,,,"",""
ball,1,46.3,Zimbabwe,E Chigumbura,AG Cremer,DS Kulkarni,2,0,,,,,,"",""
ball,1,46.4,Zimbabwe,E Chigumbura,AG Cremer,DS Kulkarni,1,0,,,,,,"",""
ball,1,46.5,Zimbabwe,AG Cremer,E Chigumbura,DS Kulkarni,0,0,,,,,,bowled,AG Cremer
ball,1,46.6,Zimbabwe,TL Chatara,E Chigumbura,DS Kulkarni,0,0,,,,,,"",""
ball,1,47.1,Zimbabwe,E Chigumbura,TL Chatara,JJ Bumrah,1,0,,,,,,"",""
ball,1,47.2,Zimbabwe,TL Chatara,E Chigumbura,JJ Bumrah,1,0,,,,,,"",""
ball,1,47.3,Zimbabwe,E Chigumbura,TL Chatara,JJ Bumrah,0,0,,,,,,"",""
ball,1,47.4,Zimbabwe,E Chigumbura,TL Chatara,JJ Bumrah,0,1,,1,,,,"",""
ball,1,47.5,Zimbabwe,TL Chatara,E Chigumbura,JJ Bumrah,1,0,,,,,,"",""
ball,1,47.6,Zimbabwe,E Chigumbura,TL Chatara,JJ Bumrah,1,0,,,,,,"",""
ball,1,47.7,Zimbabwe,TL Chatara,E Chigumbura,JJ Bumrah,0,0,,,,,,"",""
ball,1,48.1,Zimbabwe,E Chigumbura,TL Chatara,BB Sran,0,1,1,,,,,"",""
ball,1,48.2,Zimbabwe,E Chigumbura,TL Chatara,BB Sran,1,0,,,,,,"",""
ball,1,48.3,Zimbabwe,TL Chatara,E Chigumbura,BB Sran,0,0,,,,,,"",""
ball,1,48.4,Zimbabwe,TL Chatara,E Chigumbura,BB Sran,0,0,,,,,,"",""
ball,1,48.5,Zimbabwe,TL Chatara,E Chigumbura,BB Sran,0,0,,,,,,"",""
ball,1,48.6,Zimbabwe,TL Chatara,E Chigumbura,BB Sran,1,0,,,,,,"",""
ball,1,48.7,Zimbabwe,E Chigumbura,TL Chatara,BB Sran,2,0,,,,,,"",""
ball,1,49.1,Zimbabwe,TL Chatara,E Chigumbura,JJ Bumrah,1,0,,,,,,"",""
ball,1,49.2,Zimbabwe,E Chigumbura,TL Chatara,JJ Bumrah,0,0,,,,,,"",""
ball,1,49.3,Zimbabwe,E Chigumbura,TL Chatara,JJ Bumrah,0,0,,,,,,bowled,E Chigumbura
ball,1,49.4,Zimbabwe,T Muzarabani,TL Chatara,JJ Bumrah,1,0,,,,,,"",""
ball,1,49.5,Zimbabwe,TL Chatara,T Muzarabani,JJ Bumrah,0,0,,,,,,caught,TL Chatara
ball,2,0.1,India,KL Rahul,KK Nair,TL Chatara,1,0,,,,,,"",""
ball,2,0.2,India,KK Nair,KL Rahul,TL Chatara,0,0,,,,,,"",""
ball,2,0.3,India,KK Nair,KL Rahul,TL Chatara,0,0,,,,,,"",""
ball,2,0.4,India,KK Nair,KL Rahul,TL Chatara,2,0,,,,,,"",""
ball,2,0.5,India,KK Nair,KL Rahul,TL Chatara,0,0,,,,,,"",""
ball,2,0.6,India,KK Nair,KL Rahul,TL Chatara,1,0,,,,,,"",""
ball,2,1.1,India,KK Nair,KL Rahul,T Muzarabani,0,0,,,,,,"",""
ball,2,1.2,India,KK Nair,KL Rahul,T Muzarabani,0,0,,,,,,"",""
ball,2,1.3,India,KK Nair,KL Rahul,T Muzarabani,0,0,,,,,,"",""
ball,2,1.4,India,KK Nair,KL Rahul,T Muzarabani,0,0,,,,,,"",""
ball,2,1.5,India,KK Nair,KL Rahul,T Muzarabani,4,0,,,,,,"",""
ball,2,1.6,India,KK Nair,KL Rahul,T Muzarabani,0,0,,,,,,"",""
ball,2,2.1,India,KL Rahul,KK Nair,TL Chatara,0,0,,,,,,"",""
ball,2,2.2,India,KL Rahul,KK Nair,TL Chatara,0,0,,,,,,"",""
ball,2,2.3,India,KL Rahul,KK Nair,TL Chatara,0,0,,,,,,"",""
ball,2,2.4,India,KL Rahul,KK Nair,TL Chatara,1,0,,,,,,"",""
ball,2,2.5,India,KK Nair,KL Rahul,TL Chatara,0,0,,,,,,"",""
ball,2,2.6,India,KK Nair,KL Rahul,TL Chatara,0,0,,,,,,"",""
ball,2,3.1,India,KL Rahul,KK Nair,T Muzarabani,1,0,,,,,,"",""
ball,2,3.2,India,KK Nair,KL Rahul,T Muzarabani,0,0,,,,,,"",""
ball,2,3.3,India,KK Nair,KL Rahul,T Muzarabani,0,0,,,,,,"",""
ball,2,3.4,India,KK Nair,KL Rahul,T Muzarabani,0,0,,,,,,"",""
ball,2,3.5,India,KK Nair,KL Rahul,T Muzarabani,0,0,,,,,,"",""
ball,2,3.6,India,KK Nair,KL Rahul,T Muzarabani,0,0,,,,,,"",""
ball,2,4.1,India,KL Rahul,KK Nair,TL Chatara,1,0,,,,,,"",""
ball,2,4.2,India,KK Nair,KL Rahul,TL Chatara,0,0,,,,,,"",""
ball,2,4.3,India,KK Nair,KL Rahul,TL Chatara,0,0,,,,,,caught,KK Nair
ball,2,4.4,India,AT Rayudu,KL Rahul,TL Chatara,0,0,,,,,,"",""
ball,2,4.5,India,AT Rayudu,KL Rahul,TL Chatara,0,0,,,,,,"",""
ball,2,4.6,India,AT Rayudu,KL Rahul,TL Chatara,0,0,,,,,,"",""
ball,2,5.1,India,KL Rahul,AT Rayudu,T Muzarabani,0,0,,,,,,"",""
ball,2,5.2,India,KL Rahul,AT Rayudu,T Muzarabani,0,0,,,,,,"",""
ball,2,5.3,India,KL Rahul,AT Rayudu,T Muzarabani,1,0,,,,,,"",""
ball,2,5.4,India,AT Rayudu,KL Rahul,T Muzarabani,0,0,,,,,,"",""
ball,2,5.5,India,AT Rayudu,KL Rahul,T Muzarabani,0,0,,,,,,"",""
ball,2,5.6,India,AT Rayudu,KL Rahul,T Muzarabani,0,0,,,,,,"",""
ball,2,6.1,India,KL Rahul,AT Rayudu,TL Chatara,0,0,,,,,,"",""
ball,2,6.2,India,KL Rahul,AT Rayudu,TL Chatara,4,0,,,,,,"",""
ball,2,6.3,India,KL Rahul,AT Rayudu,TL Chatara,0,0,,,,,,"",""
ball,2,6.4,India,KL Rahul,AT Rayudu,TL Chatara,0,0,,,,,,"",""
ball,2,6.5,India,KL Rahul,AT Rayudu,TL Chatara,0,0,,,,,,"",""
ball,2,6.6,India,KL Rahul,AT Rayudu,TL Chatara,1,0,,,,,,"",""
ball,2,7.1,India,KL Rahul,AT Rayudu,T Muzarabani,0,0,,,,,,"",""
ball,2,7.2,India,KL Rahul,AT Rayudu,T Muzarabani,0,0,,,,,,"",""
ball,2,7.3,India,KL Rahul,AT Rayudu,T Muzarabani,0,0,,,,,,"",""
ball,2,7.4,India,KL Rahul,AT Rayudu,T Muzarabani,4,0,,,,,,"",""
ball,2,7.5,India,KL Rahul,AT Rayudu,T Muzarabani,1,0,,,,,,"",""
ball,2,7.6,India,AT Rayudu,KL Rahul,T Muzarabani,0,0,,,,,,"",""
ball,2,8.1,India,KL Rahul,AT Rayudu,TL Chatara,0,0,,,,,,"",""
ball,2,8.2,India,KL Rahul,AT Rayudu,TL Chatara,1,0,,,,,,"",""
ball,2,8.3,India,AT Rayudu,KL Rahul,TL Chatara,0,0,,,,,,"",""
ball,2,8.4,India,AT Rayudu,KL Rahul,TL Chatara,2,0,,,,,,"",""
ball,2,8.5,India,AT Rayudu,KL Rahul,TL Chatara,0,0,,,,,,"",""
ball,2,8.6,India,AT Rayudu,KL Rahul,TL Chatara,0,0,,,,,,"",""
ball,2,9.1,India,KL Rahul,AT Rayudu,CJ Chibhabha,0,0,,,,,,"",""
ball,2,9.2,India,KL Rahul,AT Rayudu,CJ Chibhabha,1,0,,,,,,"",""
ball,2,9.3,India,AT Rayudu,KL Rahul,CJ Chibhabha,0,0,,,,,,"",""
ball,2,9.4,India,AT Rayudu,KL Rahul,CJ Chibhabha,1,0,,,,,,"",""
ball,2,9.5,India,KL Rahul,AT Rayudu,CJ Chibhabha,0,0,,,,,,"",""
ball,2,9.6,India,KL Rahul,AT Rayudu,CJ Chibhabha,0,0,,,,,,"",""
ball,2,10.1,India,AT Rayudu,KL Rahul,AG Cremer,0,0,,,,,,"",""
ball,2,10.2,India,AT Rayudu,KL Rahul,AG Cremer,1,0,,,,,,"",""
ball,2,10.3,India,KL Rahul,AT Rayudu,AG Cremer,1,0,,,,,,"",""
ball,2,10.4,India,AT Rayudu,KL Rahul,AG Cremer,0,0,,,,,,"",""
ball,2,10.5,India,AT Rayudu,KL Rahul,AG Cremer,0,0,,,,,,"",""
ball,2,10.6,India,AT Rayudu,KL Rahul,AG Cremer,1,0,,,,,,"",""
ball,2,11.1,India,AT Rayudu,KL Rahul,CJ Chibhabha,0,0,,,,,,"",""
ball,2,11.2,India,AT Rayudu,KL Rahul,CJ Chibhabha,0,0,,,,,,"",""
ball,2,11.3,India,AT Rayudu,KL Rahul,CJ Chibhabha,0,0,,,,,,"",""
ball,2,11.4,India,AT Rayudu,KL Rahul,CJ Chibhabha,0,0,,,,,,"",""
ball,2,11.5,India,AT Rayudu,KL Rahul,CJ Chibhabha,0,0,,,,,,"",""
ball,2,11.6,India,AT Rayudu,KL Rahul,CJ Chibhabha,0,0,,,,,,"",""
ball,2,12.1,India,KL Rahul,AT Rayudu,AG Cremer,1,0,,,,,,"",""
ball,2,12.2,India,AT Rayudu,KL Rahul,AG Cremer,0,0,,,,,,"",""
ball,2,12.3,India,AT Rayudu,KL Rahul,AG Cremer,1,0,,,,,,"",""
ball,2,12.4,India,KL Rahul,AT Rayudu,AG Cremer,1,0,,,,,,"",""
ball,2,12.5,India,AT Rayudu,KL Rahul,AG Cremer,1,0,,,,,,"",""
ball,2,12.6,India,KL Rahul,AT Rayudu,AG Cremer,1,0,,,,,,"",""
ball,2,13.1,India,KL Rahul,AT Rayudu,CJ Chibhabha,0,0,,,,,,"",""
ball,2,13.2,India,KL Rahul,AT Rayudu,CJ Chibhabha,1,0,,,,,,"",""
ball,2,13.3,India,AT Rayudu,KL Rahul,CJ Chibhabha,0,0,,,,,,"",""
ball,2,13.4,India,AT Rayudu,KL Rahul,CJ Chibhabha,1,0,,,,,,"",""
ball,2,13.5,India,KL Rahul,AT Rayudu,CJ Chibhabha,0,0,,,,,,"",""
ball,2,13.6,India,KL Rahul,AT Rayudu,CJ Chibhabha,0,0,,,,,,"",""
ball,2,14.1,India,AT Rayudu,KL Rahul,E Chigumbura,0,0,,,,,,"",""
ball,2,14.2,India,AT Rayudu,KL Rahul,E Chigumbura,1,0,,,,,,"",""
ball,2,14.3,India,KL Rahul,AT Rayudu,E Chigumbura,2,0,,,,,,"",""
ball,2,14.4,India,KL Rahul,AT Rayudu,E Chigumbura,0,0,,,,,,"",""
ball,2,14.5,India,KL Rahul,AT Rayudu,E Chigumbura,0,0,,,,,,"",""
ball,2,14.6,India,KL Rahul,AT Rayudu,E Chigumbura,0,0,,,,,,"",""
ball,2,15.1,India,AT Rayudu,KL Rahul,CJ Chibhabha,0,1,1,,,,,"",""
ball,2,15.2,India,AT Rayudu,KL Rahul,CJ Chibhabha,0,0,,,,,,"",""
ball,2,15.3,India,AT Rayudu,KL Rahul,CJ Chibhabha,0,0,,,,,,"",""
ball,2,15.4,India,AT Rayudu,KL Rahul,CJ Chibhabha,0,0,,,,,,"",""
ball,2,15.5,India,AT Rayudu,KL Rahul,CJ Chibhabha,0,0,,,,,,"",""
ball,2,15.6,India,AT Rayudu,KL Rahul,CJ Chibhabha,0,1,,,,1,,"",""
ball,2,15.7,India,KL Rahul,AT Rayudu,CJ Chibhabha,0,0,,,,,,"",""
ball,2,16.1,India,AT Rayudu,KL Rahul,E Chigumbura,4,0,,,,,,"",""
ball,2,16.2,India,AT Rayudu,KL Rahul,E Chigumbura,1,0,,,,,,"",""
ball,2,16.3,India,KL Rahul,AT Rayudu,E Chigumbura,1,0,,,,,,"",""
ball,2,16.4,India,AT Rayudu,KL Rahul,E Chigumbura,1,0,,,,,,"",""
ball,2,16.5,India,KL Rahul,AT Rayudu,E Chigumbura,1,0,,,,,,"",""
ball,2,16.6,India,AT Rayudu,KL Rahul,E Chigumbura,0,0,,,,,,"",""
ball,2,17.1,India,KL Rahul,AT Rayudu,CJ Chibhabha,0,0,,,,,,"",""
ball,2,17.2,India,KL Rahul,AT Rayudu,CJ Chibhabha,1,0,,,,,,"",""
ball,2,17.3,India,AT Rayudu,KL Rahul,CJ Chibhabha,0,0,,,,,,"",""
ball,2,17.4,India,AT Rayudu,KL Rahul,CJ Chibhabha,0,0,,,,,,"",""
ball,2,17.5,India,AT Rayudu,KL Rahul,CJ Chibhabha,1,0,,,,,,"",""
ball,2,17.6,India,KL Rahul,AT Rayudu,CJ Chibhabha,1,0,,,,,,"",""
ball,2,18.1,India,KL Rahul,AT Rayudu,E Chigumbura,0,0,,,,,,"",""
ball,2,18.2,India,KL Rahul,AT Rayudu,E Chigumbura,0,1,1,,,,,"",""
ball,2,18.3,India,KL Rahul,AT Rayudu,E Chigumbura,0,1,1,,,,,"",""
ball,2,18.4,India,KL Rahul,AT Rayudu,E Chigumbura,4,0,,,,,,"",""
ball,2,18.5,India,KL Rahul,AT Rayudu,E Chigumbura,2,0,,,,,,"",""
ball,2,18.6,India,KL Rahul,AT Rayudu,E Chigumbura,1,0,,,,,,"",""
ball,2,18.7,India,AT Rayudu,KL Rahul,E Chigumbura,2,0,,,,,,"",""
ball,2,18.8,India,AT Rayudu,KL Rahul,E Chigumbura,4,0,,,,,,"",""
ball,2,19.1,India,KL Rahul,AT Rayudu,CJ Chibhabha,0,0,,,,,,"",""
ball,2,19.2,India,KL Rahul,AT Rayudu,CJ Chibhabha,1,0,,,,,,"",""
ball,2,19.3,India,AT Rayudu,KL Rahul,CJ Chibhabha,0,0,,,,,,"",""
ball,2,19.4,India,AT Rayudu,KL Rahul,CJ Chibhabha,0,0,,,,,,"",""
ball,2,19.5,India,AT Rayudu,KL Rahul,CJ Chibhabha,0,0,,,,,,"",""
ball,2,19.6,India,AT Rayudu,KL Rahul,CJ Chibhabha,0,0,,,,,,"",""
ball,2,20.1,India,KL Rahul,AT Rayudu,E Chigumbura,2,0,,,,,,"",""
ball,2,20.2,India,KL Rahul,AT Rayudu,E Chigumbura,1,0,,,,,,"",""
ball,2,20.3,India,AT Rayudu,KL Rahul,E Chigumbura,4,0,,,,,,"",""
ball,2,20.4,India,AT Rayudu,KL Rahul,E Chigumbura,0,0,,,,,,"",""
ball,2,20.5,India,AT Rayudu,KL Rahul,E Chigumbura,0,0,,,,,,"",""
ball,2,20.6,India,AT Rayudu,KL Rahul,E Chigumbura,1,0,,,,,,"",""
ball,2,21.1,India,AT Rayudu,KL Rahul,TL Chatara,0,0,,,,,,"",""
ball,2,21.2,India,AT Rayudu,KL Rahul,TL Chatara,2,0,,,,,,"",""
ball,2,21.3,India,AT Rayudu,KL Rahul,TL Chatara,4,0,,,,,,"",""
ball,2,21.4,India,AT Rayudu,KL Rahul,TL Chatara,0,0,,,,,,"",""
ball,2,21.5,India,AT Rayudu,KL Rahul,TL Chatara,0,0,,,,,,"",""
ball,2,21.6,India,AT Rayudu,KL Rahul,TL Chatara,0,0,,,,,,"",""
ball,2,22.1,India,KL Rahul,AT Rayudu,AG Cremer,4,0,,,,,,"",""
ball,2,22.2,India,KL Rahul,AT Rayudu,AG Cremer,4,0,,,,,,"",""
ball,2,22.3,India,KL Rahul,AT Rayudu,AG Cremer,2,0,,,,,,"",""
ball,2,22.4,India,KL Rahul,AT Rayudu,AG Cremer,1,0,,,,,,"",""
ball,2,22.5,India,AT Rayudu,KL Rahul,AG Cremer,1,0,,,,,,"",""
ball,2,22.6,India,KL Rahul,AT Rayudu,AG Cremer,0,0,,,,,,"",""
ball,2,23.1,India,AT Rayudu,KL Rahul,TL Chatara,0,0,,,,,,"",""
ball,2,23.2,India,AT Rayudu,KL Rahul,TL Chatara,0,0,,,,,,"",""
ball,2,23.3,India,AT Rayudu,KL Rahul,TL Chatara,0,0,,,,,,"",""
ball,2,23.4,India,AT Rayudu,KL Rahul,TL Chatara,0,0,,,,,,"",""
ball,2,23.5,India,AT Rayudu,KL Rahul,TL Chatara,0,0,,,,,,"",""
ball,2,23.6,India,AT Rayudu,KL Rahul,TL Chatara,0,0,,,,,,"",""
ball,2,24.1,India,KL Rahul,AT Rayudu,AG Cremer,0,0,,,,,,"",""
ball,2,24.2,India,KL Rahul,AT Rayudu,AG Cremer,1,0,,,,,,"",""
ball,2,24.3,India,AT Rayudu,KL Rahul,AG Cremer,0,0,,,,,,"",""
ball,2,24.4,India,AT Rayudu,KL Rahul,AG Cremer,0,0,,,,,,"",""
ball,2,24.5,India,AT Rayudu,KL Rahul,AG Cremer,1,0,,,,,,"",""
ball,2,24.6,India,KL Rahul,AT Rayudu,AG Cremer,1,0,,,,,,"",""
ball,2,25.1,India,KL Rahul,AT Rayudu,T Muzarabani,1,0,,,,,,"",""
ball,2,25.2,India,AT Rayudu,KL Rahul,T Muzarabani,1,0,,,,,,"",""
ball,2,25.3,India,KL Rahul,AT Rayudu,T Muzarabani,1,0,,,,,,"",""
ball,2,25.4,India,AT Rayudu,KL Rahul,T Muzarabani,0,0,,,,,,"",""
ball,2,25.5,India,AT Rayudu,KL Rahul,T Muzarabani,1,0,,,,,,"",""
ball,2,25.6,India,KL Rahul,AT Rayudu,T Muzarabani,1,0,,,,,,"",""
ball,2,26.1,India,KL Rahul,AT Rayudu,AG Cremer,1,0,,,,,,"",""
ball,2,26.2,India,AT Rayudu,KL Rahul,AG Cremer,1,0,,,,,,"",""
ball,2,26.3,India,KL Rahul,AT Rayudu,AG Cremer,1,0,,,,,,"",""
ball,2,26.4,India,AT Rayudu,KL Rahul,AG Cremer,0,0,,,,,,"",""
ball,2,26.5,India,AT Rayudu,KL Rahul,AG Cremer,1,0,,,,,,"",""
ball,2,26.6,India,KL Rahul,AT Rayudu,AG Cremer,1,0,,,,,,"",""
ball,2,27.1,India,KL Rahul,AT Rayudu,T Muzarabani,0,0,,,,,,"",""
ball,2,27.2,India,KL Rahul,AT Rayudu,T Muzarabani,0,0,,,,,,"",""
ball,2,27.3,India,KL Rahul,AT Rayudu,T Muzarabani,0,0,,,,,,"",""
ball,2,27.4,India,KL Rahul,AT Rayudu,T Muzarabani,0,0,,,,,,"",""
ball,2,27.5,India,KL Rahul,AT Rayudu,T Muzarabani,0,0,,,,,,"",""
ball,2,27.6,India,KL Rahul,AT Rayudu,T Muzarabani,2,0,,,,,,"",""
ball,2,28.1,India,AT Rayudu,KL Rahul,AG Cremer,0,0,,,,,,"",""
ball,2,28.2,India,AT Rayudu,KL Rahul,AG Cremer,0,0,,,,,,"",""
ball,2,28.3,India,AT Rayudu,KL Rahul,AG Cremer,1,0,,,,,,"",""
ball,2,28.4,India,KL Rahul,AT Rayudu,AG Cremer,1,0,,,,,,"",""
ball,2,28.5,India,AT Rayudu,KL Rahul,AG Cremer,0,0,,,,,,"",""
ball,2,28.6,India,AT Rayudu,KL Rahul,AG Cremer,1,0,,,,,,"",""
ball,2,29.1,India,AT Rayudu,KL Rahul,Sikandar Raza,0,0,,,,,,"",""
ball,2,29.2,India,AT Rayudu,KL Rahul,Sikandar Raza,0,0,,,,,,"",""
ball,2,29.3,India,AT Rayudu,KL Rahul,Sikandar Raza,1,0,,,,,,"",""
ball,2,29.4,India,KL Rahul,AT Rayudu,Sikandar Raza,1,0,,,,,,"",""
ball,2,29.5,India,AT Rayudu,KL Rahul,Sikandar Raza,1,0,,,,,,"",""
ball,2,29.6,India,KL Rahul,AT Rayudu,Sikandar Raza,1,0,,,,,,"",""
ball,2,30.1,India,KL Rahul,AT Rayudu,AG Cremer,1,0,,,,,,"",""
ball,2,30.2,India,AT Rayudu,KL Rahul,AG Cremer,1,0,,,,,,"",""
ball,2,30.3,India,KL Rahul,AT Rayudu,AG Cremer,1,0,,,,,,"",""
ball,2,30.4,India,AT Rayudu,KL Rahul,AG Cremer,4,0,,,,,,"",""
ball,2,30.5,India,AT Rayudu,KL Rahul,AG Cremer,0,0,,,,,,"",""
ball,2,30.6,India,AT Rayudu,KL Rahul,AG Cremer,0,0,,,,,,"",""
ball,2,31.1,India,KL Rahul,AT Rayudu,Sikandar Raza,0,0,,,,,,"",""
ball,2,31.2,India,KL Rahul,AT Rayudu,Sikandar Raza,0,0,,,,,,"",""
ball,2,31.3,India,KL Rahul,AT Rayudu,Sikandar Raza,2,0,,,,,,"",""
ball,2,31.4,India,KL Rahul,AT Rayudu,Sikandar Raza,1,0,,,,,,"",""
ball,2,31.5,India,AT Rayudu,KL Rahul,Sikandar Raza,0,0,,,,,,"",""
ball,2,31.6,India,AT Rayudu,KL Rahul,Sikandar Raza,0,0,,,,,,"",""
ball,2,32.1,India,KL Rahul,AT Rayudu,AG Cremer,0,0,,,,,,"",""
ball,2,32.2,India,KL Rahul,AT Rayudu,AG Cremer,1,0,,,,,,"",""
ball,2,32.3,India,AT Rayudu,KL Rahul,AG Cremer,0,0,,,,,,"",""
ball,2,32.4,India,AT Rayudu,KL Rahul,AG Cremer,1,0,,,,,,"",""
ball,2,32.5,India,KL Rahul,AT Rayudu,AG Cremer,0,0,,,,,,"",""
ball,2,32.6,India,KL Rahul,AT Rayudu,AG Cremer,2,0,,,,,,"",""
ball,2,33.1,India,AT Rayudu,KL Rahul,Sikandar Raza,1,0,,,,,,"",""
ball,2,33.2,India,KL Rahul,AT Rayudu,Sikandar Raza,1,0,,,,,,"",""
ball,2,33.3,India,AT Rayudu,KL Rahul,Sikandar Raza,0,0,,,,,,"",""
ball,2,33.4,India,AT Rayudu,KL Rahul,Sikandar Raza,0,0,,,,,,"",""
ball,2,33.5,India,AT Rayudu,KL Rahul,Sikandar Raza,0,0,,,,,,"",""
ball,2,33.6,India,AT Rayudu,KL Rahul,Sikandar Raza,0,0,,,,,,"",""
ball,2,34.1,India,KL Rahul,AT Rayudu,AG Cremer,1,0,,,,,,"",""
ball,2,34.2,India,AT Rayudu,KL Rahul,AG Cremer,1,0,,,,,,"",""
ball,2,34.3,India,KL Rahul,AT Rayudu,AG Cremer,0,0,,,,,,"",""
ball,2,34.4,India,KL Rahul,AT Rayudu,AG Cremer,1,0,,,,,,"",""
ball,2,34.5,India,AT Rayudu,KL Rahul,AG Cremer,1,0,,,,,,"",""
ball,2,34.6,India,KL Rahul,AT Rayudu,AG Cremer,0,0,,,,,,"",""
ball,2,35.1,India,AT Rayudu,KL Rahul,Sikandar Raza,2,0,,,,,,"",""
ball,2,35.2,India,AT Rayudu,KL Rahul,Sikandar Raza,0,0,,,,,,"",""
ball,2,35.3,India,AT Rayudu,KL Rahul,Sikandar Raza,0,0,,,,,,"",""
ball,2,35.4,India,AT Rayudu,KL Rahul,Sikandar Raza,0,0,,,,,,"",""
ball,2,35.5,India,AT Rayudu,KL Rahul,Sikandar Raza,1,0,,,,,,"",""
ball,2,35.6,India,KL Rahul,AT Rayudu,Sikandar Raza,4,0,,,,,,"",""
ball,2,36.1,India,AT Rayudu,KL Rahul,AG Cremer,0,0,,,,,,"",""
ball,2,36.2,India,AT Rayudu,KL Rahul,AG Cremer,0,0,,,,,,"",""
ball,2,36.3,India,AT Rayudu,KL Rahul,AG Cremer,0,0,,,,,,"",""
ball,2,36.4,India,AT Rayudu,KL Rahul,AG Cremer,1,0,,,,,,"",""
ball,2,36.5,India,KL Rahul,AT Rayudu,AG Cremer,0,0,,,,,,"",""
ball,2,36.6,India,KL Rahul,AT Rayudu,AG Cremer,0,0,,,,,,"",""
ball,2,37.1,India,AT Rayudu,KL Rahul,Sikandar Raza,1,0,,,,,,"",""
ball,2,37.2,India,KL Rahul,AT Rayudu,Sikandar Raza,0,0,,,,,,"",""
ball,2,37.3,India,KL Rahul,AT Rayudu,Sikandar Raza,1,0,,,,,,"",""
ball,2,37.4,India,AT Rayudu,KL Rahul,Sikandar Raza,1,0,,,,,,"",""
ball,2,37.5,India,KL Rahul,AT Rayudu,Sikandar Raza,0,0,,,,,,"",""
ball,2,37.6,India,KL Rahul,AT Rayudu,Sikandar Raza,1,0,,,,,,"",""
ball,2,38.1,India,KL Rahul,AT Rayudu,H Masakadza,4,0,,,,,,"",""
ball,2,38.2,India,KL Rahul,AT Rayudu,H Masakadza,2,0,,,,,,"",""
ball,2,38.3,India,KL Rahul,AT Rayudu,H Masakadza,0,0,,,,,,"",""
ball,2,38.4,India,KL Rahul,AT Rayudu,H Masakadza,1,0,,,,,,"",""
ball,2,38.5,India,AT Rayudu,KL Rahul,H Masakadza,0,0,,,,,,"",""
ball,2,38.6,India,AT Rayudu,KL Rahul,H Masakadza,0,0,,,,,,"",""
ball,2,39.1,India,KL Rahul,AT Rayudu,CJ Chibhabha,0,0,,,,,,"",""
ball,2,39.2,India,KL Rahul,AT Rayudu,CJ Chibhabha,1,0,,,,,,"",""
ball,2,39.3,India,AT Rayudu,KL Rahul,CJ Chibhabha,1,0,,,,,,"",""
ball,2,39.4,India,KL Rahul,AT Rayudu,CJ Chibhabha,0,0,,,,,,"",""
ball,2,39.5,India,KL Rahul,AT Rayudu,CJ Chibhabha,0,0,,,,,,"",""
ball,2,39.6,India,KL Rahul,AT Rayudu,CJ Chibhabha,0,0,,,,,,"",""
ball,2,40.1,India,AT Rayudu,KL Rahul,H Masakadza,0,0,,,,,,"",""
ball,2,40.2,India,AT Rayudu,KL Rahul,H Masakadza,1,0,,,,,,"",""
ball,2,40.3,India,KL Rahul,AT Rayudu,H Masakadza,1,0,,,,,,"",""
ball,2,40.4,India,AT Rayudu,KL Rahul,H Masakadza,1,0,,,,,,"",""
ball,2,40.5,India,KL Rahul,AT Rayudu,H Masakadza,1,0,,,,,,"",""
ball,2,40.6,India,AT Rayudu,KL Rahul,H Masakadza,0,0,,,,,,"",""
ball,2,41.1,India,KL Rahul,AT Rayudu,CJ Chibhabha,0,0,,,,,,"",""
ball,2,41.2,India,KL Rahul,AT Rayudu,CJ Chibhabha,1,0,,,,,,"",""
ball,2,41.3,India,AT Rayudu,KL Rahul,CJ Chibhabha,0,0,,,,,,"",""
ball,2,41.4,India,AT Rayudu,KL Rahul,CJ Chibhabha,1,0,,,,,,"",""
ball,2,41.5,India,KL Rahul,AT Rayudu,CJ Chibhabha,1,0,,,,,,"",""
ball,2,41.6,India,AT Rayudu,KL Rahul,CJ Chibhabha,0,0,,,,,,"",""
ball,2,42.1,India,KL Rahul,AT Rayudu,H Masakadza,0,0,,,,,,"",""
ball,2,42.2,India,KL Rahul,AT Rayudu,H Masakadza,2,0,,,,,,"",""
ball,2,42.3,India,KL Rahul,AT Rayudu,H Masakadza,6,0,,,,,,"",""
