version,1.6.0
info,balls_per_over,6
info,team,Guyana Amazon Warriors
info,team,St Lucia Zouks
info,gender,male
info,season,2016
info,date,2016/07/24
info,event,Caribbean Premier League
info,match_number,23
info,venue,"Daren Sammy National Cricket Stadium, Gros Islet"
info,city,St Lucia
info,toss_winner,St Lucia Zouks
info,toss_decision,field
info,player_of_match,J Charles
info,umpire,JD Cloete
info,umpire,Zahid Bassarath
info,tv_umpire,PA Gustard
info,match_referee,Denavon Hayles
info,winner,St Lucia Zouks
info,winner_wickets,9
info,player,Guyana Amazon Warriors,DR Smith
info,player,Guyana Amazon Warriors,NJ Maddinson
info,player,Guyana Amazon Warriors,CA Lynn
info,player,Guyana Amazon Warriors,A Bramble
info,player,Guyana Amazon Warriors,SO Hetmyer
info,player,Guyana Amazon Warriors,RR Emrit
info,player,Guyana Amazon Warriors,JN Mohammed
info,player,Guyana Amazon Warriors,Sohail Tanvir
info,player,Guyana Amazon Warriors,V Permaul
info,player,Guyana Amazon Warriors,O Peters
info,player,Guyana Amazon Warriors,A Zampa
info,player,St Lucia Zouks,J Charles
info,player,St Lucia Zouks,ADS Fletcher
info,player,St Lucia Zouks,SR Watson
info,player,St Lucia Zouks,MEK Hussey
info,player,St Lucia Zouks,GD Elliott
info,player,St Lucia Zouks,DJG Sammy
info,player,St Lucia Zouks,K Lesporis
info,player,St Lucia Zouks,KR Mayers
info,player,St Lucia Zouks,S Shillingford
info,player,St Lucia Zouks,JE Taylor
info,player,St Lucia Zouks,DE Johnson
info,registry,people,A Bramble,eca0c288
info,registry,people,A Zampa,14f96089
info,registry,people,ADS Fletcher,1bae756b
info,registry,people,CA Lynn,45eda7c8
info,registry,people,DE Johnson,c0babb93
info,registry,people,DJG Sammy,c03c6200
info,registry,people,DR Smith,35205dfc
info,registry,people,Denavon Hayles,5cbeeb02
info,registry,people,GD Elliott,c03449e0
info,registry,people,J Charles,09a9d073
info,registry,people,JD Cloete,b0419f8c
info,registry,people,JE Taylor,4180d897
info,registry,people,JN Mohammed,773cec26
info,registry,people,K Lesporis,fb496f7a
info,registry,people,KR Mayers,73c18486
info,registry,people,MEK Hussey,48fd7349
info,registry,people,NJ Maddinson,44afbf2d
info,registry,people,O Peters,df60a57a
info,registry,people,PA Gustard,25bcf808
info,registry,people,RR Emrit,e7de4f6b
info,registry,people,S Shillingford,d76b0d2d
info,registry,people,SO Hetmyer,48a1d7b7
info,registry,people,SR Watson,4329fbb5
info,registry,people,Sohail Tanvir,64d43928
info,registry,people,V Permaul,78dfe704
info,registry,people,Zahid Bassarath,ca6bf044
ball,1,0.1,Guyana Amazon Warriors,DR Smith,NJ Maddinson,KR Mayers,0,0,,,,,,"",""
ball,1,0.2,Guyana Amazon Warriors,DR Smith,NJ Maddinson,KR Mayers,0,0,,,,,,"",""
ball,1,0.3,Guyana Amazon Warriors,DR Smith,NJ Maddinson,KR Mayers,1,0,,,,,,"",""
ball,1,0.4,Guyana Amazon Warriors,NJ Maddinson,DR Smith,KR Mayers,0,0,,,,,,"",""
ball,1,0.5,Guyana Amazon Warriors,NJ Maddinson,DR Smith,KR Mayers,1,0,,,,,,"",""
ball,1,0.6,Guyana Amazon Warriors,DR Smith,NJ Maddinson,KR Mayers,0,0,,,,,,"",""
ball,1,1.1,Guyana Amazon Warriors,NJ Maddinson,DR Smith,JE Taylor,0,0,,,,,,"",""
ball,1,1.2,Guyana Amazon Warriors,NJ Maddinson,DR Smith,JE Taylor,0,0,,,,,,"",""
ball,1,1.3,Guyana Amazon Warriors,NJ Maddinson,DR Smith,JE Taylor,0,0,,,,,,"",""
ball,1,1.4,Guyana Amazon Warriors,NJ Maddinson,DR Smith,JE Taylor,0,0,,,,,,"",""
ball,1,1.5,Guyana Amazon Warriors,NJ Maddinson,DR Smith,JE Taylor,0,0,,,,,,"",""
ball,1,1.6,Guyana Amazon Warriors,NJ Maddinson,DR Smith,JE Taylor,0,0,,,,,,"",""
ball,1,2.1,Guyana Amazon Warriors,DR Smith,NJ Maddinson,KR Mayers,6,0,,,,,,"",""
ball,1,2.2,Guyana Amazon Warriors,DR Smith,NJ Maddinson,KR Mayers,0,0,,,,,,"",""
ball,1,2.3,Guyana Amazon Warriors,DR Smith,NJ Maddinson,KR Mayers,0,0,,,,,,"",""
ball,1,2.4,Guyana Amazon Warriors,DR Smith,NJ Maddinson,KR Mayers,1,0,,,,,,"",""
ball,1,2.5,Guyana Amazon Warriors,NJ Maddinson,DR Smith,KR Mayers,1,0,,,,,,"",""
ball,1,2.6,Guyana Amazon Warriors,DR Smith,NJ Maddinson,KR Mayers,1,0,,,,,,"",""
ball,1,3.1,Guyana Amazon Warriors,DR Smith,NJ Maddinson,JE Taylor,0,1,1,,,,,"",""
ball,1,3.2,Guyana Amazon Warriors,DR Smith,NJ Maddinson,JE Taylor,0,0,,,,,,"",""
ball,1,3.3,Guyana Amazon Warriors,DR Smith,NJ Maddinson,JE Taylor,0,0,,,,,,"",""
ball,1,3.4,Guyana Amazon Warriors,DR Smith,NJ Maddinson,JE Taylor,1,0,,,,,,"",""
ball,1,3.5,Guyana Amazon Warriors,NJ Maddinson,DR Smith,JE Taylor,0,0,,,,,,bowled,NJ Maddinson
ball,1,3.6,Guyana Amazon Warriors,CA Lynn,DR Smith,JE Taylor,0,0,,,,,,"",""
ball,1,3.7,Guyana Amazon Warriors,CA Lynn,DR Smith,JE Taylor,1,0,,,,,,"",""
ball,1,4.1,Guyana Amazon Warriors,CA Lynn,DR Smith,SR Watson,0,0,,,,,,"",""
ball,1,4.2,Guyana Amazon Warriors,CA Lynn,DR Smith,SR Watson,4,0,,,,,,"",""
ball,1,4.3,Guyana Amazon Warriors,CA Lynn,DR Smith,SR Watson,0,0,,,,,,"",""
ball,1,4.4,Guyana Amazon Warriors,CA Lynn,DR Smith,SR Watson,0,0,,,,,,"",""
ball,1,4.5,Guyana Amazon Warriors,CA Lynn,DR Smith,SR Watson,6,0,,,,,,"",""
ball,1,4.6,Guyana Amazon Warriors,CA Lynn,DR Smith,SR Watson,0,0,,,,,,"",""
ball,1,5.1,Guyana Amazon Warriors,DR Smith,CA Lynn,DE Johnson,0,0,,,,,,"",""
ball,1,5.2,Guyana Amazon Warriors,DR Smith,CA Lynn,DE Johnson,0,0,,,,,,"",""
ball,1,5.3,Guyana Amazon Warriors,DR Smith,CA Lynn,DE Johnson,0,0,,,,,,"",""
ball,1,5.4,Guyana Amazon Warriors,DR Smith,CA Lynn,DE Johnson,0,0,,,,,,"",""
ball,1,5.5,Guyana Amazon Warriors,DR Smith,CA Lynn,DE Johnson,4,0,,,,,,"",""
ball,1,5.6,Guyana Amazon Warriors,DR Smith,CA Lynn,DE Johnson,0,0,,,,,,"",""
ball,1,6.1,Guyana Amazon Warriors,CA Lynn,DR Smith,SR Watson,1,0,,,,,,"",""
ball,1,6.2,Guyana Amazon Warriors,DR Smith,CA Lynn,SR Watson,1,0,,,,,,"",""
ball,1,6.3,Guyana Amazon Warriors,CA Lynn,DR Smith,SR Watson,1,0,,,,,,"",""
ball,1,6.4,Guyana Amazon Warriors,DR Smith,CA Lynn,SR Watson,1,0,,,,,,"",""
ball,1,6.5,Guyana Amazon Warriors,CA Lynn,DR Smith,SR Watson,1,0,,,,,,"",""
ball,1,6.6,Guyana Amazon Warriors,DR Smith,CA Lynn,SR Watson,1,0,,,,,,"",""
ball,1,7.1,Guyana Amazon Warriors,DR Smith,CA Lynn,DJG Sammy,1,0,,,,,,"",""
ball,1,7.2,Guyana Amazon Warriors,CA Lynn,DR Smith,DJG Sammy,1,0,,,,,,"",""
ball,1,7.3,Guyana Amazon Warriors,DR Smith,CA Lynn,DJG Sammy,1,0,,,,,,"",""
ball,1,7.4,Guyana Amazon Warriors,CA Lynn,DR Smith,DJG Sammy,1,0,,,,,,"",""
ball,1,7.5,Guyana Amazon Warriors,DR Smith,CA Lynn,DJG Sammy,1,0,,,,,,"",""
ball,1,7.6,Guyana Amazon Warriors,CA Lynn,DR Smith,DJG Sammy,4,0,,,,,,"",""
ball,1,8.1,Guyana Amazon Warriors,DR Smith,CA Lynn,DE Johnson,1,0,,,,,,"",""
ball,1,8.2,Guyana Amazon Warriors,CA Lynn,DR Smith,DE Johnson,0,1,1,,,,,"",""
ball,1,8.3,Guyana Amazon Warriors,CA Lynn,DR Smith,DE Johnson,4,0,,,,,,"",""
ball,1,8.4,Guyana Amazon Warriors,CA Lynn,DR Smith,DE Johnson,1,0,,,,,,"",""
ball,1,8.5,Guyana Amazon Warriors,DR Smith,CA Lynn,DE Johnson,1,0,,,,,,"",""
ball,1,8.6,Guyana Amazon Warriors,CA Lynn,DR Smith,DE Johnson,1,0,,,,,,"",""
ball,1,8.7,Guyana Amazon Warriors,DR Smith,CA Lynn,DE Johnson,1,0,,,,,,"",""
ball,1,9.1,Guyana Amazon Warriors,DR Smith,CA Lynn,GD Elliott,0,1,,,,1,,"",""
ball,1,9.2,Guyana Amazon Warriors,CA Lynn,DR Smith,GD Elliott,1,0,,,,,,"",""
ball,1,9.3,Guyana Amazon Warriors,DR Smith,CA Lynn,GD Elliott,6,0,,,,,,"",""
ball,1,9.4,Guyana Amazon Warriors,DR Smith,CA Lynn,GD Elliott,0,0,,,,,,"",""
ball,1,9.5,Guyana Amazon Warriors,DR Smith,CA Lynn,GD Elliott,0,0,,,,,,"",""
ball,1,9.6,Guyana Amazon Warriors,DR Smith,CA Lynn,GD Elliott,1,0,,,,,,"",""
ball,1,10.1,Guyana Amazon Warriors,DR Smith,CA Lynn,SR Watson,4,0,,,,,,"",""
ball,1,10.2,Guyana Amazon Warriors,DR Smith,CA Lynn,SR Watson,1,0,,,,,,"",""
ball,1,10.3,Guyana Amazon Warriors,CA Lynn,DR Smith,SR Watson,1,0,,,,,,"",""
ball,1,10.4,Guyana Amazon Warriors,DR Smith,CA Lynn,SR Watson,0,0,,,,,,"",""
ball,1,10.5,Guyana Amazon Warriors,DR Smith,CA Lynn,SR Watson,0,0,,,,,,"",""
ball,1,10.6,Guyana Amazon Warriors,DR Smith,CA Lynn,SR Watson,4,0,,,,,,"",""
ball,1,11.1,Guyana Amazon Warriors,CA Lynn,DR Smith,DJG Sammy,1,0,,,,,,"",""
ball,1,11.2,Guyana Amazon Warriors,DR Smith,CA Lynn,DJG Sammy,4,0,,,,,,"",""
ball,1,11.3,Guyana Amazon Warriors,DR Smith,CA Lynn,DJG Sammy,0,0,,,,,,"",""
ball,1,11.4,Guyana Amazon Warriors,DR Smith,CA Lynn,DJG Sammy,1,0,,,,,,"",""
ball,1,11.5,Guyana Amazon Warriors,CA Lynn,DR Smith,DJG Sammy,6,0,,,,,,"",""
ball,1,11.6,Guyana Amazon Warriors,CA Lynn,DR Smith,DJG Sammy,1,0,,,,,,"",""
ball,1,12.1,Guyana Amazon Warriors,CA Lynn,DR Smith,DE Johnson,1,0,,,,,,"",""
ball,1,12.2,Guyana Amazon Warriors,DR Smith,CA Lynn,DE Johnson,0,1,1,,,,,"",""
ball,1,12.3,Guyana Amazon Warriors,DR Smith,CA Lynn,DE Johnson,0,0,,,,,,"",""
ball,1,12.4,Guyana Amazon Warriors,DR Smith,CA Lynn,DE Johnson,0,1,1,,,,,"",""
ball,1,12.5,Guyana Amazon Warriors,DR Smith,CA Lynn,DE Johnson,2,0,,,,,,"",""
ball,1,12.6,Guyana Amazon Warriors,DR Smith,CA Lynn,DE Johnson,1,0,,,,,,"",""
ball,1,12.7,Guyana Amazon Warriors,CA Lynn,DR Smith,DE Johnson,1,0,,,,,,"",""
ball,1,12.8,Guyana Amazon Warriors,DR Smith,CA Lynn,DE Johnson,0,0,,,,,,"",""
ball,1,13.1,Guyana Amazon Warriors,CA Lynn,DR Smith,GD Elliott,4,0,,,,,,"",""
ball,1,13.2,Guyana Amazon Warriors,CA Lynn,DR Smith,GD Elliott,0,0,,,,,,"",""
ball,1,13.3,Guyana Amazon Warriors,CA Lynn,DR Smith,GD Elliott,0,0,,,,,,"",""
ball,1,13.4,Guyana Amazon Warriors,CA Lynn,DR Smith,GD Elliott,1,0,,,,,,"",""
ball,1,13.5,Guyana Amazon Warriors,DR Smith,CA Lynn,GD Elliott,4,0,,,,,,"",""
ball,1,13.6,Guyana Amazon Warriors,DR Smith,CA Lynn,GD Elliott,1,0,,,,,,"",""
ball,1,14.1,Guyana Amazon Warriors,DR Smith,CA Lynn,KR Mayers,1,0,,,,,,"",""
ball,1,14.2,Guyana Amazon Warriors,CA Lynn,DR Smith,KR Mayers,4,0,,,,,,"",""
ball,1,14.3,Guyana Amazon Warriors,CA Lynn,DR Smith,KR Mayers,1,0,,,,,,"",""
ball,1,14.4,Guyana Amazon Warriors,DR Smith,CA Lynn,KR Mayers,1,0,,,,,,"",""
ball,1,14.5,Guyana Amazon Warriors,CA Lynn,DR Smith,KR Mayers,1,0,,,,,,"",""
ball,1,14.6,Guyana Amazon Warriors,DR Smith,CA Lynn,KR Mayers,1,0,,,,,,"",""
ball,1,15.1,Guyana Amazon Warriors,DR Smith,CA Lynn,DJG Sammy,1,0,,,,,,"",""
ball,1,15.2,Guyana Amazon Warriors,CA Lynn,DR Smith,DJG Sammy,1,0,,,,,,"",""
ball,1,15.3,Guyana Amazon Warriors,DR Smith,CA Lynn,DJG Sammy,0,0,,,,,,caught,DR Smith
ball,1,15.4,Guyana Amazon Warriors,CA Lynn,A Bramble,DJG Sammy,1,0,,,,,,"",""
ball,1,15.5,Guyana Amazon Warriors,A Bramble,CA Lynn,DJG Sammy,1,0,,,,,,"",""
ball,1,15.6,Guyana Amazon Warriors,CA Lynn,A Bramble,DJG Sammy,4,0,,,,,,"",""
ball,1,16.1,Guyana Amazon Warriors,A Bramble,CA Lynn,JE Taylor,0,0,,,,,,"",""
ball,1,16.2,Guyana Amazon Warriors,A Bramble,CA Lynn,JE Taylor,1,0,,,,,,"",""
ball,1,16.3,Guyana Amazon Warriors,CA Lynn,A Bramble,JE Taylor,6,0,,,,,,"",""
ball,1,16.4,Guyana Amazon Warriors,CA Lynn,A Bramble,JE Taylor,2,0,,,,,,"",""
ball,1,16.5,Guyana Amazon Warriors,CA Lynn,A Bramble,JE Taylor,1,0,,,,,,"",""
ball,1,16.6,Guyana Amazon Warriors,A Bramble,CA Lynn,JE Taylor,2,0,,,,,,"",""
ball,1,17.1,Guyana Amazon Warriors,CA Lynn,A Bramble,DE Johnson,0,1,1,,,,,"",""
ball,1,17.2,Guyana Amazon Warriors,CA Lynn,A Bramble,DE Johnson,6,0,,,,,,"",""
ball,1,17.3,Guyana Amazon Warriors,CA Lynn,A Bramble,DE Johnson,2,0,,,,,,"",""
ball,1,17.4,Guyana Amazon Warriors,CA Lynn,A Bramble,DE Johnson,6,0,,,,,,"",""
ball,1,17.5,Guyana Amazon Warriors,CA Lynn,A Bramble,DE Johnson,0,0,,,,,,"",""
ball,1,17.6,Guyana Amazon Warriors,CA Lynn,A Bramble,DE Johnson,1,0,,,,,,"",""
ball,1,17.7,Guyana Amazon Warriors,A Bramble,CA Lynn,DE Johnson,0,0,,,,,,"",""
ball,1,18.1,Guyana Amazon Warriors,CA Lynn,A Bramble,JE Taylor,6,0,,,,,,"",""
ball,1,18.2,Guyana Amazon Warriors,CA Lynn,A Bramble,JE Taylor,1,0,,,,,,"",""
ball,1,18.3,Guyana Amazon Warriors,A Bramble,CA Lynn,JE Taylor,4,0,,,,,,"",""
ball,1,18.4,Guyana Amazon Warriors,A Bramble,CA Lynn,JE Taylor,0,0,,,,,,bowled,A Bramble
ball,1,18.5,Guyana Amazon Warriors,SO Hetmyer,CA Lynn,JE Taylor,0,0,,,,,,"",""
ball,1,18.6,Guyana Amazon Warriors,SO Hetmyer,CA Lynn,JE Taylor,0,0,,,,,,"",""
ball,1,19.1,Guyana Amazon Warriors,CA Lynn,SO Hetmyer,SR Watson,0,0,,,,,,caught,CA Lynn
ball,1,19.2,Guyana Amazon Warriors,SO Hetmyer,RR Emrit,SR Watson,0,0,,,,,,caught,SO Hetmyer
ball,1,19.3,Guyana Amazon Warriors,RR Emrit,JN Mohammed,SR Watson,0,0,,,,,,"",""
ball,1,19.4,Guyana Amazon Warriors,RR Emrit,JN Mohammed,SR Watson,1,0,,,,,,"",""
ball,1,19.5,Guyana Amazon Warriors,JN Mohammed,RR Emrit,SR Watson,0,0,,,,,,"",""
ball,1,19.6,Guyana Amazon Warriors,JN Mohammed,RR Emrit,SR Watson,0,0,,,,,,"",""
ball,2,0.1,St Lucia Zouks,J Charles,ADS Fletcher,Sohail Tanvir,0,0,,,,,,"",""
ball,2,0.2,St Lucia Zouks,J Charles,ADS Fletcher,Sohail Tanvir,0,0,,,,,,"",""
ball,2,0.3,St Lucia Zouks,J Charles,ADS Fletcher,Sohail Tanvir,1,0,,,,,,"",""
ball,2,0.4,St Lucia Zouks,ADS Fletcher,J Charles,Sohail Tanvir,1,0,,,,,,"",""
ball,2,0.5,St Lucia Zouks,J Charles,ADS Fletcher,Sohail Tanvir,0,0,,,,,,"",""
ball,2,0.6,St Lucia Zouks,J Charles,ADS Fletcher,Sohail Tanvir,0,0,,,,,,"",""
ball,2,1.1,St Lucia Zouks,ADS Fletcher,J Charles,V Permaul,0,0,,,,,,"",""
ball,2,1.2,St Lucia Zouks,ADS Fletcher,J Charles,V Permaul,0,0,,,,,,"",""
ball,2,1.3,St Lucia Zouks,ADS Fletcher,J Charles,V Permaul,1,0,,,,,,"",""
ball,2,1.4,St Lucia Zouks,J Charles,ADS Fletcher,V Permaul,1,0,,,,,,"",""
ball,2,1.5,St Lucia Zouks,ADS Fletcher,J Charles,V Permaul,1,0,,,,,,"",""
ball,2,1.6,St Lucia Zouks,J Charles,ADS Fletcher,V Permaul,1,0,,,,,,"",""
ball,2,2.1,St Lucia Zouks,J Charles,ADS Fletcher,Sohail Tanvir,4,0,,,,,,"",""
ball,2,2.2,St Lucia Zouks,J Charles,ADS Fletcher,Sohail Tanvir,1,0,,,,,,"",""
ball,2,2.3,St Lucia Zouks,ADS Fletcher,J Charles,Sohail Tanvir,0,0,,,,,,bowled,ADS Fletcher
ball,2,2.4,St Lucia Zouks,SR Watson,J Charles,Sohail Tanvir,4,0,,,,,,"",""
ball,2,2.5,St Lucia Zouks,SR Watson,J Charles,Sohail Tanvir,0,0,,,,,,"",""
ball,2,2.6,St Lucia Zouks,SR Watson,J Charles,Sohail Tanvir,4,0,,,,,,"",""
ball,2,3.1,St Lucia Zouks,J Charles,SR Watson,V Permaul,6,0,,,,,,"",""
ball,2,3.2,St Lucia Zouks,J Charles,SR Watson,V Permaul,1,0,,,,,,"",""
ball,2,3.3,St Lucia Zouks,SR Watson,J Charles,V Permaul,0,0,,,,,,"",""
ball,2,3.4,St Lucia Zouks,SR Watson,J Charles,V Permaul,2,0,,,,,,"",""
ball,2,3.5,St Lucia Zouks,SR Watson,J Charles,V Permaul,0,0,,,,,,"",""
ball,2,3.6,St Lucia Zouks,SR Watson,J Charles,V Permaul,0,0,,,,,,"",""
ball,2,4.1,St Lucia Zouks,J Charles,SR Watson,RR Emrit,0,0,,,,,,"",""
ball,2,4.2,St Lucia Zouks,J Charles,SR Watson,RR Emrit,1,0,,,,,,"",""
ball,2,4.3,St Lucia Zouks,SR Watson,J Charles,RR Emrit,1,0,,,,,,"",""
ball,2,4.4,St Lucia Zouks,J Charles,SR Watson,RR Emrit,1,0,,,,,,"",""
ball,2,4.5,St Lucia Zouks,SR Watson,J Charles,RR Emrit,1,0,,,,,,"",""
ball,2,4.6,St Lucia Zouks,J Charles,SR Watson,RR Emrit,1,0,,,,,,"",""
ball,2,5.1,St Lucia Zouks,J Charles,SR Watson,V Permaul,1,0,,,,,,"",""
ball,2,5.2,St Lucia Zouks,SR Watson,J Charles,V Permaul,1,0,,,,,,"",""
ball,2,5.3,St Lucia Zouks,J Charles,SR Watson,V Permaul,2,0,,,,,,"",""
ball,2,5.4,St Lucia Zouks,J Charles,SR Watson,V Permaul,4,0,,,,,,"",""
ball,2,5.5,St Lucia Zouks,J Charles,SR Watson,V Permaul,0,0,,,,,,"",""
ball,2,5.6,St Lucia Zouks,J Charles,SR Watson,V Permaul,0,2,2,,,,,"",""
ball,2,5.7,St Lucia Zouks,SR Watson,J Charles,V Permaul,4,0,,,,,,"",""
ball,2,6.1,St Lucia Zouks,J Charles,SR Watson,O Peters,0,1,,,1,,,"",""
ball,2,6.2,St Lucia Zouks,SR Watson,J Charles,O Peters,1,0,,,,,,"",""
ball,2,6.3,St Lucia Zouks,J Charles,SR Watson,O Peters,4,0,,,,,,"",""
ball,2,6.4,St Lucia Zouks,J Charles,SR Watson,O Peters,6,0,,,,,,"",""
ball,2,6.5,St Lucia Zouks,J Charles,SR Watson,O Peters,6,0,,,,,,"",""
ball,2,6.6,St Lucia Zouks,J Charles,SR Watson,O Peters,1,0,,,,,,"",""
ball,2,7.1,St Lucia Zouks,J Charles,SR Watson,A Zampa,2,0,,,,,,"",""
ball,2,7.2,St Lucia Zouks,J Charles,SR Watson,A Zampa,1,0,,,,,,"",""
ball,2,7.3,St Lucia Zouks,SR Watson,J Charles,A Zampa,4,0,,,,,,"",""
ball,2,7.4,St Lucia Zouks,SR Watson,J Charles,A Zampa,0,0,,,,,,"",""
ball,2,7.5,St Lucia Zouks,SR Watson,J Charles,A Zampa,1,0,,,,,,"",""
ball,2,7.6,St Lucia Zouks,J Charles,SR Watson,A Zampa,0,0,,,,,,"",""
ball,2,8.1,St Lucia Zouks,SR Watson,J Charles,DR Smith,0,1,1,,,,,"",""
ball,2,8.2,St Lucia Zouks,SR Watson,J Charles,DR Smith,2,0,,,,,,"",""
ball,2,8.3,St Lucia Zouks,SR Watson,J Charles,DR Smith,1,0,,,,,,"",""
ball,2,8.4,St Lucia Zouks,J Charles,SR Watson,DR Smith,1,0,,,,,,"",""
ball,2,8.5,St Lucia Zouks,SR Watson,J Charles,DR Smith,0,1,,,,1,,"",""
ball,2,8.6,St Lucia Zouks,J Charles,SR Watson,DR Smith,1,0,,,,,,"",""
ball,2,8.7,St Lucia Zouks,SR Watson,J Charles,DR Smith,2,0,,,,,,"",""
ball,2,9.1,St Lucia Zouks,J Charles,SR Watson,A Zampa,2,0,,,,,,"",""
ball,2,9.2,St Lucia Zouks,J Charles,SR Watson,A Zampa,2,0,,,,,,"",""
ball,2,9.3,St Lucia Zouks,J Charles,SR Watson,A Zampa,1,0,,,,,,"",""
ball,2,9.4,St Lucia Zouks,SR Watson,J Charles,A Zampa,0,0,,,,,,"",""
ball,2,9.5,St Lucia Zouks,SR Watson,J Charles,A Zampa,1,0,,,,,,"",""
ball,2,9.6,St Lucia Zouks,J Charles,SR Watson,A Zampa,2,0,,,,,,"",""
ball,2,10.1,St Lucia Zouks,SR Watson,J Charles,RR Emrit,0,0,,,,,,"",""
ball,2,10.2,St Lucia Zouks,SR Watson,J Charles,RR Emrit,1,0,,,,,,"",""
ball,2,10.3,St Lucia Zouks,J Charles,SR Watson,RR Emrit,0,0,,,,,,"",""
ball,2,10.4,St Lucia Zouks,J Charles,SR Watson,RR Emrit,0,0,,,,,,"",""
ball,2,10.5,St Lucia Zouks,J Charles,SR Watson,RR Emrit,0,0,,,,,,"",""
ball,2,10.6,St Lucia Zouks,J Charles,SR Watson,RR Emrit,6,0,,,,,,"",""
ball,2,11.1,St Lucia Zouks,SR Watson,J Charles,A Zampa,1,0,,,,,,"",""
ball,2,11.2,St Lucia Zouks,J Charles,SR Watson,A Zampa,1,0,,,,,,"",""
ball,2,11.3,St Lucia Zouks,SR Watson,J Charles,A Zampa,1,0,,,,,,"",""
ball,2,11.4,St Lucia Zouks,J Charles,SR Watson,A Zampa,1,0,,,,,,"",""
ball,2,11.5,St Lucia Zouks,SR Watson,J Charles,A Zampa,1,0,,,,,,"",""
ball,2,11.6,St Lucia Zouks,J Charles,SR Watson,A Zampa,6,0,,,,,,"",""
ball,2,12.1,St Lucia Zouks,SR Watson,J Charles,Sohail Tanvir,1,0,,,,,,"",""
ball,2,12.2,St Lucia Zouks,J Charles,SR Watson,Sohail Tanvir,6,0,,,,,,"",""
ball,2,12.3,St Lucia Zouks,J Charles,SR Watson,Sohail Tanvir,0,1,1,,,,,"",""
ball,2,12.4,St Lucia Zouks,J Charles,SR Watson,Sohail Tanvir,1,0,,,,,,"",""
ball,2,12.5,St Lucia Zouks,SR Watson,J Charles,Sohail Tanvir,1,0,,,,,,"",""
ball,2,12.6,St Lucia Zouks,J Charles,SR Watson,Sohail Tanvir,1,0,,,,,,"",""
ball,2,12.7,St Lucia Zouks,SR Watson,J Charles,Sohail Tanvir,4,0,,,,,,"",""
ball,2,13.1,St Lucia Zouks,J Charles,SR Watson,DR Smith,0,0,,,,,,"",""
ball,2,13.2,St Lucia Zouks,J Charles,SR Watson,DR Smith,1,0,,,,,,"",""
ball,2,13.3,St Lucia Zouks,SR Watson,J Charles,DR Smith,4,0,,,,,,"",""
ball,2,13.4,St Lucia Zouks,SR Watson,J Charles,DR Smith,1,0,,,,,,"",""
ball,2,13.5,St Lucia Zouks,J Charles,SR Watson,DR Smith,1,0,,,,,,"",""
ball,2,13.6,St Lucia Zouks,SR Watson,J Charles,DR Smith,2,0,,,,,,"",""
ball,2,14.1,St Lucia Zouks,J Charles,SR Watson,Sohail Tanvir,1,0,,,,,,"",""
ball,2,14.2,St Lucia Zouks,SR Watson,J Charles,Sohail Tanvir,2,0,,,,,,"",""
ball,2,14.3,St Lucia Zouks,SR Watson,J Charles,Sohail Tanvir,0,1,1,,,,,"",""
ball,2,14.4,St Lucia Zouks,SR Watson,J Charles,Sohail Tanvir,2,0,,,,,,"",""
ball,2,14.5,St Lucia Zouks,SR Watson,J Charles,Sohail Tanvir,4,0,,,,,,"",""
ball,2,14.6,St Lucia Zouks,SR Watson,J Charles,Sohail Tanvir,1,0,,,,,,"",""
ball,2,14.7,St Lucia Zouks,J Charles,SR Watson,Sohail Tanvir,6,0,,,,,,"",""
ball,2,15.1,St Lucia Zouks,SR Watson,J Charles,DR Smith,1,0,,,,,,"",""
ball,2,15.2,St Lucia Zouks,J Charles,SR Watson,DR Smith,0,1,,,,1,,"",""
ball,2,15.3,St Lucia Zouks,SR Watson,J Charles,DR Smith,1,0,,,,,,"",""
ball,2,15.4,St Lucia Zouks,J Charles,SR Watson,DR Smith,4,0,,,,,,"",""
ball,2,15.5,St Lucia Zouks,J Charles,SR Watson,DR Smith,1,0,,,,,,"",""
ball,2,15.6,St Lucia Zouks,SR Watson,J Charles,DR Smith,0,0,,,,,,"",""
ball,2,16.1,St Lucia Zouks,J Charles,SR Watson,A Zampa,4,0,,,,,,"",""
