version,1.6.0
info,balls_per_over,6
info,team,Papua New Guinea
info,team,Kenya
info,gender,male
info,season,2016
info,date,2016/05/30
info,event,ICC World Cricket League Championship
info,match_number,24
info,venue,Amini Park
info,city,Port Moresby
info,toss_winner,Papua New Guinea
info,toss_decision,bat
info,umpire,MD Martell
info,umpire,L Oala
info,reserve_umpire,A Kapa
info,match_referee,SR Bernard
info,winner,Papua New Guinea
info,winner_runs,21
info,player,Kenya,IA Karim
info,player,Kenya,Gurdeep Singh
info,player,Kenya,RN Patel
info,player,Kenya,RR Patel
info,player,Kenya,CO Obuya
info,player,Kenya,MA Ouma
info,player,Kenya,SO Ngoche
info,player,Kenya,NN Odhiambo
info,player,Kenya,LN Oluoch
info,player,Kenya,EB Ringera
info,player,Kenya,E Otieno
info,player,Papua New Guinea,L Siaka
info,player,Papua New Guinea,VV Morea
info,player,Papua New Guinea,A Vala
info,player,Papua New Guinea,S Bau
info,player,Papua New Guinea,MD Dai
info,player,Papua New Guinea,CJA Amini
info,player,Papua New Guinea,JNT Vare
info,player,Papua New Guinea,JB Reva
info,player,Papua New Guinea,N Vanua
info,player,Papua New Guinea,CA Soper
info,player,Papua New Guinea,N Pokana
info,registry,people,A Kapa,7c9c0f18
info,registry,people,A Vala,72e60730
info,registry,people,CA Soper,9920dd86
info,registry,people,CJA Amini,4d84ad05
info,registry,people,CO Obuya,5680f1ad
info,registry,people,E Otieno,c57fa67e
info,registry,people,EB Ringera,6cedad99
info,registry,people,Gurdeep Singh,31865a5b
info,registry,people,IA Karim,ca92a578
info,registry,people,JB Reva,6a685375
info,registry,people,JNT Vare,3e326efc
info,registry,people,L Oala,48a506ab
info,registry,people,L Siaka,6b4593ee
info,registry,people,LN Oluoch,eb4f9c61
info,registry,people,MA Ouma,0939c670
info,registry,people,MD Dai,5be810ba
info,registry,people,MD Martell,487c072e
info,registry,people,N Pokana,87a92b6b
info,registry,people,N Vanua,a36915ce
info,registry,people,NN Odhiambo,753b5a2d
info,registry,people,RN Patel,db1bf9c2
info,registry,people,RR Patel,7fa6bd8e
info,registry,people,S Bau,9a95bebb
info,registry,people,SO Ngoche,49118dc7
info,registry,people,SR Bernard,800187dc
info,registry,people,VV Morea,e64c10dd
ball,1,0.1,Papua New Guinea,L Siaka,VV Morea,NN Odhiambo,0,2,,2,,,,"",""
ball,1,0.2,Papua New Guinea,VV Morea,L Siaka,NN Odhiambo,1,0,,,,,,"",""
ball,1,0.3,Papua New Guinea,L Siaka,VV Morea,NN Odhiambo,0,0,,,,,,"",""
ball,1,0.4,Papua New Guinea,L Siaka,VV Morea,NN Odhiambo,0,1,1,,,,,"",""
ball,1,0.5,Papua New Guinea,L Siaka,VV Morea,NN Odhiambo,0,1,1,,,,,"",""
ball,1,0.6,Papua New Guinea,L Siaka,VV Morea,NN Odhiambo,0,0,,,,,,"",""
ball,1,0.7,Papua New Guinea,L Siaka,VV Morea,NN Odhiambo,0,0,,,,,,"",""
ball,1,0.8,Papua New Guinea,L Siaka,VV Morea,NN Odhiambo,0,0,,,,,,"",""
ball,1,0.9,Papua New Guinea,L Siaka,VV Morea,NN Odhiambo,0,0,,,,,,"",""
ball,1,1.1,Papua New Guinea,VV Morea,L Siaka,E Otieno,0,0,,,,,,"",""
ball,1,1.2,Papua New Guinea,VV Morea,L Siaka,E Otieno,0,0,,,,,,"",""
ball,1,1.3,Papua New Guinea,VV Morea,L Siaka,E Otieno,0,0,,,,,,"",""
ball,1,1.4,Papua New Guinea,VV Morea,L Siaka,E Otieno,0,0,,,,,,"",""
ball,1,1.5,Papua New Guinea,VV Morea,L Siaka,E Otieno,0,0,,,,,,"",""
ball,1,1.6,Papua New Guinea,VV Morea,L Siaka,E Otieno,0,0,,,,,,"",""
ball,1,2.1,Papua New Guinea,L Siaka,VV Morea,NN Odhiambo,0,0,,,,,,caught,L Siaka
ball,1,2.2,Papua New Guinea,A Vala,VV Morea,NN Odhiambo,0,0,,,,,,"",""
ball,1,2.3,Papua New Guinea,A Vala,VV Morea,NN Odhiambo,1,0,,,,,,"",""
ball,1,2.4,Papua New Guinea,VV Morea,A Vala,NN Odhiambo,0,0,,,,,,"",""
ball,1,2.5,Papua New Guinea,VV Morea,A Vala,NN Odhiambo,0,0,,,,,,"",""
ball,1,2.6,Papua New Guinea,VV Morea,A Vala,NN Odhiambo,4,0,,,,,,"",""
ball,1,3.1,Papua New Guinea,A Vala,VV Morea,E Otieno,0,0,,,,,,"",""
ball,1,3.2,Papua New Guinea,A Vala,VV Morea,E Otieno,0,0,,,,,,"",""
ball,1,3.3,Papua New Guinea,A Vala,VV Morea,E Otieno,2,0,,,,,,"",""
ball,1,3.4,Papua New Guinea,A Vala,VV Morea,E Otieno,3,0,,,,,,"",""
ball,1,3.5,Papua New Guinea,VV Morea,A Vala,E Otieno,1,0,,,,,,"",""
ball,1,3.6,Papua New Guinea,A Vala,VV Morea,E Otieno,1,0,,,,,,"",""
ball,1,4.1,Papua New Guinea,A Vala,VV Morea,NN Odhiambo,0,0,,,,,,"",""
ball,1,4.2,Papua New Guinea,A Vala,VV Morea,NN Odhiambo,4,0,,,,,,"",""
ball,1,4.3,Papua New Guinea,A Vala,VV Morea,NN Odhiambo,1,0,,,,,,"",""
ball,1,4.4,Papua New Guinea,VV Morea,A Vala,NN Odhiambo,0,0,,,,,,"",""
ball,1,4.5,Papua New Guinea,VV Morea,A Vala,NN Odhiambo,0,0,,,,,,"",""
ball,1,4.6,Papua New Guinea,VV Morea,A Vala,NN Odhiambo,0,0,,,,,,"",""
ball,1,5.1,Papua New Guinea,A Vala,VV Morea,E Otieno,1,0,,,,,,"",""
ball,1,5.2,Papua New Guinea,VV Morea,A Vala,E Otieno,0,0,,,,,,"",""
ball,1,5.3,Papua New Guinea,VV Morea,A Vala,E Otieno,0,0,,,,,,"",""
ball,1,5.4,Papua New Guinea,VV Morea,A Vala,E Otieno,0,0,,,,,,"",""
ball,1,5.5,Papua New Guinea,VV Morea,A Vala,E Otieno,0,0,,,,,,"",""
ball,1,5.6,Papua New Guinea,VV Morea,A Vala,E Otieno,4,0,,,,,,"",""
ball,1,6.1,Papua New Guinea,A Vala,VV Morea,NN Odhiambo,0,0,,,,,,"",""
ball,1,6.2,Papua New Guinea,A Vala,VV Morea,NN Odhiambo,0,0,,,,,,"",""
ball,1,6.3,Papua New Guinea,A Vala,VV Morea,NN Odhiambo,0,0,,,,,,"",""
ball,1,6.4,Papua New Guinea,A Vala,VV Morea,NN Odhiambo,0,0,,,,,,"",""
ball,1,6.5,Papua New Guinea,A Vala,VV Morea,NN Odhiambo,0,0,,,,,,caught,A Vala
ball,1,6.6,Papua New Guinea,S Bau,VV Morea,NN Odhiambo,0,1,1,,,,,"",""
ball,1,6.7,Papua New Guinea,S Bau,VV Morea,NN Odhiambo,0,0,,,,,,"",""
ball,1,7.1,Papua New Guinea,VV Morea,S Bau,E Otieno,0,0,,,,,,"",""
ball,1,7.2,Papua New Guinea,VV Morea,S Bau,E Otieno,3,0,,,,,,"",""
ball,1,7.3,Papua New Guinea,S Bau,VV Morea,E Otieno,4,0,,,,,,"",""
ball,1,7.4,Papua New Guinea,S Bau,VV Morea,E Otieno,1,0,,,,,,"",""
ball,1,7.5,Papua New Guinea,VV Morea,S Bau,E Otieno,0,0,,,,,,"",""
ball,1,7.6,Papua New Guinea,VV Morea,S Bau,E Otieno,2,0,,,,,,"",""
ball,1,8.1,Papua New Guinea,S Bau,VV Morea,LN Oluoch,0,0,,,,,,"",""
ball,1,8.2,Papua New Guinea,S Bau,VV Morea,LN Oluoch,0,0,,,,,,"",""
ball,1,8.3,Papua New Guinea,S Bau,VV Morea,LN Oluoch,4,0,,,,,,"",""
ball,1,8.4,Papua New Guinea,S Bau,VV Morea,LN Oluoch,4,0,,,,,,"",""
ball,1,8.5,Papua New Guinea,S Bau,VV Morea,LN Oluoch,1,0,,,,,,"",""
ball,1,8.6,Papua New Guinea,VV Morea,S Bau,LN Oluoch,0,0,,,,,,"",""
ball,1,9.1,Papua New Guinea,S Bau,VV Morea,SO Ngoche,0,1,1,,,,,"",""
ball,1,9.2,Papua New Guinea,S Bau,VV Morea,SO Ngoche,0,0,,,,,,"",""
ball,1,9.3,Papua New Guinea,S Bau,VV Morea,SO Ngoche,4,0,,,,,,"",""
ball,1,9.4,Papua New Guinea,S Bau,VV Morea,SO Ngoche,1,0,,,,,,"",""
ball,1,9.5,Papua New Guinea,VV Morea,S Bau,SO Ngoche,0,0,,,,,,"",""
ball,1,9.6,Papua New Guinea,VV Morea,S Bau,SO Ngoche,0,0,,,,,,"",""
ball,1,9.7,Papua New Guinea,VV Morea,S Bau,SO Ngoche,0,0,,,,,,"",""
ball,1,10.1,Papua New Guinea,S Bau,VV Morea,LN Oluoch,0,0,,,,,,"",""
ball,1,10.2,Papua New Guinea,S Bau,VV Morea,LN Oluoch,0,0,,,,,,"",""
ball,1,10.3,Papua New Guinea,S Bau,VV Morea,LN Oluoch,0,0,,,,,,"",""
ball,1,10.4,Papua New Guinea,S Bau,VV Morea,LN Oluoch,0,0,,,,,,"",""
ball,1,10.5,Papua New Guinea,S Bau,VV Morea,LN Oluoch,0,1,1,,,,,"",""
ball,1,10.6,Papua New Guinea,S Bau,VV Morea,LN Oluoch,0,0,,,,,,"",""
ball,1,10.7,Papua New Guinea,S Bau,VV Morea,LN Oluoch,0,0,,,,,,"",""
ball,1,11.1,Papua New Guinea,VV Morea,S Bau,SO Ngoche,0,0,,,,,,"",""
ball,1,11.2,Papua New Guinea,VV Morea,S Bau,SO Ngoche,0,0,,,,,,"",""
ball,1,11.3,Papua New Guinea,VV Morea,S Bau,SO Ngoche,0,0,,,,,,"",""
ball,1,11.4,Papua New Guinea,VV Morea,S Bau,SO Ngoche,0,0,,,,,,"",""
ball,1,11.5,Papua New Guinea,VV Morea,S Bau,SO Ngoche,0,0,,,,,,"",""
ball,1,11.6,Papua New Guinea,VV Morea,S Bau,SO Ngoche,0,0,,,,,,"",""
ball,1,12.1,Papua New Guinea,S Bau,VV Morea,LN Oluoch,1,0,,,,,,"",""
ball,1,12.2,Papua New Guinea,VV Morea,S Bau,LN Oluoch,1,0,,,,,,"",""
ball,1,12.3,Papua New Guinea,S Bau,VV Morea,LN Oluoch,0,0,,,,,,"",""
ball,1,12.4,Papua New Guinea,S Bau,VV Morea,LN Oluoch,3,0,,,,,,"",""
ball,1,12.5,Papua New Guinea,VV Morea,S Bau,LN Oluoch,0,0,,,,,,"",""
ball,1,12.6,Papua New Guinea,VV Morea,S Bau,LN Oluoch,1,0,,,,,,"",""
ball,1,13.1,Papua New Guinea,VV Morea,S Bau,SO Ngoche,0,0,,,,,,"",""
ball,1,13.2,Papua New Guinea,VV Morea,S Bau,SO Ngoche,0,0,,,,,,"",""
ball,1,13.3,Papua New Guinea,VV Morea,S Bau,SO Ngoche,1,0,,,,,,"",""
ball,1,13.4,Papua New Guinea,S Bau,VV Morea,SO Ngoche,1,0,,,,,,"",""
ball,1,13.5,Papua New Guinea,VV Morea,S Bau,SO Ngoche,0,0,,,,,,"",""
ball,1,13.6,Papua New Guinea,VV Morea,S Bau,SO Ngoche,1,0,,,,,,"",""
ball,1,14.1,Papua New Guinea,VV Morea,S Bau,LN Oluoch,0,0,,,,,,"",""
ball,1,14.2,Papua New Guinea,VV Morea,S Bau,LN Oluoch,0,0,,,,,,"",""
ball,1,14.3,Papua New Guinea,VV Morea,S Bau,LN Oluoch,0,0,,,,,,"",""
ball,1,14.4,Papua New Guinea,VV Morea,S Bau,LN Oluoch,0,0,,,,,,"",""
ball,1,14.5,Papua New Guinea,VV Morea,S Bau,LN Oluoch,1,0,,,,,,"",""
ball,1,14.6,Papua New Guinea,S Bau,VV Morea,LN Oluoch,4,0,,,,,,"",""
ball,1,15.1,Papua New Guinea,VV Morea,S Bau,SO Ngoche,1,0,,,,,,"",""
ball,1,15.2,Papua New Guinea,S Bau,VV Morea,SO Ngoche,0,0,,,,,,"",""
ball,1,15.3,Papua New Guinea,S Bau,VV Morea,SO Ngoche,0,0,,,,,,"",""
ball,1,15.4,Papua New Guinea,S Bau,VV Morea,SO Ngoche,0,0,,,,,,"",""
ball,1,15.5,Papua New Guinea,S Bau,VV Morea,SO Ngoche,0,0,,,,,,"",""
ball,1,15.6,Papua New Guinea,S Bau,VV Morea,SO Ngoche,0,0,,,,,,"",""
ball,1,16.1,Papua New Guinea,VV Morea,S Bau,EB Ringera,0,1,1,,,,,"",""
ball,1,16.2,Papua New Guinea,VV Morea,S Bau,EB Ringera,1,0,,,,,,"",""
ball,1,16.3,Papua New Guinea,S Bau,VV Morea,EB Ringera,4,0,,,,,,"",""
ball,1,16.4,Papua New Guinea,S Bau,VV Morea,EB Ringera,0,0,,,,,,"",""
ball,1,16.5,Papua New Guinea,S Bau,VV Morea,EB Ringera,0,0,,,,,,"",""
ball,1,16.6,Papua New Guinea,S Bau,VV Morea,EB Ringera,0,0,,,,,,"",""
ball,1,16.7,Papua New Guinea,S Bau,VV Morea,EB Ringera,1,0,,,,,,"",""
ball,1,17.1,Papua New Guinea,S Bau,VV Morea,SO Ngoche,1,0,,,,,,"",""
ball,1,17.2,Papua New Guinea,VV Morea,S Bau,SO Ngoche,0,0,,,,,,"",""
ball,1,17.3,Papua New Guinea,VV Morea,S Bau,SO Ngoche,0,0,,,,,,"",""
ball,1,17.4,Papua New Guinea,VV Morea,S Bau,SO Ngoche,0,0,,,,,,"",""
ball,1,17.5,Papua New Guinea,VV Morea,S Bau,SO Ngoche,0,0,,,,,,"",""
ball,1,17.6,Papua New Guinea,VV Morea,S Bau,SO Ngoche,0,0,,,,,,"",""
ball,1,18.1,Papua New Guinea,S Bau,VV Morea,EB Ringera,0,0,,,,,,"",""
ball,1,18.2,Papua New Guinea,S Bau,VV Morea,EB Ringera,0,0,,,,,,"",""
ball,1,18.3,Papua New Guinea,S Bau,VV Morea,EB Ringera,4,0,,,,,,"",""
ball,1,18.4,Papua New Guinea,S Bau,VV Morea,EB Ringera,0,0,,,,,,"",""
ball,1,18.5,Papua New Guinea,S Bau,VV Morea,EB Ringera,0,1,1,,,,,"",""
ball,1,18.6,Papua New Guinea,S Bau,VV Morea,EB Ringera,0,0,,,,,,"",""
ball,1,18.7,Papua New Guinea,S Bau,VV Morea,EB Ringera,0,0,,,,,,"",""
ball,1,19.1,Papua New Guinea,VV Morea,S Bau,RR Patel,0,0,,,,,,"",""
ball,1,19.2,Papua New Guinea,VV Morea,S Bau,RR Patel,0,0,,,,,,"",""
ball,1,19.3,Papua New Guinea,VV Morea,S Bau,RR Patel,0,0,,,,,,"",""
ball,1,19.4,Papua New Guinea,VV Morea,S Bau,RR Patel,2,0,,,,,,"",""
ball,1,19.5,Papua New Guinea,VV Morea,S Bau,RR Patel,0,0,,,,,,"",""
ball,1,19.6,Papua New Guinea,VV Morea,S Bau,RR Patel,0,0,,,,,,"",""
ball,1,20.1,Papua New Guinea,S Bau,VV Morea,EB Ringera,0,0,,,,,,"",""
ball,1,20.2,Papua New Guinea,S Bau,VV Morea,EB Ringera,1,0,,,,,,"",""
ball,1,20.3,Papua New Guinea,VV Morea,S Bau,EB Ringera,1,0,,,,,,"",""
ball,1,20.4,Papua New Guinea,S Bau,VV Morea,EB Ringera,0,0,,,,,,"",""
ball,1,20.5,Papua New Guinea,S Bau,VV Morea,EB Ringera,1,0,,,,,,"",""
ball,1,20.6,Papua New Guinea,VV Morea,S Bau,EB Ringera,0,0,,,,,,"",""
ball,1,21.1,Papua New Guinea,S Bau,VV Morea,RR Patel,0,0,,,,,,"",""
ball,1,21.2,Papua New Guinea,S Bau,VV Morea,RR Patel,2,0,,,,,,"",""
ball,1,21.3,Papua New Guinea,S Bau,VV Morea,RR Patel,0,0,,,,,,"",""
ball,1,21.4,Papua New Guinea,S Bau,VV Morea,RR Patel,0,0,,,,,,"",""
ball,1,21.5,Papua New Guinea,S Bau,VV Morea,RR Patel,0,0,,,,,,"",""
ball,1,21.6,Papua New Guinea,S Bau,VV Morea,RR Patel,0,0,,,,,,"",""
ball,1,22.1,Papua New Guinea,VV Morea,S Bau,EB Ringera,0,0,,,,,,"",""
ball,1,22.2,Papua New Guinea,VV Morea,S Bau,EB Ringera,0,0,,,,,,"",""
ball,1,22.3,Papua New Guinea,VV Morea,S Bau,EB Ringera,0,0,,,,,,"",""
ball,1,22.4,Papua New Guinea,VV Morea,S Bau,EB Ringera,0,0,,,,,,"",""
ball,1,22.5,Papua New Guinea,VV Morea,S Bau,EB Ringera,2,0,,,,,,"",""
ball,1,22.6,Papua New Guinea,VV Morea,S Bau,EB Ringera,0,0,,,,,,"",""
ball,1,23.1,Papua New Guinea,S Bau,VV Morea,RR Patel,0,0,,,,,,"",""
ball,1,23.2,Papua New Guinea,S Bau,VV Morea,RR Patel,0,0,,,,,,"",""
ball,1,23.3,Papua New Guinea,S Bau,VV Morea,RR Patel,0,0,,,,,,"",""
ball,1,23.4,Papua New Guinea,S Bau,VV Morea,RR Patel,0,0,,,,,,"",""
ball,1,23.5,Papua New Guinea,S Bau,VV Morea,RR Patel,0,0,,,,,,"",""
ball,1,23.6,Papua New Guinea,S Bau,VV Morea,RR Patel,0,0,,,,,,"",""
ball,1,24.1,Papua New Guinea,VV Morea,S Bau,EB Ringera,0,0,,,,,,"",""
ball,1,24.2,Papua New Guinea,VV Morea,S Bau,EB Ringera,0,0,,,,,,"",""
ball,1,24.3,Papua New Guinea,VV Morea,S Bau,EB Ringera,0,0,,,,,,"",""
ball,1,24.4,Papua New Guinea,VV Morea,S Bau,EB Ringera,1,0,,,,,,"",""
ball,1,24.5,Papua New Guinea,S Bau,VV Morea,EB Ringera,0,1,1,,,,,"",""
ball,1,24.6,Papua New Guinea,S Bau,VV Morea,EB Ringera,0,1,,,,1,,"",""
ball,1,24.7,Papua New Guinea,VV Morea,S Bau,EB Ringera,1,0,,,,,,"",""
ball,1,25.1,Papua New Guinea,VV Morea,S Bau,RR Patel,4,0,,,,,,"",""
ball,1,25.2,Papua New Guinea,VV Morea,S Bau,RR Patel,0,0,,,,,,"",""
ball,1,25.3,Papua New Guinea,VV Morea,S Bau,RR Patel,1,0,,,,,,"",""
ball,1,25.4,Papua New Guinea,S Bau,VV Morea,RR Patel,2,0,,,,,,"",""
ball,1,25.5,Papua New Guinea,S Bau,VV Morea,RR Patel,0,0,,,,,,"",""
ball,1,25.6,Papua New Guinea,S Bau,VV Morea,RR Patel,0,0,,,,,,"",""
ball,1,26.1,Papua New Guinea,VV Morea,S Bau,NN Odhiambo,4,0,,,,,,"",""
ball,1,26.2,Papua New Guinea,VV Morea,S Bau,NN Odhiambo,2,0,,,,,,"",""
ball,1,26.3,Papua New Guinea,VV Morea,S Bau,NN Odhiambo,0,0,,,,,,"",""
ball,1,26.4,Papua New Guinea,VV Morea,S Bau,NN Odhiambo,1,0,,,,,,"",""
ball,1,26.5,Papua New Guinea,S Bau,VV Morea,NN Odhiambo,0,0,,,,,,"",""
ball,1,26.6,Papua New Guinea,S Bau,VV Morea,NN Odhiambo,0,0,,,,,,"",""
ball,1,27.1,Papua New Guinea,VV Morea,S Bau,RR Patel,1,0,,,,,,"",""
ball,1,27.2,Papua New Guinea,S Bau,VV Morea,RR Patel,6,0,,,,,,"",""
ball,1,27.3,Papua New Guinea,S Bau,VV Morea,RR Patel,0,0,,,,,,"",""
ball,1,27.4,Papua New Guinea,S Bau,VV Morea,RR Patel,1,0,,,,,,"",""
ball,1,27.5,Papua New Guinea,VV Morea,S Bau,RR Patel,1,0,,,,,,"",""
ball,1,27.6,Papua New Guinea,S Bau,VV Morea,RR Patel,0,0,,,,,,"",""
ball,1,28.1,Papua New Guinea,VV Morea,S Bau,NN Odhiambo,0,0,,,,,,"",""
ball,1,28.2,Papua New Guinea,VV Morea,S Bau,NN Odhiambo,3,0,,,,,,"",""
ball,1,28.3,Papua New Guinea,S Bau,VV Morea,NN Odhiambo,4,0,,,,,,"",""
ball,1,28.4,Papua New Guinea,S Bau,VV Morea,NN Odhiambo,0,0,,,,,,"",""
ball,1,28.5,Papua New Guinea,S Bau,VV Morea,NN Odhiambo,0,1,,,,1,,"",""
ball,1,28.6,Papua New Guinea,VV Morea,S Bau,NN Odhiambo,1,0,,,,,,"",""
ball,1,29.1,Papua New Guinea,VV Morea,S Bau,SO Ngoche,0,0,,,,,,"",""
ball,1,29.2,Papua New Guinea,VV Morea,S Bau,SO Ngoche,0,0,,,,,,"",""
ball,1,29.3,Papua New Guinea,VV Morea,S Bau,SO Ngoche,0,0,,,,,,"",""
ball,1,29.4,Papua New Guinea,VV Morea,S Bau,SO Ngoche,0,0,,,,,,"",""
ball,1,29.5,Papua New Guinea,VV Morea,S Bau,SO Ngoche,4,0,,,,,,"",""
ball,1,29.6,Papua New Guinea,VV Morea,S Bau,SO Ngoche,0,0,,,,,,"",""
ball,1,30.1,Papua New Guinea,S Bau,VV Morea,E Otieno,0,0,,,,,,"",""
ball,1,30.2,Papua New Guinea,S Bau,VV Morea,E Otieno,1,0,,,,,,"",""
ball,1,30.3,Papua New Guinea,VV Morea,S Bau,E Otieno,4,0,,,,,,"",""
ball,1,30.4,Papua New Guinea,VV Morea,S Bau,E Otieno,1,0,,,,,,"",""
ball,1,30.5,Papua New Guinea,S Bau,VV Morea,E Otieno,6,0,,,,,,"",""
ball,1,30.6,Papua New Guinea,S Bau,VV Morea,E Otieno,0,0,,,,,,"",""
ball,1,31.1,Papua New Guinea,VV Morea,S Bau,SO Ngoche,0,0,,,,,,"",""
ball,1,31.2,Papua New Guinea,VV Morea,S Bau,SO Ngoche,0,0,,,,,,"",""
ball,1,31.3,Papua New Guinea,VV Morea,S Bau,SO Ngoche,4,0,,,,,,"",""
ball,1,31.4,Papua New Guinea,VV Morea,S Bau,SO Ngoche,0,0,,,,,,"",""
ball,1,31.5,Papua New Guinea,VV Morea,S Bau,SO Ngoche,0,0,,,,,,"",""
ball,1,31.6,Papua New Guinea,VV Morea,S Bau,SO Ngoche,0,0,,,,,,"",""
ball,1,32.1,Papua New Guinea,S Bau,VV Morea,CO Obuya,0,0,,,,,,"",""
ball,1,32.2,Papua New Guinea,S Bau,VV Morea,CO Obuya,0,0,,,,,,"",""
ball,1,32.3,Papua New Guinea,S Bau,VV Morea,CO Obuya,4,0,,,,,,"",""
ball,1,32.4,Papua New Guinea,S Bau,VV Morea,CO Obuya,0,0,,,,,,"",""
ball,1,32.5,Papua New Guinea,S Bau,VV Morea,CO Obuya,0,0,,,,,,"",""
ball,1,32.6,Papua New Guinea,S Bau,VV Morea,CO Obuya,0,0,,,,,,lbw,S Bau
ball,1,33.1,Papua New Guinea,VV Morea,MD Dai,SO Ngoche,0,0,,,,,,"",""
ball,1,33.2,Papua New Guinea,VV Morea,MD Dai,SO Ngoche,0,0,,,,,,"",""
ball,1,33.3,Papua New Guinea,VV Morea,MD Dai,SO Ngoche,1,0,,,,,,"",""
ball,1,33.4,Papua New Guinea,MD Dai,VV Morea,SO Ngoche,0,0,,,,,,"",""
ball,1,33.5,Papua New Guinea,MD Dai,VV Morea,SO Ngoche,0,0,,,,,,"",""
ball,1,33.6,Papua New Guinea,MD Dai,VV Morea,SO Ngoche,0,0,,,,,,"",""
ball,1,34.1,Papua New Guinea,VV Morea,MD Dai,CO Obuya,0,0,,,,,,"",""
ball,1,34.2,Papua New Guinea,VV Morea,MD Dai,CO Obuya,1,0,,,,,,"",""
ball,1,34.3,Papua New Guinea,MD Dai,VV Morea,CO Obuya,0,0,,,,,,"",""
ball,1,34.4,Papua New Guinea,MD Dai,VV Morea,CO Obuya,0,0,,,,,,"",""
ball,1,34.5,Papua New Guinea,MD Dai,VV Morea,CO Obuya,1,0,,,,,,"",""
ball,1,34.6,Papua New Guinea,VV Morea,MD Dai,CO Obuya,0,0,,,,,,"",""
ball,1,35.1,Papua New Guinea,MD Dai,VV Morea,SO Ngoche,0,0,,,,,,"",""
ball,1,35.2,Papua New Guinea,MD Dai,VV Morea,SO Ngoche,0,0,,,,,,"",""
ball,1,35.3,Papua New Guinea,MD Dai,VV Morea,SO Ngoche,2,0,,,,,,"",""
ball,1,35.4,Papua New Guinea,MD Dai,VV Morea,SO Ngoche,1,0,,,,,,"",""
ball,1,35.5,Papua New Guinea,VV Morea,MD Dai,SO Ngoche,0,0,,,,,,"",""
ball,1,35.6,Papua New Guinea,VV Morea,MD Dai,SO Ngoche,0,0,,,,,,"",""
ball,1,36.1,Papua New Guinea,MD Dai,VV Morea,CO Obuya,0,0,,,,,,"",""
ball,1,36.2,Papua New Guinea,MD Dai,VV Morea,CO Obuya,1,0,,,,,,"",""
ball,1,36.3,Papua New Guinea,VV Morea,MD Dai,CO Obuya,2,0,,,,,,"",""
ball,1,36.4,Papua New Guinea,VV Morea,MD Dai,CO Obuya,1,0,,,,,,"",""
ball,1,36.5,Papua New Guinea,MD Dai,VV Morea,CO Obuya,0,0,,,,,,"",""
ball,1,36.6,Papua New Guinea,MD Dai,VV Morea,CO Obuya,0,0,,,,,,"",""
ball,1,37.1,Papua New Guinea,VV Morea,MD Dai,SO Ngoche,0,0,,,,,,"",""
ball,1,37.2,Papua New Guinea,VV Morea,MD Dai,SO Ngoche,0,0,,,,,,"",""
ball,1,37.3,Papua New Guinea,VV Morea,MD Dai,SO Ngoche,4,0,,,,,,"",""
ball,1,37.4,Papua New Guinea,VV Morea,MD Dai,SO Ngoche,0,0,,,,,,"",""
ball,1,37.5,Papua New Guinea,VV Morea,MD Dai,SO Ngoche,0,0,,,,,,"",""
ball,1,37.6,Papua New Guinea,VV Morea,MD Dai,SO Ngoche,0,0,,,,,,"",""
ball,1,38.1,Papua New Guinea,MD Dai,VV Morea,CO Obuya,0,0,,,,,,"",""
ball,1,38.2,Papua New Guinea,MD Dai,VV Morea,CO Obuya,2,0,,,,,,"",""
ball,1,38.3,Papua New Guinea,MD Dai,VV Morea,CO Obuya,1,0,,,,,,"",""
ball,1,38.4,Papua New Guinea,VV Morea,MD Dai,CO Obuya,1,0,,,,,,"",""
ball,1,38.5,Papua New Guinea,MD Dai,VV Morea,CO Obuya,0,0,,,,,,caught,MD Dai
ball,1,38.6,Papua New Guinea,CJA Amini,VV Morea,CO Obuya,0,0,,,,,,bowled,CJA Amini
ball,1,39.1,Papua New Guinea,VV Morea,JNT Vare,RR Patel,2,0,,,,,,"",""
ball,1,39.2,Papua New Guinea,VV Morea,JNT Vare,RR Patel,1,0,,,,,,"",""
ball,1,39.3,Papua New Guinea,JNT Vare,VV Morea,RR Patel,0,0,,,,,,"",""
ball,1,39.4,Papua New Guinea,JNT Vare,VV Morea,RR Patel,0,0,,,,,,"",""
ball,1,39.5,Papua New Guinea,JNT Vare,VV Morea,RR Patel,0,0,,,,,,"",""
ball,1,39.6,Papua New Guinea,JNT Vare,VV Morea,RR Patel,0,0,,,,,,"",""
ball,1,40.1,Papua New Guinea,VV Morea,JNT Vare,CO Obuya,2,0,,,,,,"",""
ball,1,40.2,Papua New Guinea,JNT Vare,VV Morea,CO Obuya,2,0,,,,,,"",""
ball,1,40.3,Papua New Guinea,JNT Vare,VV Morea,CO Obuya,0,0,,,,,,lbw,JNT Vare
ball,1,40.4,Papua New Guinea,JB Reva,VV Morea,CO Obuya,0,0,,,,,,"",""
ball,1,40.5,Papua New Guinea,JB Reva,VV Morea,CO Obuya,0,0,,,,,,"",""
ball,1,40.6,Papua New Guinea,JB Reva,VV Morea,CO Obuya,0,1,1,,,,,"",""
ball,1,40.7,Papua New Guinea,JB Reva,VV Morea,CO Obuya,0,1,1,,,,,"",""
ball,1,40.8,Papua New Guinea,JB Reva,VV Morea,CO Obuya,1,0,,,,,,"",""
ball,1,41.1,Papua New Guinea,JB Reva,VV Morea,RR Patel,1,0,,,,,,"",""
ball,1,41.2,Papua New Guinea,VV Morea,JB Reva,RR Patel,0,0,,,,,,"",""
ball,1,41.3,Papua New Guinea,VV Morea,JB Reva,RR Patel,0,0,,,,,,"",""
ball,1,41.4,Papua New Guinea,VV Morea,JB Reva,RR Patel,0,0,,,,,,"",""
ball,1,41.5,Papua New Guinea,VV Morea,JB Reva,RR Patel,0,0,,,,,,"",""
ball,1,41.6,Papua New Guinea,VV Morea,JB Reva,RR Patel,1,0,,,,,,"",""
ball,1,42.1,Papua New Guinea,VV Morea,JB Reva,CO Obuya,3,0,,,,,,"",""
ball,1,42.2,Papua New Guinea,JB Reva,VV Morea,CO Obuya,0,0,,,,,,"",""
ball,1,42.3,Papua New Guinea,JB Reva,VV Morea,CO Obuya,0,0,,,,,,"",""
ball,1,42.4,Papua New Guinea,JB Reva,VV Morea,CO Obuya,0,0,,,,,,"",""
ball,1,42.5,Papua New Guinea,JB Reva,VV Morea,CO Obuya,0,0,,,,,,"",""
ball,1,42.6,Papua New Guinea,JB Reva,VV Morea,CO Obuya,0,0,,,,,,"",""
ball,1,43.1,Papua New Guinea,VV Morea,JB Reva,RR Patel,0,1,1,,,,,"",""
ball,1,43.2,Papua New Guinea,VV Morea,JB Reva,RR Patel,1,0,,,,,,"",""
ball,1,43.3,Papua New Guinea,JB Reva,VV Morea,RR Patel,1,0,,,,,,"",""
ball,1,43.4,Papua New Guinea,VV Morea,JB Reva,RR Patel,1,0,,,,,,"",""
ball,1,43.5,Papua New Guinea,JB Reva,VV Morea,RR Patel,0,0,,,,,,"",""
ball,1,43.6,Papua New Guinea,JB Reva,VV Morea,RR Patel,0,0,,,,,,"",""
ball,1,43.7,Papua New Guinea,JB Reva,VV Morea,RR Patel,1,0,,,,,,"",""
ball,1,44.1,Papua New Guinea,JB Reva,VV Morea,CO Obuya,0,0,,,,,,"",""
ball,1,44.2,Papua New Guinea,JB Reva,VV Morea,CO Obuya,1,0,,,,,,"",""
ball,1,44.3,Papua New Guinea,VV Morea,JB Reva,CO Obuya,1,0,,,,,,"",""
ball,1,44.4,Papua New Guinea,JB Reva,VV Morea,CO Obuya,2,0,,,,,,"",""
ball,1,44.5,Papua New Guinea,JB Reva,VV Morea,CO Obuya,1,0,,,,,,"",""
ball,1,44.6,Papua New Guinea,VV Morea,JB Reva,CO Obuya,2,0,,,,,,"",""
ball,1,45.1,Papua New Guinea,JB Reva,VV Morea,RR Patel,1,0,,,,,,"",""
ball,1,45.2,Papua New Guinea,VV Morea,JB Reva,RR Patel,0,0,,,,,,"",""
ball,1,45.3,Papua New Guinea,VV Morea,JB Reva,RR Patel,6,0,,,,,,"",""
ball,1,45.4,Papua New Guinea,VV Morea,JB Reva,RR Patel,1,0,,,,,,"",""
ball,1,45.5,Papua New Guinea,JB Reva,VV Morea,RR Patel,6,0,,,,,,"",""
ball,1,45.6,Papua New Guinea,JB Reva,VV Morea,RR Patel,0,0,,,,,,"",""
ball,1,46.1,Papua New Guinea,VV Morea,JB Reva,CO Obuya,0,0,,,,,,"",""
ball,1,46.2,Papua New Guinea,VV Morea,JB Reva,CO Obuya,1,0,,,,,,"",""
ball,1,46.3,Papua New Guinea,JB Reva,VV Morea,CO Obuya,4,0,,,,,,"",""
ball,1,46.4,Papua New Guinea,JB Reva,VV Morea,CO Obuya,1,0,,,,,,"",""
ball,1,46.5,Papua New Guinea,VV Morea,JB Reva,CO Obuya,1,0,,,,,,"",""
ball,1,46.6,Papua New Guinea,JB Reva,VV Morea,CO Obuya,4,0,,,,,,"",""
ball,1,47.1,Papua New Guinea,VV Morea,JB Reva,NN Odhiambo,2,0,,,,,,"",""
ball,1,47.2,Papua New Guinea,VV Morea,JB Reva,NN Odhiambo,1,0,,,,,,"",""
ball,1,47.3,Papua New Guinea,JB Reva,VV Morea,NN Odhiambo,2,0,,,,,,"",""
ball,1,47.4,Papua New Guinea,JB Reva,VV Morea,NN Odhiambo,1,0,,,,,,"",""
ball,1,47.5,Papua New Guinea,VV Morea,JB Reva,NN Odhiambo,0,0,,,,,,"",""
ball,1,47.6,Papua New Guinea,VV Morea,JB Reva,NN Odhiambo,1,0,,,,,,"",""
ball,1,48.1,Papua New Guinea,VV Morea,JB Reva,E Otieno,1,0,,,,,,"",""
ball,1,48.2,Papua New Guinea,JB Reva,VV Morea,E Otieno,1,0,,,,,,"",""
ball,1,48.3,Papua New Guinea,VV Morea,JB Reva,E Otieno,1,0,,,,,,"",""
ball,1,48.4,Papua New Guinea,JB Reva,VV Morea,E Otieno,0,0,,,,,,"",""
ball,1,48.5,Papua New Guinea,JB Reva,VV Morea,E Otieno,0,0,,,,,,"",""
ball,1,48.6,Papua New Guinea,JB Reva,VV Morea,E Otieno,4,0,,,,,,"",""
ball,1,49.1,Papua New Guinea,VV Morea,JB Reva,NN Odhiambo,1,0,,,,,,"",""
ball,1,49.2,Papua New Guinea,JB Reva,VV Morea,NN Odhiambo,6,0,,,,,,"",""
ball,1,49.3,Papua New Guinea,JB Reva,VV Morea,NN Odhiambo,0,0,,,,,,"",""
ball,1,49.4,Papua New Guinea,JB Reva,VV Morea,NN Odhiambo,4,0,,,,,,"",""
ball,1,49.5,Papua New Guinea,JB Reva,VV Morea,NN Odhiambo,1,0,,,,,,"",""
ball,1,49.6,Papua New Guinea,VV Morea,JB Reva,NN Odhiambo,2,0,,,,,,"",""
ball,2,0.1,Kenya,Gurdeep Singh,IA Karim,CA Soper,0,0,,,,,,"",""
ball,2,0.2,Kenya,Gurdeep Singh,IA Karim,CA Soper,1,0,,,,,,"",""
ball,2,0.3,Kenya,IA Karim,Gurdeep Singh,CA Soper,0,0,,,,,,"",""
ball,2,0.4,Kenya,IA Karim,Gurdeep Singh,CA Soper,0,0,,,,,,"",""
ball,2,0.5,Kenya,IA Karim,Gurdeep Singh,CA Soper,0,0,,,,,,"",""
ball,2,0.6,Kenya,IA Karim,Gurdeep Singh,CA Soper,0,0,,,,,,"",""
ball,2,1.1,Kenya,Gurdeep Singh,IA Karim,N Vanua,0,1,,,,1,,"",""
ball,2,1.2,Kenya,IA Karim,Gurdeep Singh,N Vanua,2,0,,,,,,"",""
ball,2,1.3,Kenya,IA Karim,Gurdeep Singh,N Vanua,0,0,,,,,,"",""
ball,2,1.4,Kenya,IA Karim,Gurdeep Singh,N Vanua,1,0,,,,,,"",""
ball,2,1.5,Kenya,Gurdeep Singh,IA Karim,N Vanua,4,0,,,,,,"",""
ball,2,1.6,Kenya,Gurdeep Singh,IA Karim,N Vanua,1,0,,,,,,"",""
ball,2,2.1,Kenya,Gurdeep Singh,IA Karim,CA Soper,4,0,,,,,,"",""
ball,2,2.2,Kenya,Gurdeep Singh,IA Karim,CA Soper,0,0,,,,,,"",""
ball,2,2.3,Kenya,Gurdeep Singh,IA Karim,CA Soper,1,0,,,,,,"",""
ball,2,2.4,Kenya,IA Karim,Gurdeep Singh,CA Soper,1,0,,,,,,"",""
ball,2,2.5,Kenya,Gurdeep Singh,IA Karim,CA Soper,0,0,,,,,,"",""
ball,2,2.6,Kenya,Gurdeep Singh,IA Karim,CA Soper,0,0,,,,,,"",""
ball,2,3.1,Kenya,IA Karim,Gurdeep Singh,N Vanua,0,0,,,,,,"",""
ball,2,3.2,Kenya,IA Karim,Gurdeep Singh,N Vanua,0,0,,,,,,"",""
ball,2,3.3,Kenya,IA Karim,Gurdeep Singh,N Vanua,0,0,,,,,,"",""
ball,2,3.4,Kenya,IA Karim,Gurdeep Singh,N Vanua,0,0,,,,,,"",""
ball,2,3.5,Kenya,IA Karim,Gurdeep Singh,N Vanua,0,0,,,,,,caught,IA Karim
ball,2,3.6,Kenya,Gurdeep Singh,RN Patel,N Vanua,0,1,1,,,,,"",""
ball,2,3.7,Kenya,Gurdeep Singh,RN Patel,N Vanua,0,0,,,,,,"",""
ball,2,4.1,Kenya,RN Patel,Gurdeep Singh,CA Soper,0,0,,,,,,"",""
ball,2,4.2,Kenya,RN Patel,Gurdeep Singh,CA Soper,1,0,,,,,,"",""
ball,2,4.3,Kenya,Gurdeep Singh,RN Patel,CA Soper,4,0,,,,,,"",""
ball,2,4.4,Kenya,Gurdeep Singh,RN Patel,CA Soper,0,0,,,,,,"",""
ball,2,4.5,Kenya,Gurdeep Singh,RN Patel,CA Soper,4,0,,,,,,"",""
ball,2,4.6,Kenya,Gurdeep Singh,RN Patel,CA Soper,4,0,,,,,,"",""
ball,2,5.1,Kenya,RN Patel,Gurdeep Singh,N Vanua,1,0,,,,,,"",""
ball,2,5.2,Kenya,Gurdeep Singh,RN Patel,N Vanua,4,1,,1,,,,"",""
ball,2,5.3,Kenya,Gurdeep Singh,RN Patel,N Vanua,0,0,,,,,,"",""
ball,2,5.4,Kenya,Gurdeep Singh,RN Patel,N Vanua,0,1,1,,,,,"",""
ball,2,5.5,Kenya,Gurdeep Singh,RN Patel,N Vanua,0,0,,,,,,"",""
ball,2,5.6,Kenya,Gurdeep Singh,RN Patel,N Vanua,0,0,,,,,,caught,Gurdeep Singh
ball,2,5.7,Kenya,RN Patel,RR Patel,N Vanua,1,0,,,,,,"",""
ball,2,6.1,Kenya,RN Patel,RR Patel,N Pokana,0,0,,,,,,"",""
ball,2,6.2,Kenya,RN Patel,RR Patel,N Pokana,0,0,,,,,,"",""
ball,2,6.3,Kenya,RN Patel,RR Patel,N Pokana,0,0,,,,,,"",""
ball,2,6.4,Kenya,RN Patel,RR Patel,N Pokana,0,0,,,,,,"",""
ball,2,6.5,Kenya,RN Patel,RR Patel,N Pokana,0,0,,,,,,"",""
ball,2,6.6,Kenya,RN Patel,RR Patel,N Pokana,0,0,,,,,,"",""
ball,2,7.1,Kenya,RR Patel,RN Patel,N Vanua,0,0,,,,,,"",""
ball,2,7.2,Kenya,RR Patel,RN Patel,N Vanua,0,0,,,,,,"",""
ball,2,7.3,Kenya,RR Patel,RN Patel,N Vanua,0,0,,,,,,"",""
ball,2,7.4,Kenya,RR Patel,RN Patel,N Vanua,1,0,,,,,,"",""
ball,2,7.5,Kenya,RN Patel,RR Patel,N Vanua,0,0,,,,,,"",""
ball,2,7.6,Kenya,RN Patel,RR Patel,N Vanua,4,0,,,,,,"",""
ball,2,8.1,Kenya,RR Patel,RN Patel,N Pokana,1,0,,,,,,"",""
ball,2,8.2,Kenya,RN Patel,RR Patel,N Pokana,0,1,1,,,,,"",""
ball,2,8.3,Kenya,RN Patel,RR Patel,N Pokana,2,0,,,,,,"",""
ball,2,8.4,Kenya,RN Patel,RR Patel,N Pokana,2,0,,,,,,"",""
ball,2,8.5,Kenya,RN Patel,RR Patel,N Pokana,1,0,,,,,,"",""
ball,2,8.6,Kenya,RR Patel,RN Patel,N Pokana,0,1,1,,,,,"",""
ball,2,8.7,Kenya,RR Patel,RN Patel,N Pokana,0,0,,,,,,"",""
ball,2,8.8,Kenya,RR Patel,RN Patel,N Pokana,0,0,,,,,,"",""
ball,2,9.1,Kenya,RN Patel,RR Patel,N Vanua,0,0,,,,,,"",""
ball,2,9.2,Kenya,RN Patel,RR Patel,N Vanua,4,0,,,,,,"",""
ball,2,9.3,Kenya,RN Patel,RR Patel,N Vanua,0,0,,,,,,"",""
ball,2,9.4,Kenya,RN Patel,RR Patel,N Vanua,0,0,,,,,,"",""
ball,2,9.5,Kenya,RN Patel,RR Patel,N Vanua,0,0,,,,,,"",""
ball,2,9.6,Kenya,RN Patel,RR Patel,N Vanua,0,1,,1,,,,"",""
ball,2,9.7,Kenya,RN Patel,RR Patel,N Vanua,2,0,,,,,,"",""
ball,2,10.1,Kenya,RR Patel,RN Patel,N Pokana,4,0,,,,,,"",""
ball,2,10.2,Kenya,RR Patel,RN Patel,N Pokana,0,1,1,,,,,"",""
ball,2,10.3,Kenya,RR Patel,RN Patel,N Pokana,0,0,,,,,,"",""
ball,2,10.4,Kenya,RR Patel,RN Patel,N Pokana,0,0,,,,,,"",""
ball,2,10.5,Kenya,RR Patel,RN Patel,N Pokana,0,0,,,,,,"",""
ball,2,10.6,Kenya,RR Patel,RN Patel,N Pokana,4,0,,,,,,"",""
ball,2,10.7,Kenya,RR Patel,RN Patel,N Pokana,0,0,,,,,,"",""
ball,2,11.1,Kenya,RN Patel,RR Patel,JB Reva,4,0,,,,,,"",""
ball,2,11.2,Kenya,RN Patel,RR Patel,JB Reva,1,0,,,,,,"",""
ball,2,11.3,Kenya,RR Patel,RN Patel,JB Reva,0,0,,,,,,"",""
ball,2,11.4,Kenya,RR Patel,RN Patel,JB Reva,0,0,,,,,,"",""
ball,2,11.5,Kenya,RR Patel,RN Patel,JB Reva,0,0,,,,,,"",""
ball,2,11.6,Kenya,RR Patel,RN Patel,JB Reva,1,0,,,,,,"",""
ball,2,12.1,Kenya,RR Patel,RN Patel,CA Soper,0,0,,,,,,"",""
ball,2,12.2,Kenya,RR Patel,RN Patel,CA Soper,0,0,,,,,,"",""
ball,2,12.3,Kenya,RR Patel,RN Patel,CA Soper,0,0,,,,,,"",""
ball,2,12.4,Kenya,RR Patel,RN Patel,CA Soper,0,0,,,,,,"",""
ball,2,12.5,Kenya,RR Patel,RN Patel,CA Soper,0,0,,,,,,"",""
ball,2,12.6,Kenya,RR Patel,RN Patel,CA Soper,1,0,,,,,,"",""
ball,2,13.1,Kenya,RR Patel,RN Patel,JB Reva,0,0,,,,,,"",""
ball,2,13.2,Kenya,RR Patel,RN Patel,JB Reva,0,0,,,,,,"",""
ball,2,13.3,Kenya,RR Patel,RN Patel,JB Reva,1,0,,,,,,"",""
ball,2,13.4,Kenya,RN Patel,RR Patel,JB Reva,1,0,,,,,,"",""
ball,2,13.5,Kenya,RR Patel,RN Patel,JB Reva,0,0,,,,,,"",""
ball,2,13.6,Kenya,RR Patel,RN Patel,JB Reva,0,0,,,,,,"",""
ball,2,14.1,Kenya,RN Patel,RR Patel,CA Soper,0,0,,,,,,"",""
ball,2,14.2,Kenya,RN Patel,RR Patel,CA Soper,0,0,,,,,,"",""
ball,2,14.3,Kenya,RN Patel,RR Patel,CA Soper,1,0,,,,,,"",""
ball,2,14.4,Kenya,RR Patel,RN Patel,CA Soper,1,0,,,,,,"",""
ball,2,14.5,Kenya,RN Patel,RR Patel,CA Soper,1,0,,,,,,"",""
ball,2,14.6,Kenya,RR Patel,RN Patel,CA Soper,1,0,,,,,,"",""
ball,2,15.1,Kenya,RR Patel,RN Patel,JB Reva,1,0,,,,,,"",""
ball,2,15.2,Kenya,RN Patel,RR Patel,JB Reva,1,0,,,,,,"",""
ball,2,15.3,Kenya,RR Patel,RN Patel,JB Reva,0,0,,,,,,"",""
ball,2,15.4,Kenya,RR Patel,RN Patel,JB Reva,0,0,,,,,,"",""
ball,2,15.5,Kenya,RR Patel,RN Patel,JB Reva,1,0,,,,,,"",""
ball,2,15.6,Kenya,RN Patel,RR Patel,JB Reva,0,0,,,,,,"",""
ball,2,16.1,Kenya,RR Patel,RN Patel,CA Soper,0,0,,,,,,"",""
ball,2,16.2,Kenya,RR Patel,RN Patel,CA Soper,1,0,,,,,,"",""
ball,2,16.3,Kenya,RN Patel,RR Patel,CA Soper,1,0,,,,,,"",""
ball,2,16.4,Kenya,RR Patel,RN Patel,CA Soper,0,0,,,,,,"",""
ball,2,16.5,Kenya,RR Patel,RN Patel,CA Soper,1,0,,,,,,"",""
ball,2,16.6,Kenya,RN Patel,RR Patel,CA Soper,0,0,,,,,,"",""
ball,2,17.1,Kenya,RR Patel,RN Patel,JB Reva,1,0,,,,,,"",""
ball,2,17.2,Kenya,RN Patel,RR Patel,JB Reva,0,0,,,,,,"",""
ball,2,17.3,Kenya,RN Patel,RR Patel,JB Reva,0,0,,,,,,"",""
ball,2,17.4,Kenya,RN Patel,RR Patel,JB Reva,0,0,,,,,,"",""
ball,2,17.5,Kenya,RN Patel,RR Patel,JB Reva,4,0,,,,,,"",""
ball,2,17.6,Kenya,RN Patel,RR Patel,JB Reva,2,0,,,,,,"",""
ball,2,18.1,Kenya,RR Patel,RN Patel,CJA Amini,0,0,,,,,,"",""
ball,2,18.2,Kenya,RR Patel,RN Patel,CJA Amini,2,0,,,,,,"",""
ball,2,18.3,Kenya,RR Patel,RN Patel,CJA Amini,0,2,,,2,,,"",""
ball,2,18.4,Kenya,RR Patel,RN Patel,CJA Amini,0,0,,,,,,"",""
ball,2,18.5,Kenya,RR Patel,RN Patel,CJA Amini,0,0,,,,,,"",""
ball,2,18.6,Kenya,RR Patel,RN Patel,CJA Amini,0,0,,,,,,"",""
ball,2,19.1,Kenya,RN Patel,RR Patel,S Bau,0,0,,,,,,"",""
ball,2,19.2,Kenya,RN Patel,RR Patel,S Bau,0,0,,,,,,"",""
ball,2,19.3,Kenya,RN Patel,RR Patel,S Bau,0,1,1,,,,,"",""
ball,2,19.4,Kenya,RN Patel,RR Patel,S Bau,0,0,,,,,,"",""
ball,2,19.5,Kenya,RN Patel,RR Patel,S Bau,4,0,,,,,,"",""
ball,2,19.6,Kenya,RN Patel,RR Patel,S Bau,1,0,,,,,,"",""
ball,2,19.7,Kenya,RR Patel,RN Patel,S Bau,0,0,,,,,,"",""
ball,2,20.1,Kenya,RN Patel,RR Patel,CJA Amini,1,0,,,,,,"",""
ball,2,20.2,Kenya,RR Patel,RN Patel,CJA Amini,0,0,,,,,,"",""
ball,2,20.3,Kenya,RR Patel,RN Patel,CJA Amini,4,0,,,,,,"",""
ball,2,20.4,Kenya,RR Patel,RN Patel,CJA Amini,1,0,,,,,,"",""
ball,2,20.5,Kenya,RN Patel,RR Patel,CJA Amini,0,0,,,,,,"",""
ball,2,20.6,Kenya,RN Patel,RR Patel,CJA Amini,0,0,,,,,,"",""
ball,2,21.1,Kenya,RR Patel,RN Patel,S Bau,1,0,,,,,,"",""
ball,2,21.2,Kenya,RN Patel,RR Patel,S Bau,1,0,,,,,,"",""
ball,2,21.3,Kenya,RR Patel,RN Patel,S Bau,0,0,,,,,,"",""
ball,2,21.4,Kenya,RR Patel,RN Patel,S Bau,1,0,,,,,,"",""
ball,2,21.5,Kenya,RN Patel,RR Patel,S Bau,1,0,,,,,,"",""
ball,2,21.6,Kenya,RR Patel,RN Patel,S Bau,0,0,,,,,,"",""
ball,2,22.1,Kenya,RN Patel,RR Patel,CJA Amini,0,0,,,,,,"",""
ball,2,22.2,Kenya,RN Patel,RR Patel,CJA Amini,0,0,,,,,,"",""
ball,2,22.3,Kenya,RN Patel,RR Patel,CJA Amini,4,0,,,,,,"",""
ball,2,22.4,Kenya,RN Patel,RR Patel,CJA Amini,0,0,,,,,,"",""
ball,2,22.5,Kenya,RN Patel,RR Patel,CJA Amini,1,0,,,,,,"",""
ball,2,22.6,Kenya,RR Patel,RN Patel,CJA Amini,0,0,,,,,,"",""
ball,2,23.1,Kenya,RN Patel,RR Patel,S Bau,1,0,,,,,,"",""
ball,2,23.2,Kenya,RR Patel,RN Patel,S Bau,0,0,,,,,,"",""
ball,2,23.3,Kenya,RR Patel,RN Patel,S Bau,0,0,,,,,,"",""
ball,2,23.4,Kenya,RR Patel,RN Patel,S Bau,2,0,,,,,,"",""
ball,2,23.5,Kenya,RR Patel,RN Patel,S Bau,0,0,,,,,,"",""
ball,2,23.6,Kenya,RR Patel,RN Patel,S Bau,0,0,,,,,,"",""
ball,2,24.1,Kenya,RN Patel,RR Patel,MD Dai,1,0,,,,,,"",""
ball,2,24.2,Kenya,RR Patel,RN Patel,MD Dai,0,0,,,,,,"",""
ball,2,24.3,Kenya,RR Patel,RN Patel,MD Dai,1,0,,,,,,"",""
ball,2,24.4,Kenya,RN Patel,RR Patel,MD Dai,0,0,,,,,,"",""
ball,2,24.5,Kenya,RN Patel,RR Patel,MD Dai,0,0,,,,,,"",""
ball,2,24.6,Kenya,RN Patel,RR Patel,MD Dai,0,0,,,,,,"",""
ball,2,25.1,Kenya,RR Patel,RN Patel,S Bau,0,0,,,,,,"",""
ball,2,25.2,Kenya,RR Patel,RN Patel,S Bau,1,0,,,,,,"",""
ball,2,25.3,Kenya,RN Patel,RR Patel,S Bau,1,0,,,,,,"",""
ball,2,25.4,Kenya,RR Patel,RN Patel,S Bau,0,0,,,,,,"",""
ball,2,25.5,Kenya,RR Patel,RN Patel,S Bau,0,0,,,,,,lbw,RR Patel
ball,2,25.6,Kenya,CO Obuya,RN Patel,S Bau,0,0,,,,,,"",""
ball,2,26.1,Kenya,RN Patel,CO Obuya,MD Dai,1,0,,,,,,"",""
ball,2,26.2,Kenya,CO Obuya,RN Patel,MD Dai,1,0,,,,,,"",""
ball,2,26.3,Kenya,RN Patel,CO Obuya,MD Dai,0,0,,,,,,"",""
ball,2,26.4,Kenya,RN Patel,CO Obuya,MD Dai,1,0,,,,,,"",""
ball,2,26.5,Kenya,CO Obuya,RN Patel,MD Dai,2,0,,,,,,"",""
ball,2,26.6,Kenya,CO Obuya,RN Patel,MD Dai,0,1,1,,,,,"",""
ball,2,26.7,Kenya,CO Obuya,RN Patel,MD Dai,2,0,,,,,,"",""
ball,2,27.1,Kenya,RN Patel,CO Obuya,S Bau,0,0,,,,,,"",""
ball,2,27.2,Kenya,RN Patel,CO Obuya,S Bau,1,0,,,,,,"",""
ball,2,27.3,Kenya,CO Obuya,RN Patel,S Bau,4,0,,,,,,"",""
ball,2,27.4,Kenya,CO Obuya,RN Patel,S Bau,0,0,,,,,,"",""
ball,2,27.5,Kenya,CO Obuya,RN Patel,S Bau,0,0,,,,,,"",""
ball,2,27.6,Kenya,CO Obuya,RN Patel,S Bau,0,0,,,,,,"",""
ball,2,28.1,Kenya,RN Patel,CO Obuya,MD Dai,1,0,,,,,,"",""
ball,2,28.2,Kenya,CO Obuya,RN Patel,MD Dai,0,0,,,,,,"",""
ball,2,28.3,Kenya,CO Obuya,RN Patel,MD Dai,1,0,,,,,,"",""
ball,2,28.4,Kenya,RN Patel,CO Obuya,MD Dai,4,0,,,,,,"",""
ball,2,28.5,Kenya,RN Patel,CO Obuya,MD Dai,1,0,,,,,,"",""
ball,2,28.6,Kenya,CO Obuya,RN Patel,MD Dai,0,0,,,,,,"",""
ball,2,29.1,Kenya,RN Patel,CO Obuya,S Bau,0,0,,,,,,"",""
ball,2,29.2,Kenya,RN Patel,CO Obuya,S Bau,0,0,,,,,,"",""
ball,2,29.3,Kenya,RN Patel,CO Obuya,S Bau,1,0,,,,,,"",""
ball,2,29.4,Kenya,CO Obuya,RN Patel,S Bau,0,0,,,,,,"",""
ball,2,29.5,Kenya,CO Obuya,RN Patel,S Bau,0,0,,,,,,"",""
ball,2,29.6,Kenya,CO Obuya,RN Patel,S Bau,1,0,,,,,,"",""
ball,2,30.1,Kenya,CO Obuya,RN Patel,MD Dai,1,0,,,,,,"",""
ball,2,30.2,Kenya,RN Patel,CO Obuya,MD Dai,0,0,,,,,,"",""
ball,2,30.3,Kenya,RN Patel,CO Obuya,MD Dai,0,0,,,,,,"",""
ball,2,30.4,Kenya,RN Patel,CO Obuya,MD Dai,1,0,,,,,,"",""
ball,2,30.5,Kenya,CO Obuya,RN Patel,MD Dai,2,0,,,,,,"",""
ball,2,30.6,Kenya,CO Obuya,RN Patel,MD Dai,0,0,,,,,,"",""
ball,2,31.1,Kenya,RN Patel,CO Obuya,S Bau,0,0,,,,,,"",""
ball,2,31.2,Kenya,RN Patel,CO Obuya,S Bau,2,0,,,,,,"",""
ball,2,31.3,Kenya,RN Patel,CO Obuya,S Bau,0,0,,,,,,"",""
ball,2,31.4,Kenya,RN Patel,CO Obuya,S Bau,0,0,,,,,,"",""
ball,2,31.5,Kenya,RN Patel,CO Obuya,S Bau,4,0,,,,,,"",""
ball,2,31.6,Kenya,RN Patel,CO Obuya,S Bau,1,0,,,,,,"",""
ball,2,32.1,Kenya,RN Patel,CO Obuya,JB Reva,1,0,,,,,,"",""
ball,2,32.2,Kenya,CO Obuya,RN Patel,JB Reva,1,0,,,,,,"",""
ball,2,32.3,Kenya,RN Patel,CO Obuya,JB Reva,1,0,,,,,,"",""
ball,2,32.4,Kenya,CO Obuya,RN Patel,JB Reva,0,0,,,,,,"",""
ball,2,32.5,Kenya,CO Obuya,RN Patel,JB Reva,0,0,,,,,,"",""
ball,2,32.6,Kenya,CO Obuya,RN Patel,JB Reva,1,0,,,,,,"",""
ball,2,33.1,Kenya,CO Obuya,RN Patel,N Pokana,0,0,,,,,,"",""
ball,2,33.2,Kenya,CO Obuya,RN Patel,N Pokana,0,0,,,,,,"",""
ball,2,33.3,Kenya,CO Obuya,RN Patel,N Pokana,1,0,,,,,,"",""
ball,2,33.4,Kenya,RN Patel,CO Obuya,N Pokana,1,0,,,,,,"",""
ball,2,33.5,Kenya,CO Obuya,RN Patel,N Pokana,0,0,,,,,,"",""
ball,2,33.6,Kenya,CO Obuya,RN Patel,N Pokana,1,0,,,,,,"",""
ball,2,34.1,Kenya,CO Obuya,RN Patel,JB Reva,1,0,,,,,,"",""
ball,2,34.2,Kenya,RN Patel,CO Obuya,JB Reva,0,0,,,,,,"",""
ball,2,34.3,Kenya,RN Patel,CO Obuya,JB Reva,0,0,,,,,,"",""
ball,2,34.4,Kenya,RN Patel,CO Obuya,JB Reva,0,0,,,,,,"",""
ball,2,34.5,Kenya,RN Patel,CO Obuya,JB Reva,0,0,,,,,,"",""
ball,2,34.6,Kenya,RN Patel,CO Obuya,JB Reva,0,0,,,,,,"",""
ball,2,35.1,Kenya,CO Obuya,RN Patel,N Pokana,0,0,,,,,,"",""
ball,2,35.2,Kenya,CO Obuya,RN Patel,N Pokana,0,0,,,,,,"",""
ball,2,35.3,Kenya,CO Obuya,RN Patel,N Pokana,1,0,,,,,,"",""
ball,2,35.4,Kenya,RN Patel,CO Obuya,N Pokana,1,0,,,,,,"",""
ball,2,35.5,Kenya,CO Obuya,RN Patel,N Pokana,1,0,,,,,,"",""
ball,2,35.6,Kenya,RN Patel,CO Obuya,N Pokana,1,0,,,,,,"",""
ball,2,36.1,Kenya,RN Patel,CO Obuya,JB Reva,0,0,,,,,,"",""
ball,2,36.2,Kenya,RN Patel,CO Obuya,JB Reva,0,0,,,,,,"",""
ball,2,36.3,Kenya,RN Patel,CO Obuya,JB Reva,0,0,,,,,,"",""
ball,2,36.4,Kenya,RN Patel,CO Obuya,JB Reva,1,0,,,,,,"",""
ball,2,36.5,Kenya,CO Obuya,RN Patel,JB Reva,1,0,,,,,,"",""
ball,2,36.6,Kenya,RN Patel,CO Obuya,JB Reva,2,0,,,,,,"",""
ball,2,37.1,Kenya,CO Obuya,RN Patel,N Vanua,0,0,,,,,,"",""
ball,2,37.2,Kenya,CO Obuya,RN Patel,N Vanua,0,0,,,,,,"",""
ball,2,37.3,Kenya,CO Obuya,RN Patel,N Vanua,1,0,,,,,,"",""
ball,2,37.4,Kenya,RN Patel,CO Obuya,N Vanua,4,1,,1,,,,"",""
ball,2,37.5,Kenya,RN Patel,CO Obuya,N Vanua,0,0,,,,,,"",""
ball,2,37.6,Kenya,RN Patel,CO Obuya,N Vanua,1,0,,,,,,"",""
ball,2,37.7,Kenya,CO Obuya,RN Patel,N Vanua,1,0,,,,,,"",""
ball,2,38.1,Kenya,CO Obuya,RN Patel,CA Soper,0,0,,,,,,"",""
ball,2,38.2,Kenya,CO Obuya,RN Patel,CA Soper,0,0,,,,,,"",""
ball,2,38.3,Kenya,CO Obuya,RN Patel,CA Soper,0,0,,,,,,"",""
ball,2,38.4,Kenya,CO Obuya,RN Patel,CA Soper,1,0,,,,,,"",""
ball,2,38.5,Kenya,RN Patel,CO Obuya,CA Soper,0,0,,,,,,"",""
ball,2,38.6,Kenya,RN Patel,CO Obuya,CA Soper,1,0,,,,,,"",""
ball,2,39.1,Kenya,RN Patel,CO Obuya,S Bau,1,0,,,,,,"",""
ball,2,39.2,Kenya,CO Obuya,RN Patel,S Bau,4,0,,,,,,"",""
ball,2,39.3,Kenya,CO Obuya,RN Patel,S Bau,1,0,,,,,,"",""
ball,2,39.4,Kenya,RN Patel,CO Obuya,S Bau,0,0,,,,,,"",""
ball,2,39.5,Kenya,RN Patel,CO Obuya,S Bau,1,0,,,,,,"",""
ball,2,39.6,Kenya,CO Obuya,RN Patel,S Bau,0,0,,,,,,"",""
ball,2,40.1,Kenya,RN Patel,CO Obuya,CA Soper,1,0,,,,,,"",""
ball,2,40.2,Kenya,CO Obuya,RN Patel,CA Soper,0,0,,,,,,"",""
ball,2,40.3,Kenya,CO Obuya,RN Patel,CA Soper,1,0,,,,,,"",""
ball,2,40.4,Kenya,RN Patel,CO Obuya,CA Soper,1,0,,,,,,"",""
ball,2,40.5,Kenya,CO Obuya,RN Patel,CA Soper,1,0,,,,,,"",""
ball,2,40.6,Kenya,RN Patel,CO Obuya,CA Soper,1,0,,,,,,"",""
ball,2,41.1,Kenya,RN Patel,CO Obuya,S Bau,1,0,,,,,,"",""
ball,2,41.2,Kenya,CO Obuya,RN Patel,S Bau,2,0,,,,,,"",""
ball,2,41.3,Kenya,CO Obuya,RN Patel,S Bau,0,0,,,,,,"",""
ball,2,41.4,Kenya,CO Obuya,RN Patel,S Bau,0,0,,,,,,"",""
ball,2,41.5,Kenya,CO Obuya,RN Patel,S Bau,1,0,,,,,,"",""
ball,2,41.6,Kenya,RN Patel,CO Obuya,S Bau,0,0,,,,,,"",""
ball,2,42.1,Kenya,CO Obuya,RN Patel,CA Soper,1,0,,,,,,"",""
ball,2,42.2,Kenya,RN Patel,CO Obuya,CA Soper,2,0,,,,,,"",""
ball,2,42.3,Kenya,RN Patel,CO Obuya,CA Soper,1,0,,,,,,"",""
ball,2,42.4,Kenya,CO Obuya,RN Patel,CA Soper,0,0,,,,,,"",""
ball,2,42.5,Kenya,CO Obuya,RN Patel,CA Soper,1,0,,,,,,"",""
ball,2,42.6,Kenya,RN Patel,CO Obuya,CA Soper,1,0,,,,,,"",""
ball,2,43.1,Kenya,RN Patel,CO Obuya,S Bau,0,0,,,,,,"",""
ball,2,43.2,Kenya,RN Patel,CO Obuya,S Bau,1,0,,,,,,"",""
ball,2,43.3,Kenya,CO Obuya,RN Patel,S Bau,1,0,,,,,,"",""
ball,2,43.4,Kenya,RN Patel,CO Obuya,S Bau,1,0,,,,,,"",""
ball,2,43.5,Kenya,CO Obuya,RN Patel,S Bau,0,0,,,,,,"",""
ball,2,43.6,Kenya,CO Obuya,RN Patel,S Bau,0,0,,,,,,"",""
ball,2,44.1,Kenya,RN Patel,CO Obuya,CA Soper,0,0,,,,,,"",""
ball,2,44.2,Kenya,RN Patel,CO Obuya,CA Soper,1,0,,,,,,"",""
ball,2,44.3,Kenya,CO Obuya,RN Patel,CA Soper,0,0,,,,,,caught,CO Obuya
ball,2,44.4,Kenya,MA Ouma,RN Patel,CA Soper,2,0,,,,,,"",""
ball,2,44.5,Kenya,MA Ouma,RN Patel,CA Soper,0,0,,,,,,"",""
ball,2,44.6,Kenya,MA Ouma,RN Patel,CA Soper,1,0,,,,,,"",""
ball,2,45.1,Kenya,MA Ouma,RN Patel,JB Reva,0,0,,,,,,"",""
ball,2,45.2,Kenya,MA Ouma,RN Patel,JB Reva,1,0,,,,,,"",""
ball,2,45.3,Kenya,RN Patel,MA Ouma,JB Reva,0,0,,,,,,"",""
ball,2,45.4,Kenya,RN Patel,MA Ouma,JB Reva,0,0,,,,,,bowled,RN Patel
ball,2,45.5,Kenya,SO Ngoche,MA Ouma,JB Reva,1,0,,,,,,"",""
ball,2,45.6,Kenya,MA Ouma,SO Ngoche,JB Reva,0,0,,,,,,lbw,MA Ouma
ball,2,46.1,Kenya,SO Ngoche,NN Odhiambo,N Vanua,1,0,,,,,,"",""
ball,2,46.2,Kenya,NN Odhiambo,SO Ngoche,N Vanua,4,0,,,,,,"",""
ball,2,46.3,Kenya,NN Odhiambo,SO Ngoche,N Vanua,1,0,,,,,,"",""
ball,2,46.4,Kenya,SO Ngoche,NN Odhiambo,N Vanua,2,0,,,,,,"",""
ball,2,46.5,Kenya,SO Ngoche,NN Odhiambo,N Vanua,2,0,,,,,,"",""
ball,2,46.6,Kenya,SO Ngoche,NN Odhiambo,N Vanua,0,0,,,,,,caught,SO Ngoche
ball,2,47.1,Kenya,LN Oluoch,NN Odhiambo,JB Reva,2,0,,,,,,"",""
ball,2,47.2,Kenya,LN Oluoch,NN Odhiambo,JB Reva,0,0,,,,,,bowled,LN Oluoch
ball,2,47.3,Kenya,EB Ringera,NN Odhiambo,JB Reva,0,1,,,,1,,"",""
ball,2,47.4,Kenya,NN Odhiambo,EB Ringera,JB Reva,0,0,,,,,,bowled,NN Odhiambo
ball,2,47.5,Kenya,E Otieno,EB Ringera,JB Reva,0,0,,,,,,run out,E Otieno
