version,1.6.0
info,balls_per_over,6
info,team,Barbados Tridents
info,team,St Lucia Zouks
info,gender,male
info,season,2016
info,date,2016/07/17
info,event,Caribbean Premier League
info,match_number,18
info,venue,"Kensington Oval, Bridgetown"
info,city,Barbados
info,toss_winner,St Lucia Zouks
info,toss_decision,field
info,player_of_match,N Pooran
info,umpire,JD Cloete
info,umpire,Zahid Bassarath
info,reserve_umpire,Jonathan Blades
info,tv_umpire,PA Gustard
info,match_referee,Denavon Hayles
info,winner,Barbados Tridents
info,winner_runs,25
info,player,Barbados Tridents,KA Hope
info,player,Barbados Tridents,Shoaib Malik
info,player,Barbados Tridents,AB de Villiers
info,player,Barbados Tridents,N Pooran
info,player,Barbados Tridents,KA Pollard
info,player,Barbados Tridents,WD Parnell
info,player,Barbados Tridents,ND Stewart
info,player,Barbados Tridents,RJ Peterson
info,player,Barbados Tridents,RA Reifer
info,player,Barbados Tridents,I Khan (2)
info,player,Barbados Tridents,R Rampaul
info,player,St Lucia Zouks,J Charles
info,player,St Lucia Zouks,ADS Fletcher
info,player,St Lucia Zouks,SR Watson
info,player,St Lucia Zouks,MEK Hussey
info,player,St Lucia Zouks,DA Miller
info,player,St Lucia Zouks,DJG Sammy
info,player,St Lucia Zouks,KR Mayers
info,player,St Lucia Zouks,DYA Davis
info,player,St Lucia Zouks,S Shillingford
info,player,St Lucia Zouks,JE Taylor
info,player,St Lucia Zouks,M Morkel
info,registry,people,AB de Villiers,c4487b84
info,registry,people,ADS Fletcher,1bae756b
info,registry,people,DA Miller,d67d5f00
info,registry,people,DJG Sammy,c03c6200
info,registry,people,DYA Davis,74b02e0c
info,registry,people,Denavon Hayles,5cbeeb02
info,registry,people,GD Elliott,c03449e0
info,registry,people,I Khan (2),2ae01eb0
info,registry,people,J Charles,09a9d073
info,registry,people,JD Cloete,b0419f8c
info,registry,people,JE Taylor,4180d897
info,registry,people,Jonathan Blades,ef9a3298
info,registry,people,KA Hope,c59d8f8a
info,registry,people,KA Pollard,a757b0d8
info,registry,people,KR Mayers,73c18486
info,registry,people,M Morkel,5bb5a915
info,registry,people,MEK Hussey,48fd7349
info,registry,people,N Pooran,3241e3fd
info,registry,people,ND Stewart,16edfe47
info,registry,people,PA Gustard,25bcf808
info,registry,people,R Rampaul,d68e7f48
info,registry,people,RA Reifer,d7725664
info,registry,people,RJ Peterson,26ff4c29
info,registry,people,S Shillingford,d76b0d2d
info,registry,people,SR Watson,4329fbb5
info,registry,people,Shoaib Malik,64c34cd0
info,registry,people,WD Parnell,3a60e0b5
info,registry,people,Zahid Bassarath,ca6bf044
ball,1,0.1,Barbados Tridents,KA Hope,Shoaib Malik,M Morkel,0,0,,,,,,"",""
ball,1,0.2,Barbados Tridents,KA Hope,Shoaib Malik,M Morkel,1,0,,,,,,"",""
ball,1,0.3,Barbados Tridents,Shoaib Malik,KA Hope,M Morkel,0,0,,,,,,"",""
ball,1,0.4,Barbados Tridents,Shoaib Malik,KA Hope,M Morkel,0,0,,,,,,"",""
ball,1,0.5,Barbados Tridents,Shoaib Malik,KA Hope,M Morkel,1,0,,,,,,"",""
ball,1,0.6,Barbados Tridents,KA Hope,Shoaib Malik,M Morkel,1,0,,,,,,"",""
ball,1,1.1,Barbados Tridents,KA Hope,Shoaib Malik,JE Taylor,4,0,,,,,,"",""
ball,1,1.2,Barbados Tridents,KA Hope,Shoaib Malik,JE Taylor,0,0,,,,,,"",""
ball,1,1.3,Barbados Tridents,KA Hope,Shoaib Malik,JE Taylor,0,0,,,,,,"",""
ball,1,1.4,Barbados Tridents,KA Hope,Shoaib Malik,JE Taylor,0,0,,,,,,"",""
ball,1,1.5,Barbados Tridents,KA Hope,Shoaib Malik,JE Taylor,0,0,,,,,,"",""
ball,1,1.6,Barbados Tridents,KA Hope,Shoaib Malik,JE Taylor,0,0,,,,,,"",""
ball,1,2.1,Barbados Tridents,Shoaib Malik,KA Hope,M Morkel,1,0,,,,,,"",""
ball,1,2.2,Barbados Tridents,KA Hope,Shoaib Malik,M Morkel,1,0,,,,,,"",""
ball,1,2.3,Barbados Tridents,Shoaib Malik,KA Hope,M Morkel,2,0,,,,,,"",""
ball,1,2.4,Barbados Tridents,Shoaib Malik,KA Hope,M Morkel,0,0,,,,,,"",""
ball,1,2.5,Barbados Tridents,Shoaib Malik,KA Hope,M Morkel,0,0,,,,,,"",""
ball,1,2.6,Barbados Tridents,Shoaib Malik,KA Hope,M Morkel,0,0,,,,,,"",""
ball,1,3.1,Barbados Tridents,KA Hope,Shoaib Malik,JE Taylor,1,0,,,,,,"",""
ball,1,3.2,Barbados Tridents,Shoaib Malik,KA Hope,JE Taylor,0,0,,,,,,"",""
ball,1,3.3,Barbados Tridents,Shoaib Malik,KA Hope,JE Taylor,0,1,1,,,,,"",""
ball,1,3.4,Barbados Tridents,Shoaib Malik,KA Hope,JE Taylor,0,1,,,,1,,"",""
ball,1,3.5,Barbados Tridents,KA Hope,Shoaib Malik,JE Taylor,1,0,,,,,,"",""
ball,1,3.6,Barbados Tridents,Shoaib Malik,KA Hope,JE Taylor,0,0,,,,,,"",""
ball,1,3.7,Barbados Tridents,Shoaib Malik,KA Hope,JE Taylor,1,0,,,,,,"",""
ball,1,4.1,Barbados Tridents,Shoaib Malik,KA Hope,M Morkel,1,0,,,,,,"",""
ball,1,4.2,Barbados Tridents,KA Hope,Shoaib Malik,M Morkel,0,0,,,,,,"",""
ball,1,4.3,Barbados Tridents,KA Hope,Shoaib Malik,M Morkel,1,0,,,,,,"",""
ball,1,4.4,Barbados Tridents,Shoaib Malik,KA Hope,M Morkel,1,0,,,,,,"",""
ball,1,4.5,Barbados Tridents,KA Hope,Shoaib Malik,M Morkel,1,0,,,,,,"",""
ball,1,4.6,Barbados Tridents,Shoaib Malik,KA Hope,M Morkel,1,0,,,,,,"",""
ball,1,5.1,Barbados Tridents,Shoaib Malik,KA Hope,SR Watson,0,0,,,,,,"",""
ball,1,5.2,Barbados Tridents,Shoaib Malik,KA Hope,SR Watson,1,0,,,,,,"",""
ball,1,5.3,Barbados Tridents,KA Hope,Shoaib Malik,SR Watson,0,0,,,,,,"",""
ball,1,5.4,Barbados Tridents,KA Hope,Shoaib Malik,SR Watson,0,0,,,,,,"",""
ball,1,5.5,Barbados Tridents,KA Hope,Shoaib Malik,SR Watson,4,0,,,,,,"",""
ball,1,5.6,Barbados Tridents,KA Hope,Shoaib Malik,SR Watson,2,0,,,,,,"",""
ball,1,6.1,Barbados Tridents,Shoaib Malik,KA Hope,KR Mayers,0,0,,,,,,"",""
ball,1,6.2,Barbados Tridents,Shoaib Malik,KA Hope,KR Mayers,4,0,,,,,,"",""
ball,1,6.3,Barbados Tridents,Shoaib Malik,KA Hope,KR Mayers,1,0,,,,,,"",""
ball,1,6.4,Barbados Tridents,KA Hope,Shoaib Malik,KR Mayers,1,0,,,,,,"",""
ball,1,6.5,Barbados Tridents,Shoaib Malik,KA Hope,KR Mayers,1,0,,,,,,"",""
ball,1,6.6,Barbados Tridents,KA Hope,Shoaib Malik,KR Mayers,1,0,,,,,,"",""
ball,1,7.1,Barbados Tridents,KA Hope,Shoaib Malik,S Shillingford,0,1,1,,,,,"",""
ball,1,7.2,Barbados Tridents,KA Hope,Shoaib Malik,S Shillingford,6,0,,,,,,"",""
ball,1,7.3,Barbados Tridents,KA Hope,Shoaib Malik,S Shillingford,0,0,,,,,,"",""
ball,1,7.4,Barbados Tridents,KA Hope,Shoaib Malik,S Shillingford,1,0,,,,,,"",""
ball,1,7.5,Barbados Tridents,Shoaib Malik,KA Hope,S Shillingford,0,0,,,,,,caught,Shoaib Malik
ball,1,7.6,Barbados Tridents,KA Hope,AB de Villiers,S Shillingford,1,0,,,,,,"",""
ball,1,7.7,Barbados Tridents,AB de Villiers,KA Hope,S Shillingford,4,0,,,,,,"",""
ball,1,8.1,Barbados Tridents,KA Hope,AB de Villiers,DYA Davis,0,0,,,,,,"",""
ball,1,8.2,Barbados Tridents,KA Hope,AB de Villiers,DYA Davis,1,0,,,,,,"",""
ball,1,8.3,Barbados Tridents,AB de Villiers,KA Hope,DYA Davis,1,0,,,,,,"",""
ball,1,8.4,Barbados Tridents,KA Hope,AB de Villiers,DYA Davis,0,0,,,,,,caught,KA Hope
ball,1,8.5,Barbados Tridents,N Pooran,AB de Villiers,DYA Davis,0,1,1,,,,,"",""
ball,1,8.6,Barbados Tridents,N Pooran,AB de Villiers,DYA Davis,1,0,,,,,,"",""
ball,1,8.7,Barbados Tridents,AB de Villiers,N Pooran,DYA Davis,0,0,,,,,,"",""
ball,1,9.1,Barbados Tridents,N Pooran,AB de Villiers,S Shillingford,1,0,,,,,,"",""
ball,1,9.2,Barbados Tridents,AB de Villiers,N Pooran,S Shillingford,1,0,,,,,,"",""
ball,1,9.3,Barbados Tridents,N Pooran,AB de Villiers,S Shillingford,1,0,,,,,,"",""
ball,1,9.4,Barbados Tridents,AB de Villiers,N Pooran,S Shillingford,1,0,,,,,,"",""
ball,1,9.5,Barbados Tridents,N Pooran,AB de Villiers,S Shillingford,0,0,,,,,,"",""
ball,1,9.6,Barbados Tridents,N Pooran,AB de Villiers,S Shillingford,1,0,,,,,,"",""
ball,1,10.1,Barbados Tridents,N Pooran,AB de Villiers,DYA Davis,4,0,,,,,,"",""
ball,1,10.2,Barbados Tridents,N Pooran,AB de Villiers,DYA Davis,1,0,,,,,,"",""
ball,1,10.3,Barbados Tridents,AB de Villiers,N Pooran,DYA Davis,0,0,,,,,,"",""
ball,1,10.4,Barbados Tridents,AB de Villiers,N Pooran,DYA Davis,0,0,,,,,,"",""
ball,1,10.5,Barbados Tridents,AB de Villiers,N Pooran,DYA Davis,1,0,,,,,,"",""
ball,1,10.6,Barbados Tridents,N Pooran,AB de Villiers,DYA Davis,1,0,,,,,,"",""
ball,1,11.1,Barbados Tridents,N Pooran,AB de Villiers,S Shillingford,1,0,,,,,,"",""
ball,1,11.2,Barbados Tridents,AB de Villiers,N Pooran,S Shillingford,2,0,,,,,,"",""
ball,1,11.3,Barbados Tridents,AB de Villiers,N Pooran,S Shillingford,1,0,,,,,,"",""
ball,1,11.4,Barbados Tridents,N Pooran,AB de Villiers,S Shillingford,1,0,,,,,,"",""
ball,1,11.5,Barbados Tridents,AB de Villiers,N Pooran,S Shillingford,4,0,,,,,,"",""
ball,1,11.6,Barbados Tridents,AB de Villiers,N Pooran,S Shillingford,1,0,,,,,,"",""
ball,1,12.1,Barbados Tridents,AB de Villiers,N Pooran,DYA Davis,4,0,,,,,,"",""
ball,1,12.2,Barbados Tridents,AB de Villiers,N Pooran,DYA Davis,1,0,,,,,,"",""
ball,1,12.3,Barbados Tridents,N Pooran,AB de Villiers,DYA Davis,6,0,,,,,,"",""
ball,1,12.4,Barbados Tridents,N Pooran,AB de Villiers,DYA Davis,6,0,,,,,,"",""
ball,1,12.5,Barbados Tridents,N Pooran,AB de Villiers,DYA Davis,1,0,,,,,,"",""
ball,1,12.6,Barbados Tridents,AB de Villiers,N Pooran,DYA Davis,2,0,,,,,,"",""
ball,1,13.1,Barbados Tridents,N Pooran,AB de Villiers,SR Watson,1,0,,,,,,"",""
ball,1,13.2,Barbados Tridents,AB de Villiers,N Pooran,SR Watson,1,0,,,,,,"",""
ball,1,13.3,Barbados Tridents,N Pooran,AB de Villiers,SR Watson,1,0,,,,,,"",""
ball,1,13.4,Barbados Tridents,AB de Villiers,N Pooran,SR Watson,1,0,,,,,,"",""
ball,1,13.5,Barbados Tridents,N Pooran,AB de Villiers,SR Watson,1,0,,,,,,"",""
ball,1,13.6,Barbados Tridents,AB de Villiers,N Pooran,SR Watson,0,0,,,,,,"",""
ball,1,14.1,Barbados Tridents,N Pooran,AB de Villiers,M Morkel,4,0,,,,,,"",""
ball,1,14.2,Barbados Tridents,N Pooran,AB de Villiers,M Morkel,1,0,,,,,,"",""
ball,1,14.3,Barbados Tridents,AB de Villiers,N Pooran,M Morkel,0,0,,,,,,"",""
ball,1,14.4,Barbados Tridents,AB de Villiers,N Pooran,M Morkel,0,1,1,,,,,"",""
ball,1,14.5,Barbados Tridents,AB de Villiers,N Pooran,M Morkel,1,0,,,,,,"",""
ball,1,14.6,Barbados Tridents,N Pooran,AB de Villiers,M Morkel,2,0,,,,,,"",""
ball,1,14.7,Barbados Tridents,N Pooran,AB de Villiers,M Morkel,4,0,,,,,,"",""
ball,1,15.1,Barbados Tridents,AB de Villiers,N Pooran,JE Taylor,6,0,,,,,,"",""
ball,1,15.2,Barbados Tridents,AB de Villiers,N Pooran,JE Taylor,0,0,,,,,,caught,AB de Villiers
ball,1,15.3,Barbados Tridents,N Pooran,KA Pollard,JE Taylor,4,0,,,,,,"",""
ball,1,15.4,Barbados Tridents,N Pooran,KA Pollard,JE Taylor,0,0,,,,,,"",""
ball,1,15.5,Barbados Tridents,N Pooran,KA Pollard,JE Taylor,0,0,,,,,,"",""
ball,1,15.6,Barbados Tridents,N Pooran,KA Pollard,JE Taylor,1,0,,,,,,"",""
ball,1,16.1,Barbados Tridents,N Pooran,KA Pollard,KR Mayers,0,1,,,,1,,"",""
ball,1,16.2,Barbados Tridents,KA Pollard,N Pooran,KR Mayers,4,0,,,,,,"",""
ball,1,16.3,Barbados Tridents,KA Pollard,N Pooran,KR Mayers,1,0,,,,,,"",""
ball,1,16.4,Barbados Tridents,N Pooran,KA Pollard,KR Mayers,4,0,,,,,,"",""
ball,1,16.5,Barbados Tridents,N Pooran,KA Pollard,KR Mayers,0,0,,,,,,"",""
ball,1,16.6,Barbados Tridents,N Pooran,KA Pollard,KR Mayers,6,0,,,,,,"",""
ball,1,17.1,Barbados Tridents,KA Pollard,N Pooran,SR Watson,1,0,,,,,,"",""
ball,1,17.2,Barbados Tridents,N Pooran,KA Pollard,SR Watson,4,0,,,,,,"",""
ball,1,17.3,Barbados Tridents,N Pooran,KA Pollard,SR Watson,4,0,,,,,,"",""
ball,1,17.4,Barbados Tridents,N Pooran,KA Pollard,SR Watson,4,0,,,,,,"",""
ball,1,17.5,Barbados Tridents,N Pooran,KA Pollard,SR Watson,6,0,,,,,,"",""
ball,1,17.6,Barbados Tridents,N Pooran,KA Pollard,SR Watson,1,0,,,,,,"",""
ball,1,18.1,Barbados Tridents,N Pooran,KA Pollard,JE Taylor,0,1,1,,,,,"",""
ball,1,18.2,Barbados Tridents,N Pooran,KA Pollard,JE Taylor,0,0,,,,,,"",""
ball,1,18.3,Barbados Tridents,N Pooran,KA Pollard,JE Taylor,2,0,,,,,,"",""
ball,1,18.4,Barbados Tridents,N Pooran,KA Pollard,JE Taylor,4,0,,,,,,"",""
ball,1,18.5,Barbados Tridents,N Pooran,KA Pollard,JE Taylor,0,0,,,,,,"",""
ball,1,18.6,Barbados Tridents,N Pooran,KA Pollard,JE Taylor,1,0,,,,,,"",""
ball,1,18.7,Barbados Tridents,KA Pollard,N Pooran,JE Taylor,0,0,,,,,,caught,KA Pollard
ball,1,19.1,Barbados Tridents,N Pooran,WD Parnell,SR Watson,1,0,,,,,,"",""
ball,1,19.2,Barbados Tridents,WD Parnell,N Pooran,SR Watson,0,0,,,,,,"",""
ball,1,19.3,Barbados Tridents,WD Parnell,N Pooran,SR Watson,0,0,,,,,,run out,N Pooran
ball,1,19.4,Barbados Tridents,ND Stewart,WD Parnell,SR Watson,2,0,,,,,,"",""
ball,1,19.5,Barbados Tridents,ND Stewart,WD Parnell,SR Watson,0,0,,,,,,"",""
ball,1,19.6,Barbados Tridents,ND Stewart,WD Parnell,SR Watson,2,0,,,,,,"",""
ball,2,0.1,St Lucia Zouks,J Charles,ADS Fletcher,WD Parnell,0,0,,,,,,"",""
ball,2,0.2,St Lucia Zouks,J Charles,ADS Fletcher,WD Parnell,0,0,,,,,,"",""
ball,2,0.3,St Lucia Zouks,J Charles,ADS Fletcher,WD Parnell,1,0,,,,,,"",""
ball,2,0.4,St Lucia Zouks,ADS Fletcher,J Charles,WD Parnell,4,0,,,,,,"",""
ball,2,0.5,St Lucia Zouks,ADS Fletcher,J Charles,WD Parnell,0,0,,,,,,"",""
ball,2,0.6,St Lucia Zouks,ADS Fletcher,J Charles,WD Parnell,4,0,,,,,,"",""
ball,2,1.1,St Lucia Zouks,J Charles,ADS Fletcher,R Rampaul,0,0,,,,,,"",""
ball,2,1.2,St Lucia Zouks,J Charles,ADS Fletcher,R Rampaul,0,0,,,,,,"",""
ball,2,1.3,St Lucia Zouks,J Charles,ADS Fletcher,R Rampaul,2,0,,,,,,"",""
ball,2,1.4,St Lucia Zouks,J Charles,ADS Fletcher,R Rampaul,0,0,,,,,,"",""
ball,2,1.5,St Lucia Zouks,J Charles,ADS Fletcher,R Rampaul,0,1,1,,,,,"",""
ball,2,1.6,St Lucia Zouks,J Charles,ADS Fletcher,R Rampaul,1,0,,,,,,"",""
ball,2,1.7,St Lucia Zouks,ADS Fletcher,J Charles,R Rampaul,6,0,,,,,,"",""
ball,2,2.1,St Lucia Zouks,J Charles,ADS Fletcher,WD Parnell,0,0,,,,,,"",""
ball,2,2.2,St Lucia Zouks,J Charles,ADS Fletcher,WD Parnell,0,1,1,,,,,"",""
ball,2,2.3,St Lucia Zouks,J Charles,ADS Fletcher,WD Parnell,0,4,,,,4,,"",""
ball,2,2.4,St Lucia Zouks,J Charles,ADS Fletcher,WD Parnell,0,0,,,,,,"",""
ball,2,2.5,St Lucia Zouks,J Charles,ADS Fletcher,WD Parnell,0,0,,,,,,"",""
ball,2,2.6,St Lucia Zouks,J Charles,ADS Fletcher,WD Parnell,2,0,,,,,,"",""
ball,2,2.7,St Lucia Zouks,J Charles,ADS Fletcher,WD Parnell,2,0,,,,,,"",""
ball,2,3.1,St Lucia Zouks,ADS Fletcher,J Charles,RJ Peterson,1,0,,,,,,"",""
ball,2,3.2,St Lucia Zouks,J Charles,ADS Fletcher,RJ Peterson,0,0,,,,,,"",""
ball,2,3.3,St Lucia Zouks,J Charles,ADS Fletcher,RJ Peterson,0,0,,,,,,stumped,J Charles
ball,2,3.4,St Lucia Zouks,SR Watson,ADS Fletcher,RJ Peterson,0,0,,,,,,"",""
ball,2,3.5,St Lucia Zouks,SR Watson,ADS Fletcher,RJ Peterson,0,0,,,,,,"",""
ball,2,3.6,St Lucia Zouks,SR Watson,ADS Fletcher,RJ Peterson,0,1,1,,,,,"",""
ball,2,3.7,St Lucia Zouks,SR Watson,ADS Fletcher,RJ Peterson,0,0,,,,,,"",""
ball,2,4.1,St Lucia Zouks,ADS Fletcher,SR Watson,R Rampaul,1,0,,,,,,"",""
ball,2,4.2,St Lucia Zouks,SR Watson,ADS Fletcher,R Rampaul,0,1,,,,1,,"",""
ball,2,4.3,St Lucia Zouks,ADS Fletcher,SR Watson,R Rampaul,1,0,,,,,,"",""
ball,2,4.4,St Lucia Zouks,SR Watson,ADS Fletcher,R Rampaul,0,0,,,,,,bowled,SR Watson
ball,2,4.5,St Lucia Zouks,MEK Hussey,ADS Fletcher,R Rampaul,0,0,,,,,,"",""
ball,2,4.6,St Lucia Zouks,MEK Hussey,ADS Fletcher,R Rampaul,0,0,,,,,,"",""
ball,2,5.1,St Lucia Zouks,ADS Fletcher,MEK Hussey,RJ Peterson,0,0,,,,,,"",""
ball,2,5.2,St Lucia Zouks,ADS Fletcher,MEK Hussey,RJ Peterson,0,0,,,,,,"",""
ball,2,5.3,St Lucia Zouks,ADS Fletcher,MEK Hussey,RJ Peterson,1,0,,,,,,"",""
ball,2,5.4,St Lucia Zouks,MEK Hussey,ADS Fletcher,RJ Peterson,0,0,,,,,,"",""
ball,2,5.5,St Lucia Zouks,MEK Hussey,ADS Fletcher,RJ Peterson,1,0,,,,,,"",""
ball,2,5.6,St Lucia Zouks,ADS Fletcher,MEK Hussey,RJ Peterson,1,0,,,,,,"",""
ball,2,6.1,St Lucia Zouks,ADS Fletcher,MEK Hussey,R Rampaul,1,0,,,,,,"",""
ball,2,6.2,St Lucia Zouks,MEK Hussey,ADS Fletcher,R Rampaul,2,0,,,,,,"",""
ball,2,6.3,St Lucia Zouks,MEK Hussey,ADS Fletcher,R Rampaul,1,0,,,,,,"",""
ball,2,6.4,St Lucia Zouks,ADS Fletcher,MEK Hussey,R Rampaul,0,0,,,,,,caught,ADS Fletcher
ball,2,6.5,St Lucia Zouks,MEK Hussey,DA Miller,R Rampaul,1,0,,,,,,"",""
ball,2,6.6,St Lucia Zouks,DA Miller,MEK Hussey,R Rampaul,0,0,,,,,,"",""
ball,2,7.1,St Lucia Zouks,MEK Hussey,DA Miller,Shoaib Malik,1,0,,,,,,"",""
ball,2,7.2,St Lucia Zouks,DA Miller,MEK Hussey,Shoaib Malik,0,0,,,,,,"",""
ball,2,7.3,St Lucia Zouks,DA Miller,MEK Hussey,Shoaib Malik,1,0,,,,,,"",""
ball,2,7.4,St Lucia Zouks,MEK Hussey,DA Miller,Shoaib Malik,0,0,,,,,,"",""
ball,2,7.5,St Lucia Zouks,MEK Hussey,DA Miller,Shoaib Malik,1,0,,,,,,"",""
ball,2,7.6,St Lucia Zouks,DA Miller,MEK Hussey,Shoaib Malik,1,0,,,,,,"",""
ball,2,8.1,St Lucia Zouks,DA Miller,MEK Hussey,ND Stewart,0,0,,,,,,"",""
ball,2,8.2,St Lucia Zouks,DA Miller,MEK Hussey,ND Stewart,0,0,,,,,,"",""
ball,2,8.3,St Lucia Zouks,DA Miller,MEK Hussey,ND Stewart,1,0,,,,,,"",""
ball,2,8.4,St Lucia Zouks,MEK Hussey,DA Miller,ND Stewart,4,0,,,,,,"",""
ball,2,8.5,St Lucia Zouks,MEK Hussey,DA Miller,ND Stewart,1,0,,,,,,"",""
ball,2,8.6,St Lucia Zouks,DA Miller,MEK Hussey,ND Stewart,1,0,,,,,,"",""
ball,2,9.1,St Lucia Zouks,DA Miller,MEK Hussey,Shoaib Malik,6,0,,,,,,"",""
ball,2,9.2,St Lucia Zouks,DA Miller,MEK Hussey,Shoaib Malik,0,0,,,,,,"",""
ball,2,9.3,St Lucia Zouks,DA Miller,MEK Hussey,Shoaib Malik,1,0,,,,,,"",""
ball,2,9.4,St Lucia Zouks,MEK Hussey,DA Miller,Shoaib Malik,1,0,,,,,,"",""
ball,2,9.5,St Lucia Zouks,DA Miller,MEK Hussey,Shoaib Malik,0,0,,,,,,bowled,DA Miller
ball,2,9.6,St Lucia Zouks,DJG Sammy,MEK Hussey,Shoaib Malik,0,0,,,,,,"",""
ball,2,10.1,St Lucia Zouks,MEK Hussey,DJG Sammy,ND Stewart,1,0,,,,,,"",""
ball,2,10.2,St Lucia Zouks,DJG Sammy,MEK Hussey,ND Stewart,0,0,,,,,,"",""
ball,2,10.3,St Lucia Zouks,DJG Sammy,MEK Hussey,ND Stewart,4,0,,,,,,"",""
ball,2,10.4,St Lucia Zouks,DJG Sammy,MEK Hussey,ND Stewart,1,0,,,,,,"",""
ball,2,10.5,St Lucia Zouks,MEK Hussey,DJG Sammy,ND Stewart,1,0,,,,,,"",""
ball,2,10.6,St Lucia Zouks,DJG Sammy,MEK Hussey,ND Stewart,4,0,,,,,,"",""
ball,2,11.1,St Lucia Zouks,MEK Hussey,DJG Sammy,RA Reifer,1,0,,,,,,"",""
ball,2,11.2,St Lucia Zouks,DJG Sammy,MEK Hussey,RA Reifer,0,0,,,,,,"",""
ball,2,11.3,St Lucia Zouks,DJG Sammy,MEK Hussey,RA Reifer,0,1,1,,,,,"",""
ball,2,11.4,St Lucia Zouks,DJG Sammy,MEK Hussey,RA Reifer,1,0,,,,,,"",""
ball,2,11.5,St Lucia Zouks,MEK Hussey,DJG Sammy,RA Reifer,1,0,,,,,,"",""
ball,2,11.6,St Lucia Zouks,DJG Sammy,MEK Hussey,RA Reifer,0,1,1,,,,,"",""
ball,2,11.7,St Lucia Zouks,DJG Sammy,MEK Hussey,RA Reifer,1,0,,,,,,"",""
ball,2,11.8,St Lucia Zouks,MEK Hussey,DJG Sammy,RA Reifer,0,0,,,,,,"",""
ball,2,12.1,St Lucia Zouks,DJG Sammy,MEK Hussey,ND Stewart,6,0,,,,,,"",""
ball,2,12.2,St Lucia Zouks,DJG Sammy,MEK Hussey,ND Stewart,0,0,,,,,,"",""
ball,2,12.3,St Lucia Zouks,DJG Sammy,MEK Hussey,ND Stewart,0,0,,,,,,"",""
ball,2,12.4,St Lucia Zouks,DJG Sammy,MEK Hussey,ND Stewart,0,0,,,,,,"",""
ball,2,12.5,St Lucia Zouks,DJG Sammy,MEK Hussey,ND Stewart,1,0,,,,,,"",""
ball,2,12.6,St Lucia Zouks,MEK Hussey,DJG Sammy,ND Stewart,0,0,,,,,,bowled,MEK Hussey
ball,2,13.1,St Lucia Zouks,DJG Sammy,KR Mayers,RA Reifer,0,0,,,,,,bowled,DJG Sammy
ball,2,13.2,St Lucia Zouks,DYA Davis,KR Mayers,RA Reifer,1,0,,,,,,"",""
ball,2,13.3,St Lucia Zouks,KR Mayers,DYA Davis,RA Reifer,0,4,,,4,,,"",""
ball,2,13.4,St Lucia Zouks,KR Mayers,DYA Davis,RA Reifer,4,0,,,,,,"",""
ball,2,13.5,St Lucia Zouks,KR Mayers,DYA Davis,RA Reifer,0,5,5,,,,,"",""
ball,2,13.6,St Lucia Zouks,KR Mayers,DYA Davis,RA Reifer,1,0,,,,,,"",""
ball,2,13.7,St Lucia Zouks,DYA Davis,KR Mayers,RA Reifer,1,0,,,,,,"",""
ball,2,14.1,St Lucia Zouks,DYA Davis,KR Mayers,R Rampaul,1,0,,,,,,"",""
ball,2,14.2,St Lucia Zouks,KR Mayers,DYA Davis,R Rampaul,1,0,,,,,,"",""
ball,2,14.3,St Lucia Zouks,DYA Davis,KR Mayers,R Rampaul,1,0,,,,,,"",""
ball,2,14.4,St Lucia Zouks,KR Mayers,DYA Davis,R Rampaul,1,0,,,,,,"",""
ball,2,14.5,St Lucia Zouks,DYA Davis,KR Mayers,R Rampaul,0,0,,,,,,"",""
ball,2,14.6,St Lucia Zouks,DYA Davis,KR Mayers,R Rampaul,1,0,,,,,,"",""
ball,2,15.1,St Lucia Zouks,DYA Davis,KR Mayers,RA Reifer,1,0,,,,,,"",""
ball,2,15.2,St Lucia Zouks,KR Mayers,DYA Davis,RA Reifer,4,0,,,,,,"",""
ball,2,15.3,St Lucia Zouks,KR Mayers,DYA Davis,RA Reifer,6,0,,,,,,"",""
ball,2,15.4,St Lucia Zouks,KR Mayers,DYA Davis,RA Reifer,0,0,,,,,,"",""
ball,2,15.5,St Lucia Zouks,KR Mayers,DYA Davis,RA Reifer,1,0,,,,,,"",""
ball,2,15.6,St Lucia Zouks,DYA Davis,KR Mayers,RA Reifer,0,0,,,,,,"",""
ball,2,16.1,St Lucia Zouks,KR Mayers,DYA Davis,WD Parnell,0,1,1,,,,,"",""
ball,2,16.2,St Lucia Zouks,KR Mayers,DYA Davis,WD Parnell,0,0,,,,,,caught,KR Mayers
ball,2,16.3,St Lucia Zouks,DYA Davis,S Shillingford,WD Parnell,0,0,,,,,,"",""
ball,2,16.4,St Lucia Zouks,DYA Davis,S Shillingford,WD Parnell,0,0,,,,,,bowled,DYA Davis
ball,2,16.5,St Lucia Zouks,JE Taylor,S Shillingford,WD Parnell,1,0,,,,,,"",""
ball,2,16.6,St Lucia Zouks,S Shillingford,JE Taylor,WD Parnell,0,0,,,,,,"",""
ball,2,16.7,St Lucia Zouks,S Shillingford,JE Taylor,WD Parnell,0,0,,,,,,"",""
ball,2,17.1,St Lucia Zouks,JE Taylor,S Shillingford,RJ Peterson,0,0,,,,,,"",""
ball,2,17.2,St Lucia Zouks,JE Taylor,S Shillingford,RJ Peterson,1,0,,,,,,"",""
ball,2,17.3,St Lucia Zouks,S Shillingford,JE Taylor,RJ Peterson,1,0,,,,,,"",""
ball,2,17.4,St Lucia Zouks,JE Taylor,S Shillingford,RJ Peterson,0,0,,,,,,"",""
ball,2,17.5,St Lucia Zouks,JE Taylor,S Shillingford,RJ Peterson,1,0,,,,,,"",""
ball,2,17.6,St Lucia Zouks,S Shillingford,JE Taylor,RJ Peterson,6,0,,,,,,"",""
ball,2,18.1,St Lucia Zouks,JE Taylor,S Shillingford,WD Parnell,1,0,,,,,,"",""
ball,2,18.2,St Lucia Zouks,S Shillingford,JE Taylor,WD Parnell,4,0,,,,,,"",""
ball,2,18.3,St Lucia Zouks,S Shillingford,JE Taylor,WD Parnell,1,0,,,,,,"",""
ball,2,18.4,St Lucia Zouks,JE Taylor,S Shillingford,WD Parnell,4,0,,,,,,"",""
ball,2,18.5,St Lucia Zouks,JE Taylor,S Shillingford,WD Parnell,0,0,,,,,,"",""
ball,2,18.6,St Lucia Zouks,JE Taylor,S Shillingford,WD Parnell,1,0,,,,,,"",""
ball,2,19.1,St Lucia Zouks,JE Taylor,S Shillingford,RJ Peterson,0,0,,,,,,"",""
ball,2,19.2,St Lucia Zouks,JE Taylor,S Shillingford,RJ Peterson,1,0,,,,,,"",""
ball,2,19.3,St Lucia Zouks,S Shillingford,JE Taylor,RJ Peterson,1,0,,,,,,"",""
ball,2,19.4,St Lucia Zouks,JE Taylor,S Shillingford,RJ Peterson,6,0,,,,,,"",""
ball,2,19.5,St Lucia Zouks,JE Taylor,S Shillingford,RJ Peterson,1,0,,,,,,"",""
ball,2,19.6,St Lucia Zouks,S Shillingford,JE Taylor,RJ Peterson,0,0,,,,,,"",""
