version,1.6.0
info,balls_per_over,6
info,team,New Zealand
info,team,Bangladesh
info,gender,male
info,season,2016/17
info,date,2016/12/31
info,event,Bangladesh in New Zealand ODI Series
info,match_number,3
info,venue,Saxton Oval
info,city,Nelson
info,toss_winner,Bangladesh
info,toss_decision,bat
info,player_of_match,KS Williamson
info,umpire,CM Brown
info,umpire,C Shamshuddin
info,reserve_umpire,WR Knights
info,tv_umpire,PR Reiffel
info,match_referee,BC Broad
info,winner,New Zealand
info,winner_wickets,8
info,player,Bangladesh,Tamim Iqbal
info,player,Bangladesh,Imrul Kayes
info,player,Bangladesh,Sabbir Rahman
info,player,Bangladesh,Mahmudullah
info,player,Bangladesh,Shakib Al Hasan
info,player,Bangladesh,Mosaddek Hossain
info,player,Bangladesh,Nurul Hasan
info,player,Bangladesh,Tanbir Hayder
info,player,Bangladesh,Mashrafe Mortaza
info,player,Bangladesh,Taskin Ahmed
info,player,Bangladesh,Mustafizur Rahman
info,player,New Zealand,MJ Guptill
info,player,New Zealand,TWM Latham
info,player,New Zealand,KS Williamson
info,player,New Zealand,NT Broom
info,player,New Zealand,JDS Neesham
info,player,New Zealand,C Munro
info,player,New Zealand,L Ronchi
info,player,New Zealand,MJ Santner
info,player,New Zealand,TG Southee
info,player,New Zealand,MJ Henry
info,player,New Zealand,JS Patel
info,registry,people,BC Broad,d6a7dd38
info,registry,people,C Munro,af2c687b
info,registry,people,C Shamshuddin,0f9d921b
info,registry,people,CM Brown,448f4f1c
info,registry,people,Imrul Kayes,5fbe14fc
info,registry,people,JDS Neesham,9219eff0
info,registry,people,JS Patel,f5821615
info,registry,people,KS Williamson,d027ba9f
info,registry,people,L Ronchi,0fa5042b
info,registry,people,MJ Guptill,2be41edb
info,registry,people,MJ Henry,e84ac20c
info,registry,people,MJ Santner,e4a0deae
info,registry,people,Mahmudullah,bf1d7d3e
info,registry,people,Mashrafe Mortaza,e186f49c
info,registry,people,Mosaddek Hossain,8919756f
info,registry,people,Mustafizur Rahman,0a8fce53
info,registry,people,NT Broom,a354c917
info,registry,people,Nurul Hasan,d365d463
info,registry,people,PR Reiffel,c9354f29
info,registry,people,Sabbir Rahman,7147f314
info,registry,people,Shakib Al Hasan,7dc35884
info,registry,people,TG Southee,13c35c9e
info,registry,people,TWM Latham,e824e6ee
info,registry,people,Tamim Iqbal,3b041a12
info,registry,people,Tanbir Hayder,24104e5c
info,registry,people,Taskin Ahmed,ef18b66e
info,registry,people,WR Knights,63cbf8d8
ball,1,0.1,Bangladesh,Tamim Iqbal,Imrul Kayes,TG Southee,0,0,,,,,,"",""
ball,1,0.2,Bangladesh,Tamim Iqbal,Imrul Kayes,TG Southee,0,0,,,,,,"",""
ball,1,0.3,Bangladesh,Tamim Iqbal,Imrul Kayes,TG Southee,0,4,,,,4,,"",""
ball,1,0.4,Bangladesh,Tamim Iqbal,Imrul Kayes,TG Southee,0,0,,,,,,"",""
ball,1,0.5,Bangladesh,Tamim Iqbal,Imrul Kayes,TG Southee,0,0,,,,,,"",""
ball,1,0.6,Bangladesh,Tamim Iqbal,Imrul Kayes,TG Southee,0,0,,,,,,"",""
ball,1,1.1,Bangladesh,Imrul Kayes,Tamim Iqbal,JS Patel,0,0,,,,,,"",""
ball,1,1.2,Bangladesh,Imrul Kayes,Tamim Iqbal,JS Patel,0,0,,,,,,"",""
ball,1,1.3,Bangladesh,Imrul Kayes,Tamim Iqbal,JS Patel,0,0,,,,,,"",""
ball,1,1.4,Bangladesh,Imrul Kayes,Tamim Iqbal,JS Patel,1,0,,,,,,"",""
ball,1,1.5,Bangladesh,Tamim Iqbal,Imrul Kayes,JS Patel,0,0,,,,,,"",""
ball,1,1.6,Bangladesh,Tamim Iqbal,Imrul Kayes,JS Patel,1,0,,,,,,"",""
ball,1,2.1,Bangladesh,Tamim Iqbal,Imrul Kayes,TG Southee,4,0,,,,,,"",""
ball,1,2.2,Bangladesh,Tamim Iqbal,Imrul Kayes,TG Southee,0,0,,,,,,"",""
ball,1,2.3,Bangladesh,Tamim Iqbal,Imrul Kayes,TG Southee,4,0,,,,,,"",""
ball,1,2.4,Bangladesh,Tamim Iqbal,Imrul Kayes,TG Southee,0,0,,,,,,"",""
ball,1,2.5,Bangladesh,Tamim Iqbal,Imrul Kayes,TG Southee,0,0,,,,,,"",""
ball,1,2.6,Bangladesh,Tamim Iqbal,Imrul Kayes,TG Southee,0,0,,,,,,"",""
ball,1,3.1,Bangladesh,Imrul Kayes,Tamim Iqbal,MJ Henry,0,0,,,,,,"",""
ball,1,3.2,Bangladesh,Imrul Kayes,Tamim Iqbal,MJ Henry,0,0,,,,,,"",""
ball,1,3.3,Bangladesh,Imrul Kayes,Tamim Iqbal,MJ Henry,0,0,,,,,,"",""
ball,1,3.4,Bangladesh,Imrul Kayes,Tamim Iqbal,MJ Henry,0,0,,,,,,"",""
ball,1,3.5,Bangladesh,Imrul Kayes,Tamim Iqbal,MJ Henry,0,0,,,,,,"",""
ball,1,3.6,Bangladesh,Imrul Kayes,Tamim Iqbal,MJ Henry,1,0,,,,,,"",""
ball,1,4.1,Bangladesh,Imrul Kayes,Tamim Iqbal,TG Southee,0,0,,,,,,"",""
ball,1,4.2,Bangladesh,Imrul Kayes,Tamim Iqbal,TG Southee,0,0,,,,,,"",""
ball,1,4.3,Bangladesh,Imrul Kayes,Tamim Iqbal,TG Southee,0,1,1,,,,,"",""
ball,1,4.4,Bangladesh,Imrul Kayes,Tamim Iqbal,TG Southee,0,0,,,,,,"",""
ball,1,4.5,Bangladesh,Imrul Kayes,Tamim Iqbal,TG Southee,1,0,,,,,,"",""
ball,1,4.6,Bangladesh,Tamim Iqbal,Imrul Kayes,TG Southee,0,0,,,,,,"",""
ball,1,4.7,Bangladesh,Tamim Iqbal,Imrul Kayes,TG Southee,0,0,,,,,,"",""
ball,1,5.1,Bangladesh,Imrul Kayes,Tamim Iqbal,MJ Henry,0,0,,,,,,"",""
ball,1,5.2,Bangladesh,Imrul Kayes,Tamim Iqbal,MJ Henry,4,0,,,,,,"",""
ball,1,5.3,Bangladesh,Imrul Kayes,Tamim Iqbal,MJ Henry,1,0,,,,,,"",""
ball,1,5.4,Bangladesh,Tamim Iqbal,Imrul Kayes,MJ Henry,0,0,,,,,,"",""
ball,1,5.5,Bangladesh,Tamim Iqbal,Imrul Kayes,MJ Henry,0,0,,,,,,"",""
ball,1,5.6,Bangladesh,Tamim Iqbal,Imrul Kayes,MJ Henry,1,0,,,,,,"",""
ball,1,6.1,Bangladesh,Tamim Iqbal,Imrul Kayes,TG Southee,1,0,,,,,,"",""
ball,1,6.2,Bangladesh,Imrul Kayes,Tamim Iqbal,TG Southee,4,0,,,,,,"",""
ball,1,6.3,Bangladesh,Imrul Kayes,Tamim Iqbal,TG Southee,0,0,,,,,,"",""
ball,1,6.4,Bangladesh,Imrul Kayes,Tamim Iqbal,TG Southee,0,0,,,,,,"",""
ball,1,6.5,Bangladesh,Imrul Kayes,Tamim Iqbal,TG Southee,0,0,,,,,,"",""
ball,1,6.6,Bangladesh,Imrul Kayes,Tamim Iqbal,TG Southee,4,0,,,,,,"",""
ball,1,7.1,Bangladesh,Tamim Iqbal,Imrul Kayes,MJ Henry,2,0,,,,,,"",""
ball,1,7.2,Bangladesh,Tamim Iqbal,Imrul Kayes,MJ Henry,2,0,,,,,,"",""
ball,1,7.3,Bangladesh,Tamim Iqbal,Imrul Kayes,MJ Henry,0,0,,,,,,"",""
ball,1,7.4,Bangladesh,Tamim Iqbal,Imrul Kayes,MJ Henry,0,0,,,,,,"",""
ball,1,7.5,Bangladesh,Tamim Iqbal,Imrul Kayes,MJ Henry,2,0,,,,,,"",""
ball,1,7.6,Bangladesh,Tamim Iqbal,Imrul Kayes,MJ Henry,0,0,,,,,,"",""
ball,1,8.1,Bangladesh,Imrul Kayes,Tamim Iqbal,TG Southee,0,0,,,,,,"",""
ball,1,8.2,Bangladesh,Imrul Kayes,Tamim Iqbal,TG Southee,0,0,,,,,,"",""
ball,1,8.3,Bangladesh,Imrul Kayes,Tamim Iqbal,TG Southee,0,0,,,,,,"",""
ball,1,8.4,Bangladesh,Imrul Kayes,Tamim Iqbal,TG Southee,0,0,,,,,,"",""
ball,1,8.5,Bangladesh,Imrul Kayes,Tamim Iqbal,TG Southee,0,0,,,,,,"",""
ball,1,8.6,Bangladesh,Imrul Kayes,Tamim Iqbal,TG Southee,0,0,,,,,,"",""
ball,1,9.1,Bangladesh,Tamim Iqbal,Imrul Kayes,MJ Henry,0,0,,,,,,"",""
ball,1,9.2,Bangladesh,Tamim Iqbal,Imrul Kayes,MJ Henry,0,1,1,,,,,"",""
ball,1,9.3,Bangladesh,Tamim Iqbal,Imrul Kayes,MJ Henry,1,0,,,,,,"",""
ball,1,9.4,Bangladesh,Imrul Kayes,Tamim Iqbal,MJ Henry,1,0,,,,,,"",""
ball,1,9.5,Bangladesh,Tamim Iqbal,Imrul Kayes,MJ Henry,2,0,,,,,,"",""
ball,1,9.6,Bangladesh,Tamim Iqbal,Imrul Kayes,MJ Henry,1,0,,,,,,"",""
ball,1,9.7,Bangladesh,Imrul Kayes,Tamim Iqbal,MJ Henry,0,0,,,,,,"",""
ball,1,10.1,Bangladesh,Tamim Iqbal,Imrul Kayes,JDS Neesham,4,0,,,,,,"",""
ball,1,10.2,Bangladesh,Tamim Iqbal,Imrul Kayes,JDS Neesham,0,0,,,,,,"",""
ball,1,10.3,Bangladesh,Tamim Iqbal,Imrul Kayes,JDS Neesham,1,0,,,,,,"",""
ball,1,10.4,Bangladesh,Imrul Kayes,Tamim Iqbal,JDS Neesham,0,0,,,,,,"",""
ball,1,10.5,Bangladesh,Imrul Kayes,Tamim Iqbal,JDS Neesham,0,0,,,,,,"",""
ball,1,10.6,Bangladesh,Imrul Kayes,Tamim Iqbal,JDS Neesham,0,0,,,,,,"",""
ball,1,11.1,Bangladesh,Tamim Iqbal,Imrul Kayes,JS Patel,0,1,1,,,,,"",""
ball,1,11.2,Bangladesh,Tamim Iqbal,Imrul Kayes,JS Patel,0,1,,,,1,,"",""
ball,1,11.3,Bangladesh,Imrul Kayes,Tamim Iqbal,JS Patel,0,0,,,,,,"",""
ball,1,11.4,Bangladesh,Imrul Kayes,Tamim Iqbal,JS Patel,1,0,,,,,,"",""
ball,1,11.5,Bangladesh,Tamim Iqbal,Imrul Kayes,JS Patel,0,0,,,,,,"",""
ball,1,11.6,Bangladesh,Tamim Iqbal,Imrul Kayes,JS Patel,0,1,,,,1,,"",""
ball,1,11.7,Bangladesh,Imrul Kayes,Tamim Iqbal,JS Patel,1,0,,,,,,"",""
ball,1,12.1,Bangladesh,Imrul Kayes,Tamim Iqbal,JDS Neesham,1,0,,,,,,"",""
ball,1,12.2,Bangladesh,Tamim Iqbal,Imrul Kayes,JDS Neesham,0,0,,,,,,"",""
ball,1,12.3,Bangladesh,Tamim Iqbal,Imrul Kayes,JDS Neesham,1,0,,,,,,"",""
ball,1,12.4,Bangladesh,Imrul Kayes,Tamim Iqbal,JDS Neesham,0,0,,,,,,"",""
ball,1,12.5,Bangladesh,Imrul Kayes,Tamim Iqbal,JDS Neesham,6,0,,,,,,"",""
ball,1,12.6,Bangladesh,Imrul Kayes,Tamim Iqbal,JDS Neesham,4,0,,,,,,"",""
ball,1,13.1,Bangladesh,Tamim Iqbal,Imrul Kayes,MJ Santner,1,0,,,,,,"",""
ball,1,13.2,Bangladesh,Imrul Kayes,Tamim Iqbal,MJ Santner,0,0,,,,,,"",""
ball,1,13.3,Bangladesh,Imrul Kayes,Tamim Iqbal,MJ Santner,1,0,,,,,,"",""
ball,1,13.4,Bangladesh,Tamim Iqbal,Imrul Kayes,MJ Santner,1,0,,,,,,"",""
ball,1,13.5,Bangladesh,Imrul Kayes,Tamim Iqbal,MJ Santner,0,0,,,,,,"",""
ball,1,13.6,Bangladesh,Imrul Kayes,Tamim Iqbal,MJ Santner,1,0,,,,,,"",""
ball,1,14.1,Bangladesh,Imrul Kayes,Tamim Iqbal,JS Patel,0,0,,,,,,"",""
ball,1,14.2,Bangladesh,Imrul Kayes,Tamim Iqbal,JS Patel,0,0,,,,,,"",""
ball,1,14.3,Bangladesh,Imrul Kayes,Tamim Iqbal,JS Patel,0,0,,,,,,"",""
ball,1,14.4,Bangladesh,Imrul Kayes,Tamim Iqbal,JS Patel,0,0,,,,,,"",""
ball,1,14.5,Bangladesh,Imrul Kayes,Tamim Iqbal,JS Patel,4,0,,,,,,"",""
ball,1,14.6,Bangladesh,Imrul Kayes,Tamim Iqbal,JS Patel,1,0,,,,,,"",""
ball,1,15.1,Bangladesh,Imrul Kayes,Tamim Iqbal,MJ Santner,0,0,,,,,,"",""
ball,1,15.2,Bangladesh,Imrul Kayes,Tamim Iqbal,MJ Santner,0,0,,,,,,"",""
ball,1,15.3,Bangladesh,Imrul Kayes,Tamim Iqbal,MJ Santner,1,0,,,,,,"",""
ball,1,15.4,Bangladesh,Tamim Iqbal,Imrul Kayes,MJ Santner,0,0,,,,,,"",""
ball,1,15.5,Bangladesh,Tamim Iqbal,Imrul Kayes,MJ Santner,0,1,1,,,,,"",""
ball,1,15.6,Bangladesh,Tamim Iqbal,Imrul Kayes,MJ Santner,0,0,,,,,,"",""
ball,1,15.7,Bangladesh,Tamim Iqbal,Imrul Kayes,MJ Santner,1,0,,,,,,"",""
ball,1,16.1,Bangladesh,Tamim Iqbal,Imrul Kayes,JS Patel,0,0,,,,,,"",""
ball,1,16.2,Bangladesh,Tamim Iqbal,Imrul Kayes,JS Patel,0,0,,,,,,"",""
ball,1,16.3,Bangladesh,Tamim Iqbal,Imrul Kayes,JS Patel,0,0,,,,,,"",""
ball,1,16.4,Bangladesh,Tamim Iqbal,Imrul Kayes,JS Patel,1,0,,,,,,"",""
ball,1,16.5,Bangladesh,Imrul Kayes,Tamim Iqbal,JS Patel,1,0,,,,,,"",""
ball,1,16.6,Bangladesh,Tamim Iqbal,Imrul Kayes,JS Patel,1,0,,,,,,"",""
ball,1,17.1,Bangladesh,Tamim Iqbal,Imrul Kayes,MJ Santner,2,0,,,,,,"",""
ball,1,17.2,Bangladesh,Tamim Iqbal,Imrul Kayes,MJ Santner,0,0,,,,,,"",""
ball,1,17.3,Bangladesh,Tamim Iqbal,Imrul Kayes,MJ Santner,0,0,,,,,,"",""
ball,1,17.4,Bangladesh,Tamim Iqbal,Imrul Kayes,MJ Santner,0,0,,,,,,"",""
ball,1,17.5,Bangladesh,Tamim Iqbal,Imrul Kayes,MJ Santner,1,0,,,,,,"",""
ball,1,17.6,Bangladesh,Imrul Kayes,Tamim Iqbal,MJ Santner,1,0,,,,,,"",""
ball,1,18.1,Bangladesh,Imrul Kayes,Tamim Iqbal,JS Patel,1,0,,,,,,"",""
ball,1,18.2,Bangladesh,Tamim Iqbal,Imrul Kayes,JS Patel,0,0,,,,,,"",""
ball,1,18.3,Bangladesh,Tamim Iqbal,Imrul Kayes,JS Patel,1,0,,,,,,"",""
ball,1,18.4,Bangladesh,Imrul Kayes,Tamim Iqbal,JS Patel,0,0,,,,,,"",""
ball,1,18.5,Bangladesh,Imrul Kayes,Tamim Iqbal,JS Patel,1,0,,,,,,"",""
ball,1,18.6,Bangladesh,Tamim Iqbal,Imrul Kayes,JS Patel,4,0,,,,,,"",""
ball,1,19.1,Bangladesh,Imrul Kayes,Tamim Iqbal,MJ Santner,1,0,,,,,,"",""
ball,1,19.2,Bangladesh,Tamim Iqbal,Imrul Kayes,MJ Santner,0,0,,,,,,"",""
ball,1,19.3,Bangladesh,Tamim Iqbal,Imrul Kayes,MJ Santner,1,0,,,,,,"",""
ball,1,19.4,Bangladesh,Imrul Kayes,Tamim Iqbal,MJ Santner,1,0,,,,,,"",""
ball,1,19.5,Bangladesh,Tamim Iqbal,Imrul Kayes,MJ Santner,1,0,,,,,,"",""
ball,1,19.6,Bangladesh,Imrul Kayes,Tamim Iqbal,MJ Santner,0,0,,,,,,"",""
ball,1,20.1,Bangladesh,Tamim Iqbal,Imrul Kayes,JS Patel,0,0,,,,,,"",""
ball,1,20.2,Bangladesh,Tamim Iqbal,Imrul Kayes,JS Patel,0,0,,,,,,"",""
ball,1,20.3,Bangladesh,Tamim Iqbal,Imrul Kayes,JS Patel,4,0,,,,,,"",""
ball,1,20.4,Bangladesh,Tamim Iqbal,Imrul Kayes,JS Patel,0,0,,,,,,"",""
ball,1,20.5,Bangladesh,Tamim Iqbal,Imrul Kayes,JS Patel,0,0,,,,,,"",""
ball,1,20.6,Bangladesh,Tamim Iqbal,Imrul Kayes,JS Patel,0,1,,,,1,,"",""
ball,1,21.1,Bangladesh,Tamim Iqbal,Imrul Kayes,MJ Santner,1,0,,,,,,"",""
ball,1,21.2,Bangladesh,Imrul Kayes,Tamim Iqbal,MJ Santner,0,0,,,,,,caught,Imrul Kayes
ball,1,21.3,Bangladesh,Sabbir Rahman,Tamim Iqbal,MJ Santner,1,0,,,,,,"",""
ball,1,21.4,Bangladesh,Tamim Iqbal,Sabbir Rahman,MJ Santner,0,0,,,,,,"",""
ball,1,21.5,Bangladesh,Tamim Iqbal,Sabbir Rahman,MJ Santner,2,0,,,,,,"",""
ball,1,21.6,Bangladesh,Tamim Iqbal,Sabbir Rahman,MJ Santner,0,0,,,,,,"",""
ball,1,22.1,Bangladesh,Sabbir Rahman,Tamim Iqbal,MJ Henry,0,0,,,,,,"",""
ball,1,22.2,Bangladesh,Sabbir Rahman,Tamim Iqbal,MJ Henry,0,0,,,,,,"",""
ball,1,22.3,Bangladesh,Sabbir Rahman,Tamim Iqbal,MJ Henry,4,0,,,,,,"",""
ball,1,22.4,Bangladesh,Sabbir Rahman,Tamim Iqbal,MJ Henry,0,0,,,,,,"",""
ball,1,22.5,Bangladesh,Sabbir Rahman,Tamim Iqbal,MJ Henry,0,1,1,,,,,"",""
ball,1,22.6,Bangladesh,Sabbir Rahman,Tamim Iqbal,MJ Henry,4,0,,,,,,"",""
ball,1,22.7,Bangladesh,Sabbir Rahman,Tamim Iqbal,MJ Henry,0,0,,,,,,"",""
ball,1,23.1,Bangladesh,Tamim Iqbal,Sabbir Rahman,MJ Santner,0,0,,,,,,"",""
ball,1,23.2,Bangladesh,Tamim Iqbal,Sabbir Rahman,MJ Santner,1,0,,,,,,"",""
ball,1,23.3,Bangladesh,Sabbir Rahman,Tamim Iqbal,MJ Santner,0,0,,,,,,"",""
ball,1,23.4,Bangladesh,Sabbir Rahman,Tamim Iqbal,MJ Santner,0,0,,,,,,"",""
ball,1,23.5,Bangladesh,Sabbir Rahman,Tamim Iqbal,MJ Santner,2,0,,,,,,"",""
ball,1,23.6,Bangladesh,Sabbir Rahman,Tamim Iqbal,MJ Santner,0,0,,,,,,"",""
ball,1,24.1,Bangladesh,Tamim Iqbal,Sabbir Rahman,MJ Henry,0,0,,,,,,"",""
ball,1,24.2,Bangladesh,Tamim Iqbal,Sabbir Rahman,MJ Henry,1,0,,,,,,"",""
ball,1,24.3,Bangladesh,Sabbir Rahman,Tamim Iqbal,MJ Henry,4,0,,,,,,"",""
ball,1,24.4,Bangladesh,Sabbir Rahman,Tamim Iqbal,MJ Henry,4,0,,,,,,"",""
ball,1,24.5,Bangladesh,Sabbir Rahman,Tamim Iqbal,MJ Henry,0,1,1,,,,,"",""
ball,1,24.6,Bangladesh,Sabbir Rahman,Tamim Iqbal,MJ Henry,0,0,,,,,,caught,Sabbir Rahman
ball,1,24.7,Bangladesh,Mahmudullah,Tamim Iqbal,MJ Henry,0,0,,,,,,"",""
ball,1,25.1,Bangladesh,Tamim Iqbal,Mahmudullah,MJ Santner,1,0,,,,,,"",""
ball,1,25.2,Bangladesh,Mahmudullah,Tamim Iqbal,MJ Santner,0,0,,,,,,"",""
ball,1,25.3,Bangladesh,Mahmudullah,Tamim Iqbal,MJ Santner,0,0,,,,,,"",""
ball,1,25.4,Bangladesh,Mahmudullah,Tamim Iqbal,MJ Santner,1,0,,,,,,"",""
ball,1,25.5,Bangladesh,Tamim Iqbal,Mahmudullah,MJ Santner,1,0,,,,,,"",""
ball,1,25.6,Bangladesh,Mahmudullah,Tamim Iqbal,MJ Santner,1,0,,,,,,"",""
ball,1,26.1,Bangladesh,Mahmudullah,Tamim Iqbal,TG Southee,1,0,,,,,,"",""
ball,1,26.2,Bangladesh,Tamim Iqbal,Mahmudullah,TG Southee,1,0,,,,,,"",""
ball,1,26.3,Bangladesh,Mahmudullah,Tamim Iqbal,TG Southee,0,0,,,,,,caught,Mahmudullah
ball,1,26.4,Bangladesh,Shakib Al Hasan,Tamim Iqbal,TG Southee,0,0,,,,,,"",""
ball,1,26.5,Bangladesh,Shakib Al Hasan,Tamim Iqbal,TG Southee,0,0,,,,,,"",""
ball,1,26.6,Bangladesh,Shakib Al Hasan,Tamim Iqbal,TG Southee,0,0,,,,,,"",""
ball,1,27.1,Bangladesh,Tamim Iqbal,Shakib Al Hasan,KS Williamson,0,0,,,,,,"",""
ball,1,27.2,Bangladesh,Tamim Iqbal,Shakib Al Hasan,KS Williamson,0,0,,,,,,"",""
ball,1,27.3,Bangladesh,Tamim Iqbal,Shakib Al Hasan,KS Williamson,0,0,,,,,,"",""
ball,1,27.4,Bangladesh,Tamim Iqbal,Shakib Al Hasan,KS Williamson,0,0,,,,,,"",""
ball,1,27.5,Bangladesh,Tamim Iqbal,Shakib Al Hasan,KS Williamson,2,0,,,,,,"",""
ball,1,27.6,Bangladesh,Tamim Iqbal,Shakib Al Hasan,KS Williamson,1,0,,,,,,"",""
ball,1,28.1,Bangladesh,Tamim Iqbal,Shakib Al Hasan,TG Southee,0,1,1,,,,,"",""
ball,1,28.2,Bangladesh,Tamim Iqbal,Shakib Al Hasan,TG Southee,0,0,,,,,,"",""
ball,1,28.3,Bangladesh,Tamim Iqbal,Shakib Al Hasan,TG Southee,0,0,,,,,,"",""
ball,1,28.4,Bangladesh,Tamim Iqbal,Shakib Al Hasan,TG Southee,1,0,,,,,,"",""
ball,1,28.5,Bangladesh,Shakib Al Hasan,Tamim Iqbal,TG Southee,0,0,,,,,,"",""
ball,1,28.6,Bangladesh,Shakib Al Hasan,Tamim Iqbal,TG Southee,1,0,,,,,,"",""
ball,1,28.7,Bangladesh,Tamim Iqbal,Shakib Al Hasan,TG Southee,0,0,,,,,,"",""
ball,1,29.1,Bangladesh,Shakib Al Hasan,Tamim Iqbal,KS Williamson,0,0,,,,,,"",""
ball,1,29.2,Bangladesh,Shakib Al Hasan,Tamim Iqbal,KS Williamson,0,0,,,,,,"",""
ball,1,29.3,Bangladesh,Shakib Al Hasan,Tamim Iqbal,KS Williamson,0,0,,,,,,"",""
ball,1,29.4,Bangladesh,Shakib Al Hasan,Tamim Iqbal,KS Williamson,1,0,,,,,,"",""
ball,1,29.5,Bangladesh,Tamim Iqbal,Shakib Al Hasan,KS Williamson,1,0,,,,,,"",""
ball,1,29.6,Bangladesh,Shakib Al Hasan,Tamim Iqbal,KS Williamson,0,0,,,,,,"",""
ball,1,30.1,Bangladesh,Tamim Iqbal,Shakib Al Hasan,JDS Neesham,0,0,,,,,,caught,Tamim Iqbal
ball,1,30.2,Bangladesh,Shakib Al Hasan,Mosaddek Hossain,JDS Neesham,0,0,,,,,,"",""
ball,1,30.3,Bangladesh,Shakib Al Hasan,Mosaddek Hossain,JDS Neesham,0,0,,,,,,"",""
ball,1,30.4,Bangladesh,Shakib Al Hasan,Mosaddek Hossain,JDS Neesham,0,0,,,,,,"",""
ball,1,30.5,Bangladesh,Shakib Al Hasan,Mosaddek Hossain,JDS Neesham,2,0,,,,,,"",""
ball,1,30.6,Bangladesh,Shakib Al Hasan,Mosaddek Hossain,JDS Neesham,1,0,,,,,,"",""
ball,1,31.1,Bangladesh,Shakib Al Hasan,Mosaddek Hossain,KS Williamson,1,0,,,,,,"",""
ball,1,31.2,Bangladesh,Mosaddek Hossain,Shakib Al Hasan,KS Williamson,1,0,,,,,,"",""
ball,1,31.3,Bangladesh,Shakib Al Hasan,Mosaddek Hossain,KS Williamson,0,0,,,,,,"",""
ball,1,31.4,Bangladesh,Shakib Al Hasan,Mosaddek Hossain,KS Williamson,0,0,,,,,,"",""
ball,1,31.5,Bangladesh,Shakib Al Hasan,Mosaddek Hossain,KS Williamson,1,0,,,,,,"",""
ball,1,31.6,Bangladesh,Mosaddek Hossain,Shakib Al Hasan,KS Williamson,0,0,,,,,,"",""
ball,1,32.1,Bangladesh,Shakib Al Hasan,Mosaddek Hossain,JDS Neesham,0,0,,,,,,"",""
ball,1,32.2,Bangladesh,Shakib Al Hasan,Mosaddek Hossain,JDS Neesham,1,0,,,,,,"",""
ball,1,32.3,Bangladesh,Mosaddek Hossain,Shakib Al Hasan,JDS Neesham,0,0,,,,,,"",""
ball,1,32.4,Bangladesh,Mosaddek Hossain,Shakib Al Hasan,JDS Neesham,4,0,,,,,,"",""
ball,1,32.5,Bangladesh,Mosaddek Hossain,Shakib Al Hasan,JDS Neesham,0,1,1,,,,,"",""
ball,1,32.6,Bangladesh,Mosaddek Hossain,Shakib Al Hasan,JDS Neesham,1,0,,,,,,"",""
ball,1,32.7,Bangladesh,Shakib Al Hasan,Mosaddek Hossain,JDS Neesham,1,0,,,,,,"",""
ball,1,33.1,Bangladesh,Shakib Al Hasan,Mosaddek Hossain,KS Williamson,0,0,,,,,,"",""
ball,1,33.2,Bangladesh,Shakib Al Hasan,Mosaddek Hossain,KS Williamson,0,0,,,,,,"",""
ball,1,33.3,Bangladesh,Shakib Al Hasan,Mosaddek Hossain,KS Williamson,0,0,,,,,,"",""
ball,1,33.4,Bangladesh,Shakib Al Hasan,Mosaddek Hossain,KS Williamson,0,0,,,,,,"",""
ball,1,33.5,Bangladesh,Shakib Al Hasan,Mosaddek Hossain,KS Williamson,1,0,,,,,,"",""
ball,1,33.6,Bangladesh,Mosaddek Hossain,Shakib Al Hasan,KS Williamson,1,0,,,,,,"",""
ball,1,34.1,Bangladesh,Mosaddek Hossain,Shakib Al Hasan,JS Patel,1,0,,,,,,"",""
ball,1,34.2,Bangladesh,Shakib Al Hasan,Mosaddek Hossain,JS Patel,0,0,,,,,,"",""
ball,1,34.3,Bangladesh,Shakib Al Hasan,Mosaddek Hossain,JS Patel,1,0,,,,,,"",""
ball,1,34.4,Bangladesh,Mosaddek Hossain,Shakib Al Hasan,JS Patel,1,0,,,,,,"",""
ball,1,34.5,Bangladesh,Shakib Al Hasan,Mosaddek Hossain,JS Patel,1,0,,,,,,"",""
ball,1,34.6,Bangladesh,Mosaddek Hossain,Shakib Al Hasan,JS Patel,0,0,,,,,,"",""
ball,1,35.1,Bangladesh,Shakib Al Hasan,Mosaddek Hossain,KS Williamson,4,0,,,,,,"",""
ball,1,35.2,Bangladesh,Shakib Al Hasan,Mosaddek Hossain,KS Williamson,1,0,,,,,,"",""
ball,1,35.3,Bangladesh,Mosaddek Hossain,Shakib Al Hasan,KS Williamson,0,0,,,,,,"",""
ball,1,35.4,Bangladesh,Mosaddek Hossain,Shakib Al Hasan,KS Williamson,1,0,,,,,,"",""
ball,1,35.5,Bangladesh,Shakib Al Hasan,Mosaddek Hossain,KS Williamson,0,0,,,,,,"",""
ball,1,35.6,Bangladesh,Shakib Al Hasan,Mosaddek Hossain,KS Williamson,1,0,,,,,,"",""
ball,1,36.1,Bangladesh,Shakib Al Hasan,Mosaddek Hossain,JS Patel,0,0,,,,,,run out,Shakib Al Hasan
ball,1,36.2,Bangladesh,Mosaddek Hossain,Nurul Hasan,JS Patel,1,0,,,,,,"",""
ball,1,36.3,Bangladesh,Nurul Hasan,Mosaddek Hossain,JS Patel,0,0,,,,,,"",""
ball,1,36.4,Bangladesh,Nurul Hasan,Mosaddek Hossain,JS Patel,1,0,,,,,,"",""
ball,1,36.5,Bangladesh,Mosaddek Hossain,Nurul Hasan,JS Patel,0,0,,,,,,lbw,Mosaddek Hossain
ball,1,36.6,Bangladesh,Tanbir Hayder,Nurul Hasan,JS Patel,1,0,,,,,,"",""
ball,1,37.1,Bangladesh,Tanbir Hayder,Nurul Hasan,KS Williamson,0,0,,,,,,"",""
ball,1,37.2,Bangladesh,Tanbir Hayder,Nurul Hasan,KS Williamson,0,0,,,,,,"",""
ball,1,37.3,Bangladesh,Tanbir Hayder,Nurul Hasan,KS Williamson,0,0,,,,,,"",""
ball,1,37.4,Bangladesh,Tanbir Hayder,Nurul Hasan,KS Williamson,0,0,,,,,,"",""
ball,1,37.5,Bangladesh,Tanbir Hayder,Nurul Hasan,KS Williamson,0,0,,,,,,"",""
ball,1,37.6,Bangladesh,Tanbir Hayder,Nurul Hasan,KS Williamson,0,0,,,,,,"",""
ball,1,38.1,Bangladesh,Nurul Hasan,Tanbir Hayder,JS Patel,1,0,,,,,,"",""
ball,1,38.2,Bangladesh,Tanbir Hayder,Nurul Hasan,JS Patel,0,0,,,,,,"",""
ball,1,38.3,Bangladesh,Tanbir Hayder,Nurul Hasan,JS Patel,1,0,,,,,,"",""
ball,1,38.4,Bangladesh,Nurul Hasan,Tanbir Hayder,JS Patel,4,0,,,,,,"",""
ball,1,38.5,Bangladesh,Nurul Hasan,Tanbir Hayder,JS Patel,0,0,,,,,,"",""
ball,1,38.6,Bangladesh,Nurul Hasan,Tanbir Hayder,JS Patel,0,0,,,,,,"",""
ball,1,39.1,Bangladesh,Tanbir Hayder,Nurul Hasan,KS Williamson,1,0,,,,,,"",""
ball,1,39.2,Bangladesh,Nurul Hasan,Tanbir Hayder,KS Williamson,0,0,,,,,,"",""
ball,1,39.3,Bangladesh,Nurul Hasan,Tanbir Hayder,KS Williamson,0,0,,,,,,"",""
ball,1,39.4,Bangladesh,Nurul Hasan,Tanbir Hayder,KS Williamson,1,0,,,,,,"",""
ball,1,39.5,Bangladesh,Tanbir Hayder,Nurul Hasan,KS Williamson,0,0,,,,,,bowled,Tanbir Hayder
ball,1,39.6,Bangladesh,Mashrafe Mortaza,Nurul Hasan,KS Williamson,0,0,,,,,,"",""
ball,1,40.1,Bangladesh,Nurul Hasan,Mashrafe Mortaza,JS Patel,0,0,,,,,,"",""
ball,1,40.2,Bangladesh,Nurul Hasan,Mashrafe Mortaza,JS Patel,0,0,,,,,,"",""
ball,1,40.3,Bangladesh,Nurul Hasan,Mashrafe Mortaza,JS Patel,2,0,,,,,,"",""
ball,1,40.4,Bangladesh,Nurul Hasan,Mashrafe Mortaza,JS Patel,0,0,,,,,,"",""
ball,1,40.5,Bangladesh,Nurul Hasan,Mashrafe Mortaza,JS Patel,1,0,,,,,,"",""
ball,1,40.6,Bangladesh,Mashrafe Mortaza,Nurul Hasan,JS Patel,0,0,,,,,,"",""
ball,1,41.1,Bangladesh,Nurul Hasan,Mashrafe Mortaza,KS Williamson,0,0,,,,,,"",""
ball,1,41.2,Bangladesh,Nurul Hasan,Mashrafe Mortaza,KS Williamson,1,0,,,,,,"",""
ball,1,41.3,Bangladesh,Mashrafe Mortaza,Nurul Hasan,KS Williamson,0,0,,,,,,"",""
ball,1,41.4,Bangladesh,Mashrafe Mortaza,Nurul Hasan,KS Williamson,2,0,,,,,,"",""
ball,1,41.5,Bangladesh,Mashrafe Mortaza,Nurul Hasan,KS Williamson,1,0,,,,,,"",""
ball,1,41.6,Bangladesh,Nurul Hasan,Mashrafe Mortaza,KS Williamson,1,0,,,,,,"",""
ball,1,42.1,Bangladesh,Nurul Hasan,Mashrafe Mortaza,MJ Santner,1,0,,,,,,"",""
ball,1,42.2,Bangladesh,Mashrafe Mortaza,Nurul Hasan,MJ Santner,2,0,,,,,,"",""
ball,1,42.3,Bangladesh,Mashrafe Mortaza,Nurul Hasan,MJ Santner,1,0,,,,,,"",""
ball,1,42.4,Bangladesh,Nurul Hasan,Mashrafe Mortaza,MJ Santner,1,0,,,,,,"",""
ball,1,42.5,Bangladesh,Mashrafe Mortaza,Nurul Hasan,MJ Santner,0,0,,,,,,"",""
ball,1,42.6,Bangladesh,Mashrafe Mortaza,Nurul Hasan,MJ Santner,1,0,,,,,,"",""
ball,1,43.1,Bangladesh,Mashrafe Mortaza,Nurul Hasan,TG Southee,2,0,,,,,,"",""
ball,1,43.2,Bangladesh,Mashrafe Mortaza,Nurul Hasan,TG Southee,1,0,,,,,,"",""
ball,1,43.3,Bangladesh,Nurul Hasan,Mashrafe Mortaza,TG Southee,1,0,,,,,,"",""
ball,1,43.4,Bangladesh,Mashrafe Mortaza,Nurul Hasan,TG Southee,1,0,,,,,,"",""
ball,1,43.5,Bangladesh,Nurul Hasan,Mashrafe Mortaza,TG Southee,4,0,,,,,,"",""
ball,1,43.6,Bangladesh,Nurul Hasan,Mashrafe Mortaza,TG Southee,1,0,,,,,,"",""
ball,1,44.1,Bangladesh,Nurul Hasan,Mashrafe Mortaza,MJ Santner,1,0,,,,,,"",""
ball,1,44.2,Bangladesh,Mashrafe Mortaza,Nurul Hasan,MJ Santner,0,0,,,,,,"",""
ball,1,44.3,Bangladesh,Mashrafe Mortaza,Nurul Hasan,MJ Santner,1,0,,,,,,"",""
ball,1,44.4,Bangladesh,Nurul Hasan,Mashrafe Mortaza,MJ Santner,0,0,,,,,,"",""
ball,1,44.5,Bangladesh,Nurul Hasan,Mashrafe Mortaza,MJ Santner,0,0,,,,,,"",""
ball,1,44.6,Bangladesh,Nurul Hasan,Mashrafe Mortaza,MJ Santner,1,0,,,,,,"",""
ball,1,45.1,Bangladesh,Nurul Hasan,Mashrafe Mortaza,TG Southee,1,0,,,,,,"",""
ball,1,45.2,Bangladesh,Mashrafe Mortaza,Nurul Hasan,TG Southee,1,0,,,,,,"",""
ball,1,45.3,Bangladesh,Nurul Hasan,Mashrafe Mortaza,TG Southee,1,0,,,,,,"",""
ball,1,45.4,Bangladesh,Mashrafe Mortaza,Nurul Hasan,TG Southee,1,0,,,,,,"",""
ball,1,45.5,Bangladesh,Nurul Hasan,Mashrafe Mortaza,TG Southee,1,0,,,,,,"",""
ball,1,45.6,Bangladesh,Mashrafe Mortaza,Nurul Hasan,TG Southee,0,0,,,,,,"",""
ball,1,46.1,Bangladesh,Nurul Hasan,Mashrafe Mortaza,MJ Santner,1,0,,,,,,"",""
ball,1,46.2,Bangladesh,Mashrafe Mortaza,Nurul Hasan,MJ Santner,0,0,,,,,,caught,Mashrafe Mortaza
ball,1,46.3,Bangladesh,Taskin Ahmed,Nurul Hasan,MJ Santner,0,0,,,,,,"",""
ball,1,46.4,Bangladesh,Taskin Ahmed,Nurul Hasan,MJ Santner,0,0,,,,,,"",""
ball,1,46.5,Bangladesh,Taskin Ahmed,Nurul Hasan,MJ Santner,1,0,,,,,,"",""
ball,1,46.6,Bangladesh,Nurul Hasan,Taskin Ahmed,MJ Santner,1,0,,,,,,"",""
ball,1,47.1,Bangladesh,Nurul Hasan,Taskin Ahmed,MJ Henry,0,1,1,,,,,"",""
ball,1,47.2,Bangladesh,Nurul Hasan,Taskin Ahmed,MJ Henry,1,0,,,,,,"",""
ball,1,47.3,Bangladesh,Taskin Ahmed,Nurul Hasan,MJ Henry,0,0,,,,,,"",""
ball,1,47.4,Bangladesh,Taskin Ahmed,Nurul Hasan,MJ Henry,0,0,,,,,,"",""
ball,1,47.5,Bangladesh,Taskin Ahmed,Nurul Hasan,MJ Henry,0,0,,,,,,"",""
ball,1,47.6,Bangladesh,Taskin Ahmed,Nurul Hasan,MJ Henry,1,0,,,,,,"",""
ball,1,47.7,Bangladesh,Nurul Hasan,Taskin Ahmed,MJ Henry,2,0,,,,,,"",""
ball,1,48.1,Bangladesh,Taskin Ahmed,Nurul Hasan,TG Southee,1,0,,,,,,"",""
ball,1,48.2,Bangladesh,Nurul Hasan,Taskin Ahmed,TG Southee,1,0,,,,,,"",""
ball,1,48.3,Bangladesh,Taskin Ahmed,Nurul Hasan,TG Southee,0,0,,,,,,"",""
ball,1,48.4,Bangladesh,Taskin Ahmed,Nurul Hasan,TG Southee,1,0,,,,,,"",""
ball,1,48.5,Bangladesh,Nurul Hasan,Taskin Ahmed,TG Southee,2,0,,,,,,"",""
ball,1,48.6,Bangladesh,Nurul Hasan,Taskin Ahmed,TG Southee,1,0,,,,,,"",""
ball,1,49.1,Bangladesh,Nurul Hasan,Taskin Ahmed,MJ Henry,4,0,,,,,,"",""
ball,1,49.2,Bangladesh,Nurul Hasan,Taskin Ahmed,MJ Henry,6,0,,,,,,"",""
ball,1,49.3,Bangladesh,Nurul Hasan,Taskin Ahmed,MJ Henry,0,0,,,,,,caught and bowled,Nurul Hasan
ball,1,49.4,Bangladesh,Taskin Ahmed,Mustafizur Rahman,MJ Henry,0,0,,,,,,"",""
ball,1,49.5,Bangladesh,Taskin Ahmed,Mustafizur Rahman,MJ Henry,0,0,,,,,,"",""
ball,1,49.6,Bangladesh,Taskin Ahmed,Mustafizur Rahman,MJ Henry,0,1,,,1,,,"",""
ball,2,0.1,New Zealand,MJ Guptill,TWM Latham,Mashrafe Mortaza,0,0,,,,,,"",""
ball,2,0.2,New Zealand,MJ Guptill,TWM Latham,Mashrafe Mortaza,0,0,,,,,,"",""
ball,2,0.3,New Zealand,MJ Guptill,TWM Latham,Mashrafe Mortaza,4,0,,,,,,"",""
ball,2,0.4,New Zealand,MJ Guptill,TWM Latham,Mashrafe Mortaza,1,0,,,,,,"",""
ball,2,0.5,New Zealand,TWM Latham,MJ Guptill,Mashrafe Mortaza,0,0,,,,,,"",""
ball,2,0.6,New Zealand,TWM Latham,MJ Guptill,Mashrafe Mortaza,0,1,,,,1,,"",""
ball,2,1.1,New Zealand,TWM Latham,MJ Guptill,Mustafizur Rahman,0,0,,,,,,"",""
ball,2,1.2,New Zealand,TWM Latham,MJ Guptill,Mustafizur Rahman,0,0,,,,,,"",""
ball,2,1.3,New Zealand,TWM Latham,MJ Guptill,Mustafizur Rahman,4,0,,,,,,"",""
ball,2,1.4,New Zealand,TWM Latham,MJ Guptill,Mustafizur Rahman,0,0,,,,,,"",""
ball,2,1.5,New Zealand,TWM Latham,MJ Guptill,Mustafizur Rahman,0,0,,,,,,lbw,TWM Latham
ball,2,1.6,New Zealand,KS Williamson,MJ Guptill,Mustafizur Rahman,0,0,,,,,,"",""
ball,2,2.1,New Zealand,MJ Guptill,KS Williamson,Mashrafe Mortaza,1,0,,,,,,"",""
ball,2,2.2,New Zealand,KS Williamson,MJ Guptill,Mashrafe Mortaza,0,0,,,,,,"",""
ball,2,2.3,New Zealand,KS Williamson,MJ Guptill,Mashrafe Mortaza,0,1,1,,,,,"",""
ball,2,2.4,New Zealand,KS Williamson,MJ Guptill,Mashrafe Mortaza,0,0,,,,,,"",""
ball,2,2.5,New Zealand,KS Williamson,MJ Guptill,Mashrafe Mortaza,4,0,,,,,,retired hurt,MJ Guptill
ball,2,2.6,New Zealand,KS Williamson,NT Broom,Mashrafe Mortaza,0,0,,,,,,"",""
ball,2,2.7,New Zealand,KS Williamson,NT Broom,Mashrafe Mortaza,0,0,,,,,,"",""
ball,2,3.1,New Zealand,NT Broom,KS Williamson,Mustafizur Rahman,0,0,,,,,,"",""
ball,2,3.2,New Zealand,NT Broom,KS Williamson,Mustafizur Rahman,0,0,,,,,,"",""
ball,2,3.3,New Zealand,NT Broom,KS Williamson,Mustafizur Rahman,0,0,,,,,,"",""
ball,2,3.4,New Zealand,NT Broom,KS Williamson,Mustafizur Rahman,0,0,,,,,,"",""
ball,2,3.5,New Zealand,NT Broom,KS Williamson,Mustafizur Rahman,0,0,,,,,,"",""
ball,2,3.6,New Zealand,NT Broom,KS Williamson,Mustafizur Rahman,0,0,,,,,,"",""
ball,2,4.1,New Zealand,KS Williamson,NT Broom,Mashrafe Mortaza,0,0,,,,,,"",""
ball,2,4.2,New Zealand,KS Williamson,NT Broom,Mashrafe Mortaza,0,0,,,,,,"",""
ball,2,4.3,New Zealand,KS Williamson,NT Broom,Mashrafe Mortaza,2,0,,,,,,"",""
ball,2,4.4,New Zealand,KS Williamson,NT Broom,Mashrafe Mortaza,0,0,,,,,,"",""
ball,2,4.5,New Zealand,KS Williamson,NT Broom,Mashrafe Mortaza,0,1,,,,1,,"",""
ball,2,4.6,New Zealand,NT Broom,KS Williamson,Mashrafe Mortaza,0,0,,,,,,"",""
ball,2,5.1,New Zealand,KS Williamson,NT Broom,Mustafizur Rahman,0,0,,,,,,"",""
ball,2,5.2,New Zealand,KS Williamson,NT Broom,Mustafizur Rahman,0,0,,,,,,"",""
ball,2,5.3,New Zealand,KS Williamson,NT Broom,Mustafizur Rahman,1,0,,,,,,"",""
ball,2,5.4,New Zealand,NT Broom,KS Williamson,Mustafizur Rahman,0,0,,,,,,"",""
ball,2,5.5,New Zealand,NT Broom,KS Williamson,Mustafizur Rahman,0,0,,,,,,"",""
ball,2,5.6,New Zealand,NT Broom,KS Williamson,Mustafizur Rahman,1,0,,,,,,"",""
ball,2,6.1,New Zealand,NT Broom,KS Williamson,Mashrafe Mortaza,0,0,,,,,,"",""
ball,2,6.2,New Zealand,NT Broom,KS Williamson,Mashrafe Mortaza,0,1,1,,,,,"",""
ball,2,6.3,New Zealand,NT Broom,KS Williamson,Mashrafe Mortaza,0,0,,,,,,"",""
ball,2,6.4,New Zealand,NT Broom,KS Williamson,Mashrafe Mortaza,0,1,1,,,,,"",""
ball,2,6.5,New Zealand,NT Broom,KS Williamson,Mashrafe Mortaza,2,0,,,,,,"",""
ball,2,6.6,New Zealand,NT Broom,KS Williamson,Mashrafe Mortaza,0,0,,,,,,"",""
ball,2,6.7,New Zealand,NT Broom,KS Williamson,Mashrafe Mortaza,0,0,,,,,,"",""
ball,2,6.8,New Zealand,NT Broom,KS Williamson,Mashrafe Mortaza,0,0,,,,,,"",""
ball,2,7.1,New Zealand,KS Williamson,NT Broom,Mustafizur Rahman,0,0,,,,,,"",""
ball,2,7.2,New Zealand,KS Williamson,NT Broom,Mustafizur Rahman,0,0,,,,,,"",""
ball,2,7.3,New Zealand,KS Williamson,NT Broom,Mustafizur Rahman,0,0,,,,,,"",""
ball,2,7.4,New Zealand,KS Williamson,NT Broom,Mustafizur Rahman,0,0,,,,,,"",""
ball,2,7.5,New Zealand,KS Williamson,NT Broom,Mustafizur Rahman,0,0,,,,,,"",""
ball,2,7.6,New Zealand,KS Williamson,NT Broom,Mustafizur Rahman,0,0,,,,,,"",""
ball,2,8.1,New Zealand,NT Broom,KS Williamson,Taskin Ahmed,0,0,,,,,,"",""
ball,2,8.2,New Zealand,NT Broom,KS Williamson,Taskin Ahmed,1,0,,,,,,"",""
ball,2,8.3,New Zealand,KS Williamson,NT Broom,Taskin Ahmed,1,0,,,,,,"",""
ball,2,8.4,New Zealand,NT Broom,KS Williamson,Taskin Ahmed,2,0,,,,,,"",""
ball,2,8.5,New Zealand,NT Broom,KS Williamson,Taskin Ahmed,2,0,,,,,,"",""
ball,2,8.6,New Zealand,NT Broom,KS Williamson,Taskin Ahmed,1,0,,,,,,"",""
ball,2,9.1,New Zealand,NT Broom,KS Williamson,Shakib Al Hasan,2,0,,,,,,"",""
ball,2,9.2,New Zealand,NT Broom,KS Williamson,Shakib Al Hasan,1,0,,,,,,"",""
ball,2,9.3,New Zealand,KS Williamson,NT Broom,Shakib Al Hasan,0,0,,,,,,"",""
ball,2,9.4,New Zealand,KS Williamson,NT Broom,Shakib Al Hasan,4,0,,,,,,"",""
ball,2,9.5,New Zealand,KS Williamson,NT Broom,Shakib Al Hasan,4,0,,,,,,"",""
ball,2,9.6,New Zealand,KS Williamson,NT Broom,Shakib Al Hasan,1,0,,,,,,"",""
ball,2,10.1,New Zealand,KS Williamson,NT Broom,Taskin Ahmed,1,0,,,,,,"",""
ball,2,10.2,New Zealand,NT Broom,KS Williamson,Taskin Ahmed,0,0,,,,,,"",""
ball,2,10.3,New Zealand,NT Broom,KS Williamson,Taskin Ahmed,0,0,,,,,,"",""
ball,2,10.4,New Zealand,NT Broom,KS Williamson,Taskin Ahmed,0,0,,,,,,"",""
ball,2,10.5,New Zealand,NT Broom,KS Williamson,Taskin Ahmed,0,0,,,,,,"",""
ball,2,10.6,New Zealand,NT Broom,KS Williamson,Taskin Ahmed,1,0,,,,,,"",""
ball,2,11.1,New Zealand,NT Broom,KS Williamson,Shakib Al Hasan,0,0,,,,,,"",""
ball,2,11.2,New Zealand,NT Broom,KS Williamson,Shakib Al Hasan,1,0,,,,,,"",""
ball,2,11.3,New Zealand,KS Williamson,NT Broom,Shakib Al Hasan,0,0,,,,,,"",""
ball,2,11.4,New Zealand,KS Williamson,NT Broom,Shakib Al Hasan,1,0,,,,,,"",""
ball,2,11.5,New Zealand,NT Broom,KS Williamson,Shakib Al Hasan,0,0,,,,,,"",""
ball,2,11.6,New Zealand,NT Broom,KS Williamson,Shakib Al Hasan,0,0,,,,,,"",""
ball,2,12.1,New Zealand,KS Williamson,NT Broom,Taskin Ahmed,0,0,,,,,,"",""
ball,2,12.2,New Zealand,KS Williamson,NT Broom,Taskin Ahmed,0,0,,,,,,"",""
ball,2,12.3,New Zealand,KS Williamson,NT Broom,Taskin Ahmed,0,0,,,,,,"",""
ball,2,12.4,New Zealand,KS Williamson,NT Broom,Taskin Ahmed,1,0,,,,,,"",""
ball,2,12.5,New Zealand,NT Broom,KS Williamson,Taskin Ahmed,0,0,,,,,,"",""
ball,2,12.6,New Zealand,NT Broom,KS Williamson,Taskin Ahmed,0,0,,,,,,"",""
ball,2,13.1,New Zealand,KS Williamson,NT Broom,Shakib Al Hasan,0,0,,,,,,"",""
ball,2,13.2,New Zealand,KS Williamson,NT Broom,Shakib Al Hasan,1,0,,,,,,"",""
ball,2,13.3,New Zealand,NT Broom,KS Williamson,Shakib Al Hasan,1,0,,,,,,"",""
ball,2,13.4,New Zealand,KS Williamson,NT Broom,Shakib Al Hasan,6,0,,,,,,"",""
ball,2,13.5,New Zealand,KS Williamson,NT Broom,Shakib Al Hasan,0,0,,,,,,"",""
ball,2,13.6,New Zealand,KS Williamson,NT Broom,Shakib Al Hasan,4,0,,,,,,"",""
ball,2,14.1,New Zealand,NT Broom,KS Williamson,Tanbir Hayder,4,0,,,,,,"",""
ball,2,14.2,New Zealand,NT Broom,KS Williamson,Tanbir Hayder,1,0,,,,,,"",""
ball,2,14.3,New Zealand,KS Williamson,NT Broom,Tanbir Hayder,1,0,,,,,,"",""
ball,2,14.4,New Zealand,NT Broom,KS Williamson,Tanbir Hayder,0,0,,,,,,"",""
ball,2,14.5,New Zealand,NT Broom,KS Williamson,Tanbir Hayder,1,0,,,,,,"",""
ball,2,14.6,New Zealand,KS Williamson,NT Broom,Tanbir Hayder,1,0,,,,,,"",""
ball,2,15.1,New Zealand,KS Williamson,NT Broom,Taskin Ahmed,4,0,,,,,,"",""
ball,2,15.2,New Zealand,KS Williamson,NT Broom,Taskin Ahmed,4,0,,,,,,"",""
ball,2,15.3,New Zealand,KS Williamson,NT Broom,Taskin Ahmed,0,0,,,,,,"",""
ball,2,15.4,New Zealand,KS Williamson,NT Broom,Taskin Ahmed,0,0,,,,,,"",""
ball,2,15.5,New Zealand,KS Williamson,NT Broom,Taskin Ahmed,0,0,,,,,,"",""
ball,2,15.6,New Zealand,KS Williamson,NT Broom,Taskin Ahmed,1,0,,,,,,"",""
ball,2,16.1,New Zealand,KS Williamson,NT Broom,Tanbir Hayder,1,0,,,,,,"",""
ball,2,16.2,New Zealand,NT Broom,KS Williamson,Tanbir Hayder,1,0,,,,,,"",""
ball,2,16.3,New Zealand,KS Williamson,NT Broom,Tanbir Hayder,1,0,,,,,,"",""
ball,2,16.4,New Zealand,NT Broom,KS Williamson,Tanbir Hayder,4,0,,,,,,"",""
ball,2,16.5,New Zealand,NT Broom,KS Williamson,Tanbir Hayder,4,0,,,,,,"",""
ball,2,16.6,New Zealand,NT Broom,KS Williamson,Tanbir Hayder,1,0,,,,,,"",""
ball,2,17.1,New Zealand,NT Broom,KS Williamson,Mustafizur Rahman,0,0,,,,,,"",""
ball,2,17.2,New Zealand,NT Broom,KS Williamson,Mustafizur Rahman,1,0,,,,,,"",""
ball,2,17.3,New Zealand,KS Williamson,NT Broom,Mustafizur Rahman,2,0,,,,,,"",""
ball,2,17.4,New Zealand,KS Williamson,NT Broom,Mustafizur Rahman,0,0,,,,,,"",""
ball,2,17.5,New Zealand,KS Williamson,NT Broom,Mustafizur Rahman,0,1,1,,,,,"",""
ball,2,17.6,New Zealand,KS Williamson,NT Broom,Mustafizur Rahman,1,0,,,,,,"",""
ball,2,17.7,New Zealand,NT Broom,KS Williamson,Mustafizur Rahman,2,0,,,,,,"",""
ball,2,18.1,New Zealand,KS Williamson,NT Broom,Shakib Al Hasan,1,0,,,,,,"",""
ball,2,18.2,New Zealand,NT Broom,KS Williamson,Shakib Al Hasan,1,0,,,,,,"",""
ball,2,18.3,New Zealand,KS Williamson,NT Broom,Shakib Al Hasan,0,0,,,,,,"",""
ball,2,18.4,New Zealand,KS Williamson,NT Broom,Shakib Al Hasan,0,0,,,,,,"",""
ball,2,18.5,New Zealand,KS Williamson,NT Broom,Shakib Al Hasan,1,0,,,,,,"",""
ball,2,18.6,New Zealand,NT Broom,KS Williamson,Shakib Al Hasan,1,0,,,,,,"",""
ball,2,19.1,New Zealand,NT Broom,KS Williamson,Mustafizur Rahman,0,0,,,,,,"",""
ball,2,19.2,New Zealand,NT Broom,KS Williamson,Mustafizur Rahman,0,0,,,,,,"",""
ball,2,19.3,New Zealand,NT Broom,KS Williamson,Mustafizur Rahman,0,0,,,,,,"",""
ball,2,19.4,New Zealand,NT Broom,KS Williamson,Mustafizur Rahman,0,0,,,,,,"",""
ball,2,19.5,New Zealand,NT Broom,KS Williamson,Mustafizur Rahman,4,0,,,,,,"",""
ball,2,19.6,New Zealand,NT Broom,KS Williamson,Mustafizur Rahman,0,0,,,,,,"",""
ball,2,20.1,New Zealand,KS Williamson,NT Broom,Shakib Al Hasan,0,0,,,,,,"",""
ball,2,20.2,New Zealand,KS Williamson,NT Broom,Shakib Al Hasan,1,0,,,,,,"",""
ball,2,20.3,New Zealand,NT Broom,KS Williamson,Shakib Al Hasan,1,0,,,,,,"",""
ball,2,20.4,New Zealand,KS Williamson,NT Broom,Shakib Al Hasan,0,0,,,,,,"",""
ball,2,20.5,New Zealand,KS Williamson,NT Broom,Shakib Al Hasan,1,0,,,,,,"",""
ball,2,20.6,New Zealand,NT Broom,KS Williamson,Shakib Al Hasan,0,0,,,,,,"",""
ball,2,21.1,New Zealand,KS Williamson,NT Broom,Sabbir Rahman,0,1,,,,1,,"",""
ball,2,21.2,New Zealand,NT Broom,KS Williamson,Sabbir Rahman,0,0,,,,,,"",""
ball,2,21.3,New Zealand,NT Broom,KS Williamson,Sabbir Rahman,0,0,,,,,,"",""
ball,2,21.4,New Zealand,NT Broom,KS Williamson,Sabbir Rahman,4,0,,,,,,"",""
ball,2,21.5,New Zealand,NT Broom,KS Williamson,Sabbir Rahman,1,0,,,,,,"",""
ball,2,21.6,New Zealand,KS Williamson,NT Broom,Sabbir Rahman,1,0,,,,,,"",""
ball,2,22.1,New Zealand,KS Williamson,NT Broom,Shakib Al Hasan,0,0,,,,,,"",""
ball,2,22.2,New Zealand,KS Williamson,NT Broom,Shakib Al Hasan,4,0,,,,,,"",""
ball,2,22.3,New Zealand,KS Williamson,NT Broom,Shakib Al Hasan,1,0,,,,,,"",""
ball,2,22.4,New Zealand,NT Broom,KS Williamson,Shakib Al Hasan,0,0,,,,,,"",""
ball,2,22.5,New Zealand,NT Broom,KS Williamson,Shakib Al Hasan,1,0,,,,,,"",""
ball,2,22.6,New Zealand,KS Williamson,NT Broom,Shakib Al Hasan,0,0,,,,,,"",""
ball,2,23.1,New Zealand,NT Broom,KS Williamson,Sabbir Rahman,0,0,,,,,,"",""
ball,2,23.2,New Zealand,NT Broom,KS Williamson,Sabbir Rahman,1,0,,,,,,"",""
ball,2,23.3,New Zealand,KS Williamson,NT Broom,Sabbir Rahman,1,0,,,,,,"",""
ball,2,23.4,New Zealand,NT Broom,KS Williamson,Sabbir Rahman,1,0,,,,,,"",""
ball,2,23.5,New Zealand,KS Williamson,NT Broom,Sabbir Rahman,0,0,,,,,,"",""
ball,2,23.6,New Zealand,KS Williamson,NT Broom,Sabbir Rahman,1,0,,,,,,"",""
ball,2,24.1,New Zealand,KS Williamson,NT Broom,Mashrafe Mortaza,2,0,,,,,,"",""
ball,2,24.2,New Zealand,KS Williamson,NT Broom,Mashrafe Mortaza,1,0,,,,,,"",""
ball,2,24.3,New Zealand,NT Broom,KS Williamson,Mashrafe Mortaza,4,0,,,,,,"",""
ball,2,24.4,New Zealand,NT Broom,KS Williamson,Mashrafe Mortaza,1,0,,,,,,"",""
ball,2,24.5,New Zealand,KS Williamson,NT Broom,Mashrafe Mortaza,1,0,,,,,,"",""
ball,2,24.6,New Zealand,NT Broom,KS Williamson,Mashrafe Mortaza,1,0,,,,,,"",""
ball,2,25.1,New Zealand,NT Broom,KS Williamson,Sabbir Rahman,1,0,,,,,,"",""
ball,2,25.2,New Zealand,KS Williamson,NT Broom,Sabbir Rahman,1,0,,,,,,"",""
ball,2,25.3,New Zealand,NT Broom,KS Williamson,Sabbir Rahman,2,0,,,,,,"",""
ball,2,25.4,New Zealand,NT Broom,KS Williamson,Sabbir Rahman,1,0,,,,,,"",""
ball,2,25.5,New Zealand,KS Williamson,NT Broom,Sabbir Rahman,1,0,,,,,,"",""
ball,2,25.6,New Zealand,NT Broom,KS Williamson,Sabbir Rahman,4,0,,,,,,"",""
ball,2,26.1,New Zealand,KS Williamson,NT Broom,Mashrafe Mortaza,2,0,,,,,,"",""
ball,2,26.2,New Zealand,KS Williamson,NT Broom,Mashrafe Mortaza,0,0,,,,,,"",""
ball,2,26.3,New Zealand,KS Williamson,NT Broom,Mashrafe Mortaza,0,0,,,,,,"",""
ball,2,26.4,New Zealand,KS Williamson,NT Broom,Mashrafe Mortaza,0,0,,,,,,"",""
ball,2,26.5,New Zealand,KS Williamson,NT Broom,Mashrafe Mortaza,0,0,,,,,,"",""
ball,2,26.6,New Zealand,KS Williamson,NT Broom,Mashrafe Mortaza,1,0,,,,,,"",""
ball,2,27.1,New Zealand,KS Williamson,NT Broom,Mosaddek Hossain,1,0,,,,,,"",""
ball,2,27.2,New Zealand,NT Broom,KS Williamson,Mosaddek Hossain,1,0,,,,,,"",""
ball,2,27.3,New Zealand,KS Williamson,NT Broom,Mosaddek Hossain,2,0,,,,,,"",""
ball,2,27.4,New Zealand,KS Williamson,NT Broom,Mosaddek Hossain,0,0,,,,,,"",""
ball,2,27.5,New Zealand,KS Williamson,NT Broom,Mosaddek Hossain,0,0,,,,,,"",""
ball,2,27.6,New Zealand,KS Williamson,NT Broom,Mosaddek Hossain,0,0,,,,,,"",""
ball,2,28.1,New Zealand,NT Broom,KS Williamson,Mashrafe Mortaza,0,0,,,,,,"",""
ball,2,28.2,New Zealand,NT Broom,KS Williamson,Mashrafe Mortaza,4,0,,,,,,"",""
ball,2,28.3,New Zealand,NT Broom,KS Williamson,Mashrafe Mortaza,0,0,,,,,,"",""
ball,2,28.4,New Zealand,NT Broom,KS Williamson,Mashrafe Mortaza,1,0,,,,,,"",""
ball,2,28.5,New Zealand,KS Williamson,NT Broom,Mashrafe Mortaza,0,0,,,,,,"",""
ball,2,28.6,New Zealand,KS Williamson,NT Broom,Mashrafe Mortaza,0,1,1,,,,,"",""
ball,2,28.7,New Zealand,KS Williamson,NT Broom,Mashrafe Mortaza,0,0,,,,,,"",""
ball,2,29.1,New Zealand,NT Broom,KS Williamson,Mosaddek Hossain,4,0,,,,,,"",""
ball,2,29.2,New Zealand,NT Broom,KS Williamson,Mosaddek Hossain,0,0,,,,,,"",""
ball,2,29.3,New Zealand,NT Broom,KS Williamson,Mosaddek Hossain,0,0,,,,,,"",""
ball,2,29.4,New Zealand,NT Broom,KS Williamson,Mosaddek Hossain,4,0,,,,,,"",""
ball,2,29.5,New Zealand,NT Broom,KS Williamson,Mosaddek Hossain,1,0,,,,,,"",""
ball,2,29.6,New Zealand,KS Williamson,NT Broom,Mosaddek Hossain,0,0,,,,,,"",""
ball,2,30.1,New Zealand,NT Broom,KS Williamson,Shakib Al Hasan,1,0,,,,,,"",""
ball,2,30.2,New Zealand,KS Williamson,NT Broom,Shakib Al Hasan,4,0,,,,,,"",""
ball,2,30.3,New Zealand,KS Williamson,NT Broom,Shakib Al Hasan,1,0,,,,,,"",""
ball,2,30.4,New Zealand,NT Broom,KS Williamson,Shakib Al Hasan,0,0,,,,,,"",""
ball,2,30.5,New Zealand,NT Broom,KS Williamson,Shakib Al Hasan,1,0,,,,,,"",""
ball,2,30.6,New Zealand,KS Williamson,NT Broom,Shakib Al Hasan,1,0,,,,,,"",""
ball,2,31.1,New Zealand,KS Williamson,NT Broom,Taskin Ahmed,1,0,,,,,,"",""
ball,2,31.2,New Zealand,NT Broom,KS Williamson,Taskin Ahmed,1,0,,,,,,"",""
ball,2,31.3,New Zealand,KS Williamson,NT Broom,Taskin Ahmed,0,0,,,,,,"",""
ball,2,31.4,New Zealand,KS Williamson,NT Broom,Taskin Ahmed,0,0,,,,,,"",""
ball,2,31.5,New Zealand,KS Williamson,NT Broom,Taskin Ahmed,0,0,,,,,,"",""
ball,2,31.6,New Zealand,KS Williamson,NT Broom,Taskin Ahmed,0,0,,,,,,"",""
ball,2,32.1,New Zealand,NT Broom,KS Williamson,Shakib Al Hasan,0,0,,,,,,"",""
ball,2,32.2,New Zealand,NT Broom,KS Williamson,Shakib Al Hasan,0,0,,,,,,"",""
ball,2,32.3,New Zealand,NT Broom,KS Williamson,Shakib Al Hasan,0,0,,,,,,"",""
ball,2,32.4,New Zealand,NT Broom,KS Williamson,Shakib Al Hasan,6,0,,,,,,"",""
ball,2,32.5,New Zealand,NT Broom,KS Williamson,Shakib Al Hasan,1,0,,,,,,"",""
ball,2,32.6,New Zealand,KS Williamson,NT Broom,Shakib Al Hasan,1,0,,,,,,"",""
ball,2,33.1,New Zealand,KS Williamson,NT Broom,Taskin Ahmed,1,0,,,,,,"",""
ball,2,33.2,New Zealand,NT Broom,KS Williamson,Taskin Ahmed,4,0,,,,,,"",""
ball,2,33.3,New Zealand,NT Broom,KS Williamson,Taskin Ahmed,4,0,,,,,,"",""
ball,2,33.4,New Zealand,NT Broom,KS Williamson,Taskin Ahmed,0,0,,,,,,"",""
ball,2,33.5,New Zealand,NT Broom,KS Williamson,Taskin Ahmed,0,0,,,,,,"",""
ball,2,33.6,New Zealand,NT Broom,KS Williamson,Taskin Ahmed,1,0,,,,,,"",""
ball,2,34.1,New Zealand,NT Broom,KS Williamson,Mustafizur Rahman,0,0,,,,,,caught,NT Broom
ball,2,34.2,New Zealand,JDS Neesham,KS Williamson,Mustafizur Rahman,0,0,,,,,,"",""
ball,2,34.3,New Zealand,JDS Neesham,KS Williamson,Mustafizur Rahman,0,0,,,,,,"",""
ball,2,34.4,New Zealand,JDS Neesham,KS Williamson,Mustafizur Rahman,1,0,,,,,,"",""
ball,2,34.5,New Zealand,KS Williamson,JDS Neesham,Mustafizur Rahman,0,0,,,,,,"",""
ball,2,34.6,New Zealand,KS Williamson,JDS Neesham,Mustafizur Rahman,0,0,,,,,,"",""
ball,2,35.1,New Zealand,JDS Neesham,KS Williamson,Mosaddek Hossain,0,0,,,,,,"",""
ball,2,35.2,New Zealand,JDS Neesham,KS Williamson,Mosaddek Hossain,6,0,,,,,,"",""
ball,2,35.3,New Zealand,JDS Neesham,KS Williamson,Mosaddek Hossain,1,0,,,,,,"",""
ball,2,35.4,New Zealand,KS Williamson,JDS Neesham,Mosaddek Hossain,0,0,,,,,,"",""
ball,2,35.5,New Zealand,KS Williamson,JDS Neesham,Mosaddek Hossain,0,0,,,,,,"",""
ball,2,35.6,New Zealand,KS Williamson,JDS Neesham,Mosaddek Hossain,1,0,,,,,,"",""
ball,2,36.1,New Zealand,KS Williamson,JDS Neesham,Mustafizur Rahman,1,0,,,,,,"",""
ball,2,36.2,New Zealand,JDS Neesham,KS Williamson,Mustafizur Rahman,0,0,,,,,,"",""
ball,2,36.3,New Zealand,JDS Neesham,KS Williamson,Mustafizur Rahman,1,0,,,,,,"",""
ball,2,36.4,New Zealand,KS Williamson,JDS Neesham,Mustafizur Rahman,0,0,,,,,,"",""
ball,2,36.5,New Zealand,KS Williamson,JDS Neesham,Mustafizur Rahman,0,0,,,,,,"",""
ball,2,36.6,New Zealand,KS Williamson,JDS Neesham,Mustafizur Rahman,1,0,,,,,,"",""
ball,2,37.1,New Zealand,KS Williamson,JDS Neesham,Mosaddek Hossain,0,0,,,,,,"",""
ball,2,37.2,New Zealand,KS Williamson,JDS Neesham,Mosaddek Hossain,1,0,,,,,,"",""
ball,2,37.3,New Zealand,JDS Neesham,KS Williamson,Mosaddek Hossain,2,0,,,,,,"",""
ball,2,37.4,New Zealand,JDS Neesham,KS Williamson,Mosaddek Hossain,0,0,,,,,,"",""
ball,2,37.5,New Zealand,JDS Neesham,KS Williamson,Mosaddek Hossain,1,0,,,,,,"",""
ball,2,37.6,New Zealand,KS Williamson,JDS Neesham,Mosaddek Hossain,1,0,,,,,,"",""
ball,2,38.1,New Zealand,KS Williamson,JDS Neesham,Mustafizur Rahman,4,0,,,,,,"",""
ball,2,38.2,New Zealand,KS Williamson,JDS Neesham,Mustafizur Rahman,0,0,,,,,,"",""
ball,2,38.3,New Zealand,KS Williamson,JDS Neesham,Mustafizur Rahman,0,0,,,,,,"",""
ball,2,38.4,New Zealand,KS Williamson,JDS Neesham,Mustafizur Rahman,0,0,,,,,,"",""
ball,2,38.5,New Zealand,KS Williamson,JDS Neesham,Mustafizur Rahman,1,0,,,,,,"",""
ball,2,38.6,New Zealand,JDS Neesham,KS Williamson,Mustafizur Rahman,1,0,,,,,,"",""
ball,2,39.1,New Zealand,JDS Neesham,KS Williamson,Mahmudullah,0,0,,,,,,"",""
ball,2,39.2,New Zealand,JDS Neesham,KS Williamson,Mahmudullah,0,0,,,,,,"",""
ball,2,39.3,New Zealand,JDS Neesham,KS Williamson,Mahmudullah,0,0,,,,,,"",""
ball,2,39.4,New Zealand,JDS Neesham,KS Williamson,Mahmudullah,1,0,,,,,,"",""
ball,2,39.5,New Zealand,KS Williamson,JDS Neesham,Mahmudullah,1,0,,,,,,"",""
ball,2,39.6,New Zealand,JDS Neesham,KS Williamson,Mahmudullah,4,0,,,,,,"",""
ball,2,40.1,New Zealand,KS Williamson,JDS Neesham,Taskin Ahmed,3,0,,,,,,"",""
ball,2,40.2,New Zealand,JDS Neesham,KS Williamson,Taskin Ahmed,0,1,1,,,,,"",""
ball,2,40.3,New Zealand,JDS Neesham,KS Williamson,Taskin Ahmed,0,0,,,,,,"",""
ball,2,40.4,New Zealand,JDS Neesham,KS Williamson,Taskin Ahmed,2,0,,,,,,"",""
ball,2,40.5,New Zealand,JDS Neesham,KS Williamson,Taskin Ahmed,4,0,,,,,,"",""
ball,2,40.6,New Zealand,JDS Neesham,KS Williamson,Taskin Ahmed,0,0,,,,,,"",""
ball,2,40.7,New Zealand,JDS Neesham,KS Williamson,Taskin Ahmed,0,0,,,,,,"",""
ball,2,41.1,New Zealand,KS Williamson,JDS Neesham,Mustafizur Rahman,1,0,,,,,,"",""
ball,2,41.2,New Zealand,JDS Neesham,KS Williamson,Mustafizur Rahman,4,0,,,,,,"",""
