version,1.6.0
info,balls_per_over,6
info,team,Jamaica Tallawahs
info,team,Trinbago Knight Riders
info,gender,male
info,season,2016
info,date,2016/07/18
info,event,Caribbean Premier League
info,match_number,19
info,venue,"Sabina Park, Kingston"
info,city,Jamaica
info,toss_winner,Trinbago Knight Riders
info,toss_decision,field
info,player_of_match,AD Russell
info,umpire,JD Ward
info,umpire,PJ Nero
info,reserve_umpire,Verdayne Smith
info,tv_umpire,LS Reifer
info,match_referee,D Govindjee
info,winner,Jamaica Tallawahs
info,winner_runs,19
info,player,Jamaica Tallawahs,CAK Walton
info,player,Jamaica Tallawahs,CH Gayle
info,player,Jamaica Tallawahs,KC Sangakkara
info,player,Jamaica Tallawahs,R Powell
info,player,Jamaica Tallawahs,Shakib Al Hasan
info,player,Jamaica Tallawahs,AD Russell
info,player,Jamaica Tallawahs,Imad Wasim
info,player,Jamaica Tallawahs,TP Allen
info,player,Jamaica Tallawahs,DW Steyn
info,player,Jamaica Tallawahs,GE Mathurin
info,player,Jamaica Tallawahs,KOK Williams
info,player,Trinbago Knight Riders,HM Amla
info,player,Trinbago Knight Riders,BB McCullum
info,player,Trinbago Knight Riders,C Munro
info,player,Trinbago Knight Riders,WKD Perkins
info,player,Trinbago Knight Riders,Umar Akmal
info,player,Trinbago Knight Riders,D Ramdin
info,player,Trinbago Knight Riders,DJ Bravo
info,player,Trinbago Knight Riders,KK Cooper
info,player,Trinbago Knight Riders,SP Narine
info,player,Trinbago Knight Riders,RR Beaton
info,player,Trinbago Knight Riders,SJ Benn
info,registry,people,AD Russell,bbd41817
info,registry,people,BB McCullum,b8a55852
info,registry,people,C Munro,af2c687b
info,registry,people,CAK Walton,bbff906c
info,registry,people,CH Gayle,db584dad
info,registry,people,D Govindjee,8b4c4069
info,registry,people,D Ramdin,d1523761
info,registry,people,DJ Bravo,87e562a9
info,registry,people,DW Steyn,8fd1a8f5
info,registry,people,GE Mathurin,b67bfaae
info,registry,people,HM Amla,e798611a
info,registry,people,Imad Wasim,9cb8d7a6
info,registry,people,JD Ward,511299c1
info,registry,people,KC Sangakkara,6b71e6cf
info,registry,people,KK Cooper,557153ca
info,registry,people,KOK Williams,78cb83f3
info,registry,people,LS Reifer,5dee559a
info,registry,people,PJ Nero,925d2e93
info,registry,people,R Powell,650d5e49
info,registry,people,RR Beaton,684a56df
info,registry,people,SJ Benn,364ee2cf
info,registry,people,SP Narine,9d430b40
info,registry,people,Shakib Al Hasan,7dc35884
info,registry,people,TP Allen,30baaf1f
info,registry,people,Umar Akmal,fd2bf2a0
info,registry,people,Verdayne Smith,6e1a8b04
info,registry,people,WKD Perkins,1920c721
ball,1,0.1,Jamaica Tallawahs,CAK Walton,CH Gayle,RR Beaton,1,0,,,,,,"",""
ball,1,0.2,Jamaica Tallawahs,CH Gayle,CAK Walton,RR Beaton,0,0,,,,,,"",""
ball,1,0.3,Jamaica Tallawahs,CH Gayle,CAK Walton,RR Beaton,0,0,,,,,,"",""
ball,1,0.4,Jamaica Tallawahs,CH Gayle,CAK Walton,RR Beaton,0,1,1,,,,,"",""
ball,1,0.5,Jamaica Tallawahs,CH Gayle,CAK Walton,RR Beaton,0,0,,,,,,"",""
ball,1,0.6,Jamaica Tallawahs,CH Gayle,CAK Walton,RR Beaton,0,0,,,,,,"",""
ball,1,0.7,Jamaica Tallawahs,CH Gayle,CAK Walton,RR Beaton,0,0,,,,,,"",""
ball,1,1.1,Jamaica Tallawahs,CAK Walton,CH Gayle,KK Cooper,2,0,,,,,,"",""
ball,1,1.2,Jamaica Tallawahs,CAK Walton,CH Gayle,KK Cooper,1,0,,,,,,"",""
ball,1,1.3,Jamaica Tallawahs,CH Gayle,CAK Walton,KK Cooper,0,0,,,,,,"",""
ball,1,1.4,Jamaica Tallawahs,CH Gayle,CAK Walton,KK Cooper,0,0,,,,,,"",""
ball,1,1.5,Jamaica Tallawahs,CH Gayle,CAK Walton,KK Cooper,0,0,,,,,,"",""
ball,1,1.6,Jamaica Tallawahs,CH Gayle,CAK Walton,KK Cooper,0,0,,,,,,caught,CH Gayle
ball,1,2.1,Jamaica Tallawahs,CAK Walton,KC Sangakkara,RR Beaton,1,0,,,,,,"",""
ball,1,2.2,Jamaica Tallawahs,KC Sangakkara,CAK Walton,RR Beaton,1,0,,,,,,"",""
ball,1,2.3,Jamaica Tallawahs,CAK Walton,KC Sangakkara,RR Beaton,4,0,,,,,,"",""
ball,1,2.4,Jamaica Tallawahs,CAK Walton,KC Sangakkara,RR Beaton,0,0,,,,,,"",""
ball,1,2.5,Jamaica Tallawahs,CAK Walton,KC Sangakkara,RR Beaton,0,0,,,,,,"",""
ball,1,2.6,Jamaica Tallawahs,CAK Walton,KC Sangakkara,RR Beaton,0,0,,,,,,"",""
ball,1,3.1,Jamaica Tallawahs,KC Sangakkara,CAK Walton,KK Cooper,1,0,,,,,,"",""
ball,1,3.2,Jamaica Tallawahs,CAK Walton,KC Sangakkara,KK Cooper,4,0,,,,,,"",""
ball,1,3.3,Jamaica Tallawahs,CAK Walton,KC Sangakkara,KK Cooper,2,0,,,,,,"",""
ball,1,3.4,Jamaica Tallawahs,CAK Walton,KC Sangakkara,KK Cooper,1,0,,,,,,"",""
ball,1,3.5,Jamaica Tallawahs,KC Sangakkara,CAK Walton,KK Cooper,0,0,,,,,,run out,CAK Walton
ball,1,3.6,Jamaica Tallawahs,KC Sangakkara,R Powell,KK Cooper,4,0,,,,,,"",""
ball,1,4.1,Jamaica Tallawahs,R Powell,KC Sangakkara,SP Narine,0,0,,,,,,"",""
ball,1,4.2,Jamaica Tallawahs,R Powell,KC Sangakkara,SP Narine,6,0,,,,,,"",""
ball,1,4.3,Jamaica Tallawahs,R Powell,KC Sangakkara,SP Narine,0,0,,,,,,"",""
ball,1,4.4,Jamaica Tallawahs,R Powell,KC Sangakkara,SP Narine,0,0,,,,,,"",""
ball,1,4.5,Jamaica Tallawahs,R Powell,KC Sangakkara,SP Narine,0,0,,,,,,"",""
ball,1,4.6,Jamaica Tallawahs,R Powell,KC Sangakkara,SP Narine,0,5,5,,,,,"",""
ball,1,4.7,Jamaica Tallawahs,R Powell,KC Sangakkara,SP Narine,0,0,,,,,,"",""
ball,1,5.1,Jamaica Tallawahs,KC Sangakkara,R Powell,DJ Bravo,1,0,,,,,,"",""
ball,1,5.2,Jamaica Tallawahs,R Powell,KC Sangakkara,DJ Bravo,6,0,,,,,,"",""
ball,1,5.3,Jamaica Tallawahs,R Powell,KC Sangakkara,DJ Bravo,1,0,,,,,,"",""
ball,1,5.4,Jamaica Tallawahs,KC Sangakkara,R Powell,DJ Bravo,1,0,,,,,,"",""
ball,1,5.5,Jamaica Tallawahs,R Powell,KC Sangakkara,DJ Bravo,0,0,,,,,,"",""
ball,1,5.6,Jamaica Tallawahs,R Powell,KC Sangakkara,DJ Bravo,0,0,,,,,,"",""
ball,1,6.1,Jamaica Tallawahs,KC Sangakkara,R Powell,SP Narine,1,0,,,,,,"",""
ball,1,6.2,Jamaica Tallawahs,R Powell,KC Sangakkara,SP Narine,1,0,,,,,,"",""
ball,1,6.3,Jamaica Tallawahs,KC Sangakkara,R Powell,SP Narine,0,0,,,,,,"",""
ball,1,6.4,Jamaica Tallawahs,KC Sangakkara,R Powell,SP Narine,0,1,1,,,,,"",""
ball,1,6.5,Jamaica Tallawahs,KC Sangakkara,R Powell,SP Narine,1,0,,,,,,"",""
ball,1,6.6,Jamaica Tallawahs,R Powell,KC Sangakkara,SP Narine,0,0,,,,,,"",""
ball,1,6.7,Jamaica Tallawahs,R Powell,KC Sangakkara,SP Narine,0,0,,,,,,"",""
ball,1,7.1,Jamaica Tallawahs,KC Sangakkara,R Powell,SJ Benn,1,0,,,,,,"",""
ball,1,7.2,Jamaica Tallawahs,R Powell,KC Sangakkara,SJ Benn,2,0,,,,,,"",""
ball,1,7.3,Jamaica Tallawahs,R Powell,KC Sangakkara,SJ Benn,0,0,,,,,,"",""
ball,1,7.4,Jamaica Tallawahs,R Powell,KC Sangakkara,SJ Benn,4,0,,,,,,"",""
ball,1,7.5,Jamaica Tallawahs,R Powell,KC Sangakkara,SJ Benn,1,0,,,,,,"",""
ball,1,7.6,Jamaica Tallawahs,KC Sangakkara,R Powell,SJ Benn,1,0,,,,,,"",""
ball,1,8.1,Jamaica Tallawahs,KC Sangakkara,R Powell,DJ Bravo,0,0,,,,,,"",""
ball,1,8.2,Jamaica Tallawahs,KC Sangakkara,R Powell,DJ Bravo,0,0,,,,,,"",""
ball,1,8.3,Jamaica Tallawahs,KC Sangakkara,R Powell,DJ Bravo,0,0,,,,,,"",""
ball,1,8.4,Jamaica Tallawahs,KC Sangakkara,R Powell,DJ Bravo,1,0,,,,,,"",""
ball,1,8.5,Jamaica Tallawahs,R Powell,KC Sangakkara,DJ Bravo,0,0,,,,,,"",""
ball,1,8.6,Jamaica Tallawahs,R Powell,KC Sangakkara,DJ Bravo,0,1,1,,,,,"",""
ball,1,8.7,Jamaica Tallawahs,R Powell,KC Sangakkara,DJ Bravo,1,0,,,,,,"",""
ball,1,9.1,Jamaica Tallawahs,R Powell,KC Sangakkara,SJ Benn,6,0,,,,,,"",""
ball,1,9.2,Jamaica Tallawahs,R Powell,KC Sangakkara,SJ Benn,0,0,,,,,,"",""
ball,1,9.3,Jamaica Tallawahs,R Powell,KC Sangakkara,SJ Benn,0,0,,,,,,"",""
ball,1,9.4,Jamaica Tallawahs,R Powell,KC Sangakkara,SJ Benn,1,0,,,,,,"",""
ball,1,9.5,Jamaica Tallawahs,KC Sangakkara,R Powell,SJ Benn,6,0,,,,,,"",""
ball,1,9.6,Jamaica Tallawahs,KC Sangakkara,R Powell,SJ Benn,1,0,,,,,,"",""
ball,1,10.1,Jamaica Tallawahs,KC Sangakkara,R Powell,SP Narine,1,0,,,,,,"",""
ball,1,10.2,Jamaica Tallawahs,R Powell,KC Sangakkara,SP Narine,0,0,,,,,,"",""
ball,1,10.3,Jamaica Tallawahs,R Powell,KC Sangakkara,SP Narine,1,0,,,,,,"",""
ball,1,10.4,Jamaica Tallawahs,KC Sangakkara,R Powell,SP Narine,1,0,,,,,,"",""
ball,1,10.5,Jamaica Tallawahs,R Powell,KC Sangakkara,SP Narine,0,0,,,,,,"",""
ball,1,10.6,Jamaica Tallawahs,R Powell,KC Sangakkara,SP Narine,1,0,,,,,,"",""
ball,1,11.1,Jamaica Tallawahs,R Powell,KC Sangakkara,C Munro,2,0,,,,,,"",""
ball,1,11.2,Jamaica Tallawahs,R Powell,KC Sangakkara,C Munro,6,0,,,,,,"",""
ball,1,11.3,Jamaica Tallawahs,R Powell,KC Sangakkara,C Munro,0,0,,,,,,"",""
ball,1,11.4,Jamaica Tallawahs,R Powell,KC Sangakkara,C Munro,4,0,,,,,,"",""
ball,1,11.5,Jamaica Tallawahs,R Powell,KC Sangakkara,C Munro,1,0,,,,,,"",""
ball,1,11.6,Jamaica Tallawahs,KC Sangakkara,R Powell,C Munro,1,0,,,,,,"",""
ball,1,12.1,Jamaica Tallawahs,KC Sangakkara,R Powell,KK Cooper,0,0,,,,,,caught,KC Sangakkara
ball,1,12.2,Jamaica Tallawahs,R Powell,Shakib Al Hasan,KK Cooper,0,0,,,,,,"",""
ball,1,12.3,Jamaica Tallawahs,R Powell,Shakib Al Hasan,KK Cooper,0,0,,,,,,caught,R Powell
ball,1,12.4,Jamaica Tallawahs,Shakib Al Hasan,AD Russell,KK Cooper,0,0,,,,,,"",""
ball,1,12.5,Jamaica Tallawahs,Shakib Al Hasan,AD Russell,KK Cooper,0,0,,,,,,"",""
ball,1,12.6,Jamaica Tallawahs,Shakib Al Hasan,AD Russell,KK Cooper,1,0,,,,,,"",""
ball,1,13.1,Jamaica Tallawahs,Shakib Al Hasan,AD Russell,RR Beaton,0,1,1,,,,,"",""
ball,1,13.2,Jamaica Tallawahs,Shakib Al Hasan,AD Russell,RR Beaton,0,0,,,,,,"",""
ball,1,13.3,Jamaica Tallawahs,Shakib Al Hasan,AD Russell,RR Beaton,0,0,,,,,,"",""
ball,1,13.4,Jamaica Tallawahs,Shakib Al Hasan,AD Russell,RR Beaton,1,0,,,,,,"",""
ball,1,13.5,Jamaica Tallawahs,AD Russell,Shakib Al Hasan,RR Beaton,0,0,,,,,,"",""
ball,1,13.6,Jamaica Tallawahs,AD Russell,Shakib Al Hasan,RR Beaton,0,0,,,,,,"",""
ball,1,13.7,Jamaica Tallawahs,AD Russell,Shakib Al Hasan,RR Beaton,4,0,,,,,,"",""
ball,1,14.1,Jamaica Tallawahs,Shakib Al Hasan,AD Russell,SJ Benn,1,0,,,,,,"",""
ball,1,14.2,Jamaica Tallawahs,AD Russell,Shakib Al Hasan,SJ Benn,4,0,,,,,,"",""
ball,1,14.3,Jamaica Tallawahs,AD Russell,Shakib Al Hasan,SJ Benn,0,0,,,,,,"",""
ball,1,14.4,Jamaica Tallawahs,AD Russell,Shakib Al Hasan,SJ Benn,1,0,,,,,,"",""
ball,1,14.5,Jamaica Tallawahs,Shakib Al Hasan,AD Russell,SJ Benn,0,0,,,,,,"",""
ball,1,14.6,Jamaica Tallawahs,Shakib Al Hasan,AD Russell,SJ Benn,6,0,,,,,,"",""
ball,1,15.1,Jamaica Tallawahs,AD Russell,Shakib Al Hasan,SP Narine,1,0,,,,,,"",""
ball,1,15.2,Jamaica Tallawahs,Shakib Al Hasan,AD Russell,SP Narine,0,0,,,,,,"",""
ball,1,15.3,Jamaica Tallawahs,Shakib Al Hasan,AD Russell,SP Narine,1,0,,,,,,"",""
ball,1,15.4,Jamaica Tallawahs,AD Russell,Shakib Al Hasan,SP Narine,1,0,,,,,,"",""
ball,1,15.5,Jamaica Tallawahs,Shakib Al Hasan,AD Russell,SP Narine,0,0,,,,,,"",""
ball,1,15.6,Jamaica Tallawahs,Shakib Al Hasan,AD Russell,SP Narine,0,0,,,,,,caught,Shakib Al Hasan
ball,1,16.1,Jamaica Tallawahs,AD Russell,Imad Wasim,KK Cooper,0,0,,,,,,"",""
ball,1,16.2,Jamaica Tallawahs,AD Russell,Imad Wasim,KK Cooper,4,0,,,,,,"",""
ball,1,16.3,Jamaica Tallawahs,AD Russell,Imad Wasim,KK Cooper,1,0,,,,,,"",""
ball,1,16.4,Jamaica Tallawahs,Imad Wasim,AD Russell,KK Cooper,1,0,,,,,,"",""
ball,1,16.5,Jamaica Tallawahs,AD Russell,Imad Wasim,KK Cooper,0,0,,,,,,"",""
ball,1,16.6,Jamaica Tallawahs,AD Russell,Imad Wasim,KK Cooper,0,0,,,,,,"",""
ball,1,17.1,Jamaica Tallawahs,Imad Wasim,AD Russell,DJ Bravo,0,0,,,,,,caught,Imad Wasim
ball,1,17.2,Jamaica Tallawahs,TP Allen,AD Russell,DJ Bravo,1,0,,,,,,"",""
ball,1,17.3,Jamaica Tallawahs,AD Russell,TP Allen,DJ Bravo,1,0,,,,,,"",""
ball,1,17.4,Jamaica Tallawahs,TP Allen,AD Russell,DJ Bravo,1,0,,,,,,"",""
ball,1,17.5,Jamaica Tallawahs,AD Russell,TP Allen,DJ Bravo,6,0,,,,,,"",""
ball,1,17.6,Jamaica Tallawahs,AD Russell,TP Allen,DJ Bravo,4,0,,,,,,"",""
ball,1,18.1,Jamaica Tallawahs,TP Allen,AD Russell,RR Beaton,1,0,,,,,,"",""
ball,1,18.2,Jamaica Tallawahs,AD Russell,TP Allen,RR Beaton,0,0,,,,,,"",""
ball,1,18.3,Jamaica Tallawahs,AD Russell,TP Allen,RR Beaton,0,0,,,,,,"",""
ball,1,18.4,Jamaica Tallawahs,AD Russell,TP Allen,RR Beaton,0,1,1,,,,,"",""
ball,1,18.5,Jamaica Tallawahs,AD Russell,TP Allen,RR Beaton,6,0,,,,,,"",""
ball,1,18.6,Jamaica Tallawahs,AD Russell,TP Allen,RR Beaton,4,0,,,,,,"",""
ball,1,18.7,Jamaica Tallawahs,AD Russell,TP Allen,RR Beaton,0,0,,,,,,"",""
ball,1,19.1,Jamaica Tallawahs,TP Allen,AD Russell,DJ Bravo,1,0,,,,,,"",""
ball,1,19.2,Jamaica Tallawahs,AD Russell,TP Allen,DJ Bravo,0,5,5,,,,,"",""
ball,1,19.3,Jamaica Tallawahs,AD Russell,TP Allen,DJ Bravo,6,0,,,,,,"",""
ball,1,19.4,Jamaica Tallawahs,AD Russell,TP Allen,DJ Bravo,1,0,,,,,,"",""
ball,1,19.5,Jamaica Tallawahs,TP Allen,AD Russell,DJ Bravo,0,0,,,,,,"",""
ball,1,19.6,Jamaica Tallawahs,TP Allen,AD Russell,DJ Bravo,1,0,,,,,,"",""
ball,1,19.7,Jamaica Tallawahs,AD Russell,TP Allen,DJ Bravo,0,0,,,,,,caught,AD Russell
ball,2,0.1,Trinbago Knight Riders,HM Amla,BB McCullum,Imad Wasim,0,0,,,,,,"",""
ball,2,0.2,Trinbago Knight Riders,HM Amla,BB McCullum,Imad Wasim,0,0,,,,,,"",""
ball,2,0.3,Trinbago Knight Riders,HM Amla,BB McCullum,Imad Wasim,0,0,,,,,,"",""
ball,2,0.4,Trinbago Knight Riders,HM Amla,BB McCullum,Imad Wasim,0,0,,,,,,"",""
ball,2,0.5,Trinbago Knight Riders,HM Amla,BB McCullum,Imad Wasim,0,0,,,,,,"",""
ball,2,0.6,Trinbago Knight Riders,HM Amla,BB McCullum,Imad Wasim,1,0,,,,,,"",""
ball,2,1.1,Trinbago Knight Riders,HM Amla,BB McCullum,DW Steyn,0,0,,,,,,"",""
ball,2,1.2,Trinbago Knight Riders,HM Amla,BB McCullum,DW Steyn,0,0,,,,,,"",""
ball,2,1.3,Trinbago Knight Riders,HM Amla,BB McCullum,DW Steyn,1,0,,,,,,"",""
ball,2,1.4,Trinbago Knight Riders,BB McCullum,HM Amla,DW Steyn,0,0,,,,,,"",""
ball,2,1.5,Trinbago Knight Riders,BB McCullum,HM Amla,DW Steyn,0,0,,,,,,"",""
ball,2,1.6,Trinbago Knight Riders,BB McCullum,HM Amla,DW Steyn,4,0,,,,,,"",""
ball,2,2.1,Trinbago Knight Riders,HM Amla,BB McCullum,Imad Wasim,1,0,,,,,,"",""
ball,2,2.2,Trinbago Knight Riders,BB McCullum,HM Amla,Imad Wasim,2,0,,,,,,"",""
ball,2,2.3,Trinbago Knight Riders,BB McCullum,HM Amla,Imad Wasim,0,0,,,,,,stumped,BB McCullum
ball,2,2.4,Trinbago Knight Riders,C Munro,HM Amla,Imad Wasim,0,0,,,,,,"",""
ball,2,2.5,Trinbago Knight Riders,C Munro,HM Amla,Imad Wasim,1,0,,,,,,"",""
ball,2,2.6,Trinbago Knight Riders,HM Amla,C Munro,Imad Wasim,6,0,,,,,,"",""
ball,2,3.1,Trinbago Knight Riders,C Munro,HM Amla,DW Steyn,0,0,,,,,,"",""
ball,2,3.2,Trinbago Knight Riders,C Munro,HM Amla,DW Steyn,0,0,,,,,,"",""
ball,2,3.3,Trinbago Knight Riders,C Munro,HM Amla,DW Steyn,0,0,,,,,,caught,C Munro
ball,2,3.4,Trinbago Knight Riders,WKD Perkins,HM Amla,DW Steyn,0,0,,,,,,"",""
ball,2,3.5,Trinbago Knight Riders,WKD Perkins,HM Amla,DW Steyn,0,0,,,,,,"",""
ball,2,3.6,Trinbago Knight Riders,WKD Perkins,HM Amla,DW Steyn,0,0,,,,,,"",""
ball,2,4.1,Trinbago Knight Riders,HM Amla,WKD Perkins,AD Russell,0,0,,,,,,"",""
ball,2,4.2,Trinbago Knight Riders,HM Amla,WKD Perkins,AD Russell,0,5,5,,,,,"",""
ball,2,4.3,Trinbago Knight Riders,HM Amla,WKD Perkins,AD Russell,1,0,,,,,,"",""
ball,2,4.4,Trinbago Knight Riders,WKD Perkins,HM Amla,AD Russell,4,0,,,,,,"",""
ball,2,4.5,Trinbago Knight Riders,WKD Perkins,HM Amla,AD Russell,0,0,,,,,,"",""
ball,2,4.6,Trinbago Knight Riders,WKD Perkins,HM Amla,AD Russell,0,0,,,,,,"",""
ball,2,4.7,Trinbago Knight Riders,WKD Perkins,HM Amla,AD Russell,0,0,,,,,,"",""
ball,2,5.1,Trinbago Knight Riders,HM Amla,WKD Perkins,KOK Williams,2,0,,,,,,"",""
ball,2,5.2,Trinbago Knight Riders,HM Amla,WKD Perkins,KOK Williams,4,0,,,,,,"",""
ball,2,5.3,Trinbago Knight Riders,HM Amla,WKD Perkins,KOK Williams,1,0,,,,,,"",""
ball,2,5.4,Trinbago Knight Riders,WKD Perkins,HM Amla,KOK Williams,6,0,,,,,,"",""
ball,2,5.5,Trinbago Knight Riders,WKD Perkins,HM Amla,KOK Williams,0,0,,,,,,"",""
ball,2,5.6,Trinbago Knight Riders,WKD Perkins,HM Amla,KOK Williams,1,0,,,,,,"",""
ball,2,6.1,Trinbago Knight Riders,WKD Perkins,HM Amla,AD Russell,1,0,,,,,,"",""
ball,2,6.2,Trinbago Knight Riders,HM Amla,WKD Perkins,AD Russell,1,0,,,,,,"",""
ball,2,6.3,Trinbago Knight Riders,WKD Perkins,HM Amla,AD Russell,0,0,,,,,,"",""
ball,2,6.4,Trinbago Knight Riders,WKD Perkins,HM Amla,AD Russell,0,0,,,,,,caught,WKD Perkins
ball,2,6.5,Trinbago Knight Riders,HM Amla,Umar Akmal,AD Russell,1,0,,,,,,"",""
ball,2,6.6,Trinbago Knight Riders,Umar Akmal,HM Amla,AD Russell,1,0,,,,,,"",""
ball,2,7.1,Trinbago Knight Riders,Umar Akmal,HM Amla,GE Mathurin,0,0,,,,,,"",""
ball,2,7.2,Trinbago Knight Riders,Umar Akmal,HM Amla,GE Mathurin,4,0,,,,,,"",""
ball,2,7.3,Trinbago Knight Riders,Umar Akmal,HM Amla,GE Mathurin,1,0,,,,,,"",""
ball,2,7.4,Trinbago Knight Riders,HM Amla,Umar Akmal,GE Mathurin,1,0,,,,,,"",""
ball,2,7.5,Trinbago Knight Riders,Umar Akmal,HM Amla,GE Mathurin,0,0,,,,,,"",""
ball,2,7.6,Trinbago Knight Riders,Umar Akmal,HM Amla,GE Mathurin,1,0,,,,,,"",""
ball,2,8.1,Trinbago Knight Riders,Umar Akmal,HM Amla,Imad Wasim,0,0,,,,,,"",""
ball,2,8.2,Trinbago Knight Riders,Umar Akmal,HM Amla,Imad Wasim,1,0,,,,,,"",""
ball,2,8.3,Trinbago Knight Riders,HM Amla,Umar Akmal,Imad Wasim,1,0,,,,,,"",""
ball,2,8.4,Trinbago Knight Riders,Umar Akmal,HM Amla,Imad Wasim,1,0,,,,,,"",""
ball,2,8.5,Trinbago Knight Riders,HM Amla,Umar Akmal,Imad Wasim,0,0,,,,,,"",""
ball,2,8.6,Trinbago Knight Riders,HM Amla,Umar Akmal,Imad Wasim,1,0,,,,,,"",""
ball,2,9.1,Trinbago Knight Riders,HM Amla,Umar Akmal,Shakib Al Hasan,1,0,,,,,,"",""
ball,2,9.2,Trinbago Knight Riders,Umar Akmal,HM Amla,Shakib Al Hasan,1,0,,,,,,"",""
ball,2,9.3,Trinbago Knight Riders,HM Amla,Umar Akmal,Shakib Al Hasan,1,0,,,,,,"",""
ball,2,9.4,Trinbago Knight Riders,Umar Akmal,HM Amla,Shakib Al Hasan,1,0,,,,,,"",""
ball,2,9.5,Trinbago Knight Riders,HM Amla,Umar Akmal,Shakib Al Hasan,1,0,,,,,,"",""
ball,2,9.6,Trinbago Knight Riders,Umar Akmal,HM Amla,Shakib Al Hasan,0,0,,,,,,caught,Umar Akmal
ball,2,10.1,Trinbago Knight Riders,HM Amla,D Ramdin,GE Mathurin,0,0,,,,,,"",""
ball,2,10.2,Trinbago Knight Riders,HM Amla,D Ramdin,GE Mathurin,1,0,,,,,,"",""
ball,2,10.3,Trinbago Knight Riders,D Ramdin,HM Amla,GE Mathurin,1,0,,,,,,"",""
ball,2,10.4,Trinbago Knight Riders,HM Amla,D Ramdin,GE Mathurin,1,0,,,,,,"",""
ball,2,10.5,Trinbago Knight Riders,D Ramdin,HM Amla,GE Mathurin,1,0,,,,,,"",""
ball,2,10.6,Trinbago Knight Riders,HM Amla,D Ramdin,GE Mathurin,6,0,,,,,,"",""
ball,2,11.1,Trinbago Knight Riders,D Ramdin,HM Amla,Shakib Al Hasan,2,0,,,,,,"",""
ball,2,11.2,Trinbago Knight Riders,D Ramdin,HM Amla,Shakib Al Hasan,0,0,,,,,,"",""
ball,2,11.3,Trinbago Knight Riders,D Ramdin,HM Amla,Shakib Al Hasan,0,0,,,,,,"",""
ball,2,11.4,Trinbago Knight Riders,D Ramdin,HM Amla,Shakib Al Hasan,0,0,,,,,,"",""
ball,2,11.5,Trinbago Knight Riders,D Ramdin,HM Amla,Shakib Al Hasan,1,0,,,,,,"",""
ball,2,11.6,Trinbago Knight Riders,HM Amla,D Ramdin,Shakib Al Hasan,1,0,,,,,,"",""
ball,2,12.1,Trinbago Knight Riders,HM Amla,D Ramdin,KOK Williams,4,0,,,,,,"",""
ball,2,12.2,Trinbago Knight Riders,HM Amla,D Ramdin,KOK Williams,1,0,,,,,,"",""
ball,2,12.3,Trinbago Knight Riders,D Ramdin,HM Amla,KOK Williams,0,0,,,,,,"",""
ball,2,12.4,Trinbago Knight Riders,D Ramdin,HM Amla,KOK Williams,1,0,,,,,,"",""
ball,2,12.5,Trinbago Knight Riders,HM Amla,D Ramdin,KOK Williams,1,0,,,,,,"",""
ball,2,12.6,Trinbago Knight Riders,D Ramdin,HM Amla,KOK Williams,1,0,,,,,,"",""
ball,2,13.1,Trinbago Knight Riders,D Ramdin,HM Amla,Shakib Al Hasan,4,0,,,,,,"",""
ball,2,13.2,Trinbago Knight Riders,D Ramdin,HM Amla,Shakib Al Hasan,6,0,,,,,,"",""
ball,2,13.3,Trinbago Knight Riders,D Ramdin,HM Amla,Shakib Al Hasan,1,0,,,,,,"",""
ball,2,13.4,Trinbago Knight Riders,HM Amla,D Ramdin,Shakib Al Hasan,1,0,,,,,,"",""
ball,2,13.5,Trinbago Knight Riders,D Ramdin,HM Amla,Shakib Al Hasan,6,0,,,,,,"",""
ball,2,13.6,Trinbago Knight Riders,D Ramdin,HM Amla,Shakib Al Hasan,1,0,,,,,,"",""
ball,2,14.1,Trinbago Knight Riders,D Ramdin,HM Amla,KOK Williams,0,0,,,,,,"",""
ball,2,14.2,Trinbago Knight Riders,D Ramdin,HM Amla,KOK Williams,1,0,,,,,,"",""
ball,2,14.3,Trinbago Knight Riders,HM Amla,D Ramdin,KOK Williams,1,0,,,,,,"",""
ball,2,14.4,Trinbago Knight Riders,D Ramdin,HM Amla,KOK Williams,1,0,,,,,,"",""
ball,2,14.5,Trinbago Knight Riders,HM Amla,D Ramdin,KOK Williams,0,0,,,,,,caught,HM Amla
ball,2,14.6,Trinbago Knight Riders,DJ Bravo,D Ramdin,KOK Williams,0,1,1,,,,,"",""
ball,2,14.7,Trinbago Knight Riders,DJ Bravo,D Ramdin,KOK Williams,0,1,,1,,,,"",""
ball,2,14.8,Trinbago Knight Riders,DJ Bravo,D Ramdin,KOK Williams,1,0,,,,,,"",""
ball,2,15.1,Trinbago Knight Riders,DJ Bravo,D Ramdin,DW Steyn,0,0,,,,,,"",""
ball,2,15.2,Trinbago Knight Riders,DJ Bravo,D Ramdin,DW Steyn,4,0,,,,,,"",""
ball,2,15.3,Trinbago Knight Riders,DJ Bravo,D Ramdin,DW Steyn,6,0,,,,,,"",""
ball,2,15.4,Trinbago Knight Riders,DJ Bravo,D Ramdin,DW Steyn,2,0,,,,,,"",""
ball,2,15.5,Trinbago Knight Riders,DJ Bravo,D Ramdin,DW Steyn,0,0,,,,,,caught,DJ Bravo
ball,2,15.6,Trinbago Knight Riders,KK Cooper,D Ramdin,DW Steyn,1,0,,,,,,"",""
ball,2,16.1,Trinbago Knight Riders,KK Cooper,D Ramdin,AD Russell,0,0,,,,,,"",""
ball,2,16.2,Trinbago Knight Riders,KK Cooper,D Ramdin,AD Russell,0,0,,,,,,caught,KK Cooper
ball,2,16.3,Trinbago Knight Riders,SP Narine,D Ramdin,AD Russell,0,0,,,,,,caught,SP Narine
ball,2,16.4,Trinbago Knight Riders,D Ramdin,RR Beaton,AD Russell,0,0,,,,,,"",""
ball,2,16.5,Trinbago Knight Riders,D Ramdin,RR Beaton,AD Russell,0,0,,,,,,"",""
ball,2,16.6,Trinbago Knight Riders,D Ramdin,RR Beaton,AD Russell,1,0,,,,,,"",""
ball,2,17.1,Trinbago Knight Riders,D Ramdin,RR Beaton,DW Steyn,2,0,,,,,,"",""
ball,2,17.2,Trinbago Knight Riders,D Ramdin,RR Beaton,DW Steyn,1,0,,,,,,"",""
ball,2,17.3,Trinbago Knight Riders,RR Beaton,D Ramdin,DW Steyn,0,0,,,,,,"",""
ball,2,17.4,Trinbago Knight Riders,RR Beaton,D Ramdin,DW Steyn,0,4,,,,4,,"",""
ball,2,17.5,Trinbago Knight Riders,RR Beaton,D Ramdin,DW Steyn,0,0,,,,,,"",""
ball,2,17.6,Trinbago Knight Riders,RR Beaton,D Ramdin,DW Steyn,0,0,,,,,,"",""
ball,2,18.1,Trinbago Knight Riders,D Ramdin,RR Beaton,AD Russell,0,0,,,,,,caught,D Ramdin
ball,2,18.2,Trinbago Knight Riders,RR Beaton,SJ Benn,AD Russell,0,0,,,,,,"",""
ball,2,18.3,Trinbago Knight Riders,RR Beaton,SJ Benn,AD Russell,4,0,,,,,,"",""
ball,2,18.4,Trinbago Knight Riders,RR Beaton,SJ Benn,AD Russell,2,0,,,,,,"",""
ball,2,18.5,Trinbago Knight Riders,RR Beaton,SJ Benn,AD Russell,0,1,1,,,,,"",""
ball,2,18.6,Trinbago Knight Riders,RR Beaton,SJ Benn,AD Russell,1,0,,,,,,"",""
ball,2,18.7,Trinbago Knight Riders,SJ Benn,RR Beaton,AD Russell,0,0,,,,,,"",""
ball,2,19.1,Trinbago Knight Riders,RR Beaton,SJ Benn,KOK Williams,1,0,,,,,,"",""
ball,2,19.2,Trinbago Knight Riders,SJ Benn,RR Beaton,KOK Williams,0,0,,,,,,"",""
ball,2,19.3,Trinbago Knight Riders,SJ Benn,RR Beaton,KOK Williams,1,0,,,,,,"",""
ball,2,19.4,Trinbago Knight Riders,RR Beaton,SJ Benn,KOK Williams,0,0,,,,,,"",""
ball,2,19.5,Trinbago Knight Riders,RR Beaton,SJ Benn,KOK Williams,1,0,,,,,,"",""
ball,2,19.6,Trinbago Knight Riders,SJ Benn,RR Beaton,KOK Williams,0,0,,,,,,"",""
