version,1.6.0
info,balls_per_over,6
info,team,New Zealand
info,team,South Africa
info,gender,male
info,season,2016/17
info,date,2017/02/25
info,event,South Africa in New Zealand ODI Series
info,match_number,3
info,venue,Westpac Stadium
info,city,Wellington
info,toss_winner,South Africa
info,toss_decision,bat
info,player_of_match,AB de Villiers
info,umpire,CM Brown
info,umpire,JS Wilson
info,reserve_umpire,SB Haig
info,tv_umpire,PR Reiffel
info,match_referee,J Srinath
info,winner,South Africa
info,winner_runs,159
info,player,New Zealand,DG Brownlie
info,player,New Zealand,TWM Latham
info,player,New Zealand,KS Williamson
info,player,New Zealand,LRPL Taylor
info,player,New Zealand,NT Broom
info,player,New Zealand,JDS Neesham
info,player,New Zealand,MJ Santner
info,player,New Zealand,C de Grandhomme
info,player,New Zealand,TG Southee
info,player,New Zealand,LH Ferguson
info,player,New Zealand,TA Boult
info,player,South Africa,Q de Kock
info,player,South Africa,HM Amla
info,player,South Africa,F du Plessis
info,player,South Africa,AB de Villiers
info,player,South Africa,JP Duminy
info,player,South Africa,DA Miller
info,player,South Africa,D Pretorius
info,player,South Africa,WD Parnell
info,player,South Africa,AL Phehlukwayo
info,player,South Africa,Imran Tahir
info,player,South Africa,K Rabada
info,registry,people,AB de Villiers,c4487b84
info,registry,people,AL Phehlukwayo,ab6b1c45
info,registry,people,C de Grandhomme,94d7f855
info,registry,people,CM Brown,448f4f1c
info,registry,people,D Pretorius,11614d87
info,registry,people,DA Miller,d67d5f00
info,registry,people,DG Brownlie,22bd731a
info,registry,people,F du Plessis,3355b542
info,registry,people,HM Amla,e798611a
info,registry,people,Imran Tahir,acee4cc4
info,registry,people,J Srinath,bad31fac
info,registry,people,JDS Neesham,9219eff0
info,registry,people,JP Duminy,2e8994e7
info,registry,people,JS Wilson,d7f3b72f
info,registry,people,K Rabada,e62dd25d
info,registry,people,KS Williamson,d027ba9f
info,registry,people,LH Ferguson,2f9d0389
info,registry,people,LRPL Taylor,b61a3e1a
info,registry,people,MJ Santner,e4a0deae
info,registry,people,NT Broom,a354c917
info,registry,people,PR Reiffel,c9354f29
info,registry,people,Q de Kock,372455c4
info,registry,people,SB Haig,811655b3
info,registry,people,TA Boult,a818c1be
info,registry,people,TG Southee,13c35c9e
info,registry,people,TWM Latham,e824e6ee
info,registry,people,WD Parnell,3a60e0b5
ball,1,0.1,South Africa,Q de Kock,HM Amla,TG Southee,0,0,,,,,,"",""
ball,1,0.2,South Africa,Q de Kock,HM Amla,TG Southee,0,0,,,,,,"",""
ball,1,0.3,South Africa,Q de Kock,HM Amla,TG Southee,2,0,,,,,,"",""
ball,1,0.4,South Africa,Q de Kock,HM Amla,TG Southee,0,0,,,,,,"",""
ball,1,0.5,South Africa,Q de Kock,HM Amla,TG Southee,0,0,,,,,,"",""
ball,1,0.6,South Africa,Q de Kock,HM Amla,TG Southee,4,0,,,,,,"",""
ball,1,1.1,South Africa,HM Amla,Q de Kock,TA Boult,1,0,,,,,,"",""
ball,1,1.2,South Africa,Q de Kock,HM Amla,TA Boult,0,0,,,,,,"",""
ball,1,1.3,South Africa,Q de Kock,HM Amla,TA Boult,0,0,,,,,,"",""
ball,1,1.4,South Africa,Q de Kock,HM Amla,TA Boult,0,0,,,,,,"",""
ball,1,1.5,South Africa,Q de Kock,HM Amla,TA Boult,2,0,,,,,,"",""
ball,1,1.6,South Africa,Q de Kock,HM Amla,TA Boult,1,0,,,,,,"",""
ball,1,2.1,South Africa,Q de Kock,HM Amla,TG Southee,1,0,,,,,,"",""
ball,1,2.2,South Africa,HM Amla,Q de Kock,TG Southee,1,0,,,,,,"",""
ball,1,2.3,South Africa,Q de Kock,HM Amla,TG Southee,0,0,,,,,,"",""
ball,1,2.4,South Africa,Q de Kock,HM Amla,TG Southee,1,0,,,,,,"",""
ball,1,2.5,South Africa,HM Amla,Q de Kock,TG Southee,1,0,,,,,,"",""
ball,1,2.6,South Africa,Q de Kock,HM Amla,TG Southee,1,0,,,,,,"",""
ball,1,3.1,South Africa,Q de Kock,HM Amla,TA Boult,0,0,,,,,,"",""
ball,1,3.2,South Africa,Q de Kock,HM Amla,TA Boult,4,0,,,,,,"",""
ball,1,3.3,South Africa,Q de Kock,HM Amla,TA Boult,0,0,,,,,,"",""
ball,1,3.4,South Africa,Q de Kock,HM Amla,TA Boult,0,0,,,,,,"",""
ball,1,3.5,South Africa,Q de Kock,HM Amla,TA Boult,1,0,,,,,,"",""
ball,1,3.6,South Africa,HM Amla,Q de Kock,TA Boult,0,0,,,,,,"",""
ball,1,4.1,South Africa,Q de Kock,HM Amla,TG Southee,1,0,,,,,,"",""
ball,1,4.2,South Africa,HM Amla,Q de Kock,TG Southee,0,0,,,,,,"",""
ball,1,4.3,South Africa,HM Amla,Q de Kock,TG Southee,0,0,,,,,,"",""
ball,1,4.4,South Africa,HM Amla,Q de Kock,TG Southee,0,0,,,,,,"",""
ball,1,4.5,South Africa,HM Amla,Q de Kock,TG Southee,1,0,,,,,,"",""
ball,1,4.6,South Africa,Q de Kock,HM Amla,TG Southee,4,0,,,,,,"",""
ball,1,5.1,South Africa,HM Amla,Q de Kock,TA Boult,0,0,,,,,,"",""
ball,1,5.2,South Africa,HM Amla,Q de Kock,TA Boult,0,0,,,,,,"",""
ball,1,5.3,South Africa,HM Amla,Q de Kock,TA Boult,0,0,,,,,,"",""
ball,1,5.4,South Africa,HM Amla,Q de Kock,TA Boult,1,0,,,,,,"",""
ball,1,5.5,South Africa,Q de Kock,HM Amla,TA Boult,1,0,,,,,,"",""
ball,1,5.6,South Africa,HM Amla,Q de Kock,TA Boult,0,0,,,,,,"",""
ball,1,6.1,South Africa,Q de Kock,HM Amla,TG Southee,0,0,,,,,,"",""
ball,1,6.2,South Africa,Q de Kock,HM Amla,TG Southee,4,0,,,,,,"",""
ball,1,6.3,South Africa,Q de Kock,HM Amla,TG Southee,0,0,,,,,,"",""
ball,1,6.4,South Africa,Q de Kock,HM Amla,TG Southee,0,0,,,,,,"",""
ball,1,6.5,South Africa,Q de Kock,HM Amla,TG Southee,4,0,,,,,,"",""
ball,1,6.6,South Africa,Q de Kock,HM Amla,TG Southee,0,0,,,,,,"",""
ball,1,7.1,South Africa,HM Amla,Q de Kock,TA Boult,0,0,,,,,,"",""
ball,1,7.2,South Africa,HM Amla,Q de Kock,TA Boult,1,0,,,,,,"",""
ball,1,7.3,South Africa,Q de Kock,HM Amla,TA Boult,1,0,,,,,,"",""
ball,1,7.4,South Africa,HM Amla,Q de Kock,TA Boult,1,0,,,,,,"",""
ball,1,7.5,South Africa,Q de Kock,HM Amla,TA Boult,0,0,,,,,,"",""
ball,1,7.6,South Africa,Q de Kock,HM Amla,TA Boult,1,0,,,,,,"",""
ball,1,8.1,South Africa,Q de Kock,HM Amla,TG Southee,1,0,,,,,,"",""
ball,1,8.2,South Africa,HM Amla,Q de Kock,TG Southee,0,0,,,,,,"",""
ball,1,8.3,South Africa,HM Amla,Q de Kock,TG Southee,0,0,,,,,,"",""
ball,1,8.4,South Africa,HM Amla,Q de Kock,TG Southee,0,0,,,,,,caught,HM Amla
ball,1,8.5,South Africa,F du Plessis,Q de Kock,TG Southee,0,0,,,,,,"",""
ball,1,8.6,South Africa,F du Plessis,Q de Kock,TG Southee,0,0,,,,,,"",""
ball,1,9.1,South Africa,Q de Kock,F du Plessis,LH Ferguson,0,0,,,,,,"",""
ball,1,9.2,South Africa,Q de Kock,F du Plessis,LH Ferguson,0,0,,,,,,"",""
ball,1,9.3,South Africa,Q de Kock,F du Plessis,LH Ferguson,0,0,,,,,,"",""
ball,1,9.4,South Africa,Q de Kock,F du Plessis,LH Ferguson,6,0,,,,,,"",""
ball,1,9.5,South Africa,Q de Kock,F du Plessis,LH Ferguson,1,0,,,,,,"",""
ball,1,9.6,South Africa,F du Plessis,Q de Kock,LH Ferguson,0,0,,,,,,"",""
ball,1,10.1,South Africa,Q de Kock,F du Plessis,C de Grandhomme,1,0,,,,,,"",""
ball,1,10.2,South Africa,F du Plessis,Q de Kock,C de Grandhomme,0,0,,,,,,"",""
ball,1,10.3,South Africa,F du Plessis,Q de Kock,C de Grandhomme,0,0,,,,,,"",""
ball,1,10.4,South Africa,F du Plessis,Q de Kock,C de Grandhomme,0,0,,,,,,"",""
ball,1,10.5,South Africa,F du Plessis,Q de Kock,C de Grandhomme,4,0,,,,,,"",""
ball,1,10.6,South Africa,F du Plessis,Q de Kock,C de Grandhomme,1,0,,,,,,"",""
ball,1,11.1,South Africa,F du Plessis,Q de Kock,LH Ferguson,0,0,,,,,,"",""
ball,1,11.2,South Africa,F du Plessis,Q de Kock,LH Ferguson,4,0,,,,,,"",""
ball,1,11.3,South Africa,F du Plessis,Q de Kock,LH Ferguson,0,0,,,,,,"",""
ball,1,11.4,South Africa,F du Plessis,Q de Kock,LH Ferguson,4,0,,,,,,"",""
ball,1,11.5,South Africa,F du Plessis,Q de Kock,LH Ferguson,0,0,,,,,,"",""
ball,1,11.6,South Africa,F du Plessis,Q de Kock,LH Ferguson,1,0,,,,,,"",""
ball,1,12.1,South Africa,F du Plessis,Q de Kock,C de Grandhomme,2,0,,,,,,"",""
ball,1,12.2,South Africa,F du Plessis,Q de Kock,C de Grandhomme,0,0,,,,,,"",""
ball,1,12.3,South Africa,F du Plessis,Q de Kock,C de Grandhomme,0,0,,,,,,"",""
ball,1,12.4,South Africa,F du Plessis,Q de Kock,C de Grandhomme,0,0,,,,,,"",""
ball,1,12.5,South Africa,F du Plessis,Q de Kock,C de Grandhomme,1,0,,,,,,"",""
ball,1,12.6,South Africa,Q de Kock,F du Plessis,C de Grandhomme,0,1,1,,,,,"",""
ball,1,12.7,South Africa,Q de Kock,F du Plessis,C de Grandhomme,1,0,,,,,,"",""
ball,1,13.1,South Africa,Q de Kock,F du Plessis,MJ Santner,1,0,,,,,,"",""
ball,1,13.2,South Africa,F du Plessis,Q de Kock,MJ Santner,0,0,,,,,,"",""
ball,1,13.3,South Africa,F du Plessis,Q de Kock,MJ Santner,1,0,,,,,,"",""
ball,1,13.4,South Africa,Q de Kock,F du Plessis,MJ Santner,1,0,,,,,,"",""
ball,1,13.5,South Africa,F du Plessis,Q de Kock,MJ Santner,1,0,,,,,,"",""
ball,1,13.6,South Africa,Q de Kock,F du Plessis,MJ Santner,1,0,,,,,,"",""
ball,1,14.1,South Africa,Q de Kock,F du Plessis,C de Grandhomme,0,0,,,,,,"",""
ball,1,14.2,South Africa,Q de Kock,F du Plessis,C de Grandhomme,1,0,,,,,,"",""
ball,1,14.3,South Africa,F du Plessis,Q de Kock,C de Grandhomme,0,0,,,,,,"",""
ball,1,14.4,South Africa,F du Plessis,Q de Kock,C de Grandhomme,0,0,,,,,,"",""
ball,1,14.5,South Africa,F du Plessis,Q de Kock,C de Grandhomme,0,0,,,,,,"",""
ball,1,14.6,South Africa,F du Plessis,Q de Kock,C de Grandhomme,0,0,,,,,,"",""
ball,1,15.1,South Africa,Q de Kock,F du Plessis,MJ Santner,1,0,,,,,,"",""
ball,1,15.2,South Africa,F du Plessis,Q de Kock,MJ Santner,0,0,,,,,,"",""
ball,1,15.3,South Africa,F du Plessis,Q de Kock,MJ Santner,4,0,,,,,,"",""
ball,1,15.4,South Africa,F du Plessis,Q de Kock,MJ Santner,1,0,,,,,,"",""
ball,1,15.5,South Africa,Q de Kock,F du Plessis,MJ Santner,0,0,,,,,,"",""
ball,1,15.6,South Africa,Q de Kock,F du Plessis,MJ Santner,1,0,,,,,,"",""
ball,1,16.1,South Africa,Q de Kock,F du Plessis,C de Grandhomme,0,0,,,,,,"",""
ball,1,16.2,South Africa,Q de Kock,F du Plessis,C de Grandhomme,1,0,,,,,,"",""
ball,1,16.3,South Africa,F du Plessis,Q de Kock,C de Grandhomme,0,0,,,,,,"",""
ball,1,16.4,South Africa,F du Plessis,Q de Kock,C de Grandhomme,2,0,,,,,,"",""
ball,1,16.5,South Africa,F du Plessis,Q de Kock,C de Grandhomme,1,0,,,,,,"",""
ball,1,16.6,South Africa,Q de Kock,F du Plessis,C de Grandhomme,1,0,,,,,,"",""
ball,1,17.1,South Africa,Q de Kock,F du Plessis,LH Ferguson,1,0,,,,,,"",""
ball,1,17.2,South Africa,F du Plessis,Q de Kock,LH Ferguson,0,0,,,,,,"",""
ball,1,17.3,South Africa,F du Plessis,Q de Kock,LH Ferguson,0,0,,,,,,"",""
ball,1,17.4,South Africa,F du Plessis,Q de Kock,LH Ferguson,0,1,1,,,,,"",""
ball,1,17.5,South Africa,F du Plessis,Q de Kock,LH Ferguson,1,0,,,,,,"",""
ball,1,17.6,South Africa,Q de Kock,F du Plessis,LH Ferguson,0,0,,,,,,"",""
ball,1,17.7,South Africa,Q de Kock,F du Plessis,LH Ferguson,1,0,,,,,,"",""
ball,1,18.1,South Africa,Q de Kock,F du Plessis,C de Grandhomme,4,0,,,,,,"",""
ball,1,18.2,South Africa,Q de Kock,F du Plessis,C de Grandhomme,0,0,,,,,,"",""
ball,1,18.3,South Africa,Q de Kock,F du Plessis,C de Grandhomme,0,0,,,,,,"",""
ball,1,18.4,South Africa,Q de Kock,F du Plessis,C de Grandhomme,1,0,,,,,,"",""
ball,1,18.5,South Africa,F du Plessis,Q de Kock,C de Grandhomme,2,0,,,,,,"",""
ball,1,18.6,South Africa,F du Plessis,Q de Kock,C de Grandhomme,1,0,,,,,,"",""
ball,1,19.1,South Africa,F du Plessis,Q de Kock,LH Ferguson,1,0,,,,,,"",""
ball,1,19.2,South Africa,Q de Kock,F du Plessis,LH Ferguson,2,0,,,,,,"",""
ball,1,19.3,South Africa,Q de Kock,F du Plessis,LH Ferguson,0,0,,,,,,"",""
ball,1,19.4,South Africa,Q de Kock,F du Plessis,LH Ferguson,1,0,,,,,,"",""
ball,1,19.5,South Africa,F du Plessis,Q de Kock,LH Ferguson,0,0,,,,,,"",""
ball,1,19.6,South Africa,F du Plessis,Q de Kock,LH Ferguson,1,0,,,,,,"",""
ball,1,20.1,South Africa,F du Plessis,Q de Kock,C de Grandhomme,1,0,,,,,,"",""
ball,1,20.2,South Africa,Q de Kock,F du Plessis,C de Grandhomme,0,0,,,,,,"",""
ball,1,20.3,South Africa,Q de Kock,F du Plessis,C de Grandhomme,0,0,,,,,,"",""
ball,1,20.4,South Africa,Q de Kock,F du Plessis,C de Grandhomme,1,0,,,,,,"",""
ball,1,20.5,South Africa,F du Plessis,Q de Kock,C de Grandhomme,1,0,,,,,,"",""
ball,1,20.6,South Africa,Q de Kock,F du Plessis,C de Grandhomme,0,0,,,,,,"",""
ball,1,21.1,South Africa,F du Plessis,Q de Kock,LH Ferguson,0,0,,,,,,"",""
ball,1,21.2,South Africa,F du Plessis,Q de Kock,LH Ferguson,1,0,,,,,,"",""
ball,1,21.3,South Africa,Q de Kock,F du Plessis,LH Ferguson,6,0,,,,,,"",""
ball,1,21.4,South Africa,Q de Kock,F du Plessis,LH Ferguson,0,0,,,,,,"",""
ball,1,21.5,South Africa,Q de Kock,F du Plessis,LH Ferguson,0,0,,,,,,"",""
ball,1,21.6,South Africa,Q de Kock,F du Plessis,LH Ferguson,0,1,1,,,,,"",""
ball,1,21.7,South Africa,Q de Kock,F du Plessis,LH Ferguson,0,0,,,,,,"",""
ball,1,22.1,South Africa,F du Plessis,Q de Kock,C de Grandhomme,0,0,,,,,,"",""
ball,1,22.2,South Africa,F du Plessis,Q de Kock,C de Grandhomme,0,0,,,,,,caught,F du Plessis
ball,1,22.3,South Africa,AB de Villiers,Q de Kock,C de Grandhomme,0,0,,,,,,"",""
ball,1,22.4,South Africa,AB de Villiers,Q de Kock,C de Grandhomme,1,0,,,,,,"",""
ball,1,22.5,South Africa,Q de Kock,AB de Villiers,C de Grandhomme,0,0,,,,,,caught,Q de Kock
ball,1,22.6,South Africa,JP Duminy,AB de Villiers,C de Grandhomme,0,1,1,,,,,"",""
ball,1,22.7,South Africa,JP Duminy,AB de Villiers,C de Grandhomme,0,0,,,,,,"",""
ball,1,23.1,South Africa,AB de Villiers,JP Duminy,LH Ferguson,0,0,,,,,,"",""
ball,1,23.2,South Africa,AB de Villiers,JP Duminy,LH Ferguson,1,0,,,,,,"",""
ball,1,23.3,South Africa,JP Duminy,AB de Villiers,LH Ferguson,1,0,,,,,,"",""
ball,1,23.4,South Africa,AB de Villiers,JP Duminy,LH Ferguson,4,0,,,,,,"",""
ball,1,23.5,South Africa,AB de Villiers,JP Duminy,LH Ferguson,0,0,,,,,,"",""
ball,1,23.6,South Africa,AB de Villiers,JP Duminy,LH Ferguson,1,0,,,,,,"",""
ball,1,24.1,South Africa,AB de Villiers,JP Duminy,C de Grandhomme,0,0,,,,,,"",""
ball,1,24.2,South Africa,AB de Villiers,JP Duminy,C de Grandhomme,0,0,,,,,,"",""
ball,1,24.3,South Africa,AB de Villiers,JP Duminy,C de Grandhomme,1,0,,,,,,"",""
ball,1,24.4,South Africa,JP Duminy,AB de Villiers,C de Grandhomme,0,0,,,,,,"",""
ball,1,24.5,South Africa,JP Duminy,AB de Villiers,C de Grandhomme,1,0,,,,,,"",""
ball,1,24.6,South Africa,AB de Villiers,JP Duminy,C de Grandhomme,4,0,,,,,,"",""
ball,1,25.1,South Africa,JP Duminy,AB de Villiers,MJ Santner,1,0,,,,,,"",""
ball,1,25.2,South Africa,AB de Villiers,JP Duminy,MJ Santner,0,0,,,,,,"",""
ball,1,25.3,South Africa,AB de Villiers,JP Duminy,MJ Santner,0,0,,,,,,"",""
ball,1,25.4,South Africa,AB de Villiers,JP Duminy,MJ Santner,2,0,,,,,,"",""
ball,1,25.5,South Africa,AB de Villiers,JP Duminy,MJ Santner,0,0,,,,,,"",""
ball,1,25.6,South Africa,AB de Villiers,JP Duminy,MJ Santner,1,0,,,,,,"",""
ball,1,26.1,South Africa,AB de Villiers,JP Duminy,C de Grandhomme,1,0,,,,,,"",""
ball,1,26.2,South Africa,JP Duminy,AB de Villiers,C de Grandhomme,0,0,,,,,,"",""
ball,1,26.3,South Africa,JP Duminy,AB de Villiers,C de Grandhomme,0,0,,,,,,"",""
ball,1,26.4,South Africa,JP Duminy,AB de Villiers,C de Grandhomme,0,0,,,,,,"",""
ball,1,26.5,South Africa,JP Duminy,AB de Villiers,C de Grandhomme,0,0,,,,,,"",""
ball,1,26.6,South Africa,JP Duminy,AB de Villiers,C de Grandhomme,1,0,,,,,,"",""
ball,1,27.1,South Africa,JP Duminy,AB de Villiers,MJ Santner,0,0,,,,,,"",""
ball,1,27.2,South Africa,JP Duminy,AB de Villiers,MJ Santner,1,0,,,,,,"",""
ball,1,27.3,South Africa,AB de Villiers,JP Duminy,MJ Santner,0,0,,,,,,"",""
ball,1,27.4,South Africa,AB de Villiers,JP Duminy,MJ Santner,1,0,,,,,,"",""
ball,1,27.5,South Africa,JP Duminy,AB de Villiers,MJ Santner,1,0,,,,,,"",""
ball,1,27.6,South Africa,AB de Villiers,JP Duminy,MJ Santner,0,0,,,,,,"",""
ball,1,28.1,South Africa,JP Duminy,AB de Villiers,C de Grandhomme,0,0,,,,,,"",""
ball,1,28.2,South Africa,JP Duminy,AB de Villiers,C de Grandhomme,0,0,,,,,,"",""
ball,1,28.3,South Africa,JP Duminy,AB de Villiers,C de Grandhomme,0,0,,,,,,"",""
ball,1,28.4,South Africa,JP Duminy,AB de Villiers,C de Grandhomme,1,0,,,,,,"",""
ball,1,28.5,South Africa,AB de Villiers,JP Duminy,C de Grandhomme,0,0,,,,,,"",""
ball,1,28.6,South Africa,AB de Villiers,JP Duminy,C de Grandhomme,1,0,,,,,,"",""
ball,1,29.1,South Africa,AB de Villiers,JP Duminy,MJ Santner,1,0,,,,,,"",""
ball,1,29.2,South Africa,JP Duminy,AB de Villiers,MJ Santner,1,0,,,,,,"",""
ball,1,29.3,South Africa,AB de Villiers,JP Duminy,MJ Santner,2,0,,,,,,"",""
ball,1,29.4,South Africa,AB de Villiers,JP Duminy,MJ Santner,1,0,,,,,,"",""
ball,1,29.5,South Africa,JP Duminy,AB de Villiers,MJ Santner,1,0,,,,,,"",""
ball,1,29.6,South Africa,AB de Villiers,JP Duminy,MJ Santner,0,0,,,,,,"",""
ball,1,30.1,South Africa,JP Duminy,AB de Villiers,TA Boult,4,0,,,,,,"",""
ball,1,30.2,South Africa,JP Duminy,AB de Villiers,TA Boult,0,0,,,,,,"",""
ball,1,30.3,South Africa,JP Duminy,AB de Villiers,TA Boult,0,0,,,,,,"",""
ball,1,30.4,South Africa,JP Duminy,AB de Villiers,TA Boult,0,0,,,,,,"",""
ball,1,30.5,South Africa,JP Duminy,AB de Villiers,TA Boult,0,0,,,,,,"",""
ball,1,30.6,South Africa,JP Duminy,AB de Villiers,TA Boult,0,1,,,,1,,"",""
ball,1,31.1,South Africa,JP Duminy,AB de Villiers,MJ Santner,0,0,,,,,,"",""
ball,1,31.2,South Africa,JP Duminy,AB de Villiers,MJ Santner,1,0,,,,,,"",""
ball,1,31.3,South Africa,AB de Villiers,JP Duminy,MJ Santner,0,0,,,,,,"",""
ball,1,31.4,South Africa,AB de Villiers,JP Duminy,MJ Santner,1,0,,,,,,"",""
ball,1,31.5,South Africa,JP Duminy,AB de Villiers,MJ Santner,0,0,,,,,,"",""
ball,1,31.6,South Africa,JP Duminy,AB de Villiers,MJ Santner,1,0,,,,,,"",""
ball,1,32.1,South Africa,JP Duminy,AB de Villiers,TA Boult,0,0,,,,,,"",""
ball,1,32.2,South Africa,JP Duminy,AB de Villiers,TA Boult,0,0,,,,,,"",""
ball,1,32.3,South Africa,JP Duminy,AB de Villiers,TA Boult,0,0,,,,,,"",""
ball,1,32.4,South Africa,JP Duminy,AB de Villiers,TA Boult,1,0,,,,,,"",""
ball,1,32.5,South Africa,AB de Villiers,JP Duminy,TA Boult,0,0,,,,,,"",""
ball,1,32.6,South Africa,AB de Villiers,JP Duminy,TA Boult,1,0,,,,,,"",""
ball,1,33.1,South Africa,AB de Villiers,JP Duminy,MJ Santner,1,0,,,,,,"",""
ball,1,33.2,South Africa,JP Duminy,AB de Villiers,MJ Santner,0,0,,,,,,run out,JP Duminy
ball,1,33.3,South Africa,AB de Villiers,DA Miller,MJ Santner,1,0,,,,,,"",""
ball,1,33.4,South Africa,DA Miller,AB de Villiers,MJ Santner,1,0,,,,,,"",""
ball,1,33.5,South Africa,AB de Villiers,DA Miller,MJ Santner,1,0,,,,,,"",""
ball,1,33.6,South Africa,DA Miller,AB de Villiers,MJ Santner,0,0,,,,,,"",""
ball,1,34.1,South Africa,AB de Villiers,DA Miller,TG Southee,1,0,,,,,,"",""
ball,1,34.2,South Africa,DA Miller,AB de Villiers,TG Southee,1,0,,,,,,"",""
ball,1,34.3,South Africa,AB de Villiers,DA Miller,TG Southee,0,0,,,,,,"",""
ball,1,34.4,South Africa,AB de Villiers,DA Miller,TG Southee,1,0,,,,,,"",""
ball,1,34.5,South Africa,DA Miller,AB de Villiers,TG Southee,1,0,,,,,,"",""
ball,1,34.6,South Africa,AB de Villiers,DA Miller,TG Southee,0,0,,,,,,"",""
ball,1,35.1,South Africa,DA Miller,AB de Villiers,MJ Santner,0,0,,,,,,"",""
ball,1,35.2,South Africa,DA Miller,AB de Villiers,MJ Santner,0,0,,,,,,"",""
ball,1,35.3,South Africa,DA Miller,AB de Villiers,MJ Santner,0,0,,,,,,caught,DA Miller
ball,1,35.4,South Africa,D Pretorius,AB de Villiers,MJ Santner,4,0,,,,,,"",""
ball,1,35.5,South Africa,D Pretorius,AB de Villiers,MJ Santner,0,0,,,,,,"",""
ball,1,35.6,South Africa,D Pretorius,AB de Villiers,MJ Santner,0,0,,,,,,"",""
ball,1,36.1,South Africa,AB de Villiers,D Pretorius,TG Southee,0,0,,,,,,"",""
ball,1,36.2,South Africa,AB de Villiers,D Pretorius,TG Southee,0,0,,,,,,"",""
ball,1,36.3,South Africa,AB de Villiers,D Pretorius,TG Southee,0,1,1,,,,,"",""
ball,1,36.4,South Africa,AB de Villiers,D Pretorius,TG Southee,1,0,,,,,,"",""
ball,1,36.5,South Africa,D Pretorius,AB de Villiers,TG Southee,0,0,,,,,,"",""
ball,1,36.6,South Africa,D Pretorius,AB de Villiers,TG Southee,4,0,,,,,,"",""
ball,1,36.7,South Africa,D Pretorius,AB de Villiers,TG Southee,1,0,,,,,,"",""
ball,1,37.1,South Africa,D Pretorius,AB de Villiers,MJ Santner,1,0,,,,,,"",""
ball,1,37.2,South Africa,AB de Villiers,D Pretorius,MJ Santner,1,0,,,,,,"",""
ball,1,37.3,South Africa,D Pretorius,AB de Villiers,MJ Santner,0,0,,,,,,"",""
ball,1,37.4,South Africa,D Pretorius,AB de Villiers,MJ Santner,1,0,,,,,,"",""
ball,1,37.5,South Africa,AB de Villiers,D Pretorius,MJ Santner,0,0,,,,,,"",""
ball,1,37.6,South Africa,AB de Villiers,D Pretorius,MJ Santner,1,0,,,,,,"",""
ball,1,38.1,South Africa,AB de Villiers,D Pretorius,LH Ferguson,0,0,,,,,,"",""
ball,1,38.2,South Africa,AB de Villiers,D Pretorius,LH Ferguson,1,0,,,,,,"",""
ball,1,38.3,South Africa,D Pretorius,AB de Villiers,LH Ferguson,0,0,,,,,,"",""
ball,1,38.4,South Africa,D Pretorius,AB de Villiers,LH Ferguson,0,0,,,,,,bowled,D Pretorius
ball,1,38.5,South Africa,WD Parnell,AB de Villiers,LH Ferguson,0,0,,,,,,"",""
ball,1,38.6,South Africa,WD Parnell,AB de Villiers,LH Ferguson,2,0,,,,,,"",""
ball,1,39.1,South Africa,AB de Villiers,WD Parnell,TA Boult,1,0,,,,,,"",""
ball,1,39.2,South Africa,WD Parnell,AB de Villiers,TA Boult,0,0,,,,,,"",""
ball,1,39.3,South Africa,WD Parnell,AB de Villiers,TA Boult,0,0,,,,,,"",""
ball,1,39.4,South Africa,WD Parnell,AB de Villiers,TA Boult,0,0,,,,,,"",""
ball,1,39.5,South Africa,WD Parnell,AB de Villiers,TA Boult,0,0,,,,,,"",""
ball,1,39.6,South Africa,WD Parnell,AB de Villiers,TA Boult,0,0,,,,,,"",""
ball,1,40.1,South Africa,AB de Villiers,WD Parnell,LH Ferguson,1,0,,,,,,"",""
ball,1,40.2,South Africa,WD Parnell,AB de Villiers,LH Ferguson,2,0,,,,,,"",""
ball,1,40.3,South Africa,WD Parnell,AB de Villiers,LH Ferguson,0,0,,,,,,"",""
ball,1,40.4,South Africa,WD Parnell,AB de Villiers,LH Ferguson,1,0,,,,,,"",""
ball,1,40.5,South Africa,AB de Villiers,WD Parnell,LH Ferguson,1,0,,,,,,"",""
ball,1,40.6,South Africa,WD Parnell,AB de Villiers,LH Ferguson,0,0,,,,,,"",""
ball,1,41.1,South Africa,AB de Villiers,WD Parnell,MJ Santner,1,0,,,,,,"",""
ball,1,41.2,South Africa,WD Parnell,AB de Villiers,MJ Santner,1,0,,,,,,"",""
ball,1,41.3,South Africa,AB de Villiers,WD Parnell,MJ Santner,1,0,,,,,,"",""
ball,1,41.4,South Africa,WD Parnell,AB de Villiers,MJ Santner,1,0,,,,,,"",""
ball,1,41.5,South Africa,AB de Villiers,WD Parnell,MJ Santner,1,0,,,,,,"",""
ball,1,41.6,South Africa,WD Parnell,AB de Villiers,MJ Santner,0,0,,,,,,"",""
ball,1,42.1,South Africa,AB de Villiers,WD Parnell,LH Ferguson,0,0,,,,,,"",""
ball,1,42.2,South Africa,AB de Villiers,WD Parnell,LH Ferguson,4,0,,,,,,"",""
ball,1,42.3,South Africa,AB de Villiers,WD Parnell,LH Ferguson,4,0,,,,,,"",""
ball,1,42.4,South Africa,AB de Villiers,WD Parnell,LH Ferguson,0,0,,,,,,"",""
ball,1,42.5,South Africa,AB de Villiers,WD Parnell,LH Ferguson,1,0,,,,,,"",""
ball,1,42.6,South Africa,WD Parnell,AB de Villiers,LH Ferguson,1,0,,,,,,"",""
ball,1,43.1,South Africa,WD Parnell,AB de Villiers,TG Southee,0,0,,,,,,"",""
ball,1,43.2,South Africa,WD Parnell,AB de Villiers,TG Southee,4,0,,,,,,"",""
ball,1,43.3,South Africa,WD Parnell,AB de Villiers,TG Southee,0,0,,,,,,"",""
ball,1,43.4,South Africa,WD Parnell,AB de Villiers,TG Southee,1,0,,,,,,"",""
ball,1,43.5,South Africa,AB de Villiers,WD Parnell,TG Southee,0,0,,,,,,"",""
ball,1,43.6,South Africa,AB de Villiers,WD Parnell,TG Southee,1,0,,,,,,"",""
ball,1,44.1,South Africa,AB de Villiers,WD Parnell,LH Ferguson,2,0,,,,,,"",""
ball,1,44.2,South Africa,AB de Villiers,WD Parnell,LH Ferguson,1,0,,,,,,"",""
ball,1,44.3,South Africa,WD Parnell,AB de Villiers,LH Ferguson,0,1,1,,,,,"",""
ball,1,44.4,South Africa,WD Parnell,AB de Villiers,LH Ferguson,6,0,,,,,,"",""
ball,1,44.5,South Africa,WD Parnell,AB de Villiers,LH Ferguson,0,1,,,,1,,"",""
ball,1,44.6,South Africa,AB de Villiers,WD Parnell,LH Ferguson,1,0,,,,,,"",""
ball,1,44.7,South Africa,WD Parnell,AB de Villiers,LH Ferguson,2,0,,,,,,"",""
ball,1,45.1,South Africa,AB de Villiers,WD Parnell,TA Boult,0,0,,,,,,"",""
ball,1,45.2,South Africa,AB de Villiers,WD Parnell,TA Boult,1,0,,,,,,"",""
ball,1,45.3,South Africa,WD Parnell,AB de Villiers,TA Boult,1,0,,,,,,"",""
ball,1,45.4,South Africa,AB de Villiers,WD Parnell,TA Boult,0,0,,,,,,"",""
ball,1,45.5,South Africa,AB de Villiers,WD Parnell,TA Boult,1,0,,,,,,"",""
ball,1,45.6,South Africa,WD Parnell,AB de Villiers,TA Boult,2,0,,,,,,"",""
ball,1,46.1,South Africa,AB de Villiers,WD Parnell,TG Southee,6,0,,,,,,"",""
ball,1,46.2,South Africa,AB de Villiers,WD Parnell,TG Southee,1,0,,,,,,"",""
ball,1,46.3,South Africa,WD Parnell,AB de Villiers,TG Southee,2,0,,,,,,"",""
ball,1,46.4,South Africa,WD Parnell,AB de Villiers,TG Southee,0,0,,,,,,"",""
ball,1,46.5,South Africa,WD Parnell,AB de Villiers,TG Southee,1,0,,,,,,"",""
ball,1,46.6,South Africa,AB de Villiers,WD Parnell,TG Southee,1,0,,,,,,"",""
ball,1,47.1,South Africa,AB de Villiers,WD Parnell,TA Boult,4,0,,,,,,"",""
ball,1,47.2,South Africa,AB de Villiers,WD Parnell,TA Boult,2,0,,,,,,"",""
ball,1,47.3,South Africa,AB de Villiers,WD Parnell,TA Boult,1,0,,,,,,"",""
ball,1,47.4,South Africa,WD Parnell,AB de Villiers,TA Boult,1,0,,,,,,"",""
ball,1,47.5,South Africa,AB de Villiers,WD Parnell,TA Boult,0,0,,,,,,"",""
ball,1,47.6,South Africa,AB de Villiers,WD Parnell,TA Boult,1,0,,,,,,"",""
ball,1,48.1,South Africa,AB de Villiers,WD Parnell,TG Southee,1,0,,,,,,"",""
ball,1,48.2,South Africa,WD Parnell,AB de Villiers,TG Southee,1,0,,,,,,"",""
ball,1,48.3,South Africa,AB de Villiers,WD Parnell,TG Southee,0,1,1,,,,,"",""
ball,1,48.4,South Africa,AB de Villiers,WD Parnell,TG Southee,4,0,,,,,,"",""
ball,1,48.5,South Africa,AB de Villiers,WD Parnell,TG Southee,2,0,,,,,,"",""
ball,1,48.6,South Africa,AB de Villiers,WD Parnell,TG Southee,2,0,,,,,,"",""
ball,1,48.7,South Africa,AB de Villiers,WD Parnell,TG Southee,1,0,,,,,,"",""
ball,1,49.1,South Africa,AB de Villiers,WD Parnell,TA Boult,4,0,,,,,,"",""
ball,1,49.2,South Africa,AB de Villiers,WD Parnell,TA Boult,0,0,,,,,,caught,AB de Villiers
ball,1,49.3,South Africa,WD Parnell,AL Phehlukwayo,TA Boult,1,0,,,,,,"",""
ball,1,49.4,South Africa,AL Phehlukwayo,WD Parnell,TA Boult,1,0,,,,,,"",""
ball,1,49.5,South Africa,WD Parnell,AL Phehlukwayo,TA Boult,4,0,,,,,,"",""
ball,1,49.6,South Africa,WD Parnell,AL Phehlukwayo,TA Boult,1,0,,,,,,run out,WD Parnell
ball,2,0.1,New Zealand,DG Brownlie,TWM Latham,K Rabada,1,0,,,,,,"",""
ball,2,0.2,New Zealand,TWM Latham,DG Brownlie,K Rabada,0,0,,,,,,"",""
ball,2,0.3,New Zealand,TWM Latham,DG Brownlie,K Rabada,0,0,,,,,,"",""
ball,2,0.4,New Zealand,TWM Latham,DG Brownlie,K Rabada,0,0,,,,,,"",""
ball,2,0.5,New Zealand,TWM Latham,DG Brownlie,K Rabada,0,0,,,,,,"",""
ball,2,0.6,New Zealand,TWM Latham,DG Brownlie,K Rabada,0,0,,,,,,"",""
ball,2,1.1,New Zealand,DG Brownlie,TWM Latham,WD Parnell,1,0,,,,,,"",""
ball,2,1.2,New Zealand,TWM Latham,DG Brownlie,WD Parnell,0,0,,,,,,"",""
ball,2,1.3,New Zealand,TWM Latham,DG Brownlie,WD Parnell,0,0,,,,,,caught,TWM Latham
ball,2,1.4,New Zealand,KS Williamson,DG Brownlie,WD Parnell,1,0,,,,,,"",""
ball,2,1.5,New Zealand,DG Brownlie,KS Williamson,WD Parnell,0,0,,,,,,"",""
ball,2,1.6,New Zealand,DG Brownlie,KS Williamson,WD Parnell,0,0,,,,,,"",""
ball,2,2.1,New Zealand,KS Williamson,DG Brownlie,K Rabada,0,0,,,,,,"",""
ball,2,2.2,New Zealand,KS Williamson,DG Brownlie,K Rabada,2,0,,,,,,"",""
ball,2,2.3,New Zealand,KS Williamson,DG Brownlie,K Rabada,0,0,,,,,,"",""
ball,2,2.4,New Zealand,KS Williamson,DG Brownlie,K Rabada,0,5,5,,,,,"",""
ball,2,2.5,New Zealand,KS Williamson,DG Brownlie,K Rabada,1,0,,,,,,"",""
ball,2,2.6,New Zealand,DG Brownlie,KS Williamson,K Rabada,0,0,,,,,,caught,DG Brownlie
ball,2,2.7,New Zealand,LRPL Taylor,KS Williamson,K Rabada,2,0,,,,,,"",""
ball,2,3.1,New Zealand,KS Williamson,LRPL Taylor,WD Parnell,0,0,,,,,,"",""
ball,2,3.2,New Zealand,KS Williamson,LRPL Taylor,WD Parnell,0,0,,,,,,"",""
ball,2,3.3,New Zealand,KS Williamson,LRPL Taylor,WD Parnell,2,0,,,,,,"",""
ball,2,3.4,New Zealand,KS Williamson,LRPL Taylor,WD Parnell,1,0,,,,,,"",""
ball,2,3.5,New Zealand,LRPL Taylor,KS Williamson,WD Parnell,0,0,,,,,,"",""
ball,2,3.6,New Zealand,LRPL Taylor,KS Williamson,WD Parnell,0,0,,,,,,"",""
ball,2,4.1,New Zealand,KS Williamson,LRPL Taylor,K Rabada,1,0,,,,,,"",""
ball,2,4.2,New Zealand,LRPL Taylor,KS Williamson,K Rabada,0,0,,,,,,"",""
ball,2,4.3,New Zealand,LRPL Taylor,KS Williamson,K Rabada,0,0,,,,,,"",""
ball,2,4.4,New Zealand,LRPL Taylor,KS Williamson,K Rabada,0,0,,,,,,"",""
ball,2,4.5,New Zealand,LRPL Taylor,KS Williamson,K Rabada,0,0,,,,,,"",""
ball,2,4.6,New Zealand,LRPL Taylor,KS Williamson,K Rabada,0,0,,,,,,"",""
ball,2,5.1,New Zealand,KS Williamson,LRPL Taylor,WD Parnell,0,0,,,,,,"",""
ball,2,5.2,New Zealand,KS Williamson,LRPL Taylor,WD Parnell,3,0,,,,,,"",""
ball,2,5.3,New Zealand,LRPL Taylor,KS Williamson,WD Parnell,0,0,,,,,,"",""
ball,2,5.4,New Zealand,LRPL Taylor,KS Williamson,WD Parnell,0,0,,,,,,"",""
ball,2,5.5,New Zealand,LRPL Taylor,KS Williamson,WD Parnell,0,0,,,,,,"",""
ball,2,5.6,New Zealand,LRPL Taylor,KS Williamson,WD Parnell,4,0,,,,,,"",""
ball,2,6.1,New Zealand,KS Williamson,LRPL Taylor,K Rabada,0,0,,,,,,"",""
ball,2,6.2,New Zealand,KS Williamson,LRPL Taylor,K Rabada,0,0,,,,,,"",""
ball,2,6.3,New Zealand,KS Williamson,LRPL Taylor,K Rabada,1,0,,,,,,"",""
ball,2,6.4,New Zealand,LRPL Taylor,KS Williamson,K Rabada,1,0,,,,,,"",""
ball,2,6.5,New Zealand,KS Williamson,LRPL Taylor,K Rabada,0,0,,,,,,"",""
ball,2,6.6,New Zealand,KS Williamson,LRPL Taylor,K Rabada,0,0,,,,,,"",""
ball,2,7.1,New Zealand,LRPL Taylor,KS Williamson,WD Parnell,1,0,,,,,,"",""
ball,2,7.2,New Zealand,KS Williamson,LRPL Taylor,WD Parnell,1,0,,,,,,"",""
ball,2,7.3,New Zealand,LRPL Taylor,KS Williamson,WD Parnell,1,0,,,,,,"",""
ball,2,7.4,New Zealand,KS Williamson,LRPL Taylor,WD Parnell,6,0,,,,,,"",""
ball,2,7.5,New Zealand,KS Williamson,LRPL Taylor,WD Parnell,0,0,,,,,,"",""
ball,2,7.6,New Zealand,KS Williamson,LRPL Taylor,WD Parnell,0,0,,,,,,"",""
ball,2,8.1,New Zealand,LRPL Taylor,KS Williamson,K Rabada,0,0,,,,,,"",""
ball,2,8.2,New Zealand,LRPL Taylor,KS Williamson,K Rabada,0,0,,,,,,"",""
ball,2,8.3,New Zealand,LRPL Taylor,KS Williamson,K Rabada,0,0,,,,,,"",""
ball,2,8.4,New Zealand,LRPL Taylor,KS Williamson,K Rabada,0,0,,,,,,"",""
ball,2,8.5,New Zealand,LRPL Taylor,KS Williamson,K Rabada,1,0,,,,,,"",""
ball,2,8.6,New Zealand,KS Williamson,LRPL Taylor,K Rabada,0,0,,,,,,"",""
ball,2,9.1,New Zealand,LRPL Taylor,KS Williamson,WD Parnell,0,0,,,,,,"",""
ball,2,9.2,New Zealand,LRPL Taylor,KS Williamson,WD Parnell,0,0,,,,,,"",""
ball,2,9.3,New Zealand,LRPL Taylor,KS Williamson,WD Parnell,1,0,,,,,,"",""
ball,2,9.4,New Zealand,KS Williamson,LRPL Taylor,WD Parnell,0,0,,,,,,"",""
ball,2,9.5,New Zealand,KS Williamson,LRPL Taylor,WD Parnell,1,0,,,,,,"",""
ball,2,9.6,New Zealand,LRPL Taylor,KS Williamson,WD Parnell,0,0,,,,,,"",""
ball,2,10.1,New Zealand,KS Williamson,LRPL Taylor,AL Phehlukwayo,0,0,,,,,,"",""
ball,2,10.2,New Zealand,KS Williamson,LRPL Taylor,AL Phehlukwayo,0,0,,,,,,"",""
ball,2,10.3,New Zealand,KS Williamson,LRPL Taylor,AL Phehlukwayo,1,0,,,,,,"",""
ball,2,10.4,New Zealand,LRPL Taylor,KS Williamson,AL Phehlukwayo,0,0,,,,,,"",""
ball,2,10.5,New Zealand,LRPL Taylor,KS Williamson,AL Phehlukwayo,0,0,,,,,,"",""
ball,2,10.6,New Zealand,LRPL Taylor,KS Williamson,AL Phehlukwayo,0,0,,,,,,"",""
ball,2,11.1,New Zealand,KS Williamson,LRPL Taylor,WD Parnell,0,0,,,,,,"",""
ball,2,11.2,New Zealand,KS Williamson,LRPL Taylor,WD Parnell,0,0,,,,,,"",""
ball,2,11.3,New Zealand,KS Williamson,LRPL Taylor,WD Parnell,1,0,,,,,,"",""
ball,2,11.4,New Zealand,LRPL Taylor,KS Williamson,WD Parnell,0,0,,,,,,"",""
ball,2,11.5,New Zealand,LRPL Taylor,KS Williamson,WD Parnell,4,0,,,,,,"",""
ball,2,11.6,New Zealand,LRPL Taylor,KS Williamson,WD Parnell,0,0,,,,,,"",""
ball,2,12.1,New Zealand,KS Williamson,LRPL Taylor,AL Phehlukwayo,0,0,,,,,,"",""
ball,2,12.2,New Zealand,KS Williamson,LRPL Taylor,AL Phehlukwayo,0,0,,,,,,"",""
ball,2,12.3,New Zealand,KS Williamson,LRPL Taylor,AL Phehlukwayo,1,0,,,,,,"",""
ball,2,12.4,New Zealand,LRPL Taylor,KS Williamson,AL Phehlukwayo,0,0,,,,,,"",""
ball,2,12.5,New Zealand,LRPL Taylor,KS Williamson,AL Phehlukwayo,1,0,,,,,,"",""
ball,2,12.6,New Zealand,KS Williamson,LRPL Taylor,AL Phehlukwayo,0,0,,,,,,"",""
ball,2,13.1,New Zealand,LRPL Taylor,KS Williamson,D Pretorius,1,0,,,,,,"",""
ball,2,13.2,New Zealand,KS Williamson,LRPL Taylor,D Pretorius,0,0,,,,,,"",""
ball,2,13.3,New Zealand,KS Williamson,LRPL Taylor,D Pretorius,0,0,,,,,,"",""
ball,2,13.4,New Zealand,KS Williamson,LRPL Taylor,D Pretorius,0,0,,,,,,"",""
ball,2,13.5,New Zealand,KS Williamson,LRPL Taylor,D Pretorius,0,0,,,,,,"",""
ball,2,13.6,New Zealand,KS Williamson,LRPL Taylor,D Pretorius,0,0,,,,,,"",""
ball,2,14.1,New Zealand,LRPL Taylor,KS Williamson,AL Phehlukwayo,0,0,,,,,,"",""
ball,2,14.2,New Zealand,LRPL Taylor,KS Williamson,AL Phehlukwayo,0,0,,,,,,"",""
ball,2,14.3,New Zealand,LRPL Taylor,KS Williamson,AL Phehlukwayo,0,0,,,,,,"",""
ball,2,14.4,New Zealand,LRPL Taylor,KS Williamson,AL Phehlukwayo,1,0,,,,,,"",""
ball,2,14.5,New Zealand,KS Williamson,LRPL Taylor,AL Phehlukwayo,0,0,,,,,,bowled,KS Williamson
ball,2,14.6,New Zealand,NT Broom,LRPL Taylor,AL Phehlukwayo,0,0,,,,,,"",""
ball,2,15.1,New Zealand,LRPL Taylor,NT Broom,D Pretorius,0,0,,,,,,"",""
ball,2,15.2,New Zealand,LRPL Taylor,NT Broom,D Pretorius,0,0,,,,,,"",""
ball,2,15.3,New Zealand,LRPL Taylor,NT Broom,D Pretorius,0,0,,,,,,lbw,LRPL Taylor
ball,2,15.4,New Zealand,JDS Neesham,NT Broom,D Pretorius,0,0,,,,,,"",""
ball,2,15.5,New Zealand,JDS Neesham,NT Broom,D Pretorius,0,0,,,,,,"",""
ball,2,15.6,New Zealand,JDS Neesham,NT Broom,D Pretorius,1,0,,,,,,"",""
ball,2,16.1,New Zealand,JDS Neesham,NT Broom,AL Phehlukwayo,0,1,1,,,,,"",""
ball,2,16.2,New Zealand,JDS Neesham,NT Broom,AL Phehlukwayo,0,0,,,,,,"",""
ball,2,16.3,New Zealand,JDS Neesham,NT Broom,AL Phehlukwayo,0,0,,,,,,"",""
ball,2,16.4,New Zealand,JDS Neesham,NT Broom,AL Phehlukwayo,1,0,,,,,,"",""
ball,2,16.5,New Zealand,NT Broom,JDS Neesham,AL Phehlukwayo,0,0,,,,,,"",""
ball,2,16.6,New Zealand,NT Broom,JDS Neesham,AL Phehlukwayo,0,0,,,,,,"",""
ball,2,16.7,New Zealand,NT Broom,JDS Neesham,AL Phehlukwayo,0,0,,,,,,caught,NT Broom
ball,2,17.1,New Zealand,JDS Neesham,MJ Santner,D Pretorius,0,0,,,,,,"",""
ball,2,17.2,New Zealand,JDS Neesham,MJ Santner,D Pretorius,1,0,,,,,,"",""
ball,2,17.3,New Zealand,MJ Santner,JDS Neesham,D Pretorius,0,0,,,,,,"",""
ball,2,17.4,New Zealand,MJ Santner,JDS Neesham,D Pretorius,0,0,,,,,,"",""
ball,2,17.5,New Zealand,MJ Santner,JDS Neesham,D Pretorius,0,0,,,,,,"",""
ball,2,17.6,New Zealand,MJ Santner,JDS Neesham,D Pretorius,0,0,,,,,,"",""
ball,2,18.1,New Zealand,JDS Neesham,MJ Santner,AL Phehlukwayo,0,0,,,,,,"",""
ball,2,18.2,New Zealand,JDS Neesham,MJ Santner,AL Phehlukwayo,4,0,,,,,,"",""
ball,2,18.3,New Zealand,JDS Neesham,MJ Santner,AL Phehlukwayo,0,0,,,,,,"",""
ball,2,18.4,New Zealand,JDS Neesham,MJ Santner,AL Phehlukwayo,0,0,,,,,,"",""
ball,2,18.5,New Zealand,JDS Neesham,MJ Santner,AL Phehlukwayo,1,0,,,,,,"",""
ball,2,18.6,New Zealand,MJ Santner,JDS Neesham,AL Phehlukwayo,1,0,,,,,,"",""
ball,2,19.1,New Zealand,MJ Santner,JDS Neesham,D Pretorius,0,0,,,,,,"",""
ball,2,19.2,New Zealand,MJ Santner,JDS Neesham,D Pretorius,0,0,,,,,,"",""
ball,2,19.3,New Zealand,MJ Santner,JDS Neesham,D Pretorius,0,0,,,,,,bowled,MJ Santner
ball,2,19.4,New Zealand,C de Grandhomme,JDS Neesham,D Pretorius,0,0,,,,,,"",""
ball,2,19.5,New Zealand,C de Grandhomme,JDS Neesham,D Pretorius,0,0,,,,,,"",""
ball,2,19.6,New Zealand,C de Grandhomme,JDS Neesham,D Pretorius,1,0,,,,,,"",""
ball,2,20.1,New Zealand,C de Grandhomme,JDS Neesham,K Rabada,0,0,,,,,,"",""
ball,2,20.2,New Zealand,C de Grandhomme,JDS Neesham,K Rabada,1,0,,,,,,"",""
ball,2,20.3,New Zealand,JDS Neesham,C de Grandhomme,K Rabada,0,0,,,,,,"",""
ball,2,20.4,New Zealand,JDS Neesham,C de Grandhomme,K Rabada,1,0,,,,,,"",""
ball,2,20.5,New Zealand,C de Grandhomme,JDS Neesham,K Rabada,0,0,,,,,,"",""
ball,2,20.6,New Zealand,C de Grandhomme,JDS Neesham,K Rabada,0,0,,,,,,"",""
ball,2,21.1,New Zealand,JDS Neesham,C de Grandhomme,Imran Tahir,1,0,,,,,,"",""
ball,2,21.2,New Zealand,C de Grandhomme,JDS Neesham,Imran Tahir,1,0,,,,,,"",""
ball,2,21.3,New Zealand,JDS Neesham,C de Grandhomme,Imran Tahir,1,0,,,,,,"",""
ball,2,21.4,New Zealand,C de Grandhomme,JDS Neesham,Imran Tahir,4,0,,,,,,"",""
ball,2,21.5,New Zealand,C de Grandhomme,JDS Neesham,Imran Tahir,4,0,,,,,,"",""
ball,2,21.6,New Zealand,C de Grandhomme,JDS Neesham,Imran Tahir,0,0,,,,,,"",""
ball,2,22.1,New Zealand,JDS Neesham,C de Grandhomme,K Rabada,1,0,,,,,,"",""
ball,2,22.2,New Zealand,C de Grandhomme,JDS Neesham,K Rabada,1,0,,,,,,"",""
ball,2,22.3,New Zealand,JDS Neesham,C de Grandhomme,K Rabada,0,0,,,,,,"",""
ball,2,22.4,New Zealand,JDS Neesham,C de Grandhomme,K Rabada,1,0,,,,,,"",""
ball,2,22.5,New Zealand,C de Grandhomme,JDS Neesham,K Rabada,0,0,,,,,,"",""
ball,2,22.6,New Zealand,C de Grandhomme,JDS Neesham,K Rabada,1,0,,,,,,"",""
ball,2,23.1,New Zealand,C de Grandhomme,JDS Neesham,WD Parnell,0,0,,,,,,"",""
ball,2,23.2,New Zealand,C de Grandhomme,JDS Neesham,WD Parnell,0,0,,,,,,"",""
ball,2,23.3,New Zealand,C de Grandhomme,JDS Neesham,WD Parnell,1,0,,,,,,"",""
ball,2,23.4,New Zealand,JDS Neesham,C de Grandhomme,WD Parnell,0,0,,,,,,"",""
ball,2,23.5,New Zealand,JDS Neesham,C de Grandhomme,WD Parnell,0,0,,,,,,caught and bowled,JDS Neesham
ball,2,23.6,New Zealand,TG Southee,C de Grandhomme,WD Parnell,1,0,,,,,,"",""
ball,2,24.1,New Zealand,TG Southee,C de Grandhomme,K Rabada,4,0,,,,,,"",""
ball,2,24.2,New Zealand,TG Southee,C de Grandhomme,K Rabada,0,0,,,,,,"",""
ball,2,24.3,New Zealand,TG Southee,C de Grandhomme,K Rabada,0,0,,,,,,"",""
ball,2,24.4,New Zealand,TG Southee,C de Grandhomme,K Rabada,0,0,,,,,,"",""
ball,2,24.5,New Zealand,TG Southee,C de Grandhomme,K Rabada,0,0,,,,,,caught,TG Southee
ball,2,24.6,New Zealand,LH Ferguson,C de Grandhomme,K Rabada,0,0,,,,,,"",""
ball,2,25.1,New Zealand,C de Grandhomme,LH Ferguson,WD Parnell,0,0,,,,,,"",""
ball,2,25.2,New Zealand,C de Grandhomme,LH Ferguson,WD Parnell,1,0,,,,,,"",""
ball,2,25.3,New Zealand,LH Ferguson,C de Grandhomme,WD Parnell,0,0,,,,,,"",""
ball,2,25.4,New Zealand,LH Ferguson,C de Grandhomme,WD Parnell,0,0,,,,,,"",""
ball,2,25.5,New Zealand,LH Ferguson,C de Grandhomme,WD Parnell,1,0,,,,,,"",""
ball,2,25.6,New Zealand,C de Grandhomme,LH Ferguson,WD Parnell,1,0,,,,,,"",""
ball,2,26.1,New Zealand,C de Grandhomme,LH Ferguson,K Rabada,1,0,,,,,,"",""
ball,2,26.2,New Zealand,LH Ferguson,C de Grandhomme,K Rabada,2,0,,,,,,"",""
ball,2,26.3,New Zealand,LH Ferguson,C de Grandhomme,K Rabada,0,0,,,,,,"",""
ball,2,26.4,New Zealand,LH Ferguson,C de Grandhomme,K Rabada,1,0,,,,,,"",""
ball,2,26.5,New Zealand,C de Grandhomme,LH Ferguson,K Rabada,6,0,,,,,,"",""
ball,2,26.6,New Zealand,C de Grandhomme,LH Ferguson,K Rabada,0,0,,,,,,"",""
ball,2,27.1,New Zealand,LH Ferguson,C de Grandhomme,Imran Tahir,0,0,,,,,,"",""
ball,2,27.2,New Zealand,LH Ferguson,C de Grandhomme,Imran Tahir,0,0,,,,,,"",""
ball,2,27.3,New Zealand,LH Ferguson,C de Grandhomme,Imran Tahir,0,0,,,,,,"",""
ball,2,27.4,New Zealand,LH Ferguson,C de Grandhomme,Imran Tahir,0,0,,,,,,"",""
ball,2,27.5,New Zealand,LH Ferguson,C de Grandhomme,Imran Tahir,0,0,,,,,,"",""
ball,2,27.6,New Zealand,LH Ferguson,C de Grandhomme,Imran Tahir,0,0,,,,,,bowled,LH Ferguson
ball,2,28.1,New Zealand,C de Grandhomme,TA Boult,K Rabada,0,1,1,,,,,"",""
ball,2,28.2,New Zealand,C de Grandhomme,TA Boult,K Rabada,0,0,,,,,,"",""
ball,2,28.3,New Zealand,C de Grandhomme,TA Boult,K Rabada,0,0,,,,,,"",""
ball,2,28.4,New Zealand,C de Grandhomme,TA Boult,K Rabada,1,0,,,,,,"",""
ball,2,28.5,New Zealand,TA Boult,C de Grandhomme,K Rabada,0,0,,,,,,"",""
ball,2,28.6,New Zealand,TA Boult,C de Grandhomme,K Rabada,0,0,,,,,,"",""
ball,2,28.7,New Zealand,TA Boult,C de Grandhomme,K Rabada,2,0,,,,,,"",""
ball,2,29.1,New Zealand,C de Grandhomme,TA Boult,Imran Tahir,6,0,,,,,,"",""
ball,2,29.2,New Zealand,C de Grandhomme,TA Boult,Imran Tahir,0,0,,,,,,"",""
ball,2,29.3,New Zealand,C de Grandhomme,TA Boult,Imran Tahir,0,0,,,,,,"",""
ball,2,29.4,New Zealand,C de Grandhomme,TA Boult,Imran Tahir,0,0,,,,,,"",""
ball,2,29.5,New Zealand,C de Grandhomme,TA Boult,Imran Tahir,1,0,,,,,,"",""
ball,2,29.6,New Zealand,TA Boult,C de Grandhomme,Imran Tahir,0,1,1,,,,,"",""
ball,2,29.7,New Zealand,TA Boult,C de Grandhomme,Imran Tahir,1,0,,,,,,"",""
ball,2,30.1,New Zealand,TA Boult,C de Grandhomme,D Pretorius,0,0,,,,,,"",""
ball,2,30.2,New Zealand,TA Boult,C de Grandhomme,D Pretorius,0,0,,,,,,"",""
ball,2,30.3,New Zealand,TA Boult,C de Grandhomme,D Pretorius,0,0,,,,,,"",""
ball,2,30.4,New Zealand,TA Boult,C de Grandhomme,D Pretorius,0,0,,,,,,"",""
ball,2,30.5,New Zealand,TA Boult,C de Grandhomme,D Pretorius,0,0,,,,,,"",""
ball,2,30.6,New Zealand,TA Boult,C de Grandhomme,D Pretorius,0,0,,,,,,"",""
ball,2,31.1,New Zealand,C de Grandhomme,TA Boult,Imran Tahir,1,0,,,,,,"",""
ball,2,31.2,New Zealand,TA Boult,C de Grandhomme,Imran Tahir,0,0,,,,,,"",""
ball,2,31.3,New Zealand,TA Boult,C de Grandhomme,Imran Tahir,0,0,,,,,,"",""
ball,2,31.4,New Zealand,TA Boult,C de Grandhomme,Imran Tahir,1,0,,,,,,"",""
ball,2,31.5,New Zealand,C de Grandhomme,TA Boult,Imran Tahir,1,0,,,,,,"",""
ball,2,31.6,New Zealand,TA Boult,C de Grandhomme,Imran Tahir,0,0,,,,,,"",""
ball,2,32.1,New Zealand,C de Grandhomme,TA Boult,D Pretorius,1,0,,,,,,"",""
ball,2,32.2,New Zealand,TA Boult,C de Grandhomme,D Pretorius,0,0,,,,,,caught,TA Boult
