version,1.6.0
info,balls_per_over,6
info,team,Australia
info,team,New Zealand
info,gender,male
info,season,2017
info,date,2017/06/02
info,event,ICC Champions Trophy
info,match_number,2
info,venue,Edgbaston
info,city,Birmingham
info,neutralvenue,true
info,toss_winner,New Zealand
info,toss_decision,bat
info,umpire,RK Illingworth
info,umpire,RA Kettleborough
info,reserve_umpire,HDPK Dharmasena
info,tv_umpire,NJ Llong
info,match_referee,AJ Pycroft
info,outcome,no result
info,player,Australia,DA Warner
info,player,Australia,AJ Finch
info,player,Australia,SPD Smith
info,player,Australia,MC Henriques
info,player,Australia,GJ Maxwell
info,player,Australia,TM Head
info,player,Australia,MS Wade
info,player,Australia,JW Hastings
info,player,Australia,MA Starc
info,player,Australia,PJ Cummins
info,player,Australia,JR Hazlewood
info,player,New Zealand,MJ Guptill
info,player,New Zealand,L Ronchi
info,player,New Zealand,KS Williamson
info,player,New Zealand,LRPL Taylor
info,player,New Zealand,NT Broom
info,player,New Zealand,JDS Neesham
info,player,New Zealand,CJ Anderson
info,player,New Zealand,MJ Santner
info,player,New Zealand,AF Milne
info,player,New Zealand,TG Southee
info,player,New Zealand,TA Boult
info,registry,people,AF Milne,350bb1b1
info,registry,people,AJ Finch,b8d490fd
info,registry,people,AJ Pycroft,685d3f80
info,registry,people,CJ Anderson,8abdf100
info,registry,people,DA Warner,dcce6f09
info,registry,people,GJ Maxwell,b681e71e
info,registry,people,HDPK Dharmasena,323e4c16
info,registry,people,JDS Neesham,9219eff0
info,registry,people,JR Hazlewood,03806cf8
info,registry,people,JW Hastings,012829ff
info,registry,people,KS Williamson,d027ba9f
info,registry,people,L Ronchi,0fa5042b
info,registry,people,LRPL Taylor,b61a3e1a
info,registry,people,MA Starc,3fb19989
info,registry,people,MC Henriques,32198ae0
info,registry,people,MJ Guptill,2be41edb
info,registry,people,MJ Santner,e4a0deae
info,registry,people,MS Wade,afa7e784
info,registry,people,NJ Llong,573fb985
info,registry,people,NT Broom,a354c917
info,registry,people,PJ Cummins,ded9240e
info,registry,people,RA Kettleborough,4017868f
info,registry,people,RK Illingworth,20672246
info,registry,people,SPD Smith,30a45b23
info,registry,people,TA Boult,a818c1be
info,registry,people,TG Southee,13c35c9e
info,registry,people,TM Head,12b610c2
ball,1,0.1,New Zealand,MJ Guptill,L Ronchi,MA Starc,0,0,,,,,,"",""
ball,1,0.2,New Zealand,MJ Guptill,L Ronchi,MA Starc,0,0,,,,,,"",""
ball,1,0.3,New Zealand,MJ Guptill,L Ronchi,MA Starc,3,0,,,,,,"",""
ball,1,0.4,New Zealand,L Ronchi,MJ Guptill,MA Starc,0,0,,,,,,"",""
ball,1,0.5,New Zealand,L Ronchi,MJ Guptill,MA Starc,1,0,,,,,,"",""
ball,1,0.6,New Zealand,MJ Guptill,L Ronchi,MA Starc,0,0,,,,,,"",""
ball,1,1.1,New Zealand,L Ronchi,MJ Guptill,JR Hazlewood,1,0,,,,,,"",""
ball,1,1.2,New Zealand,MJ Guptill,L Ronchi,JR Hazlewood,0,1,1,,,,,"",""
ball,1,1.3,New Zealand,MJ Guptill,L Ronchi,JR Hazlewood,0,0,,,,,,"",""
ball,1,1.4,New Zealand,MJ Guptill,L Ronchi,JR Hazlewood,4,0,,,,,,"",""
ball,1,1.5,New Zealand,MJ Guptill,L Ronchi,JR Hazlewood,0,0,,,,,,"",""
ball,1,1.6,New Zealand,MJ Guptill,L Ronchi,JR Hazlewood,0,0,,,,,,"",""
ball,1,1.7,New Zealand,MJ Guptill,L Ronchi,JR Hazlewood,4,0,,,,,,"",""
ball,1,2.1,New Zealand,L Ronchi,MJ Guptill,MA Starc,0,0,,,,,,"",""
ball,1,2.2,New Zealand,L Ronchi,MJ Guptill,MA Starc,0,0,,,,,,"",""
ball,1,2.3,New Zealand,L Ronchi,MJ Guptill,MA Starc,4,0,,,,,,"",""
ball,1,2.4,New Zealand,L Ronchi,MJ Guptill,MA Starc,0,0,,,,,,"",""
ball,1,2.5,New Zealand,L Ronchi,MJ Guptill,MA Starc,1,0,,,,,,"",""
ball,1,2.6,New Zealand,MJ Guptill,L Ronchi,MA Starc,0,0,,,,,,"",""
ball,1,3.1,New Zealand,L Ronchi,MJ Guptill,JR Hazlewood,1,0,,,,,,"",""
ball,1,3.2,New Zealand,MJ Guptill,L Ronchi,JR Hazlewood,4,0,,,,,,"",""
ball,1,3.3,New Zealand,MJ Guptill,L Ronchi,JR Hazlewood,0,0,,,,,,"",""
ball,1,3.4,New Zealand,MJ Guptill,L Ronchi,JR Hazlewood,0,0,,,,,,"",""
ball,1,3.5,New Zealand,MJ Guptill,L Ronchi,JR Hazlewood,1,0,,,,,,"",""
ball,1,3.6,New Zealand,L Ronchi,MJ Guptill,JR Hazlewood,4,0,,,,,,"",""
ball,1,4.1,New Zealand,MJ Guptill,L Ronchi,MA Starc,0,0,,,,,,"",""
ball,1,4.2,New Zealand,MJ Guptill,L Ronchi,MA Starc,4,0,,,,,,"",""
ball,1,4.3,New Zealand,MJ Guptill,L Ronchi,MA Starc,0,0,,,,,,"",""
ball,1,4.4,New Zealand,MJ Guptill,L Ronchi,MA Starc,0,0,,,,,,"",""
ball,1,4.5,New Zealand,MJ Guptill,L Ronchi,MA Starc,4,0,,,,,,"",""
ball,1,4.6,New Zealand,MJ Guptill,L Ronchi,MA Starc,1,0,,,,,,"",""
ball,1,5.1,New Zealand,MJ Guptill,L Ronchi,JR Hazlewood,1,0,,,,,,"",""
ball,1,5.2,New Zealand,L Ronchi,MJ Guptill,JR Hazlewood,0,0,,,,,,"",""
ball,1,5.3,New Zealand,L Ronchi,MJ Guptill,JR Hazlewood,1,0,,,,,,"",""
ball,1,5.4,New Zealand,MJ Guptill,L Ronchi,JR Hazlewood,0,0,,,,,,caught,MJ Guptill
ball,1,5.5,New Zealand,KS Williamson,L Ronchi,JR Hazlewood,0,0,,,,,,"",""
ball,1,5.6,New Zealand,KS Williamson,L Ronchi,JR Hazlewood,1,0,,,,,,"",""
ball,1,6.1,New Zealand,KS Williamson,L Ronchi,PJ Cummins,4,0,,,,,,"",""
ball,1,6.2,New Zealand,KS Williamson,L Ronchi,PJ Cummins,0,0,,,,,,"",""
ball,1,6.3,New Zealand,KS Williamson,L Ronchi,PJ Cummins,2,0,,,,,,"",""
ball,1,6.4,New Zealand,KS Williamson,L Ronchi,PJ Cummins,1,0,,,,,,"",""
ball,1,6.5,New Zealand,L Ronchi,KS Williamson,PJ Cummins,4,0,,,,,,"",""
ball,1,6.6,New Zealand,L Ronchi,KS Williamson,PJ Cummins,0,0,,,,,,"",""
ball,1,7.1,New Zealand,KS Williamson,L Ronchi,JR Hazlewood,0,0,,,,,,"",""
ball,1,7.2,New Zealand,KS Williamson,L Ronchi,JR Hazlewood,0,0,,,,,,"",""
ball,1,7.3,New Zealand,KS Williamson,L Ronchi,JR Hazlewood,0,0,,,,,,"",""
ball,1,7.4,New Zealand,KS Williamson,L Ronchi,JR Hazlewood,2,0,,,,,,"",""
ball,1,7.5,New Zealand,KS Williamson,L Ronchi,JR Hazlewood,0,0,,,,,,"",""
ball,1,7.6,New Zealand,KS Williamson,L Ronchi,JR Hazlewood,4,0,,,,,,"",""
ball,1,8.1,New Zealand,L Ronchi,KS Williamson,PJ Cummins,6,0,,,,,,"",""
ball,1,8.2,New Zealand,L Ronchi,KS Williamson,PJ Cummins,1,0,,,,,,"",""
ball,1,8.3,New Zealand,KS Williamson,L Ronchi,PJ Cummins,0,0,,,,,,"",""
ball,1,8.4,New Zealand,KS Williamson,L Ronchi,PJ Cummins,0,0,,,,,,"",""
ball,1,8.5,New Zealand,KS Williamson,L Ronchi,PJ Cummins,0,0,,,,,,"",""
ball,1,8.6,New Zealand,KS Williamson,L Ronchi,PJ Cummins,1,0,,,,,,"",""
ball,1,9.1,New Zealand,KS Williamson,L Ronchi,JW Hastings,0,0,,,,,,"",""
ball,1,9.2,New Zealand,KS Williamson,L Ronchi,JW Hastings,1,0,,,,,,"",""
ball,1,9.3,New Zealand,L Ronchi,KS Williamson,JW Hastings,0,0,,,,,,"",""
ball,1,9.4,New Zealand,L Ronchi,KS Williamson,JW Hastings,0,0,,,,,,"",""
ball,1,9.5,New Zealand,L Ronchi,KS Williamson,JW Hastings,0,0,,,,,,"",""
ball,1,9.6,New Zealand,L Ronchi,KS Williamson,JW Hastings,1,0,,,,,,"",""
ball,1,10.1,New Zealand,L Ronchi,KS Williamson,PJ Cummins,1,0,,,,,,"",""
ball,1,10.2,New Zealand,KS Williamson,L Ronchi,PJ Cummins,1,0,,,,,,"",""
ball,1,10.3,New Zealand,L Ronchi,KS Williamson,PJ Cummins,0,0,,,,,,"",""
ball,1,10.4,New Zealand,L Ronchi,KS Williamson,PJ Cummins,4,0,,,,,,"",""
ball,1,10.5,New Zealand,L Ronchi,KS Williamson,PJ Cummins,0,0,,,,,,"",""
ball,1,10.6,New Zealand,L Ronchi,KS Williamson,PJ Cummins,0,0,,,,,,"",""
ball,1,11.1,New Zealand,KS Williamson,L Ronchi,JW Hastings,0,0,,,,,,"",""
ball,1,11.2,New Zealand,KS Williamson,L Ronchi,JW Hastings,1,0,,,,,,"",""
ball,1,11.3,New Zealand,L Ronchi,KS Williamson,JW Hastings,4,0,,,,,,"",""
ball,1,11.4,New Zealand,L Ronchi,KS Williamson,JW Hastings,1,0,,,,,,"",""
ball,1,11.5,New Zealand,KS Williamson,L Ronchi,JW Hastings,1,0,,,,,,"",""
ball,1,11.6,New Zealand,L Ronchi,KS Williamson,JW Hastings,0,0,,,,,,"",""
ball,1,12.1,New Zealand,KS Williamson,L Ronchi,PJ Cummins,0,0,,,,,,"",""
ball,1,12.2,New Zealand,KS Williamson,L Ronchi,PJ Cummins,1,0,,,,,,"",""
ball,1,12.3,New Zealand,L Ronchi,KS Williamson,PJ Cummins,6,0,,,,,,"",""
ball,1,12.4,New Zealand,L Ronchi,KS Williamson,PJ Cummins,4,0,,,,,,"",""
ball,1,12.5,New Zealand,L Ronchi,KS Williamson,PJ Cummins,1,0,,,,,,"",""
ball,1,12.6,New Zealand,KS Williamson,L Ronchi,PJ Cummins,1,0,,,,,,"",""
ball,1,13.1,New Zealand,KS Williamson,L Ronchi,JW Hastings,1,0,,,,,,"",""
ball,1,13.2,New Zealand,L Ronchi,KS Williamson,JW Hastings,0,0,,,,,,"",""
ball,1,13.3,New Zealand,L Ronchi,KS Williamson,JW Hastings,4,0,,,,,,"",""
ball,1,13.4,New Zealand,L Ronchi,KS Williamson,JW Hastings,0,0,,,,,,"",""
ball,1,13.5,New Zealand,L Ronchi,KS Williamson,JW Hastings,0,0,,,,,,"",""
ball,1,13.6,New Zealand,L Ronchi,KS Williamson,JW Hastings,0,0,,,,,,"",""
ball,1,14.1,New Zealand,KS Williamson,L Ronchi,PJ Cummins,0,1,,,,1,,"",""
ball,1,14.2,New Zealand,L Ronchi,KS Williamson,PJ Cummins,0,0,,,,,,"",""
ball,1,14.3,New Zealand,L Ronchi,KS Williamson,PJ Cummins,4,0,,,,,,"",""
ball,1,14.4,New Zealand,L Ronchi,KS Williamson,PJ Cummins,0,0,,,,,,"",""
ball,1,14.5,New Zealand,L Ronchi,KS Williamson,PJ Cummins,4,0,,,,,,"",""
ball,1,14.6,New Zealand,L Ronchi,KS Williamson,PJ Cummins,6,0,,,,,,"",""
ball,1,15.1,New Zealand,KS Williamson,L Ronchi,JW Hastings,1,0,,,,,,"",""
ball,1,15.2,New Zealand,L Ronchi,KS Williamson,JW Hastings,1,0,,,,,,"",""
ball,1,15.3,New Zealand,KS Williamson,L Ronchi,JW Hastings,1,0,,,,,,"",""
ball,1,15.4,New Zealand,L Ronchi,KS Williamson,JW Hastings,0,0,,,,,,caught,L Ronchi
ball,1,15.5,New Zealand,LRPL Taylor,KS Williamson,JW Hastings,0,0,,,,,,"",""
ball,1,15.6,New Zealand,LRPL Taylor,KS Williamson,JW Hastings,0,0,,,,,,"",""
ball,1,16.1,New Zealand,KS Williamson,LRPL Taylor,MA Starc,1,0,,,,,,"",""
ball,1,16.2,New Zealand,LRPL Taylor,KS Williamson,MA Starc,0,0,,,,,,"",""
ball,1,16.3,New Zealand,LRPL Taylor,KS Williamson,MA Starc,0,0,,,,,,"",""
ball,1,16.4,New Zealand,LRPL Taylor,KS Williamson,MA Starc,0,0,,,,,,"",""
ball,1,16.5,New Zealand,LRPL Taylor,KS Williamson,MA Starc,0,0,,,,,,"",""
ball,1,16.6,New Zealand,LRPL Taylor,KS Williamson,MA Starc,1,0,,,,,,"",""
ball,1,17.1,New Zealand,LRPL Taylor,KS Williamson,JW Hastings,4,0,,,,,,"",""
ball,1,17.2,New Zealand,LRPL Taylor,KS Williamson,JW Hastings,0,0,,,,,,"",""
ball,1,17.3,New Zealand,LRPL Taylor,KS Williamson,JW Hastings,1,0,,,,,,"",""
ball,1,17.4,New Zealand,KS Williamson,LRPL Taylor,JW Hastings,0,0,,,,,,"",""
ball,1,17.5,New Zealand,KS Williamson,LRPL Taylor,JW Hastings,1,0,,,,,,"",""
ball,1,17.6,New Zealand,LRPL Taylor,KS Williamson,JW Hastings,1,0,,,,,,"",""
ball,1,18.1,New Zealand,LRPL Taylor,KS Williamson,MA Starc,1,0,,,,,,"",""
ball,1,18.2,New Zealand,KS Williamson,LRPL Taylor,MA Starc,0,0,,,,,,"",""
ball,1,18.3,New Zealand,KS Williamson,LRPL Taylor,MA Starc,1,0,,,,,,"",""
ball,1,18.4,New Zealand,LRPL Taylor,KS Williamson,MA Starc,0,0,,,,,,"",""
ball,1,18.5,New Zealand,LRPL Taylor,KS Williamson,MA Starc,4,0,,,,,,"",""
ball,1,18.6,New Zealand,LRPL Taylor,KS Williamson,MA Starc,0,1,1,,,,,"",""
ball,1,18.7,New Zealand,LRPL Taylor,KS Williamson,MA Starc,0,0,,,,,,"",""
ball,1,19.1,New Zealand,KS Williamson,LRPL Taylor,JR Hazlewood,1,0,,,,,,"",""
ball,1,19.2,New Zealand,LRPL Taylor,KS Williamson,JR Hazlewood,0,0,,,,,,"",""
ball,1,19.3,New Zealand,LRPL Taylor,KS Williamson,JR Hazlewood,0,0,,,,,,"",""
ball,1,19.4,New Zealand,LRPL Taylor,KS Williamson,JR Hazlewood,0,0,,,,,,"",""
ball,1,19.5,New Zealand,LRPL Taylor,KS Williamson,JR Hazlewood,0,0,,,,,,"",""
ball,1,19.6,New Zealand,LRPL Taylor,KS Williamson,JR Hazlewood,0,0,,,,,,"",""
ball,1,20.1,New Zealand,KS Williamson,LRPL Taylor,TM Head,1,0,,,,,,"",""
ball,1,20.2,New Zealand,LRPL Taylor,KS Williamson,TM Head,0,0,,,,,,"",""
ball,1,20.3,New Zealand,LRPL Taylor,KS Williamson,TM Head,1,0,,,,,,"",""
ball,1,20.4,New Zealand,KS Williamson,LRPL Taylor,TM Head,0,0,,,,,,"",""
ball,1,20.5,New Zealand,KS Williamson,LRPL Taylor,TM Head,1,0,,,,,,"",""
ball,1,20.6,New Zealand,LRPL Taylor,KS Williamson,TM Head,1,0,,,,,,"",""
ball,1,21.1,New Zealand,LRPL Taylor,KS Williamson,JR Hazlewood,4,0,,,,,,"",""
ball,1,21.2,New Zealand,LRPL Taylor,KS Williamson,JR Hazlewood,1,0,,,,,,"",""
ball,1,21.3,New Zealand,KS Williamson,LRPL Taylor,JR Hazlewood,0,0,,,,,,"",""
ball,1,21.4,New Zealand,KS Williamson,LRPL Taylor,JR Hazlewood,0,0,,,,,,"",""
ball,1,21.5,New Zealand,KS Williamson,LRPL Taylor,JR Hazlewood,0,0,,,,,,"",""
ball,1,21.6,New Zealand,KS Williamson,LRPL Taylor,JR Hazlewood,2,0,,,,,,"",""
ball,1,22.1,New Zealand,LRPL Taylor,KS Williamson,TM Head,1,0,,,,,,"",""
ball,1,22.2,New Zealand,KS Williamson,LRPL Taylor,TM Head,0,0,,,,,,"",""
ball,1,22.3,New Zealand,KS Williamson,LRPL Taylor,TM Head,2,0,,,,,,"",""
ball,1,22.4,New Zealand,KS Williamson,LRPL Taylor,TM Head,0,0,,,,,,"",""
ball,1,22.5,New Zealand,KS Williamson,LRPL Taylor,TM Head,0,0,,,,,,"",""
ball,1,22.6,New Zealand,KS Williamson,LRPL Taylor,TM Head,0,0,,,,,,"",""
ball,1,23.1,New Zealand,LRPL Taylor,KS Williamson,MC Henriques,0,0,,,,,,"",""
ball,1,23.2,New Zealand,LRPL Taylor,KS Williamson,MC Henriques,0,0,,,,,,"",""
ball,1,23.3,New Zealand,LRPL Taylor,KS Williamson,MC Henriques,0,0,,,,,,"",""
ball,1,23.4,New Zealand,LRPL Taylor,KS Williamson,MC Henriques,1,0,,,,,,"",""
ball,1,23.5,New Zealand,KS Williamson,LRPL Taylor,MC Henriques,1,0,,,,,,"",""
ball,1,23.6,New Zealand,LRPL Taylor,KS Williamson,MC Henriques,1,0,,,,,,"",""
ball,1,24.1,New Zealand,LRPL Taylor,KS Williamson,TM Head,1,0,,,,,,"",""
ball,1,24.2,New Zealand,KS Williamson,LRPL Taylor,TM Head,0,0,,,,,,"",""
ball,1,24.3,New Zealand,KS Williamson,LRPL Taylor,TM Head,0,0,,,,,,"",""
ball,1,24.4,New Zealand,KS Williamson,LRPL Taylor,TM Head,4,0,,,,,,"",""
ball,1,24.5,New Zealand,KS Williamson,LRPL Taylor,TM Head,1,0,,,,,,"",""
ball,1,24.6,New Zealand,LRPL Taylor,KS Williamson,TM Head,1,0,,,,,,"",""
ball,1,25.1,New Zealand,LRPL Taylor,KS Williamson,MC Henriques,0,0,,,,,,"",""
ball,1,25.2,New Zealand,LRPL Taylor,KS Williamson,MC Henriques,1,0,,,,,,"",""
ball,1,25.3,New Zealand,KS Williamson,LRPL Taylor,MC Henriques,0,1,,,,1,,"",""
ball,1,25.4,New Zealand,LRPL Taylor,KS Williamson,MC Henriques,1,0,,,,,,"",""
ball,1,25.5,New Zealand,KS Williamson,LRPL Taylor,MC Henriques,1,0,,,,,,"",""
ball,1,25.6,New Zealand,LRPL Taylor,KS Williamson,MC Henriques,4,0,,,,,,"",""
ball,1,26.1,New Zealand,KS Williamson,LRPL Taylor,TM Head,0,0,,,,,,"",""
ball,1,26.2,New Zealand,KS Williamson,LRPL Taylor,TM Head,0,0,,,,,,"",""
ball,1,26.3,New Zealand,KS Williamson,LRPL Taylor,TM Head,1,0,,,,,,"",""
ball,1,26.4,New Zealand,LRPL Taylor,KS Williamson,TM Head,1,0,,,,,,"",""
ball,1,26.5,New Zealand,KS Williamson,LRPL Taylor,TM Head,6,0,,,,,,"",""
ball,1,26.6,New Zealand,KS Williamson,LRPL Taylor,TM Head,0,0,,,,,,"",""
ball,1,27.1,New Zealand,LRPL Taylor,KS Williamson,PJ Cummins,1,0,,,,,,"",""
ball,1,27.2,New Zealand,KS Williamson,LRPL Taylor,PJ Cummins,0,0,,,,,,"",""
ball,1,27.3,New Zealand,KS Williamson,LRPL Taylor,PJ Cummins,1,0,,,,,,"",""
ball,1,27.4,New Zealand,LRPL Taylor,KS Williamson,PJ Cummins,0,0,,,,,,"",""
ball,1,27.5,New Zealand,LRPL Taylor,KS Williamson,PJ Cummins,0,0,,,,,,"",""
ball,1,27.6,New Zealand,LRPL Taylor,KS Williamson,PJ Cummins,0,0,,,,,,"",""
ball,1,28.1,New Zealand,KS Williamson,LRPL Taylor,MC Henriques,1,0,,,,,,"",""
ball,1,28.2,New Zealand,LRPL Taylor,KS Williamson,MC Henriques,0,0,,,,,,"",""
ball,1,28.3,New Zealand,LRPL Taylor,KS Williamson,MC Henriques,0,0,,,,,,"",""
ball,1,28.4,New Zealand,LRPL Taylor,KS Williamson,MC Henriques,1,0,,,,,,"",""
ball,1,28.5,New Zealand,KS Williamson,LRPL Taylor,MC Henriques,0,0,,,,,,"",""
ball,1,28.6,New Zealand,KS Williamson,LRPL Taylor,MC Henriques,0,0,,,,,,"",""
ball,1,29.1,New Zealand,LRPL Taylor,KS Williamson,PJ Cummins,0,0,,,,,,"",""
ball,1,29.2,New Zealand,LRPL Taylor,KS Williamson,PJ Cummins,0,0,,,,,,"",""
ball,1,29.3,New Zealand,LRPL Taylor,KS Williamson,PJ Cummins,1,0,,,,,,"",""
ball,1,29.4,New Zealand,KS Williamson,LRPL Taylor,PJ Cummins,0,0,,,,,,"",""
ball,1,29.5,New Zealand,KS Williamson,LRPL Taylor,PJ Cummins,0,0,,,,,,"",""
ball,1,29.6,New Zealand,KS Williamson,LRPL Taylor,PJ Cummins,1,0,,,,,,"",""
ball,1,30.1,New Zealand,KS Williamson,LRPL Taylor,MC Henriques,2,0,,,,,,"",""
ball,1,30.2,New Zealand,KS Williamson,LRPL Taylor,MC Henriques,4,0,,,,,,"",""
ball,1,30.3,New Zealand,KS Williamson,LRPL Taylor,MC Henriques,1,0,,,,,,"",""
ball,1,30.4,New Zealand,LRPL Taylor,KS Williamson,MC Henriques,4,0,,,,,,"",""
ball,1,30.5,New Zealand,LRPL Taylor,KS Williamson,MC Henriques,1,0,,,,,,"",""
ball,1,30.6,New Zealand,KS Williamson,LRPL Taylor,MC Henriques,0,0,,,,,,"",""
ball,1,31.1,New Zealand,LRPL Taylor,KS Williamson,JW Hastings,1,0,,,,,,"",""
ball,1,31.2,New Zealand,KS Williamson,LRPL Taylor,JW Hastings,1,0,,,,,,"",""
ball,1,31.3,New Zealand,LRPL Taylor,KS Williamson,JW Hastings,1,0,,,,,,"",""
ball,1,31.4,New Zealand,KS Williamson,LRPL Taylor,JW Hastings,0,0,,,,,,"",""
ball,1,31.5,New Zealand,KS Williamson,LRPL Taylor,JW Hastings,0,0,,,,,,"",""
ball,1,31.6,New Zealand,KS Williamson,LRPL Taylor,JW Hastings,4,0,,,,,,"",""
ball,1,32.1,New Zealand,LRPL Taylor,KS Williamson,MA Starc,1,0,,,,,,"",""
ball,1,32.2,New Zealand,KS Williamson,LRPL Taylor,MA Starc,0,0,,,,,,"",""
ball,1,32.3,New Zealand,KS Williamson,LRPL Taylor,MA Starc,0,1,,,,1,,"",""
ball,1,32.4,New Zealand,LRPL Taylor,KS Williamson,MA Starc,0,0,,,,,,"",""
ball,1,32.5,New Zealand,LRPL Taylor,KS Williamson,MA Starc,4,0,,,,,,"",""
ball,1,32.6,New Zealand,LRPL Taylor,KS Williamson,MA Starc,0,0,,,,,,"",""
ball,1,33.1,New Zealand,KS Williamson,LRPL Taylor,JW Hastings,4,0,,,,,,"",""
ball,1,33.2,New Zealand,KS Williamson,LRPL Taylor,JW Hastings,6,0,,,,,,"",""
ball,1,33.3,New Zealand,KS Williamson,LRPL Taylor,JW Hastings,1,0,,,,,,"",""
ball,1,33.4,New Zealand,LRPL Taylor,KS Williamson,JW Hastings,0,0,,,,,,"",""
ball,1,33.5,New Zealand,LRPL Taylor,KS Williamson,JW Hastings,0,0,,,,,,caught,LRPL Taylor
ball,1,33.6,New Zealand,KS Williamson,NT Broom,JW Hastings,1,0,,,,,,"",""
ball,1,34.1,New Zealand,KS Williamson,NT Broom,MC Henriques,0,0,,,,,,"",""
ball,1,34.2,New Zealand,KS Williamson,NT Broom,MC Henriques,0,0,,,,,,"",""
ball,1,34.3,New Zealand,KS Williamson,NT Broom,MC Henriques,1,0,,,,,,"",""
ball,1,34.4,New Zealand,NT Broom,KS Williamson,MC Henriques,0,0,,,,,,"",""
ball,1,34.5,New Zealand,NT Broom,KS Williamson,MC Henriques,0,0,,,,,,"",""
ball,1,34.6,New Zealand,NT Broom,KS Williamson,MC Henriques,0,0,,,,,,"",""
ball,1,35.1,New Zealand,KS Williamson,NT Broom,MA Starc,3,0,,,,,,"",""
ball,1,35.2,New Zealand,NT Broom,KS Williamson,MA Starc,0,0,,,,,,"",""
ball,1,35.3,New Zealand,NT Broom,KS Williamson,MA Starc,1,0,,,,,,"",""
ball,1,35.4,New Zealand,KS Williamson,NT Broom,MA Starc,1,0,,,,,,"",""
ball,1,35.5,New Zealand,NT Broom,KS Williamson,MA Starc,1,0,,,,,,"",""
ball,1,35.6,New Zealand,KS Williamson,NT Broom,MA Starc,1,0,,,,,,"",""
ball,1,36.1,New Zealand,KS Williamson,NT Broom,JW Hastings,2,0,,,,,,"",""
ball,1,36.2,New Zealand,KS Williamson,NT Broom,JW Hastings,1,0,,,,,,"",""
ball,1,36.3,New Zealand,NT Broom,KS Williamson,JW Hastings,1,0,,,,,,"",""
ball,1,36.4,New Zealand,KS Williamson,NT Broom,JW Hastings,4,0,,,,,,"",""
ball,1,36.5,New Zealand,KS Williamson,NT Broom,JW Hastings,0,0,,,,,,"",""
ball,1,36.6,New Zealand,KS Williamson,NT Broom,JW Hastings,6,0,,,,,,"",""
ball,1,37.1,New Zealand,NT Broom,KS Williamson,MA Starc,0,0,,,,,,"",""
ball,1,37.2,New Zealand,NT Broom,KS Williamson,MA Starc,0,0,,,,,,"",""
ball,1,37.3,New Zealand,NT Broom,KS Williamson,MA Starc,1,0,,,,,,"",""
ball,1,37.4,New Zealand,KS Williamson,NT Broom,MA Starc,0,0,,,,,,"",""
ball,1,37.5,New Zealand,KS Williamson,NT Broom,MA Starc,1,0,,,,,,"",""
ball,1,37.6,New Zealand,NT Broom,KS Williamson,MA Starc,1,0,,,,,,"",""
ball,1,38.1,New Zealand,NT Broom,KS Williamson,JW Hastings,2,0,,,,,,"",""
ball,1,38.2,New Zealand,NT Broom,KS Williamson,JW Hastings,4,0,,,,,,"",""
ball,1,38.3,New Zealand,NT Broom,KS Williamson,JW Hastings,1,0,,,,,,"",""
ball,1,38.4,New Zealand,KS Williamson,NT Broom,JW Hastings,4,0,,,,,,"",""
ball,1,38.5,New Zealand,KS Williamson,NT Broom,JW Hastings,1,0,,,,,,"",""
ball,1,38.6,New Zealand,NT Broom,KS Williamson,JW Hastings,0,0,,,,,,"",""
ball,1,39.1,New Zealand,KS Williamson,NT Broom,PJ Cummins,0,0,,,,,,run out,KS Williamson
ball,1,39.2,New Zealand,NT Broom,JDS Neesham,PJ Cummins,1,0,,,,,,"",""
ball,1,39.3,New Zealand,JDS Neesham,NT Broom,PJ Cummins,0,0,,,,,,"",""
ball,1,39.4,New Zealand,JDS Neesham,NT Broom,PJ Cummins,1,0,,,,,,"",""
ball,1,39.5,New Zealand,NT Broom,JDS Neesham,PJ Cummins,0,0,,,,,,"",""
ball,1,39.6,New Zealand,NT Broom,JDS Neesham,PJ Cummins,1,0,,,,,,"",""
ball,1,40.1,New Zealand,NT Broom,JDS Neesham,JR Hazlewood,0,0,,,,,,caught,NT Broom
ball,1,40.2,New Zealand,JDS Neesham,CJ Anderson,JR Hazlewood,0,0,,,,,,"",""
ball,1,40.3,New Zealand,JDS Neesham,CJ Anderson,JR Hazlewood,0,0,,,,,,"",""
ball,1,40.4,New Zealand,JDS Neesham,CJ Anderson,JR Hazlewood,1,0,,,,,,"",""
ball,1,40.5,New Zealand,CJ Anderson,JDS Neesham,JR Hazlewood,0,0,,,,,,"",""
ball,1,40.6,New Zealand,CJ Anderson,JDS Neesham,JR Hazlewood,2,0,,,,,,"",""
ball,1,41.1,New Zealand,JDS Neesham,CJ Anderson,PJ Cummins,0,0,,,,,,"",""
ball,1,41.2,New Zealand,JDS Neesham,CJ Anderson,PJ Cummins,1,0,,,,,,"",""
ball,1,41.3,New Zealand,CJ Anderson,JDS Neesham,PJ Cummins,0,0,,,,,,"",""
ball,1,41.4,New Zealand,CJ Anderson,JDS Neesham,PJ Cummins,6,0,,,,,,"",""
ball,1,41.5,New Zealand,CJ Anderson,JDS Neesham,PJ Cummins,0,0,,,,,,caught,CJ Anderson
ball,1,41.6,New Zealand,JDS Neesham,MJ Santner,PJ Cummins,1,0,,,,,,"",""
ball,1,42.1,New Zealand,JDS Neesham,MJ Santner,JR Hazlewood,2,0,,,,,,"",""
ball,1,42.2,New Zealand,JDS Neesham,MJ Santner,JR Hazlewood,0,0,,,,,,caught,JDS Neesham
ball,1,42.3,New Zealand,AF Milne,MJ Santner,JR Hazlewood,4,0,,,,,,"",""
ball,1,42.4,New Zealand,AF Milne,MJ Santner,JR Hazlewood,0,0,,,,,,"",""
ball,1,42.5,New Zealand,AF Milne,MJ Santner,JR Hazlewood,1,0,,,,,,"",""
ball,1,42.6,New Zealand,MJ Santner,AF Milne,JR Hazlewood,0,1,,,,1,,"",""
ball,1,43.1,New Zealand,MJ Santner,AF Milne,MA Starc,4,0,,,,,,"",""
ball,1,43.2,New Zealand,MJ Santner,AF Milne,MA Starc,1,0,,,,,,"",""
ball,1,43.3,New Zealand,AF Milne,MJ Santner,MA Starc,1,0,,,,,,"",""
ball,1,43.4,New Zealand,MJ Santner,AF Milne,MA Starc,1,0,,,,,,"",""
ball,1,43.5,New Zealand,AF Milne,MJ Santner,MA Starc,1,0,,,,,,"",""
ball,1,43.6,New Zealand,MJ Santner,AF Milne,MA Starc,0,1,1,,,,,"",""
ball,1,43.7,New Zealand,MJ Santner,AF Milne,MA Starc,1,0,,,,,,"",""
ball,1,44.1,New Zealand,MJ Santner,AF Milne,JR Hazlewood,1,0,,,,,,"",""
ball,1,44.2,New Zealand,AF Milne,MJ Santner,JR Hazlewood,4,0,,,,,,"",""
ball,1,44.3,New Zealand,AF Milne,MJ Santner,JR Hazlewood,0,0,,,,,,caught,AF Milne
ball,1,44.4,New Zealand,MJ Santner,TG Southee,JR Hazlewood,0,0,,,,,,caught,MJ Santner
ball,1,44.5,New Zealand,TA Boult,TG Southee,JR Hazlewood,0,0,,,,,,"",""
ball,1,44.6,New Zealand,TA Boult,TG Southee,JR Hazlewood,0,0,,,,,,caught,TA Boult
ball,2,0.1,Australia,DA Warner,AJ Finch,TG Southee,0,0,,,,,,"",""
ball,2,0.2,Australia,DA Warner,AJ Finch,TG Southee,3,0,,,,,,"",""
ball,2,0.3,Australia,AJ Finch,DA Warner,TG Southee,1,0,,,,,,"",""
ball,2,0.4,Australia,DA Warner,AJ Finch,TG Southee,0,0,,,,,,"",""
ball,2,0.5,Australia,DA Warner,AJ Finch,TG Southee,0,0,,,,,,"",""
ball,2,0.6,Australia,DA Warner,AJ Finch,TG Southee,1,0,,,,,,"",""
ball,2,1.1,Australia,DA Warner,AJ Finch,TA Boult,0,0,,,,,,"",""
ball,2,1.2,Australia,DA Warner,AJ Finch,TA Boult,4,0,,,,,,"",""
ball,2,1.3,Australia,DA Warner,AJ Finch,TA Boult,0,0,,,,,,"",""
ball,2,1.4,Australia,DA Warner,AJ Finch,TA Boult,0,0,,,,,,"",""
ball,2,1.5,Australia,DA Warner,AJ Finch,TA Boult,1,0,,,,,,"",""
ball,2,1.6,Australia,AJ Finch,DA Warner,TA Boult,1,0,,,,,,"",""
ball,2,2.1,Australia,AJ Finch,DA Warner,TG Southee,0,1,,,,1,,"",""
ball,2,2.2,Australia,DA Warner,AJ Finch,TG Southee,1,0,,,,,,"",""
ball,2,2.3,Australia,AJ Finch,DA Warner,TG Southee,0,0,,,,,,"",""
ball,2,2.4,Australia,AJ Finch,DA Warner,TG Southee,0,0,,,,,,"",""
ball,2,2.5,Australia,AJ Finch,DA Warner,TG Southee,0,0,,,,,,"",""
ball,2,2.6,Australia,AJ Finch,DA Warner,TG Southee,1,0,,,,,,"",""
ball,2,3.1,Australia,AJ Finch,DA Warner,TA Boult,0,0,,,,,,"",""
ball,2,3.2,Australia,AJ Finch,DA Warner,TA Boult,2,0,,,,,,"",""
ball,2,3.3,Australia,AJ Finch,DA Warner,TA Boult,1,0,,,,,,"",""
ball,2,3.4,Australia,DA Warner,AJ Finch,TA Boult,1,0,,,,,,"",""
ball,2,3.5,Australia,AJ Finch,DA Warner,TA Boult,1,0,,,,,,"",""
ball,2,3.6,Australia,DA Warner,AJ Finch,TA Boult,0,0,,,,,,"",""
ball,2,4.1,Australia,AJ Finch,DA Warner,TG Southee,0,0,,,,,,"",""
ball,2,4.2,Australia,AJ Finch,DA Warner,TG Southee,0,0,,,,,,"",""
ball,2,4.3,Australia,AJ Finch,DA Warner,TG Southee,1,0,,,,,,"",""
ball,2,4.4,Australia,DA Warner,AJ Finch,TG Southee,6,0,,,,,,"",""
ball,2,4.5,Australia,DA Warner,AJ Finch,TG Southee,1,0,,,,,,"",""
ball,2,4.6,Australia,AJ Finch,DA Warner,TG Southee,0,0,,,,,,"",""
ball,2,5.1,Australia,DA Warner,AJ Finch,TA Boult,0,0,,,,,,caught,DA Warner
ball,2,5.2,Australia,SPD Smith,AJ Finch,TA Boult,0,0,,,,,,"",""
ball,2,5.3,Australia,SPD Smith,AJ Finch,TA Boult,4,0,,,,,,"",""
ball,2,5.4,Australia,SPD Smith,AJ Finch,TA Boult,0,0,,,,,,"",""
ball,2,5.5,Australia,SPD Smith,AJ Finch,TA Boult,0,0,,,,,,"",""
ball,2,5.6,Australia,SPD Smith,AJ Finch,TA Boult,4,0,,,,,,"",""
ball,2,6.1,Australia,AJ Finch,SPD Smith,AF Milne,0,0,,,,,,"",""
ball,2,6.2,Australia,AJ Finch,SPD Smith,AF Milne,0,0,,,,,,"",""
ball,2,6.3,Australia,AJ Finch,SPD Smith,AF Milne,0,0,,,,,,caught,AJ Finch
ball,2,6.4,Australia,MC Henriques,SPD Smith,AF Milne,0,0,,,,,,"",""
ball,2,6.5,Australia,MC Henriques,SPD Smith,AF Milne,1,0,,,,,,"",""
ball,2,6.6,Australia,SPD Smith,MC Henriques,AF Milne,0,0,,,,,,"",""
ball,2,7.1,Australia,MC Henriques,SPD Smith,TA Boult,0,0,,,,,,"",""
ball,2,7.2,Australia,MC Henriques,SPD Smith,TA Boult,0,0,,,,,,"",""
ball,2,7.3,Australia,MC Henriques,SPD Smith,TA Boult,4,0,,,,,,"",""
ball,2,7.4,Australia,MC Henriques,SPD Smith,TA Boult,0,0,,,,,,"",""
ball,2,7.5,Australia,MC Henriques,SPD Smith,TA Boult,4,0,,,,,,"",""
ball,2,7.6,Australia,MC Henriques,SPD Smith,TA Boult,1,0,,,,,,"",""
ball,2,8.1,Australia,MC Henriques,SPD Smith,AF Milne,0,0,,,,,,"",""
ball,2,8.2,Australia,MC Henriques,SPD Smith,AF Milne,4,0,,,,,,"",""
ball,2,8.3,Australia,MC Henriques,SPD Smith,AF Milne,0,0,,,,,,"",""
ball,2,8.4,Australia,MC Henriques,SPD Smith,AF Milne,0,0,,,,,,"",""
ball,2,8.5,Australia,MC Henriques,SPD Smith,AF Milne,4,0,,,,,,"",""
ball,2,8.6,Australia,MC Henriques,SPD Smith,AF Milne,0,0,,,,,,caught and bowled,MC Henriques
