version,1.6.0
info,balls_per_over,6
info,team,England
info,team,Pakistan
info,gender,male
info,season,2017
info,date,2017/06/14
info,event,ICC Champions Trophy
info,venue,Sophia Gardens
info,city,Cardiff
info,toss_winner,Pakistan
info,toss_decision,field
info,player_of_match,Hasan Ali
info,umpire,M Erasmus
info,umpire,RJ Tucker
info,reserve_umpire,BNJ Oxenford
info,tv_umpire,CB Gaffaney
info,match_referee,AJ Pycroft
info,winner,Pakistan
info,winner_wickets,8
info,player,England,JM Bairstow
info,player,England,AD Hales
info,player,England,JE Root
info,player,England,EJG Morgan
info,player,England,BA Stokes
info,player,England,JC Buttler
info,player,England,MM Ali
info,player,England,AU Rashid
info,player,England,LE Plunkett
info,player,England,MA Wood
info,player,England,JT Ball
info,player,Pakistan,Azhar Ali
info,player,Pakistan,Fakhar Zaman
info,player,Pakistan,Babar Azam
info,player,Pakistan,Mohammad Hafeez
info,player,Pakistan,Shoaib Malik
info,player,Pakistan,Sarfraz Ahmed
info,player,Pakistan,Imad Wasim
info,player,Pakistan,Rumman Raees
info,player,Pakistan,Shadab Khan
info,player,Pakistan,Hasan Ali
info,player,Pakistan,Junaid Khan
info,registry,people,AD Hales,92aeac25
info,registry,people,AJ Pycroft,685d3f80
info,registry,people,AU Rashid,249d60c9
info,registry,people,Ahmed Shehzad,f8fd6e3f
info,registry,people,Azhar Ali,211de69f
info,registry,people,BA Stokes,e087956b
info,registry,people,BNJ Oxenford,c1add349
info,registry,people,Babar Azam,8a75e999
info,registry,people,CB Gaffaney,d5ac41d8
info,registry,people,EJG Morgan,d2a6c0e6
info,registry,people,Fakhar Zaman,1777c020
info,registry,people,Hasan Ali,2911de16
info,registry,people,Imad Wasim,9cb8d7a6
info,registry,people,JC Buttler,99b75528
info,registry,people,JE Root,a343262c
info,registry,people,JM Bairstow,abb83e27
info,registry,people,JT Ball,3d0ed2f9
info,registry,people,Junaid Khan,086f5984
info,registry,people,LE Plunkett,9a963804
info,registry,people,M Erasmus,15d3c895
info,registry,people,MA Wood,8d92a2c3
info,registry,people,MM Ali,bb351c23
info,registry,people,Mohammad Hafeez,9ab63e7b
info,registry,people,RJ Tucker,38810cfc
info,registry,people,Rumman Raees,1c790f4f
info,registry,people,Sarfraz Ahmed,2254ab79
info,registry,people,Shadab Khan,9de62878
info,registry,people,Shoaib Malik,64c34cd0
ball,1,0.1,England,JM Bairstow,AD Hales,Junaid Khan,0,0,,,,,,"",""
ball,1,0.2,England,JM Bairstow,AD Hales,Junaid Khan,0,0,,,,,,"",""
ball,1,0.3,England,JM Bairstow,AD Hales,Junaid Khan,1,0,,,,,,"",""
ball,1,0.4,England,AD Hales,JM Bairstow,Junaid Khan,0,0,,,,,,"",""
ball,1,0.5,England,AD Hales,JM Bairstow,Junaid Khan,0,0,,,,,,"",""
ball,1,0.6,England,AD Hales,JM Bairstow,Junaid Khan,4,0,,,,,,"",""
ball,1,1.1,England,JM Bairstow,AD Hales,Rumman Raees,1,0,,,,,,"",""
ball,1,1.2,England,AD Hales,JM Bairstow,Rumman Raees,0,0,,,,,,"",""
ball,1,1.3,England,AD Hales,JM Bairstow,Rumman Raees,0,0,,,,,,"",""
ball,1,1.4,England,AD Hales,JM Bairstow,Rumman Raees,1,0,,,,,,"",""
ball,1,1.5,England,JM Bairstow,AD Hales,Rumman Raees,0,0,,,,,,"",""
ball,1,1.6,England,JM Bairstow,AD Hales,Rumman Raees,0,0,,,,,,"",""
ball,1,2.1,England,AD Hales,JM Bairstow,Junaid Khan,1,0,,,,,,"",""
ball,1,2.2,England,JM Bairstow,AD Hales,Junaid Khan,2,0,,,,,,"",""
ball,1,2.3,England,JM Bairstow,AD Hales,Junaid Khan,4,0,,,,,,"",""
ball,1,2.4,England,JM Bairstow,AD Hales,Junaid Khan,4,0,,,,,,"",""
ball,1,2.5,England,JM Bairstow,AD Hales,Junaid Khan,2,0,,,,,,"",""
ball,1,2.6,England,JM Bairstow,AD Hales,Junaid Khan,0,0,,,,,,"",""
ball,1,3.1,England,AD Hales,JM Bairstow,Rumman Raees,0,0,,,,,,"",""
ball,1,3.2,England,AD Hales,JM Bairstow,Rumman Raees,1,0,,,,,,"",""
ball,1,3.3,England,JM Bairstow,AD Hales,Rumman Raees,0,0,,,,,,"",""
ball,1,3.4,England,JM Bairstow,AD Hales,Rumman Raees,1,0,,,,,,"",""
ball,1,3.5,England,AD Hales,JM Bairstow,Rumman Raees,2,0,,,,,,"",""
ball,1,3.6,England,AD Hales,JM Bairstow,Rumman Raees,0,0,,,,,,"",""
ball,1,4.1,England,JM Bairstow,AD Hales,Junaid Khan,0,0,,,,,,"",""
ball,1,4.2,England,JM Bairstow,AD Hales,Junaid Khan,0,0,,,,,,"",""
ball,1,4.3,England,JM Bairstow,AD Hales,Junaid Khan,0,0,,,,,,"",""
ball,1,4.4,England,JM Bairstow,AD Hales,Junaid Khan,0,0,,,,,,"",""
ball,1,4.5,England,JM Bairstow,AD Hales,Junaid Khan,1,0,,,,,,"",""
ball,1,4.6,England,AD Hales,JM Bairstow,Junaid Khan,4,0,,,,,,"",""
ball,1,5.1,England,JM Bairstow,AD Hales,Rumman Raees,0,0,,,,,,"",""
ball,1,5.2,England,JM Bairstow,AD Hales,Rumman Raees,0,0,,,,,,"",""
ball,1,5.3,England,JM Bairstow,AD Hales,Rumman Raees,4,0,,,,,,"",""
ball,1,5.4,England,JM Bairstow,AD Hales,Rumman Raees,1,0,,,,,,"",""
ball,1,5.5,England,AD Hales,JM Bairstow,Rumman Raees,0,0,,,,,,caught,AD Hales
ball,1,5.6,England,JE Root,JM Bairstow,Rumman Raees,0,0,,,,,,"",""
ball,1,6.1,England,JM Bairstow,JE Root,Imad Wasim,1,0,,,,,,"",""
ball,1,6.2,England,JE Root,JM Bairstow,Imad Wasim,0,0,,,,,,"",""
ball,1,6.3,England,JE Root,JM Bairstow,Imad Wasim,0,0,,,,,,"",""
ball,1,6.4,England,JE Root,JM Bairstow,Imad Wasim,0,0,,,,,,"",""
ball,1,6.5,England,JE Root,JM Bairstow,Imad Wasim,0,0,,,,,,"",""
ball,1,6.6,England,JE Root,JM Bairstow,Imad Wasim,2,0,,,,,,"",""
ball,1,7.1,England,JM Bairstow,JE Root,Rumman Raees,0,0,,,,,,"",""
ball,1,7.2,England,JM Bairstow,JE Root,Rumman Raees,0,0,,,,,,"",""
ball,1,7.3,England,JM Bairstow,JE Root,Rumman Raees,2,0,,,,,,"",""
ball,1,7.4,England,JM Bairstow,JE Root,Rumman Raees,1,0,,,,,,"",""
ball,1,7.5,England,JE Root,JM Bairstow,Rumman Raees,0,0,,,,,,"",""
ball,1,7.6,England,JE Root,JM Bairstow,Rumman Raees,4,0,,,,,,"",""
ball,1,8.1,England,JM Bairstow,JE Root,Imad Wasim,0,0,,,,,,"",""
ball,1,8.2,England,JM Bairstow,JE Root,Imad Wasim,0,0,,,,,,"",""
ball,1,8.3,England,JM Bairstow,JE Root,Imad Wasim,1,0,,,,,,"",""
ball,1,8.4,England,JE Root,JM Bairstow,Imad Wasim,0,0,,,,,,"",""
ball,1,8.5,England,JE Root,JM Bairstow,Imad Wasim,0,0,,,,,,"",""
ball,1,8.6,England,JE Root,JM Bairstow,Imad Wasim,0,0,,,,,,"",""
ball,1,9.1,England,JM Bairstow,JE Root,Rumman Raees,1,0,,,,,,"",""
ball,1,9.2,England,JE Root,JM Bairstow,Rumman Raees,2,0,,,,,,"",""
ball,1,9.3,England,JE Root,JM Bairstow,Rumman Raees,1,0,,,,,,"",""
ball,1,9.4,England,JM Bairstow,JE Root,Rumman Raees,1,0,,,,,,"",""
ball,1,9.5,England,JE Root,JM Bairstow,Rumman Raees,1,0,,,,,,"",""
ball,1,9.6,England,JM Bairstow,JE Root,Rumman Raees,1,0,,,,,,"",""
ball,1,10.1,England,JM Bairstow,JE Root,Imad Wasim,1,0,,,,,,"",""
ball,1,10.2,England,JE Root,JM Bairstow,Imad Wasim,1,0,,,,,,"",""
ball,1,10.3,England,JM Bairstow,JE Root,Imad Wasim,1,0,,,,,,"",""
ball,1,10.4,England,JE Root,JM Bairstow,Imad Wasim,1,0,,,,,,"",""
ball,1,10.5,England,JM Bairstow,JE Root,Imad Wasim,1,0,,,,,,"",""
ball,1,10.6,England,JE Root,JM Bairstow,Imad Wasim,1,0,,,,,,"",""
ball,1,11.1,England,JE Root,JM Bairstow,Shadab Khan,1,0,,,,,,"",""
ball,1,11.2,England,JM Bairstow,JE Root,Shadab Khan,1,0,,,,,,"",""
ball,1,11.3,England,JE Root,JM Bairstow,Shadab Khan,4,0,,,,,,"",""
ball,1,11.4,England,JE Root,JM Bairstow,Shadab Khan,0,0,,,,,,"",""
ball,1,11.5,England,JE Root,JM Bairstow,Shadab Khan,0,0,,,,,,"",""
ball,1,11.6,England,JE Root,JM Bairstow,Shadab Khan,1,0,,,,,,"",""
ball,1,12.1,England,JE Root,JM Bairstow,Imad Wasim,1,0,,,,,,"",""
ball,1,12.2,England,JM Bairstow,JE Root,Imad Wasim,0,0,,,,,,"",""
ball,1,12.3,England,JM Bairstow,JE Root,Imad Wasim,0,0,,,,,,"",""
ball,1,12.4,England,JM Bairstow,JE Root,Imad Wasim,0,0,,,,,,"",""
ball,1,12.5,England,JM Bairstow,JE Root,Imad Wasim,0,0,,,,,,"",""
ball,1,12.6,England,JM Bairstow,JE Root,Imad Wasim,1,0,,,,,,"",""
ball,1,13.1,England,JM Bairstow,JE Root,Shadab Khan,4,0,,,,,,"",""
ball,1,13.2,England,JM Bairstow,JE Root,Shadab Khan,1,0,,,,,,"",""
ball,1,13.3,England,JE Root,JM Bairstow,Shadab Khan,1,0,,,,,,"",""
ball,1,13.4,England,JM Bairstow,JE Root,Shadab Khan,0,0,,,,,,"",""
ball,1,13.5,England,JM Bairstow,JE Root,Shadab Khan,0,0,,,,,,"",""
ball,1,13.6,England,JM Bairstow,JE Root,Shadab Khan,0,0,,,,,,"",""
ball,1,14.1,England,JE Root,JM Bairstow,Imad Wasim,1,0,,,,,,"",""
ball,1,14.2,England,JM Bairstow,JE Root,Imad Wasim,0,0,,,,,,"",""
ball,1,14.3,England,JM Bairstow,JE Root,Imad Wasim,1,0,,,,,,"",""
ball,1,14.4,England,JE Root,JM Bairstow,Imad Wasim,0,0,,,,,,"",""
ball,1,14.5,England,JE Root,JM Bairstow,Imad Wasim,1,0,,,,,,"",""
ball,1,14.6,England,JM Bairstow,JE Root,Imad Wasim,1,0,,,,,,"",""
ball,1,15.1,England,JM Bairstow,JE Root,Shadab Khan,1,0,,,,,,"",""
ball,1,15.2,England,JE Root,JM Bairstow,Shadab Khan,0,0,,,,,,"",""
ball,1,15.3,England,JE Root,JM Bairstow,Shadab Khan,1,0,,,,,,"",""
ball,1,15.4,England,JM Bairstow,JE Root,Shadab Khan,0,0,,,,,,"",""
ball,1,15.5,England,JM Bairstow,JE Root,Shadab Khan,0,0,,,,,,"",""
ball,1,15.6,England,JM Bairstow,JE Root,Shadab Khan,1,0,,,,,,"",""
ball,1,16.1,England,JM Bairstow,JE Root,Hasan Ali,0,0,,,,,,"",""
ball,1,16.2,England,JM Bairstow,JE Root,Hasan Ali,0,0,,,,,,"",""
ball,1,16.3,England,JM Bairstow,JE Root,Hasan Ali,0,0,,,,,,caught,JM Bairstow
ball,1,16.4,England,JE Root,EJG Morgan,Hasan Ali,0,0,,,,,,"",""
ball,1,16.5,England,JE Root,EJG Morgan,Hasan Ali,1,0,,,,,,"",""
ball,1,16.6,England,EJG Morgan,JE Root,Hasan Ali,0,0,,,,,,"",""
ball,1,17.1,England,JE Root,EJG Morgan,Mohammad Hafeez,1,0,,,,,,"",""
ball,1,17.2,England,EJG Morgan,JE Root,Mohammad Hafeez,1,0,,,,,,"",""
ball,1,17.3,England,JE Root,EJG Morgan,Mohammad Hafeez,1,0,,,,,,"",""
ball,1,17.4,England,EJG Morgan,JE Root,Mohammad Hafeez,0,0,,,,,,"",""
ball,1,17.5,England,EJG Morgan,JE Root,Mohammad Hafeez,0,0,,,,,,"",""
ball,1,17.6,England,EJG Morgan,JE Root,Mohammad Hafeez,0,0,,,,,,"",""
ball,1,18.1,England,JE Root,EJG Morgan,Hasan Ali,1,0,,,,,,"",""
ball,1,18.2,England,EJG Morgan,JE Root,Hasan Ali,0,0,,,,,,"",""
ball,1,18.3,England,EJG Morgan,JE Root,Hasan Ali,0,0,,,,,,"",""
ball,1,18.4,England,EJG Morgan,JE Root,Hasan Ali,1,0,,,,,,"",""
ball,1,18.5,England,JE Root,EJG Morgan,Hasan Ali,0,1,1,,,,,"",""
ball,1,18.6,England,JE Root,EJG Morgan,Hasan Ali,0,0,,,,,,"",""
ball,1,18.7,England,JE Root,EJG Morgan,Hasan Ali,2,0,,,,,,"",""
ball,1,19.1,England,EJG Morgan,JE Root,Mohammad Hafeez,0,0,,,,,,"",""
ball,1,19.2,England,EJG Morgan,JE Root,Mohammad Hafeez,1,0,,,,,,"",""
ball,1,19.3,England,JE Root,EJG Morgan,Mohammad Hafeez,1,0,,,,,,"",""
ball,1,19.4,England,EJG Morgan,JE Root,Mohammad Hafeez,0,0,,,,,,"",""
ball,1,19.5,England,EJG Morgan,JE Root,Mohammad Hafeez,0,0,,,,,,"",""
ball,1,19.6,England,EJG Morgan,JE Root,Mohammad Hafeez,2,0,,,,,,"",""
ball,1,20.1,England,JE Root,EJG Morgan,Hasan Ali,1,0,,,,,,"",""
ball,1,20.2,England,EJG Morgan,JE Root,Hasan Ali,0,0,,,,,,"",""
ball,1,20.3,England,EJG Morgan,JE Root,Hasan Ali,0,0,,,,,,"",""
ball,1,20.4,England,EJG Morgan,JE Root,Hasan Ali,1,0,,,,,,"",""
ball,1,20.5,England,JE Root,EJG Morgan,Hasan Ali,1,0,,,,,,"",""
ball,1,20.6,England,EJG Morgan,JE Root,Hasan Ali,0,0,,,,,,"",""
ball,1,21.1,England,JE Root,EJG Morgan,Mohammad Hafeez,1,0,,,,,,"",""
ball,1,21.2,England,EJG Morgan,JE Root,Mohammad Hafeez,1,0,,,,,,"",""
ball,1,21.3,England,JE Root,EJG Morgan,Mohammad Hafeez,1,0,,,,,,"",""
ball,1,21.4,England,EJG Morgan,JE Root,Mohammad Hafeez,1,0,,,,,,"",""
ball,1,21.5,England,JE Root,EJG Morgan,Mohammad Hafeez,1,0,,,,,,"",""
ball,1,21.6,England,EJG Morgan,JE Root,Mohammad Hafeez,0,0,,,,,,"",""
ball,1,22.1,England,JE Root,EJG Morgan,Hasan Ali,1,0,,,,,,"",""
ball,1,22.2,England,EJG Morgan,JE Root,Hasan Ali,4,0,,,,,,"",""
ball,1,22.3,England,EJG Morgan,JE Root,Hasan Ali,0,0,,,,,,"",""
ball,1,22.4,England,EJG Morgan,JE Root,Hasan Ali,0,0,,,,,,"",""
ball,1,22.5,England,EJG Morgan,JE Root,Hasan Ali,1,0,,,,,,"",""
ball,1,22.6,England,JE Root,EJG Morgan,Hasan Ali,1,0,,,,,,"",""
ball,1,23.1,England,JE Root,EJG Morgan,Shadab Khan,0,0,,,,,,"",""
ball,1,23.2,England,JE Root,EJG Morgan,Shadab Khan,1,0,,,,,,"",""
ball,1,23.3,England,EJG Morgan,JE Root,Shadab Khan,0,0,,,,,,"",""
ball,1,23.4,England,EJG Morgan,JE Root,Shadab Khan,1,0,,,,,,"",""
ball,1,23.5,England,JE Root,EJG Morgan,Shadab Khan,1,0,,,,,,"",""
ball,1,23.6,England,EJG Morgan,JE Root,Shadab Khan,0,0,,,,,,"",""
ball,1,24.1,England,JE Root,EJG Morgan,Mohammad Hafeez,1,0,,,,,,"",""
ball,1,24.2,England,EJG Morgan,JE Root,Mohammad Hafeez,0,0,,,,,,"",""
ball,1,24.3,England,EJG Morgan,JE Root,Mohammad Hafeez,4,0,,,,,,"",""
ball,1,24.4,England,EJG Morgan,JE Root,Mohammad Hafeez,0,0,,,,,,"",""
ball,1,24.5,England,EJG Morgan,JE Root,Mohammad Hafeez,1,0,,,,,,"",""
ball,1,24.6,England,JE Root,EJG Morgan,Mohammad Hafeez,1,0,,,,,,"",""
ball,1,25.1,England,JE Root,EJG Morgan,Shadab Khan,0,0,,,,,,"",""
ball,1,25.2,England,JE Root,EJG Morgan,Shadab Khan,0,0,,,,,,"",""
ball,1,25.3,England,JE Root,EJG Morgan,Shadab Khan,1,0,,,,,,"",""
ball,1,25.4,England,EJG Morgan,JE Root,Shadab Khan,0,0,,,,,,"",""
ball,1,25.5,England,EJG Morgan,JE Root,Shadab Khan,0,0,,,,,,"",""
ball,1,25.6,England,EJG Morgan,JE Root,Shadab Khan,4,0,,,,,,"",""
ball,1,26.1,England,JE Root,EJG Morgan,Mohammad Hafeez,1,0,,,,,,"",""
ball,1,26.2,England,EJG Morgan,JE Root,Mohammad Hafeez,0,0,,,,,,"",""
ball,1,26.3,England,EJG Morgan,JE Root,Mohammad Hafeez,0,0,,,,,,"",""
ball,1,26.4,England,EJG Morgan,JE Root,Mohammad Hafeez,1,0,,,,,,"",""
ball,1,26.5,England,JE Root,EJG Morgan,Mohammad Hafeez,0,0,,,,,,"",""
ball,1,26.6,England,JE Root,EJG Morgan,Mohammad Hafeez,2,0,,,,,,"",""
ball,1,27.1,England,EJG Morgan,JE Root,Shadab Khan,0,0,,,,,,"",""
ball,1,27.2,England,EJG Morgan,JE Root,Shadab Khan,1,0,,,,,,"",""
ball,1,27.3,England,JE Root,EJG Morgan,Shadab Khan,0,0,,,,,,caught,JE Root
ball,1,27.4,England,BA Stokes,EJG Morgan,Shadab Khan,0,0,,,,,,"",""
ball,1,27.5,England,BA Stokes,EJG Morgan,Shadab Khan,0,0,,,,,,"",""
ball,1,27.6,England,BA Stokes,EJG Morgan,Shadab Khan,1,0,,,,,,"",""
ball,1,28.1,England,BA Stokes,EJG Morgan,Mohammad Hafeez,0,0,,,,,,"",""
ball,1,28.2,England,BA Stokes,EJG Morgan,Mohammad Hafeez,0,0,,,,,,"",""
ball,1,28.3,England,BA Stokes,EJG Morgan,Mohammad Hafeez,0,0,,,,,,"",""
ball,1,28.4,England,BA Stokes,EJG Morgan,Mohammad Hafeez,1,0,,,,,,"",""
ball,1,28.5,England,EJG Morgan,BA Stokes,Mohammad Hafeez,0,0,,,,,,"",""
ball,1,28.6,England,EJG Morgan,BA Stokes,Mohammad Hafeez,0,0,,,,,,"",""
ball,1,29.1,England,BA Stokes,EJG Morgan,Shadab Khan,1,0,,,,,,"",""
ball,1,29.2,England,EJG Morgan,BA Stokes,Shadab Khan,0,0,,,,,,"",""
ball,1,29.3,England,EJG Morgan,BA Stokes,Shadab Khan,4,0,,,,,,"",""
ball,1,29.4,England,EJG Morgan,BA Stokes,Shadab Khan,0,0,,,,,,"",""
ball,1,29.5,England,EJG Morgan,BA Stokes,Shadab Khan,0,0,,,,,,"",""
ball,1,29.6,England,EJG Morgan,BA Stokes,Shadab Khan,1,0,,,,,,"",""
ball,1,30.1,England,EJG Morgan,BA Stokes,Mohammad Hafeez,0,0,,,,,,"",""
ball,1,30.2,England,EJG Morgan,BA Stokes,Mohammad Hafeez,0,0,,,,,,"",""
ball,1,30.3,England,EJG Morgan,BA Stokes,Mohammad Hafeez,1,0,,,,,,"",""
ball,1,30.4,England,BA Stokes,EJG Morgan,Mohammad Hafeez,0,0,,,,,,"",""
ball,1,30.5,England,BA Stokes,EJG Morgan,Mohammad Hafeez,1,0,,,,,,"",""
ball,1,30.6,England,EJG Morgan,BA Stokes,Mohammad Hafeez,1,0,,,,,,"",""
ball,1,31.1,England,EJG Morgan,BA Stokes,Hasan Ali,0,0,,,,,,"",""
ball,1,31.2,England,EJG Morgan,BA Stokes,Hasan Ali,1,0,,,,,,"",""
ball,1,31.3,England,BA Stokes,EJG Morgan,Hasan Ali,1,0,,,,,,"",""
ball,1,31.4,England,EJG Morgan,BA Stokes,Hasan Ali,0,0,,,,,,caught,EJG Morgan
ball,1,31.5,England,JC Buttler,BA Stokes,Hasan Ali,1,0,,,,,,"",""
ball,1,31.6,England,BA Stokes,JC Buttler,Hasan Ali,0,0,,,,,,"",""
ball,1,32.1,England,JC Buttler,BA Stokes,Junaid Khan,1,0,,,,,,"",""
ball,1,32.2,England,BA Stokes,JC Buttler,Junaid Khan,1,0,,,,,,"",""
ball,1,32.3,England,JC Buttler,BA Stokes,Junaid Khan,0,0,,,,,,"",""
ball,1,32.4,England,JC Buttler,BA Stokes,Junaid Khan,1,0,,,,,,"",""
ball,1,32.5,England,BA Stokes,JC Buttler,Junaid Khan,1,0,,,,,,"",""
ball,1,32.6,England,JC Buttler,BA Stokes,Junaid Khan,0,0,,,,,,"",""
ball,1,33.1,England,BA Stokes,JC Buttler,Hasan Ali,0,0,,,,,,"",""
ball,1,33.2,England,BA Stokes,JC Buttler,Hasan Ali,0,0,,,,,,"",""
ball,1,33.3,England,BA Stokes,JC Buttler,Hasan Ali,0,0,,,,,,"",""
ball,1,33.4,England,BA Stokes,JC Buttler,Hasan Ali,1,0,,,,,,"",""
ball,1,33.5,England,JC Buttler,BA Stokes,Hasan Ali,1,0,,,,,,"",""
ball,1,33.6,England,BA Stokes,JC Buttler,Hasan Ali,0,0,,,,,,"",""
ball,1,34.1,England,JC Buttler,BA Stokes,Junaid Khan,0,0,,,,,,caught,JC Buttler
ball,1,34.2,England,MM Ali,BA Stokes,Junaid Khan,1,0,,,,,,"",""
ball,1,34.3,England,BA Stokes,MM Ali,Junaid Khan,0,0,,,,,,"",""
ball,1,34.4,England,BA Stokes,MM Ali,Junaid Khan,0,0,,,,,,"",""
ball,1,34.5,England,BA Stokes,MM Ali,Junaid Khan,0,0,,,,,,"",""
ball,1,34.6,England,BA Stokes,MM Ali,Junaid Khan,0,0,,,,,,"",""
ball,1,35.1,England,MM Ali,BA Stokes,Hasan Ali,0,0,,,,,,"",""
ball,1,35.2,England,MM Ali,BA Stokes,Hasan Ali,0,0,,,,,,"",""
ball,1,35.3,England,MM Ali,BA Stokes,Hasan Ali,0,0,,,,,,"",""
ball,1,35.4,England,MM Ali,BA Stokes,Hasan Ali,0,0,,,,,,"",""
ball,1,35.5,England,MM Ali,BA Stokes,Hasan Ali,4,0,,,,,,"",""
ball,1,35.6,England,MM Ali,BA Stokes,Hasan Ali,0,0,,,,,,"",""
ball,1,36.1,England,BA Stokes,MM Ali,Junaid Khan,0,0,,,,,,"",""
ball,1,36.2,England,BA Stokes,MM Ali,Junaid Khan,0,0,,,,,,"",""
ball,1,36.3,England,BA Stokes,MM Ali,Junaid Khan,0,0,,,,,,"",""
ball,1,36.4,England,BA Stokes,MM Ali,Junaid Khan,0,0,,,,,,"",""
ball,1,36.5,England,BA Stokes,MM Ali,Junaid Khan,1,0,,,,,,"",""
ball,1,36.6,England,MM Ali,BA Stokes,Junaid Khan,1,0,,,,,,"",""
ball,1,37.1,England,MM Ali,BA Stokes,Mohammad Hafeez,0,0,,,,,,"",""
ball,1,37.2,England,MM Ali,BA Stokes,Mohammad Hafeez,1,0,,,,,,"",""
ball,1,37.3,England,BA Stokes,MM Ali,Mohammad Hafeez,0,0,,,,,,"",""
ball,1,37.4,England,BA Stokes,MM Ali,Mohammad Hafeez,1,0,,,,,,"",""
ball,1,37.5,England,MM Ali,BA Stokes,Mohammad Hafeez,4,0,,,,,,"",""
ball,1,37.6,England,MM Ali,BA Stokes,Mohammad Hafeez,0,0,,,,,,"",""
ball,1,38.1,England,BA Stokes,MM Ali,Junaid Khan,1,0,,,,,,"",""
ball,1,38.2,England,MM Ali,BA Stokes,Junaid Khan,0,0,,,,,,"",""
ball,1,38.3,England,MM Ali,BA Stokes,Junaid Khan,0,0,,,,,,caught,MM Ali
ball,1,38.4,England,BA Stokes,AU Rashid,Junaid Khan,2,0,,,,,,"",""
ball,1,38.5,England,BA Stokes,AU Rashid,Junaid Khan,1,0,,,,,,"",""
ball,1,38.6,England,AU Rashid,BA Stokes,Junaid Khan,0,0,,,,,,"",""
ball,1,39.1,England,BA Stokes,AU Rashid,Shadab Khan,1,0,,,,,,"",""
ball,1,39.2,England,AU Rashid,BA Stokes,Shadab Khan,2,0,,,,,,"",""
ball,1,39.3,England,AU Rashid,BA Stokes,Shadab Khan,0,0,,,,,,"",""
ball,1,39.4,England,AU Rashid,BA Stokes,Shadab Khan,1,0,,,,,,"",""
ball,1,39.5,England,BA Stokes,AU Rashid,Shadab Khan,0,0,,,,,,"",""
ball,1,39.6,England,BA Stokes,AU Rashid,Shadab Khan,0,0,,,,,,"",""
ball,1,40.1,England,AU Rashid,BA Stokes,Junaid Khan,1,0,,,,,,"",""
ball,1,40.2,England,BA Stokes,AU Rashid,Junaid Khan,0,0,,,,,,"",""
ball,1,40.3,England,BA Stokes,AU Rashid,Junaid Khan,1,0,,,,,,"",""
ball,1,40.4,England,AU Rashid,BA Stokes,Junaid Khan,1,0,,,,,,"",""
ball,1,40.5,England,BA Stokes,AU Rashid,Junaid Khan,0,0,,,,,,"",""
ball,1,40.6,England,BA Stokes,AU Rashid,Junaid Khan,1,0,,,,,,"",""
ball,1,41.1,England,BA Stokes,AU Rashid,Shadab Khan,1,0,,,,,,"",""
ball,1,41.2,England,AU Rashid,BA Stokes,Shadab Khan,0,0,,,,,,"",""
ball,1,41.3,England,AU Rashid,BA Stokes,Shadab Khan,1,0,,,,,,"",""
ball,1,41.4,England,BA Stokes,AU Rashid,Shadab Khan,0,0,,,,,,"",""
ball,1,41.5,England,BA Stokes,AU Rashid,Shadab Khan,2,0,,,,,,"",""
ball,1,41.6,England,BA Stokes,AU Rashid,Shadab Khan,0,0,,,,,,"",""
ball,1,42.1,England,AU Rashid,BA Stokes,Rumman Raees,0,0,,,,,,"",""
ball,1,42.2,England,AU Rashid,BA Stokes,Rumman Raees,0,0,,,,,,"",""
ball,1,42.3,England,AU Rashid,BA Stokes,Rumman Raees,0,0,,,,,,"",""
ball,1,42.4,England,AU Rashid,BA Stokes,Rumman Raees,1,0,,,,,,"",""
ball,1,42.5,England,BA Stokes,AU Rashid,Rumman Raees,0,1,1,,,,,"",""
ball,1,42.6,England,BA Stokes,AU Rashid,Rumman Raees,0,0,,,,,,"",""
ball,1,42.7,England,BA Stokes,AU Rashid,Rumman Raees,1,0,,,,,,"",""
ball,1,43.1,England,BA Stokes,AU Rashid,Hasan Ali,0,0,,,,,,"",""
ball,1,43.2,England,BA Stokes,AU Rashid,Hasan Ali,1,0,,,,,,"",""
ball,1,43.3,England,AU Rashid,BA Stokes,Hasan Ali,0,0,,,,,,run out,AU Rashid
ball,1,43.4,England,BA Stokes,LE Plunkett,Hasan Ali,0,0,,,,,,"",""
ball,1,43.5,England,BA Stokes,LE Plunkett,Hasan Ali,1,0,,,,,,"",""
ball,1,43.6,England,LE Plunkett,BA Stokes,Hasan Ali,0,0,,,,,,"",""
ball,1,44.1,England,BA Stokes,LE Plunkett,Rumman Raees,0,0,,,,,,"",""
ball,1,44.2,England,BA Stokes,LE Plunkett,Rumman Raees,1,0,,,,,,"",""
ball,1,44.3,England,LE Plunkett,BA Stokes,Rumman Raees,0,0,,,,,,"",""
ball,1,44.4,England,LE Plunkett,BA Stokes,Rumman Raees,1,0,,,,,,"",""
ball,1,44.5,England,BA Stokes,LE Plunkett,Rumman Raees,2,0,,,,,,"",""
ball,1,44.6,England,BA Stokes,LE Plunkett,Rumman Raees,1,0,,,,,,"",""
ball,1,45.1,England,BA Stokes,LE Plunkett,Hasan Ali,0,0,,,,,,"",""
ball,1,45.2,England,BA Stokes,LE Plunkett,Hasan Ali,1,0,,,,,,"",""
ball,1,45.3,England,LE Plunkett,BA Stokes,Hasan Ali,0,0,,,,,,"",""
ball,1,45.4,England,LE Plunkett,BA Stokes,Hasan Ali,0,0,,,,,,"",""
ball,1,45.5,England,LE Plunkett,BA Stokes,Hasan Ali,1,0,,,,,,"",""
ball,1,45.6,England,BA Stokes,LE Plunkett,Hasan Ali,1,0,,,,,,"",""
ball,1,46.1,England,BA Stokes,LE Plunkett,Rumman Raees,2,0,,,,,,"",""
ball,1,46.2,England,BA Stokes,LE Plunkett,Rumman Raees,1,0,,,,,,"",""
ball,1,46.3,England,LE Plunkett,BA Stokes,Rumman Raees,0,0,,,,,,"",""
ball,1,46.4,England,LE Plunkett,BA Stokes,Rumman Raees,0,1,,,,1,,"",""
ball,1,46.5,England,BA Stokes,LE Plunkett,Rumman Raees,0,0,,,,,,"",""
ball,1,46.6,England,BA Stokes,LE Plunkett,Rumman Raees,0,1,1,,,,,"",""
ball,1,46.7,England,BA Stokes,LE Plunkett,Rumman Raees,1,0,,,,,,"",""
ball,1,47.1,England,BA Stokes,LE Plunkett,Hasan Ali,1,1,,1,,,,"",""
ball,1,47.2,England,LE Plunkett,BA Stokes,Hasan Ali,2,0,,,,,,"",""
ball,1,47.3,England,LE Plunkett,BA Stokes,Hasan Ali,1,0,,,,,,"",""
ball,1,47.4,England,BA Stokes,LE Plunkett,Hasan Ali,0,0,,,,,,"",""
ball,1,47.5,England,BA Stokes,LE Plunkett,Hasan Ali,0,0,,,,,,caught,BA Stokes
ball,1,47.6,England,LE Plunkett,MA Wood,Hasan Ali,0,0,,,,,,"",""
ball,1,47.7,England,LE Plunkett,MA Wood,Hasan Ali,0,0,,,,,,"",""
ball,1,48.1,England,MA Wood,LE Plunkett,Rumman Raees,0,0,,,,,,"",""
ball,1,48.2,England,MA Wood,LE Plunkett,Rumman Raees,0,0,,,,,,"",""
ball,1,48.3,England,MA Wood,LE Plunkett,Rumman Raees,1,0,,,,,,"",""
ball,1,48.4,England,LE Plunkett,MA Wood,Rumman Raees,4,0,,,,,,"",""
ball,1,48.5,England,LE Plunkett,MA Wood,Rumman Raees,0,0,,,,,,caught,LE Plunkett
ball,1,48.6,England,MA Wood,JT Ball,Rumman Raees,1,0,,,,,,"",""
ball,1,49.1,England,MA Wood,JT Ball,Junaid Khan,1,1,,1,,,,"",""
ball,1,49.2,England,JT Ball,MA Wood,Junaid Khan,0,0,,,,,,"",""
ball,1,49.3,England,JT Ball,MA Wood,Junaid Khan,0,0,,,,,,"",""
ball,1,49.4,England,JT Ball,MA Wood,Junaid Khan,0,0,,,,,,"",""
ball,1,49.5,England,JT Ball,MA Wood,Junaid Khan,2,0,,,,,,"",""
ball,1,49.6,England,JT Ball,MA Wood,Junaid Khan,0,0,,,,,,run out,MA Wood
ball,2,0.1,Pakistan,Azhar Ali,Fakhar Zaman,MA Wood,0,1,1,,,,,"",""
ball,2,0.2,Pakistan,Azhar Ali,Fakhar Zaman,MA Wood,0,0,,,,,,"",""
ball,2,0.3,Pakistan,Azhar Ali,Fakhar Zaman,MA Wood,3,0,,,,,,"",""
ball,2,0.4,Pakistan,Fakhar Zaman,Azhar Ali,MA Wood,0,0,,,,,,"",""
ball,2,0.5,Pakistan,Fakhar Zaman,Azhar Ali,MA Wood,6,0,,,,,,"",""
ball,2,0.6,Pakistan,Fakhar Zaman,Azhar Ali,MA Wood,0,0,,,,,,"",""
ball,2,0.7,Pakistan,Fakhar Zaman,Azhar Ali,MA Wood,0,0,,,,,,"",""
ball,2,1.1,Pakistan,Azhar Ali,Fakhar Zaman,JT Ball,0,0,,,,,,"",""
ball,2,1.2,Pakistan,Azhar Ali,Fakhar Zaman,JT Ball,0,5,5,,,,,"",""
ball,2,1.3,Pakistan,Azhar Ali,Fakhar Zaman,JT Ball,1,0,,,,,,"",""
ball,2,1.4,Pakistan,Fakhar Zaman,Azhar Ali,JT Ball,0,0,,,,,,"",""
ball,2,1.5,Pakistan,Fakhar Zaman,Azhar Ali,JT Ball,0,0,,,,,,"",""
ball,2,1.6,Pakistan,Fakhar Zaman,Azhar Ali,JT Ball,0,0,,,,,,"",""
ball,2,1.7,Pakistan,Fakhar Zaman,Azhar Ali,JT Ball,0,0,,,,,,"",""
ball,2,2.1,Pakistan,Azhar Ali,Fakhar Zaman,MA Wood,0,0,,,,,,"",""
ball,2,2.2,Pakistan,Azhar Ali,Fakhar Zaman,MA Wood,0,0,,,,,,"",""
ball,2,2.3,Pakistan,Azhar Ali,Fakhar Zaman,MA Wood,0,0,,,,,,"",""
ball,2,2.4,Pakistan,Azhar Ali,Fakhar Zaman,MA Wood,1,0,,,,,,"",""
ball,2,2.5,Pakistan,Fakhar Zaman,Azhar Ali,MA Wood,1,0,,,,,,"",""
ball,2,2.6,Pakistan,Azhar Ali,Fakhar Zaman,MA Wood,0,0,,,,,,"",""
ball,2,3.1,Pakistan,Fakhar Zaman,Azhar Ali,JT Ball,4,0,,,,,,"",""
ball,2,3.2,Pakistan,Fakhar Zaman,Azhar Ali,JT Ball,1,0,,,,,,"",""
ball,2,3.3,Pakistan,Azhar Ali,Fakhar Zaman,JT Ball,0,0,,,,,,"",""
ball,2,3.4,Pakistan,Azhar Ali,Fakhar Zaman,JT Ball,0,0,,,,,,"",""
ball,2,3.5,Pakistan,Azhar Ali,Fakhar Zaman,JT Ball,0,0,,,,,,"",""
ball,2,3.6,Pakistan,Azhar Ali,Fakhar Zaman,JT Ball,0,0,,,,,,"",""
ball,2,4.1,Pakistan,Fakhar Zaman,Azhar Ali,MA Wood,1,0,,,,,,"",""
ball,2,4.2,Pakistan,Azhar Ali,Fakhar Zaman,MA Wood,0,0,,,,,,"",""
ball,2,4.3,Pakistan,Azhar Ali,Fakhar Zaman,MA Wood,0,0,,,,,,"",""
ball,2,4.4,Pakistan,Azhar Ali,Fakhar Zaman,MA Wood,0,0,,,,,,"",""
ball,2,4.5,Pakistan,Azhar Ali,Fakhar Zaman,MA Wood,1,0,,,,,,"",""
ball,2,4.6,Pakistan,Fakhar Zaman,Azhar Ali,MA Wood,1,0,,,,,,"",""
ball,2,5.1,Pakistan,Fakhar Zaman,Azhar Ali,JT Ball,0,0,,,,,,"",""
ball,2,5.2,Pakistan,Fakhar Zaman,Azhar Ali,JT Ball,0,0,,,,,,"",""
ball,2,5.3,Pakistan,Fakhar Zaman,Azhar Ali,JT Ball,1,0,,,,,,"",""
ball,2,5.4,Pakistan,Azhar Ali,Fakhar Zaman,JT Ball,2,0,,,,,,"",""
ball,2,5.5,Pakistan,Azhar Ali,Fakhar Zaman,JT Ball,0,0,,,,,,"",""
ball,2,5.6,Pakistan,Azhar Ali,Fakhar Zaman,JT Ball,0,0,,,,,,"",""
ball,2,6.1,Pakistan,Fakhar Zaman,Azhar Ali,MA Wood,0,1,,,,1,,"",""
ball,2,6.2,Pakistan,Azhar Ali,Fakhar Zaman,MA Wood,0,0,,,,,,"",""
ball,2,6.3,Pakistan,Azhar Ali,Fakhar Zaman,MA Wood,0,0,,,,,,"",""
ball,2,6.4,Pakistan,Azhar Ali,Fakhar Zaman,MA Wood,0,0,,,,,,"",""
ball,2,6.5,Pakistan,Azhar Ali,Fakhar Zaman,MA Wood,0,0,,,,,,"",""
ball,2,6.6,Pakistan,Azhar Ali,Fakhar Zaman,MA Wood,0,0,,,,,,"",""
ball,2,7.1,Pakistan,Fakhar Zaman,Azhar Ali,JT Ball,0,0,,,,,,"",""
ball,2,7.2,Pakistan,Fakhar Zaman,Azhar Ali,JT Ball,1,0,,,,,,"",""
ball,2,7.3,Pakistan,Azhar Ali,Fakhar Zaman,JT Ball,4,0,,,,,,"",""
ball,2,7.4,Pakistan,Azhar Ali,Fakhar Zaman,JT Ball,0,0,,,,,,"",""
ball,2,7.5,Pakistan,Azhar Ali,Fakhar Zaman,JT Ball,0,0,,,,,,"",""
ball,2,7.6,Pakistan,Azhar Ali,Fakhar Zaman,JT Ball,0,0,,,,,,"",""
ball,2,8.1,Pakistan,Fakhar Zaman,Azhar Ali,MA Wood,1,0,,,,,,"",""
ball,2,8.2,Pakistan,Azhar Ali,Fakhar Zaman,MA Wood,0,0,,,,,,"",""
ball,2,8.3,Pakistan,Azhar Ali,Fakhar Zaman,MA Wood,1,0,,,,,,"",""
ball,2,8.4,Pakistan,Fakhar Zaman,Azhar Ali,MA Wood,0,0,,,,,,"",""
ball,2,8.5,Pakistan,Fakhar Zaman,Azhar Ali,MA Wood,4,0,,,,,,"",""
ball,2,8.6,Pakistan,Fakhar Zaman,Azhar Ali,MA Wood,0,0,,,,,,"",""
ball,2,9.1,Pakistan,Azhar Ali,Fakhar Zaman,JT Ball,1,0,,,,,,"",""
ball,2,9.2,Pakistan,Fakhar Zaman,Azhar Ali,JT Ball,4,0,,,,,,"",""
ball,2,9.3,Pakistan,Fakhar Zaman,Azhar Ali,JT Ball,0,0,,,,,,"",""
ball,2,9.4,Pakistan,Fakhar Zaman,Azhar Ali,JT Ball,2,0,,,,,,"",""
ball,2,9.5,Pakistan,Fakhar Zaman,Azhar Ali,JT Ball,1,0,,,,,,"",""
ball,2,9.6,Pakistan,Azhar Ali,Fakhar Zaman,JT Ball,0,0,,,,,,"",""
ball,2,10.1,Pakistan,Fakhar Zaman,Azhar Ali,BA Stokes,0,0,,,,,,"",""
ball,2,10.2,Pakistan,Fakhar Zaman,Azhar Ali,BA Stokes,1,0,,,,,,"",""
ball,2,10.3,Pakistan,Azhar Ali,Fakhar Zaman,BA Stokes,0,0,,,,,,"",""
ball,2,10.4,Pakistan,Azhar Ali,Fakhar Zaman,BA Stokes,4,0,,,,,,"",""
ball,2,10.5,Pakistan,Azhar Ali,Fakhar Zaman,BA Stokes,1,0,,,,,,"",""
ball,2,10.6,Pakistan,Fakhar Zaman,Azhar Ali,BA Stokes,1,0,,,,,,"",""
ball,2,11.1,Pakistan,Fakhar Zaman,Azhar Ali,LE Plunkett,1,0,,,,,,"",""
ball,2,11.2,Pakistan,Azhar Ali,Fakhar Zaman,LE Plunkett,1,0,,,,,,"",""
ball,2,11.3,Pakistan,Fakhar Zaman,Azhar Ali,LE Plunkett,4,0,,,,,,"",""
ball,2,11.4,Pakistan,Fakhar Zaman,Azhar Ali,LE Plunkett,1,0,,,,,,"",""
ball,2,11.5,Pakistan,Azhar Ali,Fakhar Zaman,LE Plunkett,0,0,,,,,,"",""
ball,2,11.6,Pakistan,Azhar Ali,Fakhar Zaman,LE Plunkett,3,0,,,,,,"",""
ball,2,12.1,Pakistan,Azhar Ali,Fakhar Zaman,BA Stokes,6,0,,,,,,"",""
ball,2,12.2,Pakistan,Azhar Ali,Fakhar Zaman,BA Stokes,0,0,,,,,,"",""
ball,2,12.3,Pakistan,Azhar Ali,Fakhar Zaman,BA Stokes,0,0,,,,,,"",""
ball,2,12.4,Pakistan,Azhar Ali,Fakhar Zaman,BA Stokes,0,1,1,,,,,"",""
ball,2,12.5,Pakistan,Azhar Ali,Fakhar Zaman,BA Stokes,4,0,,,,,,"",""
ball,2,12.6,Pakistan,Azhar Ali,Fakhar Zaman,BA Stokes,1,0,,,,,,"",""
ball,2,12.7,Pakistan,Fakhar Zaman,Azhar Ali,BA Stokes,0,0,,,,,,"",""
ball,2,13.1,Pakistan,Azhar Ali,Fakhar Zaman,LE Plunkett,1,0,,,,,,"",""
ball,2,13.2,Pakistan,Fakhar Zaman,Azhar Ali,LE Plunkett,0,0,,,,,,"",""
ball,2,13.3,Pakistan,Fakhar Zaman,Azhar Ali,LE Plunkett,0,0,,,,,,"",""
ball,2,13.4,Pakistan,Fakhar Zaman,Azhar Ali,LE Plunkett,1,0,,,,,,"",""
ball,2,13.5,Pakistan,Azhar Ali,Fakhar Zaman,LE Plunkett,1,0,,,,,,"",""
ball,2,13.6,Pakistan,Fakhar Zaman,Azhar Ali,LE Plunkett,0,0,,,,,,"",""
ball,2,14.1,Pakistan,Azhar Ali,Fakhar Zaman,AU Rashid,1,0,,,,,,"",""
ball,2,14.2,Pakistan,Fakhar Zaman,Azhar Ali,AU Rashid,0,0,,,,,,"",""
ball,2,14.3,Pakistan,Fakhar Zaman,Azhar Ali,AU Rashid,2,0,,,,,,"",""
ball,2,14.4,Pakistan,Fakhar Zaman,Azhar Ali,AU Rashid,0,0,,,,,,"",""
ball,2,14.5,Pakistan,Fakhar Zaman,Azhar Ali,AU Rashid,4,0,,,,,,"",""
ball,2,14.6,Pakistan,Fakhar Zaman,Azhar Ali,AU Rashid,0,0,,,,,,"",""
ball,2,15.1,Pakistan,Azhar Ali,Fakhar Zaman,LE Plunkett,1,0,,,,,,"",""
ball,2,15.2,Pakistan,Fakhar Zaman,Azhar Ali,LE Plunkett,0,0,,,,,,"",""
ball,2,15.3,Pakistan,Fakhar Zaman,Azhar Ali,LE Plunkett,0,0,,,,,,"",""
ball,2,15.4,Pakistan,Fakhar Zaman,Azhar Ali,LE Plunkett,1,0,,,,,,"",""
ball,2,15.5,Pakistan,Azhar Ali,Fakhar Zaman,LE Plunkett,1,0,,,,,,"",""
ball,2,15.6,Pakistan,Fakhar Zaman,Azhar Ali,LE Plunkett,4,0,,,,,,"",""
ball,2,16.1,Pakistan,Azhar Ali,Fakhar Zaman,AU Rashid,1,0,,,,,,"",""
ball,2,16.2,Pakistan,Fakhar Zaman,Azhar Ali,AU Rashid,1,0,,,,,,"",""
ball,2,16.3,Pakistan,Azhar Ali,Fakhar Zaman,AU Rashid,0,0,,,,,,"",""
ball,2,16.4,Pakistan,Azhar Ali,Fakhar Zaman,AU Rashid,1,0,,,,,,"",""
ball,2,16.5,Pakistan,Fakhar Zaman,Azhar Ali,AU Rashid,1,0,,,,,,"",""
ball,2,16.6,Pakistan,Azhar Ali,Fakhar Zaman,AU Rashid,0,0,,,,,,"",""
ball,2,17.1,Pakistan,Fakhar Zaman,Azhar Ali,MM Ali,0,0,,,,,,"",""
ball,2,17.2,Pakistan,Fakhar Zaman,Azhar Ali,MM Ali,1,0,,,,,,"",""
ball,2,17.3,Pakistan,Azhar Ali,Fakhar Zaman,MM Ali,0,0,,,,,,"",""
ball,2,17.4,Pakistan,Azhar Ali,Fakhar Zaman,MM Ali,0,0,,,,,,"",""
ball,2,17.5,Pakistan,Azhar Ali,Fakhar Zaman,MM Ali,1,0,,,,,,"",""
ball,2,17.6,Pakistan,Fakhar Zaman,Azhar Ali,MM Ali,4,0,,,,,,"",""
ball,2,18.1,Pakistan,Azhar Ali,Fakhar Zaman,MA Wood,0,0,,,,,,"",""
ball,2,18.2,Pakistan,Azhar Ali,Fakhar Zaman,MA Wood,0,0,,,,,,"",""
ball,2,18.3,Pakistan,Azhar Ali,Fakhar Zaman,MA Wood,0,0,,,,,,"",""
ball,2,18.4,Pakistan,Azhar Ali,Fakhar Zaman,MA Wood,0,0,,,,,,"",""
ball,2,18.5,Pakistan,Azhar Ali,Fakhar Zaman,MA Wood,2,0,,,,,,"",""
ball,2,18.6,Pakistan,Azhar Ali,Fakhar Zaman,MA Wood,1,0,,,,,,"",""
ball,2,19.1,Pakistan,Azhar Ali,Fakhar Zaman,AU Rashid,1,0,,,,,,"",""
ball,2,19.2,Pakistan,Fakhar Zaman,Azhar Ali,AU Rashid,1,0,,,,,,"",""
ball,2,19.3,Pakistan,Azhar Ali,Fakhar Zaman,AU Rashid,0,0,,,,,,"",""
ball,2,19.4,Pakistan,Azhar Ali,Fakhar Zaman,AU Rashid,0,0,,,,,,"",""
ball,2,19.5,Pakistan,Azhar Ali,Fakhar Zaman,AU Rashid,0,0,,,,,,"",""
ball,2,19.6,Pakistan,Azhar Ali,Fakhar Zaman,AU Rashid,1,0,,,,,,"",""
ball,2,20.1,Pakistan,Azhar Ali,Fakhar Zaman,MA Wood,4,0,,,,,,"",""
ball,2,20.2,Pakistan,Azhar Ali,Fakhar Zaman,MA Wood,1,0,,,,,,"",""
ball,2,20.3,Pakistan,Fakhar Zaman,Azhar Ali,MA Wood,0,0,,,,,,"",""
ball,2,20.4,Pakistan,Fakhar Zaman,Azhar Ali,MA Wood,0,0,,,,,,"",""
ball,2,20.5,Pakistan,Fakhar Zaman,Azhar Ali,MA Wood,0,0,,,,,,"",""
ball,2,20.6,Pakistan,Fakhar Zaman,Azhar Ali,MA Wood,0,1,1,,,,,"",""
ball,2,20.7,Pakistan,Fakhar Zaman,Azhar Ali,MA Wood,1,0,,,,,,"",""
ball,2,21.1,Pakistan,Fakhar Zaman,Azhar Ali,AU Rashid,0,0,,,,,,stumped,Fakhar Zaman
ball,2,21.2,Pakistan,Babar Azam,Azhar Ali,AU Rashid,1,0,,,,,,"",""
ball,2,21.3,Pakistan,Azhar Ali,Babar Azam,AU Rashid,2,0,,,,,,"",""
ball,2,21.4,Pakistan,Azhar Ali,Babar Azam,AU Rashid,0,0,,,,,,"",""
ball,2,21.5,Pakistan,Azhar Ali,Babar Azam,AU Rashid,0,0,,,,,,"",""
ball,2,21.6,Pakistan,Azhar Ali,Babar Azam,AU Rashid,1,0,,,,,,"",""
ball,2,22.1,Pakistan,Azhar Ali,Babar Azam,MA Wood,1,0,,,,,,"",""
ball,2,22.2,Pakistan,Babar Azam,Azhar Ali,MA Wood,0,0,,,,,,"",""
ball,2,22.3,Pakistan,Babar Azam,Azhar Ali,MA Wood,1,0,,,,,,"",""
ball,2,22.4,Pakistan,Azhar Ali,Babar Azam,MA Wood,1,0,,,,,,"",""
ball,2,22.5,Pakistan,Babar Azam,Azhar Ali,MA Wood,1,0,,,,,,"",""
ball,2,22.6,Pakistan,Azhar Ali,Babar Azam,MA Wood,2,0,,,,,,"",""
ball,2,23.1,Pakistan,Babar Azam,Azhar Ali,AU Rashid,0,0,,,,,,"",""
ball,2,23.2,Pakistan,Babar Azam,Azhar Ali,AU Rashid,6,0,,,,,,"",""
ball,2,23.3,Pakistan,Babar Azam,Azhar Ali,AU Rashid,1,0,,,,,,"",""
ball,2,23.4,Pakistan,Azhar Ali,Babar Azam,AU Rashid,1,0,,,,,,"",""
ball,2,23.5,Pakistan,Babar Azam,Azhar Ali,AU Rashid,1,0,,,,,,"",""
ball,2,23.6,Pakistan,Azhar Ali,Babar Azam,AU Rashid,1,0,,,,,,"",""
ball,2,24.1,Pakistan,Azhar Ali,Babar Azam,LE Plunkett,1,0,,,,,,"",""
ball,2,24.2,Pakistan,Babar Azam,Azhar Ali,LE Plunkett,0,0,,,,,,"",""
ball,2,24.3,Pakistan,Babar Azam,Azhar Ali,LE Plunkett,1,0,,,,,,"",""
ball,2,24.4,Pakistan,Azhar Ali,Babar Azam,LE Plunkett,1,0,,,,,,"",""
ball,2,24.5,Pakistan,Babar Azam,Azhar Ali,LE Plunkett,0,0,,,,,,"",""
ball,2,24.6,Pakistan,Babar Azam,Azhar Ali,LE Plunkett,1,0,,,,,,"",""
ball,2,25.1,Pakistan,Babar Azam,Azhar Ali,AU Rashid,2,0,,,,,,"",""
ball,2,25.2,Pakistan,Babar Azam,Azhar Ali,AU Rashid,1,0,,,,,,"",""
ball,2,25.3,Pakistan,Azhar Ali,Babar Azam,AU Rashid,1,0,,,,,,"",""
ball,2,25.4,Pakistan,Babar Azam,Azhar Ali,AU Rashid,1,0,,,,,,"",""
ball,2,25.5,Pakistan,Azhar Ali,Babar Azam,AU Rashid,1,0,,,,,,"",""
ball,2,25.6,Pakistan,Babar Azam,Azhar Ali,AU Rashid,1,0,,,,,,"",""
ball,2,26.1,Pakistan,Babar Azam,Azhar Ali,LE Plunkett,1,0,,,,,,"",""
ball,2,26.2,Pakistan,Azhar Ali,Babar Azam,LE Plunkett,2,0,,,,,,"",""
ball,2,26.3,Pakistan,Azhar Ali,Babar Azam,LE Plunkett,0,0,,,,,,"",""
ball,2,26.4,Pakistan,Azhar Ali,Babar Azam,LE Plunkett,0,0,,,,,,"",""
ball,2,26.5,Pakistan,Azhar Ali,Babar Azam,LE Plunkett,0,0,,,,,,"",""
ball,2,26.6,Pakistan,Azhar Ali,Babar Azam,LE Plunkett,0,0,,,,,,"",""
ball,2,27.1,Pakistan,Babar Azam,Azhar Ali,AU Rashid,0,0,,,,,,"",""
ball,2,27.2,Pakistan,Babar Azam,Azhar Ali,AU Rashid,0,1,1,,,,,"",""
ball,2,27.3,Pakistan,Babar Azam,Azhar Ali,AU Rashid,4,0,,,,,,"",""
ball,2,27.4,Pakistan,Babar Azam,Azhar Ali,AU Rashid,0,0,,,,,,"",""
ball,2,27.5,Pakistan,Babar Azam,Azhar Ali,AU Rashid,0,0,,,,,,"",""
ball,2,27.6,Pakistan,Babar Azam,Azhar Ali,AU Rashid,0,0,,,,,,"",""
ball,2,27.7,Pakistan,Babar Azam,Azhar Ali,AU Rashid,0,0,,,,,,"",""
ball,2,28.1,Pakistan,Azhar Ali,Babar Azam,LE Plunkett,1,0,,,,,,"",""
ball,2,28.2,Pakistan,Babar Azam,Azhar Ali,LE Plunkett,0,0,,,,,,"",""
ball,2,28.3,Pakistan,Babar Azam,Azhar Ali,LE Plunkett,0,0,,,,,,"",""
ball,2,28.4,Pakistan,Babar Azam,Azhar Ali,LE Plunkett,0,0,,,,,,"",""
ball,2,28.5,Pakistan,Babar Azam,Azhar Ali,LE Plunkett,1,0,,,,,,"",""
ball,2,28.6,Pakistan,Azhar Ali,Babar Azam,LE Plunkett,4,0,,,,,,"",""
ball,2,29.1,Pakistan,Babar Azam,Azhar Ali,AU Rashid,0,0,,,,,,"",""
ball,2,29.2,Pakistan,Babar Azam,Azhar Ali,AU Rashid,0,0,,,,,,"",""
ball,2,29.3,Pakistan,Babar Azam,Azhar Ali,AU Rashid,3,0,,,,,,"",""
ball,2,29.4,Pakistan,Azhar Ali,Babar Azam,AU Rashid,0,0,,,,,,"",""
ball,2,29.5,Pakistan,Azhar Ali,Babar Azam,AU Rashid,0,0,,,,,,"",""
ball,2,29.6,Pakistan,Azhar Ali,Babar Azam,AU Rashid,0,0,,,,,,"",""
ball,2,30.1,Pakistan,Babar Azam,Azhar Ali,JT Ball,1,0,,,,,,"",""
ball,2,30.2,Pakistan,Azhar Ali,Babar Azam,JT Ball,0,0,,,,,,"",""
ball,2,30.3,Pakistan,Azhar Ali,Babar Azam,JT Ball,0,0,,,,,,"",""
ball,2,30.4,Pakistan,Azhar Ali,Babar Azam,JT Ball,0,0,,,,,,"",""
ball,2,30.5,Pakistan,Azhar Ali,Babar Azam,JT Ball,1,0,,,,,,"",""
ball,2,30.6,Pakistan,Babar Azam,Azhar Ali,JT Ball,1,0,,,,,,"",""
ball,2,31.1,Pakistan,Babar Azam,Azhar Ali,AU Rashid,0,0,,,,,,"",""
ball,2,31.2,Pakistan,Babar Azam,Azhar Ali,AU Rashid,0,0,,,,,,"",""
ball,2,31.3,Pakistan,Babar Azam,Azhar Ali,AU Rashid,1,0,,,,,,"",""
ball,2,31.4,Pakistan,Azhar Ali,Babar Azam,AU Rashid,0,0,,,,,,"",""
ball,2,31.5,Pakistan,Azhar Ali,Babar Azam,AU Rashid,3,0,,,,,,"",""
ball,2,31.6,Pakistan,Babar Azam,Azhar Ali,AU Rashid,0,0,,,,,,"",""
ball,2,32.1,Pakistan,Azhar Ali,Babar Azam,JT Ball,0,0,,,,,,"",""
ball,2,32.2,Pakistan,Azhar Ali,Babar Azam,JT Ball,0,0,,,,,,bowled,Azhar Ali
ball,2,32.3,Pakistan,Mohammad Hafeez,Babar Azam,JT Ball,0,0,,,,,,"",""
ball,2,32.4,Pakistan,Mohammad Hafeez,Babar Azam,JT Ball,1,0,,,,,,"",""
ball,2,32.5,Pakistan,Babar Azam,Mohammad Hafeez,JT Ball,0,1,1,,,,,"",""
ball,2,32.6,Pakistan,Babar Azam,Mohammad Hafeez,JT Ball,0,0,,,,,,"",""
ball,2,32.7,Pakistan,Babar Azam,Mohammad Hafeez,JT Ball,1,0,,,,,,"",""
ball,2,33.1,Pakistan,Babar Azam,Mohammad Hafeez,AU Rashid,1,0,,,,,,"",""
ball,2,33.2,Pakistan,Mohammad Hafeez,Babar Azam,AU Rashid,0,0,,,,,,"",""
ball,2,33.3,Pakistan,Mohammad Hafeez,Babar Azam,AU Rashid,0,0,,,,,,"",""
ball,2,33.4,Pakistan,Mohammad Hafeez,Babar Azam,AU Rashid,0,0,,,,,,"",""
ball,2,33.5,Pakistan,Mohammad Hafeez,Babar Azam,AU Rashid,0,0,,,,,,"",""
ball,2,33.6,Pakistan,Mohammad Hafeez,Babar Azam,AU Rashid,6,0,,,,,,"",""
ball,2,34.1,Pakistan,Babar Azam,Mohammad Hafeez,JT Ball,0,0,,,,,,"",""
ball,2,34.2,Pakistan,Babar Azam,Mohammad Hafeez,JT Ball,1,0,,,,,,"",""
ball,2,34.3,Pakistan,Mohammad Hafeez,Babar Azam,JT Ball,0,0,,,,,,"",""
ball,2,34.4,Pakistan,Mohammad Hafeez,Babar Azam,JT Ball,0,0,,,,,,"",""
ball,2,34.5,Pakistan,Mohammad Hafeez,Babar Azam,JT Ball,0,0,,,,,,"",""
ball,2,34.6,Pakistan,Mohammad Hafeez,Babar Azam,JT Ball,3,0,,,,,,"",""
ball,2,35.1,Pakistan,Mohammad Hafeez,Babar Azam,BA Stokes,0,1,,1,,,,"",""
ball,2,35.2,Pakistan,Mohammad Hafeez,Babar Azam,BA Stokes,6,0,,,,,,"",""
ball,2,35.3,Pakistan,Mohammad Hafeez,Babar Azam,BA Stokes,0,1,1,,,,,"",""
ball,2,35.4,Pakistan,Mohammad Hafeez,Babar Azam,BA Stokes,1,0,,,,,,"",""
ball,2,35.5,Pakistan,Babar Azam,Mohammad Hafeez,BA Stokes,0,0,,,,,,"",""
ball,2,35.6,Pakistan,Babar Azam,Mohammad Hafeez,BA Stokes,4,0,,,,,,"",""
ball,2,35.7,Pakistan,Babar Azam,Mohammad Hafeez,BA Stokes,1,0,,,,,,"",""
ball,2,35.8,Pakistan,Mohammad Hafeez,Babar Azam,BA Stokes,1,0,,,,,,"",""
ball,2,36.1,Pakistan,Mohammad Hafeez,Babar Azam,MM Ali,4,0,,,,,,"",""
ball,2,36.2,Pakistan,Mohammad Hafeez,Babar Azam,MM Ali,0,0,,,,,,"",""
ball,2,36.3,Pakistan,Mohammad Hafeez,Babar Azam,MM Ali,0,0,,,,,,"",""
ball,2,36.4,Pakistan,Mohammad Hafeez,Babar Azam,MM Ali,4,0,,,,,,"",""
ball,2,36.5,Pakistan,Mohammad Hafeez,Babar Azam,MM Ali,1,0,,,,,,"",""
ball,2,36.6,Pakistan,Babar Azam,Mohammad Hafeez,MM Ali,0,0,,,,,,"",""
ball,2,37.1,Pakistan,Mohammad Hafeez,Babar Azam,BA Stokes,4,0,,,,,,"",""
