version,1.6.0
info,balls_per_over,6
info,team,Sydney Sixers
info,team,Adelaide Strikers
info,gender,female
info,season,2016/17
info,date,2017/01/02
info,event,Women's Big Bash League
info,match_number,28
info,venue,Adelaide Oval
info,city,
info,toss_winner,Sydney Sixers
info,toss_decision,bat
info,player_of_match,AJ Healy
info,umpire,C Thomas
info,umpire,L Uthenwoldt
info,match_referee,KD Perrin
info,winner,Sydney Sixers
info,winner_runs,19
info,player,Sydney Sixers,AJ Healy
info,player,Sydney Sixers,EA Perry
info,player,Sydney Sixers,A Gardner
info,player,Sydney Sixers,SJ McGlashan
info,player,Sydney Sixers,D van Niekerk
info,player,Sydney Sixers,M Kapp
info,player,Sydney Sixers,AR Reakes
info,player,Sydney Sixers,SE Aley
info,player,Sydney Sixers,LC Sthalekar
info,player,Sydney Sixers,EA Leys
info,player,Sydney Sixers,LG Smith
info,player,Adelaide Strikers,TT Beaumont
info,player,Adelaide Strikers,A Price
info,player,Adelaide Strikers,TM McGrath
info,player,Adelaide Strikers,S Nitschke
info,player,Adelaide Strikers,BE Patterson
info,player,Adelaide Strikers,SJ Coyte
info,player,Adelaide Strikers,ML Schutt
info,player,Adelaide Strikers,A Wellington
info,player,Adelaide Strikers,TJ McPharlin
info,player,Adelaide Strikers,T Saville
info,player,Adelaide Strikers,SJ Elliott
info,registry,people,A Gardner,bc969efb
info,registry,people,A Price,99e26cea
info,registry,people,A Wellington,9b3bcca4
info,registry,people,AJ Healy,321644de
info,registry,people,AR Reakes,13781d43
info,registry,people,BE Patterson,7dfbcfff
info,registry,people,C Thomas,68664af7
info,registry,people,D van Niekerk,8c5775f3
info,registry,people,EA Leys,a6d06180
info,registry,people,EA Perry,be150fc8
info,registry,people,KD Perrin,6ce9da23
info,registry,people,L Uthenwoldt,021223ce
info,registry,people,LC Sthalekar,6bb7a785
info,registry,people,LG Smith,9c515112
info,registry,people,M Kapp,63e3b6b3
info,registry,people,ML Schutt,17608a6f
info,registry,people,S Nitschke,3032933c
info,registry,people,SE Aley,5be043df
info,registry,people,SJ Coyte,a5f488bc
info,registry,people,SJ Elliott,13f8d4b5
info,registry,people,SJ McGlashan,af71535d
info,registry,people,T Saville,2ef9bdcb
info,registry,people,TJ McPharlin,595e1ee7
info,registry,people,TM McGrath,ca5acfa4
info,registry,people,TT Beaumont,b2664905
ball,1,0.1,Sydney Sixers,AJ Healy,EA Perry,ML Schutt,1,0,,,,,,"",""
ball,1,0.2,Sydney Sixers,EA Perry,AJ Healy,ML Schutt,1,0,,,,,,"",""
ball,1,0.3,Sydney Sixers,AJ Healy,EA Perry,ML Schutt,0,0,,,,,,"",""
ball,1,0.4,Sydney Sixers,AJ Healy,EA Perry,ML Schutt,0,0,,,,,,"",""
ball,1,0.5,Sydney Sixers,AJ Healy,EA Perry,ML Schutt,0,0,,,,,,"",""
ball,1,0.6,Sydney Sixers,AJ Healy,EA Perry,ML Schutt,1,0,,,,,,"",""
ball,1,1.1,Sydney Sixers,AJ Healy,EA Perry,S Nitschke,0,0,,,,,,"",""
ball,1,1.2,Sydney Sixers,AJ Healy,EA Perry,S Nitschke,1,0,,,,,,"",""
ball,1,1.3,Sydney Sixers,EA Perry,AJ Healy,S Nitschke,0,0,,,,,,"",""
ball,1,1.4,Sydney Sixers,EA Perry,AJ Healy,S Nitschke,0,0,,,,,,"",""
ball,1,1.5,Sydney Sixers,EA Perry,AJ Healy,S Nitschke,0,1,1,,,,,"",""
ball,1,1.6,Sydney Sixers,EA Perry,AJ Healy,S Nitschke,0,0,,,,,,"",""
ball,1,1.7,Sydney Sixers,EA Perry,AJ Healy,S Nitschke,0,0,,,,,,"",""
ball,1,2.1,Sydney Sixers,AJ Healy,EA Perry,ML Schutt,0,0,,,,,,"",""
ball,1,2.2,Sydney Sixers,AJ Healy,EA Perry,ML Schutt,0,0,,,,,,"",""
ball,1,2.3,Sydney Sixers,AJ Healy,EA Perry,ML Schutt,2,0,,,,,,"",""
ball,1,2.4,Sydney Sixers,AJ Healy,EA Perry,ML Schutt,0,1,1,,,,,"",""
ball,1,2.5,Sydney Sixers,AJ Healy,EA Perry,ML Schutt,2,0,,,,,,"",""
ball,1,2.6,Sydney Sixers,AJ Healy,EA Perry,ML Schutt,1,0,,,,,,"",""
ball,1,2.7,Sydney Sixers,EA Perry,AJ Healy,ML Schutt,0,0,,,,,,"",""
ball,1,3.1,Sydney Sixers,AJ Healy,EA Perry,A Wellington,1,0,,,,,,"",""
ball,1,3.2,Sydney Sixers,EA Perry,AJ Healy,A Wellington,4,0,,,,,,"",""
ball,1,3.3,Sydney Sixers,EA Perry,AJ Healy,A Wellington,0,0,,,,,,"",""
ball,1,3.4,Sydney Sixers,EA Perry,AJ Healy,A Wellington,1,0,,,,,,"",""
ball,1,3.5,Sydney Sixers,AJ Healy,EA Perry,A Wellington,6,0,,,,,,"",""
ball,1,3.6,Sydney Sixers,AJ Healy,EA Perry,A Wellington,4,0,,,,,,"",""
ball,1,4.1,Sydney Sixers,EA Perry,AJ Healy,ML Schutt,1,0,,,,,,"",""
ball,1,4.2,Sydney Sixers,AJ Healy,EA Perry,ML Schutt,1,0,,,,,,"",""
ball,1,4.3,Sydney Sixers,EA Perry,AJ Healy,ML Schutt,0,0,,,,,,"",""
ball,1,4.4,Sydney Sixers,EA Perry,AJ Healy,ML Schutt,0,0,,,,,,"",""
ball,1,4.5,Sydney Sixers,EA Perry,AJ Healy,ML Schutt,1,0,,,,,,"",""
ball,1,4.6,Sydney Sixers,AJ Healy,EA Perry,ML Schutt,2,0,,,,,,"",""
ball,1,5.1,Sydney Sixers,EA Perry,AJ Healy,SJ Coyte,4,0,,,,,,"",""
ball,1,5.2,Sydney Sixers,EA Perry,AJ Healy,SJ Coyte,1,0,,,,,,"",""
ball,1,5.3,Sydney Sixers,AJ Healy,EA Perry,SJ Coyte,4,0,,,,,,"",""
ball,1,5.4,Sydney Sixers,AJ Healy,EA Perry,SJ Coyte,0,0,,,,,,"",""
ball,1,5.5,Sydney Sixers,AJ Healy,EA Perry,SJ Coyte,0,0,,,,,,"",""
ball,1,5.6,Sydney Sixers,AJ Healy,EA Perry,SJ Coyte,1,0,,,,,,"",""
ball,1,6.1,Sydney Sixers,AJ Healy,EA Perry,SJ Elliott,0,0,,,,,,"",""
ball,1,6.2,Sydney Sixers,AJ Healy,EA Perry,SJ Elliott,0,0,,,,,,"",""
ball,1,6.3,Sydney Sixers,AJ Healy,EA Perry,SJ Elliott,1,0,,,,,,"",""
ball,1,6.4,Sydney Sixers,EA Perry,AJ Healy,SJ Elliott,1,0,,,,,,"",""
ball,1,6.5,Sydney Sixers,AJ Healy,EA Perry,SJ Elliott,0,0,,,,,,"",""
ball,1,6.6,Sydney Sixers,AJ Healy,EA Perry,SJ Elliott,1,0,,,,,,"",""
ball,1,7.1,Sydney Sixers,AJ Healy,EA Perry,S Nitschke,1,0,,,,,,"",""
ball,1,7.2,Sydney Sixers,EA Perry,AJ Healy,S Nitschke,1,0,,,,,,"",""
ball,1,7.3,Sydney Sixers,AJ Healy,EA Perry,S Nitschke,0,1,1,,,,,"",""
ball,1,7.4,Sydney Sixers,AJ Healy,EA Perry,S Nitschke,1,0,,,,,,"",""
ball,1,7.5,Sydney Sixers,EA Perry,AJ Healy,S Nitschke,1,0,,,,,,"",""
ball,1,7.6,Sydney Sixers,AJ Healy,EA Perry,S Nitschke,1,0,,,,,,"",""
ball,1,7.7,Sydney Sixers,EA Perry,AJ Healy,S Nitschke,0,1,1,,,,,"",""
ball,1,7.8,Sydney Sixers,EA Perry,AJ Healy,S Nitschke,1,0,,,,,,"",""
ball,1,8.1,Sydney Sixers,EA Perry,AJ Healy,SJ Elliott,1,0,,,,,,"",""
ball,1,8.2,Sydney Sixers,AJ Healy,EA Perry,SJ Elliott,2,0,,,,,,"",""
ball,1,8.3,Sydney Sixers,AJ Healy,EA Perry,SJ Elliott,1,0,,,,,,"",""
ball,1,8.4,Sydney Sixers,EA Perry,AJ Healy,SJ Elliott,1,0,,,,,,"",""
ball,1,8.5,Sydney Sixers,AJ Healy,EA Perry,SJ Elliott,3,0,,,,,,"",""
ball,1,8.6,Sydney Sixers,EA Perry,AJ Healy,SJ Elliott,0,0,,,,,,"",""
ball,1,9.1,Sydney Sixers,AJ Healy,EA Perry,S Nitschke,2,0,,,,,,"",""
ball,1,9.2,Sydney Sixers,AJ Healy,EA Perry,S Nitschke,0,0,,,,,,"",""
ball,1,9.3,Sydney Sixers,AJ Healy,EA Perry,S Nitschke,1,0,,,,,,"",""
ball,1,9.4,Sydney Sixers,EA Perry,AJ Healy,S Nitschke,0,0,,,,,,"",""
ball,1,9.5,Sydney Sixers,EA Perry,AJ Healy,S Nitschke,1,0,,,,,,"",""
ball,1,9.6,Sydney Sixers,AJ Healy,EA Perry,S Nitschke,4,0,,,,,,"",""
ball,1,10.1,Sydney Sixers,EA Perry,AJ Healy,A Wellington,1,0,,,,,,"",""
ball,1,10.2,Sydney Sixers,AJ Healy,EA Perry,A Wellington,1,0,,,,,,"",""
ball,1,10.3,Sydney Sixers,EA Perry,AJ Healy,A Wellington,0,0,,,,,,"",""
ball,1,10.4,Sydney Sixers,EA Perry,AJ Healy,A Wellington,0,0,,,,,,"",""
ball,1,10.5,Sydney Sixers,EA Perry,AJ Healy,A Wellington,4,0,,,,,,"",""
ball,1,10.6,Sydney Sixers,EA Perry,AJ Healy,A Wellington,0,0,,,,,,"",""
ball,1,11.1,Sydney Sixers,AJ Healy,EA Perry,SJ Coyte,1,0,,,,,,"",""
ball,1,11.2,Sydney Sixers,EA Perry,AJ Healy,SJ Coyte,2,0,,,,,,"",""
ball,1,11.3,Sydney Sixers,EA Perry,AJ Healy,SJ Coyte,1,0,,,,,,"",""
ball,1,11.4,Sydney Sixers,AJ Healy,EA Perry,SJ Coyte,4,0,,,,,,"",""
ball,1,11.5,Sydney Sixers,AJ Healy,EA Perry,SJ Coyte,0,0,,,,,,lbw,AJ Healy
ball,1,11.6,Sydney Sixers,A Gardner,EA Perry,SJ Coyte,0,0,,,,,,"",""
ball,1,12.1,Sydney Sixers,EA Perry,A Gardner,A Wellington,1,0,,,,,,"",""
ball,1,12.2,Sydney Sixers,A Gardner,EA Perry,A Wellington,0,1,1,,,,,"",""
ball,1,12.3,Sydney Sixers,A Gardner,EA Perry,A Wellington,0,0,,,,,,"",""
ball,1,12.4,Sydney Sixers,A Gardner,EA Perry,A Wellington,4,0,,,,,,"",""
ball,1,12.5,Sydney Sixers,A Gardner,EA Perry,A Wellington,1,0,,,,,,"",""
ball,1,12.6,Sydney Sixers,EA Perry,A Gardner,A Wellington,0,1,1,,,,,"",""
ball,1,12.7,Sydney Sixers,EA Perry,A Gardner,A Wellington,0,0,,,,,,"",""
ball,1,12.8,Sydney Sixers,EA Perry,A Gardner,A Wellington,1,0,,,,,,"",""
ball,1,13.1,Sydney Sixers,EA Perry,A Gardner,A Price,0,0,,,,,,"",""
ball,1,13.2,Sydney Sixers,EA Perry,A Gardner,A Price,0,0,,,,,,"",""
ball,1,13.3,Sydney Sixers,EA Perry,A Gardner,A Price,0,0,,,,,,"",""
ball,1,13.4,Sydney Sixers,EA Perry,A Gardner,A Price,4,0,,,,,,"",""
ball,1,13.5,Sydney Sixers,EA Perry,A Gardner,A Price,0,0,,,,,,caught,EA Perry
ball,1,13.6,Sydney Sixers,A Gardner,SJ McGlashan,A Price,2,0,,,,,,"",""
ball,1,14.1,Sydney Sixers,SJ McGlashan,A Gardner,SJ Elliott,1,0,,,,,,"",""
ball,1,14.2,Sydney Sixers,A Gardner,SJ McGlashan,SJ Elliott,4,0,,,,,,"",""
ball,1,14.3,Sydney Sixers,A Gardner,SJ McGlashan,SJ Elliott,2,0,,,,,,"",""
ball,1,14.4,Sydney Sixers,A Gardner,SJ McGlashan,SJ Elliott,2,0,,,,,,"",""
ball,1,14.5,Sydney Sixers,A Gardner,SJ McGlashan,SJ Elliott,4,0,,,,,,"",""
ball,1,14.6,Sydney Sixers,A Gardner,SJ McGlashan,SJ Elliott,1,0,,,,,,"",""
ball,1,15.1,Sydney Sixers,A Gardner,SJ McGlashan,A Price,4,0,,,,,,"",""
ball,1,15.2,Sydney Sixers,A Gardner,SJ McGlashan,A Price,1,0,,,,,,"",""
ball,1,15.3,Sydney Sixers,SJ McGlashan,A Gardner,A Price,1,0,,,,,,"",""
ball,1,15.4,Sydney Sixers,A Gardner,SJ McGlashan,A Price,1,0,,,,,,"",""
ball,1,15.5,Sydney Sixers,SJ McGlashan,A Gardner,A Price,0,0,,,,,,"",""
ball,1,15.6,Sydney Sixers,SJ McGlashan,A Gardner,A Price,0,0,,,,,,"",""
ball,1,16.1,Sydney Sixers,A Gardner,SJ McGlashan,SJ Coyte,0,0,,,,,,caught,A Gardner
ball,1,16.2,Sydney Sixers,D van Niekerk,SJ McGlashan,SJ Coyte,0,0,,,,,,"",""
ball,1,16.3,Sydney Sixers,D van Niekerk,SJ McGlashan,SJ Coyte,1,0,,,,,,"",""
ball,1,16.4,Sydney Sixers,SJ McGlashan,D van Niekerk,SJ Coyte,1,0,,,,,,"",""
ball,1,16.5,Sydney Sixers,D van Niekerk,SJ McGlashan,SJ Coyte,1,0,,,,,,"",""
ball,1,16.6,Sydney Sixers,SJ McGlashan,D van Niekerk,SJ Coyte,4,0,,,,,,"",""
ball,1,17.1,Sydney Sixers,D van Niekerk,SJ McGlashan,S Nitschke,2,0,,,,,,"",""
ball,1,17.2,Sydney Sixers,D van Niekerk,SJ McGlashan,S Nitschke,1,0,,,,,,"",""
ball,1,17.3,Sydney Sixers,SJ McGlashan,D van Niekerk,S Nitschke,1,0,,,,,,"",""
ball,1,17.4,Sydney Sixers,D van Niekerk,SJ McGlashan,S Nitschke,0,1,1,,,,,"",""
ball,1,17.5,Sydney Sixers,D van Niekerk,SJ McGlashan,S Nitschke,1,0,,,,,,"",""
ball,1,17.6,Sydney Sixers,SJ McGlashan,D van Niekerk,S Nitschke,4,0,,,,,,"",""
ball,1,17.7,Sydney Sixers,SJ McGlashan,D van Niekerk,S Nitschke,0,0,,,,,,"",""
ball,1,18.1,Sydney Sixers,D van Niekerk,SJ McGlashan,SJ Coyte,2,0,,,,,,"",""
ball,1,18.2,Sydney Sixers,D van Niekerk,SJ McGlashan,SJ Coyte,1,0,,,,,,"",""
ball,1,18.3,Sydney Sixers,SJ McGlashan,D van Niekerk,SJ Coyte,4,0,,,,,,"",""
ball,1,18.4,Sydney Sixers,SJ McGlashan,D van Niekerk,SJ Coyte,1,0,,,,,,"",""
ball,1,18.5,Sydney Sixers,D van Niekerk,SJ McGlashan,SJ Coyte,0,0,,,,,,"",""
ball,1,18.6,Sydney Sixers,D van Niekerk,SJ McGlashan,SJ Coyte,1,0,,,,,,"",""
ball,1,19.1,Sydney Sixers,D van Niekerk,SJ McGlashan,ML Schutt,1,0,,,,,,"",""
ball,1,19.2,Sydney Sixers,SJ McGlashan,D van Niekerk,ML Schutt,1,0,,,,,,"",""
ball,1,19.3,Sydney Sixers,D van Niekerk,SJ McGlashan,ML Schutt,4,0,,,,,,"",""
ball,1,19.4,Sydney Sixers,D van Niekerk,SJ McGlashan,ML Schutt,2,0,,,,,,"",""
ball,1,19.5,Sydney Sixers,D van Niekerk,SJ McGlashan,ML Schutt,4,0,,,,,,"",""
ball,1,19.6,Sydney Sixers,D van Niekerk,SJ McGlashan,ML Schutt,4,0,,,,,,"",""
ball,2,0.1,Adelaide Strikers,TT Beaumont,A Price,M Kapp,0,0,,,,,,"",""
ball,2,0.2,Adelaide Strikers,TT Beaumont,A Price,M Kapp,4,0,,,,,,"",""
ball,2,0.3,Adelaide Strikers,TT Beaumont,A Price,M Kapp,0,0,,,,,,"",""
ball,2,0.4,Adelaide Strikers,TT Beaumont,A Price,M Kapp,0,0,,,,,,"",""
ball,2,0.5,Adelaide Strikers,TT Beaumont,A Price,M Kapp,0,0,,,,,,"",""
ball,2,0.6,Adelaide Strikers,TT Beaumont,A Price,M Kapp,0,1,1,,,,,"",""
ball,2,0.7,Adelaide Strikers,TT Beaumont,A Price,M Kapp,0,0,,,,,,"",""
ball,2,1.1,Adelaide Strikers,A Price,TT Beaumont,EA Perry,0,0,,,,,,"",""
ball,2,1.2,Adelaide Strikers,A Price,TT Beaumont,EA Perry,0,1,,,,1,,"",""
ball,2,1.3,Adelaide Strikers,TT Beaumont,A Price,EA Perry,1,0,,,,,,"",""
ball,2,1.4,Adelaide Strikers,A Price,TT Beaumont,EA Perry,1,0,,,,,,"",""
ball,2,1.5,Adelaide Strikers,TT Beaumont,A Price,EA Perry,4,0,,,,,,"",""
ball,2,1.6,Adelaide Strikers,TT Beaumont,A Price,EA Perry,0,0,,,,,,"",""
ball,2,2.1,Adelaide Strikers,A Price,TT Beaumont,M Kapp,3,0,,,,,,"",""
ball,2,2.2,Adelaide Strikers,TT Beaumont,A Price,M Kapp,0,0,,,,,,"",""
ball,2,2.3,Adelaide Strikers,TT Beaumont,A Price,M Kapp,0,0,,,,,,"",""
ball,2,2.4,Adelaide Strikers,TT Beaumont,A Price,M Kapp,0,0,,,,,,"",""
ball,2,2.5,Adelaide Strikers,TT Beaumont,A Price,M Kapp,4,0,,,,,,"",""
ball,2,2.6,Adelaide Strikers,TT Beaumont,A Price,M Kapp,0,1,1,,,,,"",""
ball,2,2.7,Adelaide Strikers,TT Beaumont,A Price,M Kapp,0,0,,,,,,"",""
ball,2,3.1,Adelaide Strikers,A Price,TT Beaumont,SE Aley,1,0,,,,,,"",""
ball,2,3.2,Adelaide Strikers,TT Beaumont,A Price,SE Aley,1,0,,,,,,"",""
ball,2,3.3,Adelaide Strikers,A Price,TT Beaumont,SE Aley,0,0,,,,,,caught,A Price
ball,2,3.4,Adelaide Strikers,TM McGrath,TT Beaumont,SE Aley,0,0,,,,,,"",""
ball,2,3.5,Adelaide Strikers,TM McGrath,TT Beaumont,SE Aley,0,0,,,,,,"",""
ball,2,3.6,Adelaide Strikers,TM McGrath,TT Beaumont,SE Aley,0,0,,,,,,"",""
ball,2,4.1,Adelaide Strikers,TT Beaumont,TM McGrath,D van Niekerk,1,0,,,,,,"",""
ball,2,4.2,Adelaide Strikers,TM McGrath,TT Beaumont,D van Niekerk,2,0,,,,,,"",""
ball,2,4.3,Adelaide Strikers,TM McGrath,TT Beaumont,D van Niekerk,4,0,,,,,,"",""
ball,2,4.4,Adelaide Strikers,TM McGrath,TT Beaumont,D van Niekerk,0,0,,,,,,"",""
ball,2,4.5,Adelaide Strikers,TM McGrath,TT Beaumont,D van Niekerk,0,1,1,,,,,"",""
ball,2,4.6,Adelaide Strikers,TM McGrath,TT Beaumont,D van Niekerk,0,1,,1,,,,"",""
ball,2,4.7,Adelaide Strikers,TM McGrath,TT Beaumont,D van Niekerk,1,0,,,,,,"",""
ball,2,4.8,Adelaide Strikers,TT Beaumont,TM McGrath,D van Niekerk,0,0,,,,,,"",""
ball,2,5.1,Adelaide Strikers,TM McGrath,TT Beaumont,M Kapp,0,0,,,,,,caught,TM McGrath
ball,2,5.2,Adelaide Strikers,S Nitschke,TT Beaumont,M Kapp,0,1,1,,,,,"",""
ball,2,5.3,Adelaide Strikers,S Nitschke,TT Beaumont,M Kapp,0,0,,,,,,"",""
ball,2,5.4,Adelaide Strikers,S Nitschke,TT Beaumont,M Kapp,1,0,,,,,,"",""
ball,2,5.5,Adelaide Strikers,TT Beaumont,S Nitschke,M Kapp,0,0,,,,,,"",""
ball,2,5.6,Adelaide Strikers,TT Beaumont,S Nitschke,M Kapp,0,0,,,,,,"",""
ball,2,5.7,Adelaide Strikers,TT Beaumont,S Nitschke,M Kapp,4,0,,,,,,"",""
ball,2,6.1,Adelaide Strikers,S Nitschke,TT Beaumont,SE Aley,1,0,,,,,,"",""
ball,2,6.2,Adelaide Strikers,TT Beaumont,S Nitschke,SE Aley,0,0,,,,,,"",""
ball,2,6.3,Adelaide Strikers,TT Beaumont,S Nitschke,SE Aley,1,0,,,,,,"",""
ball,2,6.4,Adelaide Strikers,S Nitschke,TT Beaumont,SE Aley,0,0,,,,,,"",""
ball,2,6.5,Adelaide Strikers,S Nitschke,TT Beaumont,SE Aley,0,0,,,,,,"",""
ball,2,6.6,Adelaide Strikers,S Nitschke,TT Beaumont,SE Aley,1,0,,,,,,"",""
ball,2,7.1,Adelaide Strikers,S Nitschke,TT Beaumont,EA Perry,0,1,1,,,,,"",""
ball,2,7.2,Adelaide Strikers,S Nitschke,TT Beaumont,EA Perry,1,0,,,,,,"",""
ball,2,7.3,Adelaide Strikers,TT Beaumont,S Nitschke,EA Perry,1,0,,,,,,"",""
ball,2,7.4,Adelaide Strikers,S Nitschke,TT Beaumont,EA Perry,1,0,,,,,,"",""
ball,2,7.5,Adelaide Strikers,TT Beaumont,S Nitschke,EA Perry,1,0,,,,,,"",""
ball,2,7.6,Adelaide Strikers,S Nitschke,TT Beaumont,EA Perry,1,0,,,,,,"",""
ball,2,7.7,Adelaide Strikers,TT Beaumont,S Nitschke,EA Perry,1,0,,,,,,"",""
ball,2,8.1,Adelaide Strikers,TT Beaumont,S Nitschke,A Gardner,0,0,,,,,,"",""
ball,2,8.2,Adelaide Strikers,TT Beaumont,S Nitschke,A Gardner,4,0,,,,,,"",""
ball,2,8.3,Adelaide Strikers,TT Beaumont,S Nitschke,A Gardner,1,0,,,,,,"",""
ball,2,8.4,Adelaide Strikers,S Nitschke,TT Beaumont,A Gardner,4,0,,,,,,"",""
ball,2,8.5,Adelaide Strikers,S Nitschke,TT Beaumont,A Gardner,4,0,,,,,,"",""
ball,2,8.6,Adelaide Strikers,S Nitschke,TT Beaumont,A Gardner,0,0,,,,,,bowled,S Nitschke
ball,2,9.1,Adelaide Strikers,TT Beaumont,BE Patterson,D van Niekerk,0,0,,,,,,"",""
ball,2,9.2,Adelaide Strikers,TT Beaumont,BE Patterson,D van Niekerk,0,0,,,,,,"",""
ball,2,9.3,Adelaide Strikers,TT Beaumont,BE Patterson,D van Niekerk,0,0,,,,,,"",""
ball,2,9.4,Adelaide Strikers,TT Beaumont,BE Patterson,D van Niekerk,1,0,,,,,,"",""
ball,2,9.5,Adelaide Strikers,BE Patterson,TT Beaumont,D van Niekerk,0,0,,,,,,"",""
ball,2,9.6,Adelaide Strikers,BE Patterson,TT Beaumont,D van Niekerk,0,0,,,,,,"",""
ball,2,10.1,Adelaide Strikers,TT Beaumont,BE Patterson,LG Smith,0,0,,,,,,"",""
ball,2,10.2,Adelaide Strikers,TT Beaumont,BE Patterson,LG Smith,0,0,,,,,,"",""
ball,2,10.3,Adelaide Strikers,TT Beaumont,BE Patterson,LG Smith,0,0,,,,,,"",""
ball,2,10.4,Adelaide Strikers,TT Beaumont,BE Patterson,LG Smith,1,0,,,,,,"",""
ball,2,10.5,Adelaide Strikers,BE Patterson,TT Beaumont,LG Smith,1,0,,,,,,"",""
ball,2,10.6,Adelaide Strikers,TT Beaumont,BE Patterson,LG Smith,1,0,,,,,,"",""
ball,2,11.1,Adelaide Strikers,TT Beaumont,BE Patterson,D van Niekerk,0,0,,,,,,"",""
ball,2,11.2,Adelaide Strikers,TT Beaumont,BE Patterson,D van Niekerk,1,0,,,,,,"",""
ball,2,11.3,Adelaide Strikers,BE Patterson,TT Beaumont,D van Niekerk,1,0,,,,,,"",""
ball,2,11.4,Adelaide Strikers,TT Beaumont,BE Patterson,D van Niekerk,0,0,,,,,,"",""
ball,2,11.5,Adelaide Strikers,TT Beaumont,BE Patterson,D van Niekerk,0,1,,,,1,,"",""
ball,2,11.6,Adelaide Strikers,BE Patterson,TT Beaumont,D van Niekerk,0,0,,,,,,"",""
ball,2,12.1,Adelaide Strikers,TT Beaumont,BE Patterson,LG Smith,4,0,,,,,,"",""
ball,2,12.2,Adelaide Strikers,TT Beaumont,BE Patterson,LG Smith,1,0,,,,,,"",""
ball,2,12.3,Adelaide Strikers,BE Patterson,TT Beaumont,LG Smith,2,0,,,,,,"",""
ball,2,12.4,Adelaide Strikers,BE Patterson,TT Beaumont,LG Smith,1,0,,,,,,"",""
ball,2,12.5,Adelaide Strikers,TT Beaumont,BE Patterson,LG Smith,2,0,,,,,,"",""
ball,2,12.6,Adelaide Strikers,TT Beaumont,BE Patterson,LG Smith,4,0,,,,,,"",""
ball,2,13.1,Adelaide Strikers,BE Patterson,TT Beaumont,SE Aley,2,0,,,,,,"",""
ball,2,13.2,Adelaide Strikers,BE Patterson,TT Beaumont,SE Aley,0,0,,,,,,"",""
ball,2,13.3,Adelaide Strikers,BE Patterson,TT Beaumont,SE Aley,0,0,,,,,,"",""
ball,2,13.4,Adelaide Strikers,BE Patterson,TT Beaumont,SE Aley,2,0,,,,,,"",""
ball,2,13.5,Adelaide Strikers,BE Patterson,TT Beaumont,SE Aley,1,0,,,,,,"",""
ball,2,13.6,Adelaide Strikers,TT Beaumont,BE Patterson,SE Aley,1,0,,,,,,"",""
ball,2,14.1,Adelaide Strikers,TT Beaumont,BE Patterson,LC Sthalekar,1,0,,,,,,"",""
ball,2,14.2,Adelaide Strikers,BE Patterson,TT Beaumont,LC Sthalekar,2,0,,,,,,"",""
ball,2,14.3,Adelaide Strikers,BE Patterson,TT Beaumont,LC Sthalekar,1,0,,,,,,"",""
ball,2,14.4,Adelaide Strikers,TT Beaumont,BE Patterson,LC Sthalekar,1,0,,,,,,"",""
ball,2,14.5,Adelaide Strikers,BE Patterson,TT Beaumont,LC Sthalekar,1,0,,,,,,"",""
ball,2,14.6,Adelaide Strikers,TT Beaumont,BE Patterson,LC Sthalekar,1,0,,,,,,"",""
ball,2,15.1,Adelaide Strikers,TT Beaumont,BE Patterson,D van Niekerk,1,0,,,,,,"",""
ball,2,15.2,Adelaide Strikers,BE Patterson,TT Beaumont,D van Niekerk,4,0,,,,,,"",""
ball,2,15.3,Adelaide Strikers,BE Patterson,TT Beaumont,D van Niekerk,1,0,,,,,,"",""
ball,2,15.4,Adelaide Strikers,TT Beaumont,BE Patterson,D van Niekerk,0,0,,,,,,"",""
ball,2,15.5,Adelaide Strikers,TT Beaumont,BE Patterson,D van Niekerk,1,0,,,,,,"",""
ball,2,15.6,Adelaide Strikers,BE Patterson,TT Beaumont,D van Niekerk,1,0,,,,,,"",""
ball,2,16.1,Adelaide Strikers,BE Patterson,TT Beaumont,SE Aley,1,0,,,,,,"",""
ball,2,16.2,Adelaide Strikers,TT Beaumont,BE Patterson,SE Aley,1,0,,,,,,"",""
ball,2,16.3,Adelaide Strikers,BE Patterson,TT Beaumont,SE Aley,1,0,,,,,,"",""
ball,2,16.4,Adelaide Strikers,TT Beaumont,BE Patterson,SE Aley,1,0,,,,,,"",""
ball,2,16.5,Adelaide Strikers,BE Patterson,TT Beaumont,SE Aley,2,0,,,,,,"",""
ball,2,16.6,Adelaide Strikers,BE Patterson,TT Beaumont,SE Aley,1,0,,,,,,"",""
ball,2,17.1,Adelaide Strikers,BE Patterson,TT Beaumont,LC Sthalekar,0,1,,,1,,,"",""
ball,2,17.2,Adelaide Strikers,TT Beaumont,BE Patterson,LC Sthalekar,6,0,,,,,,"",""
ball,2,17.3,Adelaide Strikers,TT Beaumont,BE Patterson,LC Sthalekar,0,0,,,,,,caught,TT Beaumont
ball,2,17.4,Adelaide Strikers,SJ Coyte,BE Patterson,LC Sthalekar,1,0,,,,,,"",""
ball,2,17.5,Adelaide Strikers,BE Patterson,SJ Coyte,LC Sthalekar,1,0,,,,,,"",""
ball,2,17.6,Adelaide Strikers,SJ Coyte,BE Patterson,LC Sthalekar,1,0,,,,,,"",""
ball,2,18.1,Adelaide Strikers,SJ Coyte,BE Patterson,M Kapp,0,0,,,,,,"",""
ball,2,18.2,Adelaide Strikers,SJ Coyte,BE Patterson,M Kapp,1,0,,,,,,"",""
ball,2,18.3,Adelaide Strikers,BE Patterson,SJ Coyte,M Kapp,1,0,,,,,,"",""
ball,2,18.4,Adelaide Strikers,SJ Coyte,BE Patterson,M Kapp,1,0,,,,,,"",""
ball,2,18.5,Adelaide Strikers,BE Patterson,SJ Coyte,M Kapp,1,0,,,,,,"",""
ball,2,18.6,Adelaide Strikers,SJ Coyte,BE Patterson,M Kapp,4,0,,,,,,"",""
ball,2,19.1,Adelaide Strikers,BE Patterson,SJ Coyte,EA Perry,1,0,,,,,,"",""
ball,2,19.2,Adelaide Strikers,SJ Coyte,BE Patterson,EA Perry,1,0,,,,,,"",""
ball,2,19.3,Adelaide Strikers,BE Patterson,SJ Coyte,EA Perry,4,0,,,,,,"",""
ball,2,19.4,Adelaide Strikers,BE Patterson,SJ Coyte,EA Perry,4,1,,1,,,,"",""
ball,2,19.5,Adelaide Strikers,BE Patterson,SJ Coyte,EA Perry,0,0,,,,,,"",""
ball,2,19.6,Adelaide Strikers,BE Patterson,SJ Coyte,EA Perry,3,0,,,,,,"",""
ball,2,19.7,Adelaide Strikers,SJ Coyte,BE Patterson,EA Perry,0,0,,,,,,run out,SJ Coyte
