version,1.6.0
info,balls_per_over,6
info,team,Sydney Sixers
info,team,Melbourne Stars
info,gender,female
info,season,2016/17
info,date,2016/12/18
info,event,Women's Big Bash League
info,match_number,15
info,venue,Casey Fields No. 4
info,city,Melbourne
info,toss_winner,Melbourne Stars
info,toss_decision,field
info,player_of_match,D Hazell
info,umpire,D Ireland
info,umpire,DJ Shepard
info,match_referee,Kent Hannam
info,winner,Melbourne Stars
info,winner_wickets,7
info,player,Sydney Sixers,AJ Healy
info,player,Sydney Sixers,EA Perry
info,player,Sydney Sixers,D van Niekerk
info,player,Sydney Sixers,A Gardner
info,player,Sydney Sixers,SJ McGlashan
info,player,Sydney Sixers,M Kapp
info,player,Sydney Sixers,AR Reakes
info,player,Sydney Sixers,SE Aley
info,player,Sydney Sixers,LC Sthalekar
info,player,Sydney Sixers,EA Leys
info,player,Sydney Sixers,LG Smith
info,player,Melbourne Stars,EJ Inglis
info,player,Melbourne Stars,MM Lanning
info,player,Melbourne Stars,JE Cameron
info,player,Melbourne Stars,HNK Jensen
info,player,Melbourne Stars,KM Mack
info,player,Melbourne Stars,L Bardsley
info,player,Melbourne Stars,E Kearney
info,player,Melbourne Stars,D Hazell
info,player,Melbourne Stars,A King
info,player,Melbourne Stars,MJG Nielsen
info,player,Melbourne Stars,GL Triscari
info,registry,people,A Gardner,bc969efb
info,registry,people,A King,83558266
info,registry,people,AJ Healy,321644de
info,registry,people,AR Reakes,13781d43
info,registry,people,D Hazell,ea8b65ab
info,registry,people,D Ireland,9b4fc7b9
info,registry,people,D van Niekerk,8c5775f3
info,registry,people,DJ Shepard,d3533ba5
info,registry,people,E Kearney,437068a1
info,registry,people,EA Leys,a6d06180
info,registry,people,EA Perry,be150fc8
info,registry,people,EJ Inglis,b0ca6975
info,registry,people,GL Triscari,207ba61e
info,registry,people,HNK Jensen,b8cce99f
info,registry,people,JE Cameron,5ebc3941
info,registry,people,KM Mack,ef13bd20
info,registry,people,Kent Hannam,8cc171e7
info,registry,people,L Bardsley,ad061133
info,registry,people,LC Sthalekar,6bb7a785
info,registry,people,LG Smith,9c515112
info,registry,people,M Kapp,63e3b6b3
info,registry,people,MJG Nielsen,e2410b5e
info,registry,people,MM Lanning,27e003ce
info,registry,people,SE Aley,5be043df
info,registry,people,SJ McGlashan,af71535d
ball,1,0.1,Sydney Sixers,AJ Healy,EA Perry,E Kearney,0,0,,,,,,"",""
ball,1,0.2,Sydney Sixers,AJ Healy,EA Perry,E Kearney,4,0,,,,,,"",""
ball,1,0.3,Sydney Sixers,AJ Healy,EA Perry,E Kearney,0,0,,,,,,"",""
ball,1,0.4,Sydney Sixers,AJ Healy,EA Perry,E Kearney,0,0,,,,,,"",""
ball,1,0.5,Sydney Sixers,AJ Healy,EA Perry,E Kearney,4,0,,,,,,"",""
ball,1,0.6,Sydney Sixers,AJ Healy,EA Perry,E Kearney,0,0,,,,,,"",""
ball,1,1.1,Sydney Sixers,EA Perry,AJ Healy,D Hazell,0,0,,,,,,"",""
ball,1,1.2,Sydney Sixers,EA Perry,AJ Healy,D Hazell,1,0,,,,,,"",""
ball,1,1.3,Sydney Sixers,AJ Healy,EA Perry,D Hazell,1,0,,,,,,"",""
ball,1,1.4,Sydney Sixers,EA Perry,AJ Healy,D Hazell,1,0,,,,,,"",""
ball,1,1.5,Sydney Sixers,AJ Healy,EA Perry,D Hazell,0,0,,,,,,"",""
ball,1,1.6,Sydney Sixers,AJ Healy,EA Perry,D Hazell,0,0,,,,,,caught,AJ Healy
ball,1,2.1,Sydney Sixers,EA Perry,D van Niekerk,E Kearney,0,0,,,,,,"",""
ball,1,2.2,Sydney Sixers,EA Perry,D van Niekerk,E Kearney,0,0,,,,,,"",""
ball,1,2.3,Sydney Sixers,EA Perry,D van Niekerk,E Kearney,0,0,,,,,,"",""
ball,1,2.4,Sydney Sixers,EA Perry,D van Niekerk,E Kearney,0,0,,,,,,"",""
ball,1,2.5,Sydney Sixers,EA Perry,D van Niekerk,E Kearney,2,0,,,,,,"",""
ball,1,2.6,Sydney Sixers,EA Perry,D van Niekerk,E Kearney,0,0,,,,,,caught,EA Perry
ball,1,3.1,Sydney Sixers,D van Niekerk,A Gardner,HNK Jensen,0,0,,,,,,"",""
ball,1,3.2,Sydney Sixers,D van Niekerk,A Gardner,HNK Jensen,0,0,,,,,,"",""
ball,1,3.3,Sydney Sixers,D van Niekerk,A Gardner,HNK Jensen,0,0,,,,,,"",""
ball,1,3.4,Sydney Sixers,D van Niekerk,A Gardner,HNK Jensen,0,0,,,,,,"",""
ball,1,3.5,Sydney Sixers,D van Niekerk,A Gardner,HNK Jensen,0,0,,,,,,bowled,D van Niekerk
ball,1,3.6,Sydney Sixers,SJ McGlashan,A Gardner,HNK Jensen,0,0,,,,,,"",""
ball,1,4.1,Sydney Sixers,A Gardner,SJ McGlashan,E Kearney,2,0,,,,,,"",""
ball,1,4.2,Sydney Sixers,A Gardner,SJ McGlashan,E Kearney,0,0,,,,,,"",""
ball,1,4.3,Sydney Sixers,A Gardner,SJ McGlashan,E Kearney,4,0,,,,,,"",""
ball,1,4.4,Sydney Sixers,A Gardner,SJ McGlashan,E Kearney,0,0,,,,,,"",""
ball,1,4.5,Sydney Sixers,A Gardner,SJ McGlashan,E Kearney,1,0,,,,,,"",""
ball,1,4.6,Sydney Sixers,SJ McGlashan,A Gardner,E Kearney,1,0,,,,,,"",""
ball,1,5.1,Sydney Sixers,SJ McGlashan,A Gardner,HNK Jensen,0,0,,,,,,"",""
ball,1,5.2,Sydney Sixers,SJ McGlashan,A Gardner,HNK Jensen,0,0,,,,,,"",""
ball,1,5.3,Sydney Sixers,SJ McGlashan,A Gardner,HNK Jensen,2,0,,,,,,"",""
ball,1,5.4,Sydney Sixers,SJ McGlashan,A Gardner,HNK Jensen,0,0,,,,,,"",""
ball,1,5.5,Sydney Sixers,SJ McGlashan,A Gardner,HNK Jensen,0,0,,,,,,"",""
ball,1,5.6,Sydney Sixers,SJ McGlashan,A Gardner,HNK Jensen,0,0,,,,,,"",""
ball,1,6.1,Sydney Sixers,A Gardner,SJ McGlashan,GL Triscari,4,0,,,,,,"",""
ball,1,6.2,Sydney Sixers,A Gardner,SJ McGlashan,GL Triscari,0,0,,,,,,"",""
ball,1,6.3,Sydney Sixers,A Gardner,SJ McGlashan,GL Triscari,4,0,,,,,,"",""
ball,1,6.4,Sydney Sixers,A Gardner,SJ McGlashan,GL Triscari,1,0,,,,,,"",""
ball,1,6.5,Sydney Sixers,SJ McGlashan,A Gardner,GL Triscari,1,0,,,,,,"",""
ball,1,6.6,Sydney Sixers,A Gardner,SJ McGlashan,GL Triscari,1,0,,,,,,"",""
ball,1,7.1,Sydney Sixers,A Gardner,SJ McGlashan,A King,1,0,,,,,,"",""
ball,1,7.2,Sydney Sixers,SJ McGlashan,A Gardner,A King,1,0,,,,,,"",""
ball,1,7.3,Sydney Sixers,A Gardner,SJ McGlashan,A King,1,0,,,,,,"",""
ball,1,7.4,Sydney Sixers,SJ McGlashan,A Gardner,A King,0,0,,,,,,"",""
ball,1,7.5,Sydney Sixers,SJ McGlashan,A Gardner,A King,0,0,,,,,,"",""
ball,1,7.6,Sydney Sixers,SJ McGlashan,A Gardner,A King,1,0,,,,,,"",""
ball,1,8.1,Sydney Sixers,SJ McGlashan,A Gardner,D Hazell,1,0,,,,,,"",""
ball,1,8.2,Sydney Sixers,A Gardner,SJ McGlashan,D Hazell,0,0,,,,,,"",""
ball,1,8.3,Sydney Sixers,A Gardner,SJ McGlashan,D Hazell,0,0,,,,,,"",""
ball,1,8.4,Sydney Sixers,A Gardner,SJ McGlashan,D Hazell,1,0,,,,,,"",""
ball,1,8.5,Sydney Sixers,SJ McGlashan,A Gardner,D Hazell,0,0,,,,,,"",""
ball,1,8.6,Sydney Sixers,SJ McGlashan,A Gardner,D Hazell,0,0,,,,,,"",""
ball,1,9.1,Sydney Sixers,A Gardner,SJ McGlashan,A King,6,0,,,,,,"",""
ball,1,9.2,Sydney Sixers,A Gardner,SJ McGlashan,A King,0,0,,,,,,"",""
ball,1,9.3,Sydney Sixers,A Gardner,SJ McGlashan,A King,1,0,,,,,,"",""
ball,1,9.4,Sydney Sixers,SJ McGlashan,A Gardner,A King,0,0,,,,,,caught,SJ McGlashan
ball,1,9.5,Sydney Sixers,M Kapp,A Gardner,A King,0,0,,,,,,"",""
ball,1,9.6,Sydney Sixers,M Kapp,A Gardner,A King,1,0,,,,,,"",""
ball,1,10.1,Sydney Sixers,M Kapp,A Gardner,MJG Nielsen,0,0,,,,,,"",""
ball,1,10.2,Sydney Sixers,M Kapp,A Gardner,MJG Nielsen,0,0,,,,,,"",""
ball,1,10.3,Sydney Sixers,M Kapp,A Gardner,MJG Nielsen,0,0,,,,,,"",""
ball,1,10.4,Sydney Sixers,M Kapp,A Gardner,MJG Nielsen,2,0,,,,,,"",""
ball,1,10.5,Sydney Sixers,M Kapp,A Gardner,MJG Nielsen,1,0,,,,,,"",""
ball,1,10.6,Sydney Sixers,A Gardner,M Kapp,MJG Nielsen,1,0,,,,,,"",""
ball,1,11.1,Sydney Sixers,A Gardner,M Kapp,E Kearney,0,0,,,,,,"",""
ball,1,11.2,Sydney Sixers,A Gardner,M Kapp,E Kearney,4,0,,,,,,"",""
ball,1,11.3,Sydney Sixers,A Gardner,M Kapp,E Kearney,0,0,,,,,,"",""
ball,1,11.4,Sydney Sixers,A Gardner,M Kapp,E Kearney,1,0,,,,,,"",""
ball,1,11.5,Sydney Sixers,M Kapp,A Gardner,E Kearney,1,0,,,,,,"",""
ball,1,11.6,Sydney Sixers,A Gardner,M Kapp,E Kearney,1,0,,,,,,"",""
ball,1,12.1,Sydney Sixers,A Gardner,M Kapp,MJG Nielsen,2,0,,,,,,"",""
ball,1,12.2,Sydney Sixers,A Gardner,M Kapp,MJG Nielsen,0,1,1,,,,,"",""
ball,1,12.3,Sydney Sixers,A Gardner,M Kapp,MJG Nielsen,1,0,,,,,,"",""
ball,1,12.4,Sydney Sixers,M Kapp,A Gardner,MJG Nielsen,0,0,,,,,,"",""
ball,1,12.5,Sydney Sixers,M Kapp,A Gardner,MJG Nielsen,4,0,,,,,,"",""
ball,1,12.6,Sydney Sixers,M Kapp,A Gardner,MJG Nielsen,1,0,,,,,,"",""
ball,1,12.7,Sydney Sixers,A Gardner,M Kapp,MJG Nielsen,1,0,,,,,,"",""
ball,1,13.1,Sydney Sixers,A Gardner,M Kapp,A King,4,0,,,,,,"",""
ball,1,13.2,Sydney Sixers,A Gardner,M Kapp,A King,0,0,,,,,,"",""
ball,1,13.3,Sydney Sixers,A Gardner,M Kapp,A King,1,0,,,,,,"",""
ball,1,13.4,Sydney Sixers,M Kapp,A Gardner,A King,2,0,,,,,,"",""
ball,1,13.5,Sydney Sixers,M Kapp,A Gardner,A King,2,0,,,,,,"",""
ball,1,13.6,Sydney Sixers,M Kapp,A Gardner,A King,0,0,,,,,,"",""
ball,1,14.1,Sydney Sixers,A Gardner,M Kapp,GL Triscari,0,0,,,,,,"",""
ball,1,14.2,Sydney Sixers,A Gardner,M Kapp,GL Triscari,0,0,,,,,,bowled,A Gardner
ball,1,14.3,Sydney Sixers,AR Reakes,M Kapp,GL Triscari,0,0,,,,,,"",""
ball,1,14.4,Sydney Sixers,AR Reakes,M Kapp,GL Triscari,1,0,,,,,,"",""
ball,1,14.5,Sydney Sixers,M Kapp,AR Reakes,GL Triscari,0,0,,,,,,"",""
ball,1,14.6,Sydney Sixers,M Kapp,AR Reakes,GL Triscari,1,0,,,,,,"",""
ball,1,15.1,Sydney Sixers,M Kapp,AR Reakes,HNK Jensen,0,0,,,,,,"",""
ball,1,15.2,Sydney Sixers,M Kapp,AR Reakes,HNK Jensen,1,0,,,,,,"",""
ball,1,15.3,Sydney Sixers,AR Reakes,M Kapp,HNK Jensen,1,0,,,,,,"",""
ball,1,15.4,Sydney Sixers,M Kapp,AR Reakes,HNK Jensen,2,0,,,,,,"",""
ball,1,15.5,Sydney Sixers,M Kapp,AR Reakes,HNK Jensen,0,0,,,,,,"",""
ball,1,15.6,Sydney Sixers,M Kapp,AR Reakes,HNK Jensen,2,0,,,,,,"",""
ball,1,16.1,Sydney Sixers,AR Reakes,M Kapp,D Hazell,1,0,,,,,,"",""
ball,1,16.2,Sydney Sixers,M Kapp,AR Reakes,D Hazell,1,0,,,,,,"",""
ball,1,16.3,Sydney Sixers,AR Reakes,M Kapp,D Hazell,1,0,,,,,,"",""
ball,1,16.4,Sydney Sixers,M Kapp,AR Reakes,D Hazell,1,0,,,,,,"",""
ball,1,16.5,Sydney Sixers,AR Reakes,M Kapp,D Hazell,0,0,,,,,,"",""
ball,1,16.6,Sydney Sixers,AR Reakes,M Kapp,D Hazell,1,0,,,,,,"",""
ball,1,17.1,Sydney Sixers,AR Reakes,M Kapp,GL Triscari,1,0,,,,,,"",""
ball,1,17.2,Sydney Sixers,M Kapp,AR Reakes,GL Triscari,1,0,,,,,,"",""
ball,1,17.3,Sydney Sixers,AR Reakes,M Kapp,GL Triscari,1,0,,,,,,"",""
ball,1,17.4,Sydney Sixers,M Kapp,AR Reakes,GL Triscari,1,0,,,,,,"",""
ball,1,17.5,Sydney Sixers,AR Reakes,M Kapp,GL Triscari,1,0,,,,,,"",""
ball,1,17.6,Sydney Sixers,M Kapp,AR Reakes,GL Triscari,1,0,,,,,,"",""
ball,1,18.1,Sydney Sixers,M Kapp,AR Reakes,HNK Jensen,2,0,,,,,,"",""
ball,1,18.2,Sydney Sixers,M Kapp,AR Reakes,HNK Jensen,1,0,,,,,,"",""
ball,1,18.3,Sydney Sixers,AR Reakes,M Kapp,HNK Jensen,4,0,,,,,,"",""
ball,1,18.4,Sydney Sixers,AR Reakes,M Kapp,HNK Jensen,0,0,,,,,,caught,AR Reakes
ball,1,18.5,Sydney Sixers,M Kapp,SE Aley,HNK Jensen,1,0,,,,,,"",""
ball,1,18.6,Sydney Sixers,SE Aley,M Kapp,HNK Jensen,1,0,,,,,,"",""
ball,1,19.1,Sydney Sixers,SE Aley,M Kapp,D Hazell,0,0,,,,,,lbw,SE Aley
ball,1,19.2,Sydney Sixers,LC Sthalekar,M Kapp,D Hazell,1,0,,,,,,run out,LC Sthalekar
ball,1,19.3,Sydney Sixers,EA Leys,M Kapp,D Hazell,1,0,,,,,,"",""
ball,1,19.4,Sydney Sixers,M Kapp,EA Leys,D Hazell,0,0,,,,,,"",""
ball,1,19.5,Sydney Sixers,M Kapp,EA Leys,D Hazell,2,0,,,,,,"",""
ball,1,19.6,Sydney Sixers,M Kapp,EA Leys,D Hazell,1,0,,,,,,"",""
ball,2,0.1,Melbourne Stars,EJ Inglis,MM Lanning,M Kapp,1,0,,,,,,"",""
ball,2,0.2,Melbourne Stars,MM Lanning,EJ Inglis,M Kapp,1,0,,,,,,"",""
ball,2,0.3,Melbourne Stars,EJ Inglis,MM Lanning,M Kapp,0,0,,,,,,"",""
ball,2,0.4,Melbourne Stars,EJ Inglis,MM Lanning,M Kapp,0,0,,,,,,lbw,EJ Inglis
ball,2,0.5,Melbourne Stars,JE Cameron,MM Lanning,M Kapp,0,0,,,,,,"",""
ball,2,0.6,Melbourne Stars,JE Cameron,MM Lanning,M Kapp,0,0,,,,,,"",""
ball,2,1.1,Melbourne Stars,MM Lanning,JE Cameron,EA Perry,0,1,1,,,,,"",""
ball,2,1.2,Melbourne Stars,MM Lanning,JE Cameron,EA Perry,0,1,1,,,,,"",""
ball,2,1.3,Melbourne Stars,MM Lanning,JE Cameron,EA Perry,0,0,,,,,,"",""
ball,2,1.4,Melbourne Stars,MM Lanning,JE Cameron,EA Perry,0,0,,,,,,"",""
ball,2,1.5,Melbourne Stars,MM Lanning,JE Cameron,EA Perry,4,0,,,,,,"",""
ball,2,1.6,Melbourne Stars,MM Lanning,JE Cameron,EA Perry,0,0,,,,,,"",""
ball,2,1.7,Melbourne Stars,MM Lanning,JE Cameron,EA Perry,4,0,,,,,,"",""
ball,2,1.8,Melbourne Stars,MM Lanning,JE Cameron,EA Perry,0,0,,,,,,"",""
ball,2,2.1,Melbourne Stars,JE Cameron,MM Lanning,M Kapp,0,0,,,,,,"",""
ball,2,2.2,Melbourne Stars,JE Cameron,MM Lanning,M Kapp,2,0,,,,,,"",""
ball,2,2.3,Melbourne Stars,JE Cameron,MM Lanning,M Kapp,2,0,,,,,,"",""
ball,2,2.4,Melbourne Stars,JE Cameron,MM Lanning,M Kapp,0,0,,,,,,"",""
ball,2,2.5,Melbourne Stars,JE Cameron,MM Lanning,M Kapp,1,0,,,,,,"",""
ball,2,2.6,Melbourne Stars,MM Lanning,JE Cameron,M Kapp,0,0,,,,,,"",""
ball,2,3.1,Melbourne Stars,JE Cameron,MM Lanning,EA Perry,0,0,,,,,,"",""
ball,2,3.2,Melbourne Stars,JE Cameron,MM Lanning,EA Perry,0,0,,,,,,"",""
ball,2,3.3,Melbourne Stars,JE Cameron,MM Lanning,EA Perry,0,0,,,,,,"",""
ball,2,3.4,Melbourne Stars,JE Cameron,MM Lanning,EA Perry,0,0,,,,,,"",""
ball,2,3.5,Melbourne Stars,JE Cameron,MM Lanning,EA Perry,0,0,,,,,,"",""
ball,2,3.6,Melbourne Stars,JE Cameron,MM Lanning,EA Perry,0,0,,,,,,"",""
ball,2,4.1,Melbourne Stars,MM Lanning,JE Cameron,M Kapp,0,0,,,,,,caught,MM Lanning
ball,2,4.2,Melbourne Stars,HNK Jensen,JE Cameron,M Kapp,0,0,,,,,,"",""
ball,2,4.3,Melbourne Stars,HNK Jensen,JE Cameron,M Kapp,0,0,,,,,,"",""
ball,2,4.4,Melbourne Stars,HNK Jensen,JE Cameron,M Kapp,0,0,,,,,,"",""
ball,2,4.5,Melbourne Stars,HNK Jensen,JE Cameron,M Kapp,1,0,,,,,,"",""
ball,2,4.6,Melbourne Stars,JE Cameron,HNK Jensen,M Kapp,0,0,,,,,,"",""
ball,2,5.1,Melbourne Stars,HNK Jensen,JE Cameron,SE Aley,1,0,,,,,,"",""
ball,2,5.2,Melbourne Stars,JE Cameron,HNK Jensen,SE Aley,4,0,,,,,,"",""
ball,2,5.3,Melbourne Stars,JE Cameron,HNK Jensen,SE Aley,4,0,,,,,,"",""
ball,2,5.4,Melbourne Stars,JE Cameron,HNK Jensen,SE Aley,1,0,,,,,,"",""
ball,2,5.5,Melbourne Stars,HNK Jensen,JE Cameron,SE Aley,1,0,,,,,,"",""
ball,2,5.6,Melbourne Stars,JE Cameron,HNK Jensen,SE Aley,0,2,2,,,,,"",""
ball,2,5.7,Melbourne Stars,HNK Jensen,JE Cameron,SE Aley,1,0,,,,,,"",""
ball,2,6.1,Melbourne Stars,HNK Jensen,JE Cameron,D van Niekerk,1,0,,,,,,"",""
ball,2,6.2,Melbourne Stars,JE Cameron,HNK Jensen,D van Niekerk,4,0,,,,,,"",""
ball,2,6.3,Melbourne Stars,JE Cameron,HNK Jensen,D van Niekerk,0,0,,,,,,"",""
ball,2,6.4,Melbourne Stars,JE Cameron,HNK Jensen,D van Niekerk,1,0,,,,,,"",""
ball,2,6.5,Melbourne Stars,HNK Jensen,JE Cameron,D van Niekerk,0,0,,,,,,lbw,HNK Jensen
ball,2,6.6,Melbourne Stars,KM Mack,JE Cameron,D van Niekerk,0,0,,,,,,"",""
ball,2,7.1,Melbourne Stars,JE Cameron,KM Mack,LG Smith,1,0,,,,,,"",""
ball,2,7.2,Melbourne Stars,KM Mack,JE Cameron,LG Smith,1,0,,,,,,"",""
ball,2,7.3,Melbourne Stars,JE Cameron,KM Mack,LG Smith,0,0,,,,,,"",""
ball,2,7.4,Melbourne Stars,JE Cameron,KM Mack,LG Smith,1,0,,,,,,"",""
ball,2,7.5,Melbourne Stars,KM Mack,JE Cameron,LG Smith,0,0,,,,,,"",""
ball,2,7.6,Melbourne Stars,KM Mack,JE Cameron,LG Smith,0,0,,,,,,"",""
ball,2,8.1,Melbourne Stars,JE Cameron,KM Mack,D van Niekerk,0,1,,,,1,,"",""
ball,2,8.2,Melbourne Stars,KM Mack,JE Cameron,D van Niekerk,0,0,,,,,,"",""
ball,2,8.3,Melbourne Stars,KM Mack,JE Cameron,D van Niekerk,1,0,,,,,,"",""
ball,2,8.4,Melbourne Stars,JE Cameron,KM Mack,D van Niekerk,0,1,,1,,,,"",""
ball,2,8.5,Melbourne Stars,JE Cameron,KM Mack,D van Niekerk,1,0,,,,,,"",""
ball,2,8.6,Melbourne Stars,KM Mack,JE Cameron,D van Niekerk,1,0,,,,,,"",""
ball,2,8.7,Melbourne Stars,JE Cameron,KM Mack,D van Niekerk,1,0,,,,,,"",""
ball,2,9.1,Melbourne Stars,JE Cameron,KM Mack,A Gardner,0,0,,,,,,"",""
ball,2,9.2,Melbourne Stars,JE Cameron,KM Mack,A Gardner,1,0,,,,,,"",""
ball,2,9.3,Melbourne Stars,KM Mack,JE Cameron,A Gardner,1,0,,,,,,"",""
ball,2,9.4,Melbourne Stars,JE Cameron,KM Mack,A Gardner,4,0,,,,,,"",""
ball,2,9.5,Melbourne Stars,JE Cameron,KM Mack,A Gardner,1,0,,,,,,"",""
ball,2,9.6,Melbourne Stars,KM Mack,JE Cameron,A Gardner,3,0,,,,,,"",""
ball,2,10.1,Melbourne Stars,KM Mack,JE Cameron,LG Smith,4,0,,,,,,"",""
ball,2,10.2,Melbourne Stars,KM Mack,JE Cameron,LG Smith,4,0,,,,,,"",""
ball,2,10.3,Melbourne Stars,KM Mack,JE Cameron,LG Smith,0,0,,,,,,"",""
ball,2,10.4,Melbourne Stars,KM Mack,JE Cameron,LG Smith,1,0,,,,,,"",""
ball,2,10.5,Melbourne Stars,JE Cameron,KM Mack,LG Smith,0,0,,,,,,"",""
ball,2,10.6,Melbourne Stars,JE Cameron,KM Mack,LG Smith,1,0,,,,,,"",""
ball,2,11.1,Melbourne Stars,JE Cameron,KM Mack,A Gardner,4,0,,,,,,"",""
ball,2,11.2,Melbourne Stars,JE Cameron,KM Mack,A Gardner,1,0,,,,,,"",""
ball,2,11.3,Melbourne Stars,KM Mack,JE Cameron,A Gardner,0,0,,,,,,"",""
ball,2,11.4,Melbourne Stars,KM Mack,JE Cameron,A Gardner,4,0,,,,,,"",""
ball,2,11.5,Melbourne Stars,KM Mack,JE Cameron,A Gardner,1,0,,,,,,"",""
ball,2,11.6,Melbourne Stars,JE Cameron,KM Mack,A Gardner,1,0,,,,,,"",""
ball,2,12.1,Melbourne Stars,JE Cameron,KM Mack,SE Aley,1,0,,,,,,"",""
ball,2,12.2,Melbourne Stars,KM Mack,JE Cameron,SE Aley,2,0,,,,,,"",""
ball,2,12.3,Melbourne Stars,KM Mack,JE Cameron,SE Aley,0,0,,,,,,"",""
ball,2,12.4,Melbourne Stars,KM Mack,JE Cameron,SE Aley,4,0,,,,,,"",""
ball,2,12.5,Melbourne Stars,KM Mack,JE Cameron,SE Aley,1,0,,,,,,"",""
ball,2,12.6,Melbourne Stars,KM Mack,JE Cameron,SE Aley,2,0,,,,,,"",""
ball,2,13.1,Melbourne Stars,JE Cameron,KM Mack,D van Niekerk,0,0,,,,,,"",""
ball,2,13.2,Melbourne Stars,JE Cameron,KM Mack,D van Niekerk,1,0,,,,,,"",""
ball,2,13.3,Melbourne Stars,KM Mack,JE Cameron,D van Niekerk,4,0,,,,,,"",""
ball,2,13.4,Melbourne Stars,KM Mack,JE Cameron,D van Niekerk,1,0,,,,,,"",""
ball,2,13.5,Melbourne Stars,JE Cameron,KM Mack,D van Niekerk,1,0,,,,,,"",""
ball,2,13.6,Melbourne Stars,KM Mack,JE Cameron,D van Niekerk,0,0,,,,,,"",""
ball,2,14.1,Melbourne Stars,JE Cameron,KM Mack,EA Perry,0,0,,,,,,"",""
ball,2,14.2,Melbourne Stars,JE Cameron,KM Mack,EA Perry,0,1,1,,,,,"",""
ball,2,14.3,Melbourne Stars,JE Cameron,KM Mack,EA Perry,1,0,,,,,,"",""
ball,2,14.4,Melbourne Stars,KM Mack,JE Cameron,EA Perry,1,0,,,,,,"",""
ball,2,14.5,Melbourne Stars,JE Cameron,KM Mack,EA Perry,1,0,,,,,,"",""
ball,2,14.6,Melbourne Stars,KM Mack,JE Cameron,EA Perry,1,0,,,,,,"",""
ball,2,14.7,Melbourne Stars,JE Cameron,KM Mack,EA Perry,1,0,,,,,,"",""
ball,2,15.1,Melbourne Stars,JE Cameron,KM Mack,D van Niekerk,1,0,,,,,,"",""
ball,2,15.2,Melbourne Stars,KM Mack,JE Cameron,D van Niekerk,4,0,,,,,,"",""
ball,2,15.3,Melbourne Stars,KM Mack,JE Cameron,D van Niekerk,1,0,,,,,,"",""
ball,2,15.4,Melbourne Stars,JE Cameron,KM Mack,D van Niekerk,1,0,,,,,,"",""
ball,2,15.5,Melbourne Stars,KM Mack,JE Cameron,D van Niekerk,2,0,,,,,,"",""
ball,2,15.6,Melbourne Stars,KM Mack,JE Cameron,D van Niekerk,0,0,,,,,,"",""
ball,2,16.1,Melbourne Stars,JE Cameron,KM Mack,M Kapp,0,0,,,,,,"",""
ball,2,16.2,Melbourne Stars,JE Cameron,KM Mack,M Kapp,1,0,,,,,,"",""
ball,2,16.3,Melbourne Stars,KM Mack,JE Cameron,M Kapp,0,0,,,,,,"",""
ball,2,16.4,Melbourne Stars,KM Mack,JE Cameron,M Kapp,0,0,,,,,,"",""
ball,2,16.5,Melbourne Stars,KM Mack,JE Cameron,M Kapp,4,0,,,,,,"",""
