version,1.6.0
info,balls_per_over,6
info,team,Perth Scorchers
info,team,Brisbane Heat
info,gender,male
info,season,2016/17
info,date,2017/01/05
info,event,Big Bash League
info,match_number,17
info,venue,Western Australia Cricket Association Ground
info,city,Perth
info,toss_winner,Perth Scorchers
info,toss_decision,bat
info,player_of_match,CA Lynn
info,umpire,PJ Gillespie
info,umpire,JD Ward
info,reserve_umpire,J Hewitt
info,tv_umpire,SA Lightbody
info,match_referee,PL Marshall
info,winner,Brisbane Heat
info,winner_wickets,9
info,player,Brisbane Heat,JJ Peirson
info,player,Brisbane Heat,BB McCullum
info,player,Brisbane Heat,CA Lynn
info,player,Brisbane Heat,AI Ross
info,player,Brisbane Heat,JA Burns
info,player,Brisbane Heat,NJ Reardon
info,player,Brisbane Heat,BCJ Cutting
info,player,Brisbane Heat,JD Wildermuth
info,player,Brisbane Heat,ND Buchanan
info,player,Brisbane Heat,MT Steketee
info,player,Brisbane Heat,MJ Swepson
info,player,Perth Scorchers,M Klinger
info,player,Perth Scorchers,SE Marsh
info,player,Perth Scorchers,IR Bell
info,player,Perth Scorchers,MR Marsh
info,player,Perth Scorchers,AJ Turner
info,player,Perth Scorchers,SM Whiteman
info,player,Perth Scorchers,AC Agar
info,player,Perth Scorchers,DJ Willey
info,player,Perth Scorchers,MG Johnson
info,player,Perth Scorchers,AJ Tye
info,player,Perth Scorchers,JA Richardson
info,registry,people,AC Agar,a2421394
info,registry,people,AI Ross,fb0d68b4
info,registry,people,AJ Turner,ff1e12a0
info,registry,people,AJ Tye,7c7d63a2
info,registry,people,BB McCullum,b8a55852
info,registry,people,BCJ Cutting,2e11c706
info,registry,people,CA Lynn,45eda7c8
info,registry,people,DJ Willey,7f048519
info,registry,people,IR Bell,33155d1b
info,registry,people,J Hewitt,bfe1c25f
info,registry,people,JA Burns,7a5f232a
info,registry,people,JA Richardson,1ee08e9a
info,registry,people,JD Ward,511299c1
info,registry,people,JD Wildermuth,f1c61793
info,registry,people,JJ Peirson,2b55c3b4
info,registry,people,M Klinger,b970a03f
info,registry,people,MG Johnson,f5180fe6
info,registry,people,MJ Swepson,86b4bf88
info,registry,people,MR Marsh,3d8feaf8
info,registry,people,MT Steketee,903560ed
info,registry,people,ND Buchanan,9a211e08
info,registry,people,NJ Reardon,c7bdb5b5
info,registry,people,PJ Gillespie,3e253a50
info,registry,people,PL Marshall,c1ca6df3
info,registry,people,SA Lightbody,680b8cbf
info,registry,people,SE Marsh,508a1ea7
info,registry,people,SM Whiteman,f4427cc6
ball,1,0.1,Perth Scorchers,M Klinger,SE Marsh,MT Steketee,0,0,,,,,,"",""
ball,1,0.2,Perth Scorchers,M Klinger,SE Marsh,MT Steketee,0,0,,,,,,"",""
ball,1,0.3,Perth Scorchers,M Klinger,SE Marsh,MT Steketee,1,0,,,,,,"",""
ball,1,0.4,Perth Scorchers,SE Marsh,M Klinger,MT Steketee,0,0,,,,,,"",""
ball,1,0.5,Perth Scorchers,SE Marsh,M Klinger,MT Steketee,0,0,,,,,,"",""
ball,1,0.6,Perth Scorchers,SE Marsh,M Klinger,MT Steketee,0,0,,,,,,"",""
ball,1,1.1,Perth Scorchers,M Klinger,SE Marsh,JD Wildermuth,4,0,,,,,,"",""
ball,1,1.2,Perth Scorchers,M Klinger,SE Marsh,JD Wildermuth,0,0,,,,,,"",""
ball,1,1.3,Perth Scorchers,M Klinger,SE Marsh,JD Wildermuth,0,0,,,,,,"",""
ball,1,1.4,Perth Scorchers,M Klinger,SE Marsh,JD Wildermuth,1,0,,,,,,"",""
ball,1,1.5,Perth Scorchers,SE Marsh,M Klinger,JD Wildermuth,0,0,,,,,,"",""
ball,1,1.6,Perth Scorchers,SE Marsh,M Klinger,JD Wildermuth,1,0,,,,,,"",""
ball,1,2.1,Perth Scorchers,SE Marsh,M Klinger,MT Steketee,1,0,,,,,,"",""
ball,1,2.2,Perth Scorchers,M Klinger,SE Marsh,MT Steketee,1,0,,,,,,"",""
ball,1,2.3,Perth Scorchers,SE Marsh,M Klinger,MT Steketee,4,0,,,,,,"",""
ball,1,2.4,Perth Scorchers,SE Marsh,M Klinger,MT Steketee,1,0,,,,,,"",""
ball,1,2.5,Perth Scorchers,M Klinger,SE Marsh,MT Steketee,1,0,,,,,,"",""
ball,1,2.6,Perth Scorchers,SE Marsh,M Klinger,MT Steketee,0,0,,,,,,"",""
ball,1,3.1,Perth Scorchers,M Klinger,SE Marsh,JD Wildermuth,0,0,,,,,,"",""
ball,1,3.2,Perth Scorchers,M Klinger,SE Marsh,JD Wildermuth,6,0,,,,,,"",""
ball,1,3.3,Perth Scorchers,M Klinger,SE Marsh,JD Wildermuth,0,0,,,,,,caught,M Klinger
ball,1,3.4,Perth Scorchers,SE Marsh,IR Bell,JD Wildermuth,1,0,,,,,,"",""
ball,1,3.5,Perth Scorchers,IR Bell,SE Marsh,JD Wildermuth,1,0,,,,,,"",""
ball,1,3.6,Perth Scorchers,SE Marsh,IR Bell,JD Wildermuth,1,0,,,,,,"",""
ball,1,4.1,Perth Scorchers,SE Marsh,IR Bell,ND Buchanan,0,0,,,,,,"",""
ball,1,4.2,Perth Scorchers,SE Marsh,IR Bell,ND Buchanan,1,0,,,,,,"",""
ball,1,4.3,Perth Scorchers,IR Bell,SE Marsh,ND Buchanan,0,0,,,,,,"",""
ball,1,4.4,Perth Scorchers,IR Bell,SE Marsh,ND Buchanan,0,0,,,,,,"",""
ball,1,4.5,Perth Scorchers,IR Bell,SE Marsh,ND Buchanan,4,0,,,,,,"",""
ball,1,4.6,Perth Scorchers,IR Bell,SE Marsh,ND Buchanan,4,0,,,,,,"",""
ball,1,5.1,Perth Scorchers,SE Marsh,IR Bell,BCJ Cutting,0,0,,,,,,"",""
ball,1,5.2,Perth Scorchers,SE Marsh,IR Bell,BCJ Cutting,1,0,,,,,,"",""
ball,1,5.3,Perth Scorchers,IR Bell,SE Marsh,BCJ Cutting,1,0,,,,,,"",""
ball,1,5.4,Perth Scorchers,SE Marsh,IR Bell,BCJ Cutting,0,0,,,,,,"",""
ball,1,5.5,Perth Scorchers,SE Marsh,IR Bell,BCJ Cutting,4,0,,,,,,"",""
ball,1,5.6,Perth Scorchers,SE Marsh,IR Bell,BCJ Cutting,0,0,,,,,,"",""
ball,1,6.1,Perth Scorchers,IR Bell,SE Marsh,MJ Swepson,1,0,,,,,,"",""
ball,1,6.2,Perth Scorchers,SE Marsh,IR Bell,MJ Swepson,0,0,,,,,,"",""
ball,1,6.3,Perth Scorchers,SE Marsh,IR Bell,MJ Swepson,1,0,,,,,,"",""
ball,1,6.4,Perth Scorchers,IR Bell,SE Marsh,MJ Swepson,0,0,,,,,,"",""
ball,1,6.5,Perth Scorchers,IR Bell,SE Marsh,MJ Swepson,0,0,,,,,,caught,IR Bell
ball,1,6.6,Perth Scorchers,MR Marsh,SE Marsh,MJ Swepson,0,4,,,4,,,"",""
ball,1,7.1,Perth Scorchers,SE Marsh,MR Marsh,BCJ Cutting,2,0,,,,,,"",""
ball,1,7.2,Perth Scorchers,SE Marsh,MR Marsh,BCJ Cutting,4,0,,,,,,"",""
ball,1,7.3,Perth Scorchers,SE Marsh,MR Marsh,BCJ Cutting,0,0,,,,,,"",""
ball,1,7.4,Perth Scorchers,SE Marsh,MR Marsh,BCJ Cutting,1,0,,,,,,"",""
ball,1,7.5,Perth Scorchers,MR Marsh,SE Marsh,BCJ Cutting,0,0,,,,,,"",""
ball,1,7.6,Perth Scorchers,MR Marsh,SE Marsh,BCJ Cutting,1,0,,,,,,"",""
ball,1,8.1,Perth Scorchers,MR Marsh,SE Marsh,MJ Swepson,1,0,,,,,,"",""
ball,1,8.2,Perth Scorchers,SE Marsh,MR Marsh,MJ Swepson,1,0,,,,,,"",""
ball,1,8.3,Perth Scorchers,MR Marsh,SE Marsh,MJ Swepson,1,0,,,,,,"",""
ball,1,8.4,Perth Scorchers,SE Marsh,MR Marsh,MJ Swepson,0,0,,,,,,"",""
ball,1,8.5,Perth Scorchers,SE Marsh,MR Marsh,MJ Swepson,2,0,,,,,,"",""
ball,1,8.6,Perth Scorchers,SE Marsh,MR Marsh,MJ Swepson,1,0,,,,,,"",""
ball,1,9.1,Perth Scorchers,SE Marsh,MR Marsh,ND Buchanan,1,0,,,,,,"",""
ball,1,9.2,Perth Scorchers,MR Marsh,SE Marsh,ND Buchanan,6,0,,,,,,"",""
ball,1,9.3,Perth Scorchers,MR Marsh,SE Marsh,ND Buchanan,4,0,,,,,,"",""
ball,1,9.4,Perth Scorchers,MR Marsh,SE Marsh,ND Buchanan,1,0,,,,,,"",""
ball,1,9.5,Perth Scorchers,SE Marsh,MR Marsh,ND Buchanan,0,1,1,,,,,"",""
ball,1,9.6,Perth Scorchers,SE Marsh,MR Marsh,ND Buchanan,0,0,,,,,,"",""
ball,1,9.7,Perth Scorchers,SE Marsh,MR Marsh,ND Buchanan,4,0,,,,,,"",""
ball,1,10.1,Perth Scorchers,MR Marsh,SE Marsh,MJ Swepson,2,0,,,,,,"",""
ball,1,10.2,Perth Scorchers,MR Marsh,SE Marsh,MJ Swepson,1,0,,,,,,"",""
ball,1,10.3,Perth Scorchers,SE Marsh,MR Marsh,MJ Swepson,0,0,,,,,,caught,SE Marsh
ball,1,10.4,Perth Scorchers,MR Marsh,AJ Turner,MJ Swepson,2,0,,,,,,"",""
ball,1,10.5,Perth Scorchers,MR Marsh,AJ Turner,MJ Swepson,1,0,,,,,,"",""
ball,1,10.6,Perth Scorchers,AJ Turner,MR Marsh,MJ Swepson,2,0,,,,,,"",""
ball,1,11.1,Perth Scorchers,MR Marsh,AJ Turner,JD Wildermuth,0,0,,,,,,"",""
ball,1,11.2,Perth Scorchers,MR Marsh,AJ Turner,JD Wildermuth,0,0,,,,,,"",""
ball,1,11.3,Perth Scorchers,MR Marsh,AJ Turner,JD Wildermuth,1,0,,,,,,"",""
ball,1,11.4,Perth Scorchers,AJ Turner,MR Marsh,JD Wildermuth,1,0,,,,,,"",""
ball,1,11.5,Perth Scorchers,MR Marsh,AJ Turner,JD Wildermuth,4,0,,,,,,"",""
ball,1,11.6,Perth Scorchers,MR Marsh,AJ Turner,JD Wildermuth,1,0,,,,,,"",""
ball,1,12.1,Perth Scorchers,MR Marsh,AJ Turner,MJ Swepson,2,0,,,,,,"",""
ball,1,12.2,Perth Scorchers,MR Marsh,AJ Turner,MJ Swepson,1,0,,,,,,"",""
ball,1,12.3,Perth Scorchers,AJ Turner,MR Marsh,MJ Swepson,1,0,,,,,,"",""
ball,1,12.4,Perth Scorchers,MR Marsh,AJ Turner,MJ Swepson,1,0,,,,,,"",""
ball,1,12.5,Perth Scorchers,AJ Turner,MR Marsh,MJ Swepson,6,0,,,,,,"",""
ball,1,12.6,Perth Scorchers,AJ Turner,MR Marsh,MJ Swepson,0,0,,,,,,"",""
ball,1,13.1,Perth Scorchers,MR Marsh,AJ Turner,MT Steketee,1,0,,,,,,"",""
ball,1,13.2,Perth Scorchers,AJ Turner,MR Marsh,MT Steketee,0,2,,,,2,,"",""
ball,1,13.3,Perth Scorchers,AJ Turner,MR Marsh,MT Steketee,1,0,,,,,,"",""
ball,1,13.4,Perth Scorchers,MR Marsh,AJ Turner,MT Steketee,4,0,,,,,,"",""
ball,1,13.5,Perth Scorchers,MR Marsh,AJ Turner,MT Steketee,0,0,,,,,,"",""
ball,1,13.6,Perth Scorchers,MR Marsh,AJ Turner,MT Steketee,1,0,,,,,,"",""
ball,1,14.1,Perth Scorchers,MR Marsh,AJ Turner,ND Buchanan,0,1,1,,,,,"",""
ball,1,14.2,Perth Scorchers,MR Marsh,AJ Turner,ND Buchanan,1,0,,,,,,"",""
ball,1,14.3,Perth Scorchers,AJ Turner,MR Marsh,ND Buchanan,0,0,,,,,,caught,AJ Turner
ball,1,14.4,Perth Scorchers,SM Whiteman,MR Marsh,ND Buchanan,0,1,1,,,,,"",""
ball,1,14.5,Perth Scorchers,SM Whiteman,MR Marsh,ND Buchanan,0,1,1,,,,,"",""
ball,1,14.6,Perth Scorchers,SM Whiteman,MR Marsh,ND Buchanan,1,0,,,,,,"",""
ball,1,14.7,Perth Scorchers,MR Marsh,SM Whiteman,ND Buchanan,1,0,,,,,,"",""
ball,1,14.8,Perth Scorchers,SM Whiteman,MR Marsh,ND Buchanan,1,0,,,,,,"",""
ball,1,14.9,Perth Scorchers,MR Marsh,SM Whiteman,ND Buchanan,1,0,,,,,,"",""
ball,1,15.1,Perth Scorchers,MR Marsh,SM Whiteman,BCJ Cutting,0,1,,,,1,,"",""
ball,1,15.2,Perth Scorchers,SM Whiteman,MR Marsh,BCJ Cutting,1,0,,,,,,"",""
ball,1,15.3,Perth Scorchers,MR Marsh,SM Whiteman,BCJ Cutting,2,0,,,,,,"",""
ball,1,15.4,Perth Scorchers,MR Marsh,SM Whiteman,BCJ Cutting,2,0,,,,,,"",""
ball,1,15.5,Perth Scorchers,MR Marsh,SM Whiteman,BCJ Cutting,4,0,,,,,,"",""
ball,1,15.6,Perth Scorchers,MR Marsh,SM Whiteman,BCJ Cutting,2,0,,,,,,"",""
ball,1,16.1,Perth Scorchers,SM Whiteman,MR Marsh,JD Wildermuth,1,0,,,,,,"",""
ball,1,16.2,Perth Scorchers,MR Marsh,SM Whiteman,JD Wildermuth,6,0,,,,,,"",""
ball,1,16.3,Perth Scorchers,MR Marsh,SM Whiteman,JD Wildermuth,1,0,,,,,,"",""
ball,1,16.4,Perth Scorchers,SM Whiteman,MR Marsh,JD Wildermuth,0,0,,,,,,"",""
ball,1,16.5,Perth Scorchers,SM Whiteman,MR Marsh,JD Wildermuth,1,0,,,,,,"",""
ball,1,16.6,Perth Scorchers,MR Marsh,SM Whiteman,JD Wildermuth,1,0,,,,,,"",""
ball,1,17.1,Perth Scorchers,MR Marsh,SM Whiteman,ND Buchanan,4,0,,,,,,"",""
ball,1,17.2,Perth Scorchers,MR Marsh,SM Whiteman,ND Buchanan,1,0,,,,,,"",""
ball,1,17.3,Perth Scorchers,SM Whiteman,MR Marsh,ND Buchanan,0,0,,,,,,caught and bowled,SM Whiteman
ball,1,17.4,Perth Scorchers,MR Marsh,AC Agar,ND Buchanan,1,0,,,,,,"",""
ball,1,17.5,Perth Scorchers,AC Agar,MR Marsh,ND Buchanan,1,0,,,,,,"",""
ball,1,17.6,Perth Scorchers,MR Marsh,AC Agar,ND Buchanan,1,0,,,,,,"",""
ball,1,18.1,Perth Scorchers,MR Marsh,AC Agar,MT Steketee,6,0,,,,,,"",""
ball,1,18.2,Perth Scorchers,MR Marsh,AC Agar,MT Steketee,0,0,,,,,,caught and bowled,MR Marsh
ball,1,18.3,Perth Scorchers,AC Agar,DJ Willey,MT Steketee,1,0,,,,,,"",""
ball,1,18.4,Perth Scorchers,DJ Willey,AC Agar,MT Steketee,0,1,1,,,,,"",""
ball,1,18.5,Perth Scorchers,DJ Willey,AC Agar,MT Steketee,1,0,,,,,,"",""
ball,1,18.6,Perth Scorchers,AC Agar,DJ Willey,MT Steketee,0,0,,,,,,"",""
ball,1,18.7,Perth Scorchers,AC Agar,DJ Willey,MT Steketee,6,0,,,,,,"",""
ball,1,19.1,Perth Scorchers,DJ Willey,AC Agar,BCJ Cutting,1,0,,,,,,"",""
ball,1,19.2,Perth Scorchers,AC Agar,DJ Willey,BCJ Cutting,2,0,,,,,,"",""
ball,1,19.3,Perth Scorchers,AC Agar,DJ Willey,BCJ Cutting,1,0,,,,,,"",""
ball,1,19.4,Perth Scorchers,DJ Willey,AC Agar,BCJ Cutting,2,0,,,,,,"",""
ball,1,19.5,Perth Scorchers,DJ Willey,AC Agar,BCJ Cutting,1,0,,,,,,"",""
ball,1,19.6,Perth Scorchers,AC Agar,DJ Willey,BCJ Cutting,2,0,,,,,,"",""
ball,2,0.1,Brisbane Heat,JJ Peirson,BB McCullum,DJ Willey,6,0,,,,,,"",""
ball,2,0.2,Brisbane Heat,JJ Peirson,BB McCullum,DJ Willey,4,0,,,,,,"",""
ball,2,0.3,Brisbane Heat,JJ Peirson,BB McCullum,DJ Willey,0,0,,,,,,"",""
ball,2,0.4,Brisbane Heat,JJ Peirson,BB McCullum,DJ Willey,0,1,,,,1,,"",""
ball,2,0.5,Brisbane Heat,BB McCullum,JJ Peirson,DJ Willey,2,0,,,,,,"",""
ball,2,0.6,Brisbane Heat,BB McCullum,JJ Peirson,DJ Willey,0,4,,,,4,,"",""
ball,2,1.1,Brisbane Heat,JJ Peirson,BB McCullum,AJ Turner,1,0,,,,,,"",""
ball,2,1.2,Brisbane Heat,BB McCullum,JJ Peirson,AJ Turner,1,0,,,,,,"",""
ball,2,1.3,Brisbane Heat,JJ Peirson,BB McCullum,AJ Turner,1,0,,,,,,"",""
ball,2,1.4,Brisbane Heat,BB McCullum,JJ Peirson,AJ Turner,0,0,,,,,,"",""
ball,2,1.5,Brisbane Heat,BB McCullum,JJ Peirson,AJ Turner,0,0,,,,,,"",""
ball,2,1.6,Brisbane Heat,BB McCullum,JJ Peirson,AJ Turner,0,0,,,,,,"",""
ball,2,2.1,Brisbane Heat,JJ Peirson,BB McCullum,DJ Willey,2,0,,,,,,"",""
ball,2,2.2,Brisbane Heat,JJ Peirson,BB McCullum,DJ Willey,4,0,,,,,,"",""
ball,2,2.3,Brisbane Heat,JJ Peirson,BB McCullum,DJ Willey,0,0,,,,,,bowled,JJ Peirson
ball,2,2.4,Brisbane Heat,CA Lynn,BB McCullum,DJ Willey,1,0,,,,,,"",""
ball,2,2.5,Brisbane Heat,BB McCullum,CA Lynn,DJ Willey,4,1,,1,,,,"",""
ball,2,2.6,Brisbane Heat,BB McCullum,CA Lynn,DJ Willey,6,0,,,,,,"",""
ball,2,2.7,Brisbane Heat,BB McCullum,CA Lynn,DJ Willey,0,0,,,,,,"",""
ball,2,3.1,Brisbane Heat,CA Lynn,BB McCullum,AC Agar,0,0,,,,,,"",""
ball,2,3.2,Brisbane Heat,CA Lynn,BB McCullum,AC Agar,0,0,,,,,,"",""
ball,2,3.3,Brisbane Heat,CA Lynn,BB McCullum,AC Agar,1,0,,,,,,"",""
ball,2,3.4,Brisbane Heat,BB McCullum,CA Lynn,AC Agar,1,0,,,,,,"",""
ball,2,3.5,Brisbane Heat,CA Lynn,BB McCullum,AC Agar,1,0,,,,,,"",""
ball,2,3.6,Brisbane Heat,BB McCullum,CA Lynn,AC Agar,4,0,,,,,,"",""
ball,2,4.1,Brisbane Heat,CA Lynn,BB McCullum,AJ Tye,0,0,,,,,,"",""
ball,2,4.2,Brisbane Heat,CA Lynn,BB McCullum,AJ Tye,4,0,,,,,,"",""
ball,2,4.3,Brisbane Heat,CA Lynn,BB McCullum,AJ Tye,0,0,,,,,,"",""
ball,2,4.4,Brisbane Heat,CA Lynn,BB McCullum,AJ Tye,1,0,,,,,,"",""
ball,2,4.5,Brisbane Heat,BB McCullum,CA Lynn,AJ Tye,0,1,,,,1,,"",""
ball,2,4.6,Brisbane Heat,CA Lynn,BB McCullum,AJ Tye,1,0,,,,,,"",""
ball,2,5.1,Brisbane Heat,CA Lynn,BB McCullum,JA Richardson,6,0,,,,,,"",""
ball,2,5.2,Brisbane Heat,CA Lynn,BB McCullum,JA Richardson,0,0,,,,,,"",""
ball,2,5.3,Brisbane Heat,CA Lynn,BB McCullum,JA Richardson,0,0,,,,,,"",""
ball,2,5.4,Brisbane Heat,CA Lynn,BB McCullum,JA Richardson,6,0,,,,,,"",""
ball,2,5.5,Brisbane Heat,CA Lynn,BB McCullum,JA Richardson,1,0,,,,,,"",""
ball,2,5.6,Brisbane Heat,BB McCullum,CA Lynn,JA Richardson,0,1,1,,,,,"",""
ball,2,5.7,Brisbane Heat,BB McCullum,CA Lynn,JA Richardson,0,0,,,,,,"",""
ball,2,6.1,Brisbane Heat,CA Lynn,BB McCullum,MG Johnson,0,0,,,,,,"",""
ball,2,6.2,Brisbane Heat,CA Lynn,BB McCullum,MG Johnson,0,0,,,,,,"",""
ball,2,6.3,Brisbane Heat,CA Lynn,BB McCullum,MG Johnson,1,0,,,,,,"",""
ball,2,6.4,Brisbane Heat,BB McCullum,CA Lynn,MG Johnson,1,0,,,,,,"",""
ball,2,6.5,Brisbane Heat,CA Lynn,BB McCullum,MG Johnson,6,0,,,,,,"",""
ball,2,6.6,Brisbane Heat,CA Lynn,BB McCullum,MG Johnson,0,0,,,,,,"",""
ball,2,7.1,Brisbane Heat,BB McCullum,CA Lynn,AC Agar,1,0,,,,,,"",""
ball,2,7.2,Brisbane Heat,CA Lynn,BB McCullum,AC Agar,6,0,,,,,,"",""
ball,2,7.3,Brisbane Heat,CA Lynn,BB McCullum,AC Agar,0,0,,,,,,"",""
ball,2,7.4,Brisbane Heat,CA Lynn,BB McCullum,AC Agar,1,0,,,,,,"",""
ball,2,7.5,Brisbane Heat,BB McCullum,CA Lynn,AC Agar,1,0,,,,,,"",""
ball,2,7.6,Brisbane Heat,CA Lynn,BB McCullum,AC Agar,1,0,,,,,,"",""
ball,2,8.1,Brisbane Heat,CA Lynn,BB McCullum,MG Johnson,1,0,,,,,,"",""
ball,2,8.2,Brisbane Heat,BB McCullum,CA Lynn,MG Johnson,1,0,,,,,,"",""
ball,2,8.3,Brisbane Heat,CA Lynn,BB McCullum,MG Johnson,6,0,,,,,,"",""
ball,2,8.4,Brisbane Heat,CA Lynn,BB McCullum,MG Johnson,6,0,,,,,,"",""
ball,2,8.5,Brisbane Heat,CA Lynn,BB McCullum,MG Johnson,0,0,,,,,,"",""
ball,2,8.6,Brisbane Heat,CA Lynn,BB McCullum,MG Johnson,1,0,,,,,,"",""
ball,2,9.1,Brisbane Heat,CA Lynn,BB McCullum,AJ Tye,1,0,,,,,,"",""
ball,2,9.2,Brisbane Heat,BB McCullum,CA Lynn,AJ Tye,0,0,,,,,,"",""
ball,2,9.3,Brisbane Heat,BB McCullum,CA Lynn,AJ Tye,1,0,,,,,,"",""
ball,2,9.4,Brisbane Heat,CA Lynn,BB McCullum,AJ Tye,1,0,,,,,,"",""
ball,2,9.5,Brisbane Heat,BB McCullum,CA Lynn,AJ Tye,4,0,,,,,,"",""
ball,2,9.6,Brisbane Heat,BB McCullum,CA Lynn,AJ Tye,1,0,,,,,,"",""
ball,2,10.1,Brisbane Heat,BB McCullum,CA Lynn,MR Marsh,0,0,,,,,,"",""
ball,2,10.2,Brisbane Heat,BB McCullum,CA Lynn,MR Marsh,3,0,,,,,,"",""
ball,2,10.3,Brisbane Heat,CA Lynn,BB McCullum,MR Marsh,6,0,,,,,,"",""
ball,2,10.4,Brisbane Heat,CA Lynn,BB McCullum,MR Marsh,6,0,,,,,,"",""
ball,2,10.5,Brisbane Heat,CA Lynn,BB McCullum,MR Marsh,1,0,,,,,,"",""
ball,2,10.6,Brisbane Heat,BB McCullum,CA Lynn,MR Marsh,0,0,,,,,,"",""
ball,2,11.1,Brisbane Heat,CA Lynn,BB McCullum,AC Agar,0,0,,,,,,"",""
ball,2,11.2,Brisbane Heat,CA Lynn,BB McCullum,AC Agar,1,0,,,,,,"",""
ball,2,11.3,Brisbane Heat,BB McCullum,CA Lynn,AC Agar,1,0,,,,,,"",""
ball,2,11.4,Brisbane Heat,CA Lynn,BB McCullum,AC Agar,4,0,,,,,,"",""
ball,2,11.5,Brisbane Heat,CA Lynn,BB McCullum,AC Agar,1,0,,,,,,"",""
ball,2,11.6,Brisbane Heat,BB McCullum,CA Lynn,AC Agar,0,0,,,,,,"",""
ball,2,12.1,Brisbane Heat,CA Lynn,BB McCullum,AJ Tye,6,0,,,,,,"",""
ball,2,12.2,Brisbane Heat,CA Lynn,BB McCullum,AJ Tye,1,0,,,,,,"",""
ball,2,12.3,Brisbane Heat,BB McCullum,CA Lynn,AJ Tye,6,0,,,,,,"",""
ball,2,12.4,Brisbane Heat,BB McCullum,CA Lynn,AJ Tye,1,0,,,,,,"",""
ball,2,12.5,Brisbane Heat,CA Lynn,BB McCullum,AJ Tye,0,0,,,,,,"",""
ball,2,12.6,Brisbane Heat,CA Lynn,BB McCullum,AJ Tye,2,0,,,,,,"",""
ball,2,13.1,Brisbane Heat,BB McCullum,CA Lynn,MR Marsh,4,0,,,,,,"",""
ball,2,13.2,Brisbane Heat,BB McCullum,CA Lynn,MR Marsh,1,0,,,,,,"",""
ball,2,13.3,Brisbane Heat,CA Lynn,BB McCullum,MR Marsh,4,0,,,,,,"",""
ball,2,13.4,Brisbane Heat,CA Lynn,BB McCullum,MR Marsh,0,0,,,,,,"",""
ball,2,13.5,Brisbane Heat,CA Lynn,BB McCullum,MR Marsh,1,0,,,,,,"",""
ball,2,13.6,Brisbane Heat,BB McCullum,CA Lynn,MR Marsh,6,0,,,,,,"",""
ball,2,14.1,Brisbane Heat,CA Lynn,BB McCullum,AC Agar,6,0,,,,,,"",""
ball,2,14.2,Brisbane Heat,CA Lynn,BB McCullum,AC Agar,0,0,,,,,,"",""
ball,2,14.3,Brisbane Heat,CA Lynn,BB McCullum,AC Agar,0,0,,,,,,"",""
ball,2,14.4,Brisbane Heat,CA Lynn,BB McCullum,AC Agar,6,0,,,,,,"",""
