version,1.6.0
info,balls_per_over,6
info,team,Trinbago Knight Riders
info,team,Barbados Tridents
info,gender,male
info,season,2016
info,date,2016/07/01
info,event,Caribbean Premier League
info,match_number,3
info,venue,"Queen's Park Oval, Port of Spain"
info,city,Trinidad
info,toss_winner,Barbados Tridents
info,toss_decision,field
info,player_of_match,HM Amla
info,umpire,JD Cloete
info,umpire,Zahid Bassarath
info,reserve_umpire,K Kowlessar
info,tv_umpire,PA Gustard
info,match_referee,Denavon Hayles
info,winner,Trinbago Knight Riders
info,winner_runs,11
info,player,Trinbago Knight Riders,BB McCullum
info,player,Trinbago Knight Riders,HM Amla
info,player,Trinbago Knight Riders,C Munro
info,player,Trinbago Knight Riders,DM Bravo
info,player,Trinbago Knight Riders,Umar Akmal
info,player,Trinbago Knight Riders,DJ Bravo
info,player,Trinbago Knight Riders,KK Cooper
info,player,Trinbago Knight Riders,SP Narine
info,player,Trinbago Knight Riders,NO Miller
info,player,Trinbago Knight Riders,RR Beaton
info,player,Trinbago Knight Riders,SJ Benn
info,player,Barbados Tridents,Steven Ryan Taylor
info,player,Barbados Tridents,KA Hope
info,player,Barbados Tridents,Shoaib Malik
info,player,Barbados Tridents,AB de Villiers
info,player,Barbados Tridents,KA Pollard
info,player,Barbados Tridents,N Pooran
info,player,Barbados Tridents,D Wiese
info,player,Barbados Tridents,AR Nurse
info,player,Barbados Tridents,AJ Hosein
info,player,Barbados Tridents,WD Parnell
info,player,Barbados Tridents,R Rampaul
info,registry,people,AB de Villiers,c4487b84
info,registry,people,AJ Hosein,4d7f517e
info,registry,people,AP Devcich,ed90abe4
info,registry,people,AR Nurse,4a745f65
info,registry,people,BB McCullum,b8a55852
info,registry,people,C Munro,af2c687b
info,registry,people,D Wiese,aa8d28ae
info,registry,people,DJ Bravo,87e562a9
info,registry,people,DM Bravo,14b14cd8
info,registry,people,Denavon Hayles,5cbeeb02
info,registry,people,HM Amla,e798611a
info,registry,people,JD Cloete,b0419f8c
info,registry,people,K Kowlessar,1f1345e7
info,registry,people,KA Hope,c59d8f8a
info,registry,people,KA Pollard,a757b0d8
info,registry,people,KK Cooper,557153ca
info,registry,people,N Pooran,3241e3fd
info,registry,people,NO Miller,ea3ffd1b
info,registry,people,PA Gustard,25bcf808
info,registry,people,R Rampaul,d68e7f48
info,registry,people,RR Beaton,684a56df
info,registry,people,SJ Benn,364ee2cf
info,registry,people,SP Narine,9d430b40
info,registry,people,Steven Ryan Taylor,a9231c3f
info,registry,people,Shoaib Malik,64c34cd0
info,registry,people,Umar Akmal,fd2bf2a0
info,registry,people,WD Parnell,3a60e0b5
info,registry,people,Zahid Bassarath,ca6bf044
ball,1,0.1,Trinbago Knight Riders,BB McCullum,HM Amla,WD Parnell,0,0,,,,,,"",""
ball,1,0.2,Trinbago Knight Riders,BB McCullum,HM Amla,WD Parnell,1,0,,,,,,"",""
ball,1,0.3,Trinbago Knight Riders,HM Amla,BB McCullum,WD Parnell,4,0,,,,,,"",""
ball,1,0.4,Trinbago Knight Riders,HM Amla,BB McCullum,WD Parnell,1,0,,,,,,"",""
ball,1,0.5,Trinbago Knight Riders,BB McCullum,HM Amla,WD Parnell,0,0,,,,,,"",""
ball,1,0.6,Trinbago Knight Riders,BB McCullum,HM Amla,WD Parnell,0,0,,,,,,"",""
ball,1,1.1,Trinbago Knight Riders,HM Amla,BB McCullum,AJ Hosein,0,0,,,,,,"",""
ball,1,1.2,Trinbago Knight Riders,HM Amla,BB McCullum,AJ Hosein,1,0,,,,,,"",""
ball,1,1.3,Trinbago Knight Riders,BB McCullum,HM Amla,AJ Hosein,0,0,,,,,,"",""
ball,1,1.4,Trinbago Knight Riders,BB McCullum,HM Amla,AJ Hosein,0,0,,,,,,bowled,BB McCullum
ball,1,1.5,Trinbago Knight Riders,C Munro,HM Amla,AJ Hosein,0,0,,,,,,"",""
ball,1,1.6,Trinbago Knight Riders,C Munro,HM Amla,AJ Hosein,1,0,,,,,,"",""
ball,1,2.1,Trinbago Knight Riders,C Munro,HM Amla,WD Parnell,4,0,,,,,,"",""
ball,1,2.2,Trinbago Knight Riders,C Munro,HM Amla,WD Parnell,0,0,,,,,,"",""
ball,1,2.3,Trinbago Knight Riders,C Munro,HM Amla,WD Parnell,1,0,,,,,,"",""
ball,1,2.4,Trinbago Knight Riders,HM Amla,C Munro,WD Parnell,0,0,,,,,,"",""
ball,1,2.5,Trinbago Knight Riders,HM Amla,C Munro,WD Parnell,1,0,,,,,,"",""
ball,1,2.6,Trinbago Knight Riders,C Munro,HM Amla,WD Parnell,0,0,,,,,,"",""
ball,1,3.1,Trinbago Knight Riders,HM Amla,C Munro,AJ Hosein,1,0,,,,,,"",""
ball,1,3.2,Trinbago Knight Riders,C Munro,HM Amla,AJ Hosein,0,0,,,,,,bowled,C Munro
ball,1,3.3,Trinbago Knight Riders,DM Bravo,HM Amla,AJ Hosein,4,0,,,,,,"",""
ball,1,3.4,Trinbago Knight Riders,DM Bravo,HM Amla,AJ Hosein,0,0,,,,,,"",""
ball,1,3.5,Trinbago Knight Riders,DM Bravo,HM Amla,AJ Hosein,0,0,,,,,,"",""
ball,1,3.6,Trinbago Knight Riders,DM Bravo,HM Amla,AJ Hosein,0,0,,,,,,"",""
ball,1,4.1,Trinbago Knight Riders,HM Amla,DM Bravo,R Rampaul,1,0,,,,,,"",""
ball,1,4.2,Trinbago Knight Riders,DM Bravo,HM Amla,R Rampaul,0,0,,,,,,caught,DM Bravo
ball,1,4.3,Trinbago Knight Riders,Umar Akmal,HM Amla,R Rampaul,0,0,,,,,,"",""
ball,1,4.4,Trinbago Knight Riders,Umar Akmal,HM Amla,R Rampaul,0,0,,,,,,caught,Umar Akmal
ball,1,4.5,Trinbago Knight Riders,DJ Bravo,HM Amla,R Rampaul,0,0,,,,,,"",""
ball,1,4.6,Trinbago Knight Riders,DJ Bravo,HM Amla,R Rampaul,0,0,,,,,,"",""
ball,1,5.1,Trinbago Knight Riders,HM Amla,DJ Bravo,AJ Hosein,0,0,,,,,,"",""
ball,1,5.2,Trinbago Knight Riders,HM Amla,DJ Bravo,AJ Hosein,0,1,,,,1,,"",""
ball,1,5.3,Trinbago Knight Riders,DJ Bravo,HM Amla,AJ Hosein,1,0,,,,,,"",""
ball,1,5.4,Trinbago Knight Riders,HM Amla,DJ Bravo,AJ Hosein,1,0,,,,,,"",""
ball,1,5.5,Trinbago Knight Riders,DJ Bravo,HM Amla,AJ Hosein,0,0,,,,,,"",""
ball,1,5.6,Trinbago Knight Riders,DJ Bravo,HM Amla,AJ Hosein,2,0,,,,,,"",""
ball,1,6.1,Trinbago Knight Riders,HM Amla,DJ Bravo,R Rampaul,1,0,,,,,,"",""
ball,1,6.2,Trinbago Knight Riders,DJ Bravo,HM Amla,R Rampaul,0,1,,,,1,,"",""
ball,1,6.3,Trinbago Knight Riders,HM Amla,DJ Bravo,R Rampaul,1,0,,,,,,"",""
ball,1,6.4,Trinbago Knight Riders,DJ Bravo,HM Amla,R Rampaul,1,0,,,,,,"",""
ball,1,6.5,Trinbago Knight Riders,HM Amla,DJ Bravo,R Rampaul,2,0,,,,,,"",""
ball,1,6.6,Trinbago Knight Riders,HM Amla,DJ Bravo,R Rampaul,0,1,,,,1,,"",""
ball,1,7.1,Trinbago Knight Riders,HM Amla,DJ Bravo,AR Nurse,1,0,,,,,,"",""
ball,1,7.2,Trinbago Knight Riders,DJ Bravo,HM Amla,AR Nurse,1,0,,,,,,"",""
ball,1,7.3,Trinbago Knight Riders,HM Amla,DJ Bravo,AR Nurse,1,0,,,,,,"",""
ball,1,7.4,Trinbago Knight Riders,DJ Bravo,HM Amla,AR Nurse,4,0,,,,,,"",""
ball,1,7.5,Trinbago Knight Riders,DJ Bravo,HM Amla,AR Nurse,0,0,,,,,,"",""
ball,1,7.6,Trinbago Knight Riders,DJ Bravo,HM Amla,AR Nurse,0,0,,,,,,"",""
ball,1,8.1,Trinbago Knight Riders,HM Amla,DJ Bravo,D Wiese,0,0,,,,,,"",""
ball,1,8.2,Trinbago Knight Riders,HM Amla,DJ Bravo,D Wiese,4,0,,,,,,"",""
ball,1,8.3,Trinbago Knight Riders,HM Amla,DJ Bravo,D Wiese,0,1,1,,,,,"",""
ball,1,8.4,Trinbago Knight Riders,HM Amla,DJ Bravo,D Wiese,0,0,,,,,,"",""
ball,1,8.5,Trinbago Knight Riders,HM Amla,DJ Bravo,D Wiese,1,0,,,,,,"",""
ball,1,8.6,Trinbago Knight Riders,DJ Bravo,HM Amla,D Wiese,1,0,,,,,,"",""
ball,1,8.7,Trinbago Knight Riders,HM Amla,DJ Bravo,D Wiese,1,0,,,,,,"",""
ball,1,9.1,Trinbago Knight Riders,HM Amla,DJ Bravo,AR Nurse,1,0,,,,,,"",""
ball,1,9.2,Trinbago Knight Riders,DJ Bravo,HM Amla,AR Nurse,1,0,,,,,,"",""
ball,1,9.3,Trinbago Knight Riders,HM Amla,DJ Bravo,AR Nurse,0,1,1,,,,,"",""
ball,1,9.4,Trinbago Knight Riders,HM Amla,DJ Bravo,AR Nurse,3,0,,,,,,"",""
ball,1,9.5,Trinbago Knight Riders,DJ Bravo,HM Amla,AR Nurse,0,0,,,,,,"",""
ball,1,9.6,Trinbago Knight Riders,DJ Bravo,HM Amla,AR Nurse,0,0,,,,,,"",""
ball,1,9.7,Trinbago Knight Riders,DJ Bravo,HM Amla,AR Nurse,1,0,,,,,,"",""
ball,1,10.1,Trinbago Knight Riders,DJ Bravo,HM Amla,D Wiese,0,1,,,,1,,"",""
ball,1,10.2,Trinbago Knight Riders,HM Amla,DJ Bravo,D Wiese,1,0,,,,,,"",""
ball,1,10.3,Trinbago Knight Riders,DJ Bravo,HM Amla,D Wiese,0,0,,,,,,"",""
ball,1,10.4,Trinbago Knight Riders,DJ Bravo,HM Amla,D Wiese,4,0,,,,,,"",""
ball,1,10.5,Trinbago Knight Riders,DJ Bravo,HM Amla,D Wiese,1,0,,,,,,"",""
ball,1,10.6,Trinbago Knight Riders,HM Amla,DJ Bravo,D Wiese,1,0,,,,,,"",""
ball,1,11.1,Trinbago Knight Riders,HM Amla,DJ Bravo,AJ Hosein,4,0,,,,,,"",""
ball,1,11.2,Trinbago Knight Riders,HM Amla,DJ Bravo,AJ Hosein,0,0,,,,,,"",""
ball,1,11.3,Trinbago Knight Riders,HM Amla,DJ Bravo,AJ Hosein,1,0,,,,,,"",""
ball,1,11.4,Trinbago Knight Riders,DJ Bravo,HM Amla,AJ Hosein,0,0,,,,,,"",""
ball,1,11.5,Trinbago Knight Riders,DJ Bravo,HM Amla,AJ Hosein,1,0,,,,,,"",""
ball,1,11.6,Trinbago Knight Riders,HM Amla,DJ Bravo,AJ Hosein,1,0,,,,,,"",""
ball,1,12.1,Trinbago Knight Riders,HM Amla,DJ Bravo,D Wiese,0,0,,,,,,"",""
ball,1,12.2,Trinbago Knight Riders,HM Amla,DJ Bravo,D Wiese,1,0,,,,,,"",""
ball,1,12.3,Trinbago Knight Riders,DJ Bravo,HM Amla,D Wiese,6,0,,,,,,"",""
ball,1,12.4,Trinbago Knight Riders,DJ Bravo,HM Amla,D Wiese,1,0,,,,,,"",""
ball,1,12.5,Trinbago Knight Riders,HM Amla,DJ Bravo,D Wiese,0,0,,,,,,"",""
ball,1,12.6,Trinbago Knight Riders,HM Amla,DJ Bravo,D Wiese,1,0,,,,,,"",""
ball,1,13.1,Trinbago Knight Riders,HM Amla,DJ Bravo,AR Nurse,1,0,,,,,,"",""
ball,1,13.2,Trinbago Knight Riders,DJ Bravo,HM Amla,AR Nurse,2,0,,,,,,"",""
ball,1,13.3,Trinbago Knight Riders,DJ Bravo,HM Amla,AR Nurse,1,0,,,,,,"",""
ball,1,13.4,Trinbago Knight Riders,HM Amla,DJ Bravo,AR Nurse,1,0,,,,,,"",""
ball,1,13.5,Trinbago Knight Riders,DJ Bravo,HM Amla,AR Nurse,1,0,,,,,,"",""
ball,1,13.6,Trinbago Knight Riders,HM Amla,DJ Bravo,AR Nurse,6,0,,,,,,"",""
ball,1,14.1,Trinbago Knight Riders,DJ Bravo,HM Amla,WD Parnell,1,0,,,,,,"",""
ball,1,14.2,Trinbago Knight Riders,HM Amla,DJ Bravo,WD Parnell,0,0,,,,,,"",""
ball,1,14.3,Trinbago Knight Riders,HM Amla,DJ Bravo,WD Parnell,1,0,,,,,,"",""
ball,1,14.4,Trinbago Knight Riders,DJ Bravo,HM Amla,WD Parnell,1,0,,,,,,"",""
ball,1,14.5,Trinbago Knight Riders,HM Amla,DJ Bravo,WD Parnell,1,0,,,,,,"",""
ball,1,14.6,Trinbago Knight Riders,DJ Bravo,HM Amla,WD Parnell,0,0,,,,,,"",""
ball,1,15.1,Trinbago Knight Riders,HM Amla,DJ Bravo,R Rampaul,0,1,1,,,,,"",""
ball,1,15.2,Trinbago Knight Riders,HM Amla,DJ Bravo,R Rampaul,1,0,,,,,,"",""
ball,1,15.3,Trinbago Knight Riders,DJ Bravo,HM Amla,R Rampaul,2,0,,,,,,"",""
ball,1,15.4,Trinbago Knight Riders,DJ Bravo,HM Amla,R Rampaul,1,0,,,,,,"",""
ball,1,15.5,Trinbago Knight Riders,HM Amla,DJ Bravo,R Rampaul,4,0,,,,,,"",""
ball,1,15.6,Trinbago Knight Riders,HM Amla,DJ Bravo,R Rampaul,1,0,,,,,,"",""
ball,1,15.7,Trinbago Knight Riders,DJ Bravo,HM Amla,R Rampaul,1,0,,,,,,"",""
ball,1,16.1,Trinbago Knight Riders,DJ Bravo,HM Amla,WD Parnell,1,0,,,,,,"",""
ball,1,16.2,Trinbago Knight Riders,HM Amla,DJ Bravo,WD Parnell,6,0,,,,,,"",""
ball,1,16.3,Trinbago Knight Riders,HM Amla,DJ Bravo,WD Parnell,6,0,,,,,,"",""
ball,1,16.4,Trinbago Knight Riders,HM Amla,DJ Bravo,WD Parnell,1,0,,,,,,"",""
ball,1,16.5,Trinbago Knight Riders,DJ Bravo,HM Amla,WD Parnell,1,0,,,,,,"",""
ball,1,16.6,Trinbago Knight Riders,HM Amla,DJ Bravo,WD Parnell,4,0,,,,,,"",""
ball,1,17.1,Trinbago Knight Riders,DJ Bravo,HM Amla,D Wiese,1,0,,,,,,"",""
ball,1,17.2,Trinbago Knight Riders,HM Amla,DJ Bravo,D Wiese,1,0,,,,,,"",""
ball,1,17.3,Trinbago Knight Riders,DJ Bravo,HM Amla,D Wiese,2,0,,,,,,"",""
ball,1,17.4,Trinbago Knight Riders,DJ Bravo,HM Amla,D Wiese,6,0,,,,,,"",""
ball,1,17.5,Trinbago Knight Riders,DJ Bravo,HM Amla,D Wiese,6,0,,,,,,"",""
ball,1,17.6,Trinbago Knight Riders,DJ Bravo,HM Amla,D Wiese,1,0,,,,,,"",""
ball,1,18.1,Trinbago Knight Riders,DJ Bravo,HM Amla,R Rampaul,0,1,,,,1,,"",""
ball,1,18.2,Trinbago Knight Riders,HM Amla,DJ Bravo,R Rampaul,2,0,,,,,,"",""
ball,1,18.3,Trinbago Knight Riders,HM Amla,DJ Bravo,R Rampaul,1,0,,,,,,"",""
ball,1,18.4,Trinbago Knight Riders,DJ Bravo,HM Amla,R Rampaul,0,1,1,,,,,"",""
ball,1,18.5,Trinbago Knight Riders,DJ Bravo,HM Amla,R Rampaul,6,0,,,,,,"",""
ball,1,18.6,Trinbago Knight Riders,DJ Bravo,HM Amla,R Rampaul,2,0,,,,,,"",""
ball,1,18.7,Trinbago Knight Riders,DJ Bravo,HM Amla,R Rampaul,4,0,,,,,,"",""
ball,1,19.1,Trinbago Knight Riders,HM Amla,DJ Bravo,Shoaib Malik,1,0,,,,,,"",""
ball,1,19.2,Trinbago Knight Riders,DJ Bravo,HM Amla,Shoaib Malik,0,1,1,,,,,"",""
ball,1,19.3,Trinbago Knight Riders,DJ Bravo,HM Amla,Shoaib Malik,0,0,,,,,,"",""
ball,1,19.4,Trinbago Knight Riders,DJ Bravo,HM Amla,Shoaib Malik,0,2,2,,,,,"",""
ball,1,19.5,Trinbago Knight Riders,HM Amla,DJ Bravo,Shoaib Malik,6,0,,,,,,"",""
ball,1,19.6,Trinbago Knight Riders,HM Amla,DJ Bravo,Shoaib Malik,1,0,,,,,,"",""
ball,1,19.7,Trinbago Knight Riders,DJ Bravo,HM Amla,Shoaib Malik,1,0,,,,,,"",""
ball,1,19.8,Trinbago Knight Riders,HM Amla,DJ Bravo,Shoaib Malik,0,0,,,,,,bowled,HM Amla
ball,2,0.1,Barbados Tridents,Steven Ryan Taylor,KA Hope,NO Miller,0,0,,,,,,"",""
ball,2,0.2,Barbados Tridents,Steven Ryan Taylor,KA Hope,NO Miller,2,0,,,,,,"",""
ball,2,0.3,Barbados Tridents,Steven Ryan Taylor,KA Hope,NO Miller,0,0,,,,,,"",""
ball,2,0.4,Barbados Tridents,Steven Ryan Taylor,KA Hope,NO Miller,0,0,,,,,,"",""
ball,2,0.5,Barbados Tridents,Steven Ryan Taylor,KA Hope,NO Miller,6,0,,,,,,"",""
ball,2,0.6,Barbados Tridents,Steven Ryan Taylor,KA Hope,NO Miller,4,0,,,,,,"",""
ball,2,1.1,Barbados Tridents,KA Hope,Steven Ryan Taylor,KK Cooper,0,0,,,,,,"",""
ball,2,1.2,Barbados Tridents,KA Hope,Steven Ryan Taylor,KK Cooper,4,0,,,,,,"",""
ball,2,1.3,Barbados Tridents,KA Hope,Steven Ryan Taylor,KK Cooper,1,0,,,,,,"",""
ball,2,1.4,Barbados Tridents,Steven Ryan Taylor,KA Hope,KK Cooper,0,0,,,,,,"",""
ball,2,1.5,Barbados Tridents,Steven Ryan Taylor,KA Hope,KK Cooper,0,0,,,,,,"",""
ball,2,1.6,Barbados Tridents,Steven Ryan Taylor,KA Hope,KK Cooper,4,0,,,,,,"",""
ball,2,2.1,Barbados Tridents,KA Hope,Steven Ryan Taylor,SJ Benn,0,0,,,,,,"",""
ball,2,2.2,Barbados Tridents,KA Hope,Steven Ryan Taylor,SJ Benn,1,0,,,,,,"",""
ball,2,2.3,Barbados Tridents,Steven Ryan Taylor,KA Hope,SJ Benn,0,0,,,,,,"",""
ball,2,2.4,Barbados Tridents,Steven Ryan Taylor,KA Hope,SJ Benn,0,0,,,,,,"",""
ball,2,2.5,Barbados Tridents,Steven Ryan Taylor,KA Hope,SJ Benn,4,0,,,,,,"",""
ball,2,2.6,Barbados Tridents,Steven Ryan Taylor,KA Hope,SJ Benn,0,4,,,,4,,"",""
ball,2,3.1,Barbados Tridents,KA Hope,Steven Ryan Taylor,SP Narine,1,0,,,,,,"",""
ball,2,3.2,Barbados Tridents,Steven Ryan Taylor,KA Hope,SP Narine,0,0,,,,,,"",""
ball,2,3.3,Barbados Tridents,Steven Ryan Taylor,KA Hope,SP Narine,0,0,,,,,,"",""
ball,2,3.4,Barbados Tridents,Steven Ryan Taylor,KA Hope,SP Narine,0,0,,,,,,"",""
ball,2,3.5,Barbados Tridents,Steven Ryan Taylor,KA Hope,SP Narine,1,0,,,,,,"",""
ball,2,3.6,Barbados Tridents,KA Hope,Steven Ryan Taylor,SP Narine,0,0,,,,,,"",""
ball,2,4.1,Barbados Tridents,Steven Ryan Taylor,KA Hope,DJ Bravo,1,0,,,,,,"",""
ball,2,4.2,Barbados Tridents,KA Hope,Steven Ryan Taylor,DJ Bravo,0,0,,,,,,"",""
ball,2,4.3,Barbados Tridents,KA Hope,Steven Ryan Taylor,DJ Bravo,1,0,,,,,,"",""
ball,2,4.4,Barbados Tridents,Steven Ryan Taylor,KA Hope,DJ Bravo,0,0,,,,,,"",""
ball,2,4.5,Barbados Tridents,Steven Ryan Taylor,KA Hope,DJ Bravo,2,0,,,,,,"",""
ball,2,4.6,Barbados Tridents,Steven Ryan Taylor,KA Hope,DJ Bravo,0,0,,,,,,"",""
ball,2,5.1,Barbados Tridents,KA Hope,Steven Ryan Taylor,KK Cooper,0,0,,,,,,"",""
ball,2,5.2,Barbados Tridents,KA Hope,Steven Ryan Taylor,KK Cooper,3,0,,,,,,"",""
ball,2,5.3,Barbados Tridents,Steven Ryan Taylor,KA Hope,KK Cooper,1,0,,,,,,"",""
ball,2,5.4,Barbados Tridents,KA Hope,Steven Ryan Taylor,KK Cooper,0,0,,,,,,"",""
ball,2,5.5,Barbados Tridents,KA Hope,Steven Ryan Taylor,KK Cooper,0,1,1,,,,,"",""
ball,2,5.6,Barbados Tridents,KA Hope,Steven Ryan Taylor,KK Cooper,0,0,,,,,,caught,KA Hope
ball,2,5.7,Barbados Tridents,Steven Ryan Taylor,Shoaib Malik,KK Cooper,1,0,,,,,,"",""
ball,2,6.1,Barbados Tridents,Steven Ryan Taylor,Shoaib Malik,NO Miller,1,0,,,,,,"",""
ball,2,6.2,Barbados Tridents,Shoaib Malik,Steven Ryan Taylor,NO Miller,1,0,,,,,,"",""
ball,2,6.3,Barbados Tridents,Steven Ryan Taylor,Shoaib Malik,NO Miller,0,0,,,,,,"",""
ball,2,6.4,Barbados Tridents,Steven Ryan Taylor,Shoaib Malik,NO Miller,1,0,,,,,,"",""
ball,2,6.5,Barbados Tridents,Shoaib Malik,Steven Ryan Taylor,NO Miller,0,0,,,,,,"",""
ball,2,6.6,Barbados Tridents,Shoaib Malik,Steven Ryan Taylor,NO Miller,2,0,,,,,,"",""
ball,2,7.1,Barbados Tridents,Steven Ryan Taylor,Shoaib Malik,RR Beaton,0,1,1,,,,,"",""
ball,2,7.2,Barbados Tridents,Steven Ryan Taylor,Shoaib Malik,RR Beaton,1,0,,,,,,"",""
ball,2,7.3,Barbados Tridents,Shoaib Malik,Steven Ryan Taylor,RR Beaton,0,0,,,,,,"",""
ball,2,7.4,Barbados Tridents,Shoaib Malik,Steven Ryan Taylor,RR Beaton,2,0,,,,,,"",""
ball,2,7.5,Barbados Tridents,Shoaib Malik,Steven Ryan Taylor,RR Beaton,1,0,,,,,,"",""
ball,2,7.6,Barbados Tridents,Steven Ryan Taylor,Shoaib Malik,RR Beaton,0,0,,,,,,"",""
ball,2,7.7,Barbados Tridents,Steven Ryan Taylor,Shoaib Malik,RR Beaton,0,0,,,,,,"",""
ball,2,8.1,Barbados Tridents,Shoaib Malik,Steven Ryan Taylor,NO Miller,1,0,,,,,,"",""
ball,2,8.2,Barbados Tridents,Steven Ryan Taylor,Shoaib Malik,NO Miller,1,0,,,,,,"",""
ball,2,8.3,Barbados Tridents,Shoaib Malik,Steven Ryan Taylor,NO Miller,1,0,,,,,,"",""
ball,2,8.4,Barbados Tridents,Steven Ryan Taylor,Shoaib Malik,NO Miller,6,0,,,,,,"",""
ball,2,8.5,Barbados Tridents,Steven Ryan Taylor,Shoaib Malik,NO Miller,0,2,,,,2,,"",""
ball,2,8.6,Barbados Tridents,Steven Ryan Taylor,Shoaib Malik,NO Miller,0,0,,,,,,"",""
ball,2,9.1,Barbados Tridents,Shoaib Malik,Steven Ryan Taylor,RR Beaton,0,0,,,,,,"",""
ball,2,9.2,Barbados Tridents,Shoaib Malik,Steven Ryan Taylor,RR Beaton,1,0,,,,,,"",""
ball,2,9.3,Barbados Tridents,Steven Ryan Taylor,Shoaib Malik,RR Beaton,1,0,,,,,,"",""
ball,2,9.4,Barbados Tridents,Shoaib Malik,Steven Ryan Taylor,RR Beaton,1,0,,,,,,"",""
ball,2,9.5,Barbados Tridents,Steven Ryan Taylor,Shoaib Malik,RR Beaton,0,0,,,,,,"",""
ball,2,9.6,Barbados Tridents,Steven Ryan Taylor,Shoaib Malik,RR Beaton,0,0,,,,,,"",""
ball,2,10.1,Barbados Tridents,Shoaib Malik,Steven Ryan Taylor,SP Narine,0,0,,,,,,"",""
ball,2,10.2,Barbados Tridents,Shoaib Malik,Steven Ryan Taylor,SP Narine,1,0,,,,,,"",""
ball,2,10.3,Barbados Tridents,Steven Ryan Taylor,Shoaib Malik,SP Narine,0,0,,,,,,caught,Steven Ryan Taylor
ball,2,10.4,Barbados Tridents,Shoaib Malik,AB de Villiers,SP Narine,2,0,,,,,,"",""
ball,2,10.5,Barbados Tridents,Shoaib Malik,AB de Villiers,SP Narine,1,0,,,,,,"",""
ball,2,10.6,Barbados Tridents,AB de Villiers,Shoaib Malik,SP Narine,1,0,,,,,,"",""
ball,2,11.1,Barbados Tridents,AB de Villiers,Shoaib Malik,SJ Benn,0,1,,,,1,,"",""
ball,2,11.2,Barbados Tridents,Shoaib Malik,AB de Villiers,SJ Benn,2,0,,,,,,"",""
ball,2,11.3,Barbados Tridents,Shoaib Malik,AB de Villiers,SJ Benn,1,0,,,,,,"",""
ball,2,11.4,Barbados Tridents,AB de Villiers,Shoaib Malik,SJ Benn,0,0,,,,,,"",""
ball,2,11.5,Barbados Tridents,AB de Villiers,Shoaib Malik,SJ Benn,0,0,,,,,,"",""
ball,2,11.6,Barbados Tridents,AB de Villiers,Shoaib Malik,SJ Benn,0,0,,,,,,"",""
ball,2,12.1,Barbados Tridents,Shoaib Malik,AB de Villiers,SP Narine,4,0,,,,,,"",""
ball,2,12.2,Barbados Tridents,Shoaib Malik,AB de Villiers,SP Narine,1,0,,,,,,"",""
ball,2,12.3,Barbados Tridents,AB de Villiers,Shoaib Malik,SP Narine,0,0,,,,,,"",""
ball,2,12.4,Barbados Tridents,AB de Villiers,Shoaib Malik,SP Narine,1,0,,,,,,"",""
ball,2,12.5,Barbados Tridents,Shoaib Malik,AB de Villiers,SP Narine,1,0,,,,,,"",""
ball,2,12.6,Barbados Tridents,AB de Villiers,Shoaib Malik,SP Narine,4,0,,,,,,"",""
ball,2,13.1,Barbados Tridents,Shoaib Malik,AB de Villiers,SJ Benn,2,0,,,,,,"",""
ball,2,13.2,Barbados Tridents,Shoaib Malik,AB de Villiers,SJ Benn,1,0,,,,,,"",""
ball,2,13.3,Barbados Tridents,AB de Villiers,Shoaib Malik,SJ Benn,2,0,,,,,,"",""
ball,2,13.4,Barbados Tridents,AB de Villiers,Shoaib Malik,SJ Benn,1,0,,,,,,"",""
ball,2,13.5,Barbados Tridents,Shoaib Malik,AB de Villiers,SJ Benn,2,0,,,,,,"",""
ball,2,13.6,Barbados Tridents,Shoaib Malik,AB de Villiers,SJ Benn,0,0,,,,,,caught,Shoaib Malik
ball,2,14.1,Barbados Tridents,AB de Villiers,KA Pollard,KK Cooper,1,0,,,,,,"",""
ball,2,14.2,Barbados Tridents,KA Pollard,AB de Villiers,KK Cooper,0,0,,,,,,caught,KA Pollard
ball,2,14.3,Barbados Tridents,AB de Villiers,N Pooran,KK Cooper,1,0,,,,,,"",""
ball,2,14.4,Barbados Tridents,N Pooran,AB de Villiers,KK Cooper,1,0,,,,,,"",""
ball,2,14.5,Barbados Tridents,AB de Villiers,N Pooran,KK Cooper,1,0,,,,,,"",""
ball,2,14.6,Barbados Tridents,N Pooran,AB de Villiers,KK Cooper,2,0,,,,,,"",""
ball,2,15.1,Barbados Tridents,AB de Villiers,N Pooran,DJ Bravo,0,0,,,,,,caught,AB de Villiers
ball,2,15.2,Barbados Tridents,D Wiese,N Pooran,DJ Bravo,1,0,,,,,,"",""
ball,2,15.3,Barbados Tridents,N Pooran,D Wiese,DJ Bravo,0,1,,1,,,,run out,D Wiese
ball,2,15.4,Barbados Tridents,N Pooran,AR Nurse,DJ Bravo,1,0,,,,,,"",""
ball,2,15.5,Barbados Tridents,AR Nurse,N Pooran,DJ Bravo,1,0,,,,,,"",""
ball,2,15.6,Barbados Tridents,N Pooran,AR Nurse,DJ Bravo,6,0,,,,,,"",""
ball,2,15.7,Barbados Tridents,N Pooran,AR Nurse,DJ Bravo,4,0,,,,,,"",""
ball,2,16.1,Barbados Tridents,AR Nurse,N Pooran,SP Narine,0,0,,,,,,"",""
ball,2,16.2,Barbados Tridents,AR Nurse,N Pooran,SP Narine,0,0,,,,,,"",""
ball,2,16.3,Barbados Tridents,AR Nurse,N Pooran,SP Narine,0,0,,,,,,caught,AR Nurse
ball,2,16.4,Barbados Tridents,N Pooran,AJ Hosein,SP Narine,1,0,,,,,,"",""
ball,2,16.5,Barbados Tridents,AJ Hosein,N Pooran,SP Narine,1,0,,,,,,"",""
ball,2,16.6,Barbados Tridents,N Pooran,AJ Hosein,SP Narine,1,0,,,,,,"",""
ball,2,17.1,Barbados Tridents,N Pooran,AJ Hosein,KK Cooper,6,0,,,,,,"",""
ball,2,17.2,Barbados Tridents,N Pooran,AJ Hosein,KK Cooper,4,0,,,,,,"",""
ball,2,17.3,Barbados Tridents,N Pooran,AJ Hosein,KK Cooper,0,1,1,,,,,"",""
ball,2,17.4,Barbados Tridents,N Pooran,AJ Hosein,KK Cooper,6,0,,,,,,"",""
ball,2,17.5,Barbados Tridents,N Pooran,AJ Hosein,KK Cooper,1,0,,,,,,run out,N Pooran
ball,2,17.6,Barbados Tridents,WD Parnell,AJ Hosein,KK Cooper,1,0,,,,,,"",""
ball,2,17.7,Barbados Tridents,AJ Hosein,WD Parnell,KK Cooper,2,0,,,,,,"",""
ball,2,18.1,Barbados Tridents,WD Parnell,AJ Hosein,DJ Bravo,1,0,,,,,,"",""
ball,2,18.2,Barbados Tridents,AJ Hosein,WD Parnell,DJ Bravo,1,0,,,,,,"",""
ball,2,18.3,Barbados Tridents,WD Parnell,AJ Hosein,DJ Bravo,1,0,,,,,,"",""
ball,2,18.4,Barbados Tridents,AJ Hosein,WD Parnell,DJ Bravo,1,0,,,,,,"",""
ball,2,18.5,Barbados Tridents,WD Parnell,AJ Hosein,DJ Bravo,2,0,,,,,,"",""
ball,2,18.6,Barbados Tridents,WD Parnell,AJ Hosein,DJ Bravo,0,0,,,,,,"",""
ball,2,19.1,Barbados Tridents,AJ Hosein,WD Parnell,RR Beaton,0,1,1,,,,,"",""
ball,2,19.2,Barbados Tridents,AJ Hosein,WD Parnell,RR Beaton,1,0,,,,,,"",""
ball,2,19.3,Barbados Tridents,WD Parnell,AJ Hosein,RR Beaton,4,0,,,,,,"",""
ball,2,19.4,Barbados Tridents,WD Parnell,AJ Hosein,RR Beaton,1,0,,,,,,"",""
ball,2,19.5,Barbados Tridents,AJ Hosein,WD Parnell,RR Beaton,1,0,,,,,,"",""
ball,2,19.6,Barbados Tridents,WD Parnell,AJ Hosein,RR Beaton,0,1,1,,,,,"",""
ball,2,19.7,Barbados Tridents,WD Parnell,AJ Hosein,RR Beaton,2,0,,,,,,"",""
ball,2,19.8,Barbados Tridents,WD Parnell,AJ Hosein,RR Beaton,4,0,,,,,,"",""
