version,1.6.0
info,balls_per_over,6
info,team,St Lucia Zouks
info,team,Trinbago Knight Riders
info,gender,male
info,season,2016
info,date,2016/08/04
info,event,Caribbean Premier League
info,venue,"Warner Park, Basseterre"
info,city,St Kitts
info,toss_winner,Trinbago Knight Riders
info,toss_decision,field
info,player_of_match,BB McCullum
info,umpire,JD Cloete
info,umpire,JD Ward
info,reserve_umpire,WL Mitchum
info,tv_umpire,LS Reifer
info,match_referee,D Govindjee
info,winner,Trinbago Knight Riders
info,winner_wickets,5
info,player,St Lucia Zouks,ADS Fletcher
info,player,St Lucia Zouks,J Charles
info,player,St Lucia Zouks,SR Watson
info,player,St Lucia Zouks,MEK Hussey
info,player,St Lucia Zouks,DA Miller
info,player,St Lucia Zouks,DJG Sammy
info,player,St Lucia Zouks,GD Elliott
info,player,St Lucia Zouks,GD Pope
info,player,St Lucia Zouks,S Shillingford
info,player,St Lucia Zouks,JE Taylor
info,player,St Lucia Zouks,DE Johnson
info,player,Trinbago Knight Riders,HM Amla
info,player,Trinbago Knight Riders,Umar Akmal
info,player,Trinbago Knight Riders,C Munro
info,player,Trinbago Knight Riders,BB McCullum
info,player,Trinbago Knight Riders,D Ramdin
info,player,Trinbago Knight Riders,DJ Bravo
info,player,Trinbago Knight Riders,SP Narine
info,player,Trinbago Knight Riders,Y Cariah
info,player,Trinbago Knight Riders,KK Cooper
info,player,Trinbago Knight Riders,RR Beaton
info,player,Trinbago Knight Riders,NO Miller
info,registry,people,ADS Fletcher,1bae756b
info,registry,people,BB McCullum,b8a55852
info,registry,people,C Munro,af2c687b
info,registry,people,D Govindjee,8b4c4069
info,registry,people,D Ramdin,d1523761
info,registry,people,DA Miller,d67d5f00
info,registry,people,DE Johnson,c0babb93
info,registry,people,DJ Bravo,87e562a9
info,registry,people,DJG Sammy,c03c6200
info,registry,people,GD Elliott,c03449e0
info,registry,people,GD Pope,0077eaa3
info,registry,people,HM Amla,e798611a
info,registry,people,J Charles,09a9d073
info,registry,people,JD Cloete,b0419f8c
info,registry,people,JD Ward,511299c1
info,registry,people,JE Taylor,4180d897
info,registry,people,KK Cooper,557153ca
info,registry,people,LS Reifer,5dee559a
info,registry,people,MEK Hussey,48fd7349
info,registry,people,NO Miller,ea3ffd1b
info,registry,people,RR Beaton,684a56df
info,registry,people,S Shillingford,d76b0d2d
info,registry,people,SP Narine,9d430b40
info,registry,people,SR Watson,4329fbb5
info,registry,people,Umar Akmal,fd2bf2a0
info,registry,people,WL Mitchum,c1e32d91
info,registry,people,Y Cariah,78bb68d4
ball,1,0.1,St Lucia Zouks,ADS Fletcher,J Charles,NO Miller,1,0,,,,,,"",""
ball,1,0.2,St Lucia Zouks,J Charles,ADS Fletcher,NO Miller,0,0,,,,,,"",""
ball,1,0.3,St Lucia Zouks,J Charles,ADS Fletcher,NO Miller,1,0,,,,,,"",""
ball,1,0.4,St Lucia Zouks,ADS Fletcher,J Charles,NO Miller,0,0,,,,,,"",""
ball,1,0.5,St Lucia Zouks,ADS Fletcher,J Charles,NO Miller,0,0,,,,,,"",""
ball,1,0.6,St Lucia Zouks,ADS Fletcher,J Charles,NO Miller,1,0,,,,,,"",""
ball,1,1.1,St Lucia Zouks,ADS Fletcher,J Charles,RR Beaton,4,0,,,,,,"",""
ball,1,1.2,St Lucia Zouks,ADS Fletcher,J Charles,RR Beaton,0,0,,,,,,"",""
ball,1,1.3,St Lucia Zouks,ADS Fletcher,J Charles,RR Beaton,0,0,,,,,,"",""
ball,1,1.4,St Lucia Zouks,ADS Fletcher,J Charles,RR Beaton,1,0,,,,,,"",""
ball,1,1.5,St Lucia Zouks,J Charles,ADS Fletcher,RR Beaton,0,0,,,,,,"",""
ball,1,1.6,St Lucia Zouks,J Charles,ADS Fletcher,RR Beaton,0,0,,,,,,"",""
ball,1,2.1,St Lucia Zouks,ADS Fletcher,J Charles,NO Miller,1,0,,,,,,"",""
ball,1,2.2,St Lucia Zouks,J Charles,ADS Fletcher,NO Miller,6,0,,,,,,"",""
ball,1,2.3,St Lucia Zouks,J Charles,ADS Fletcher,NO Miller,4,0,,,,,,"",""
ball,1,2.4,St Lucia Zouks,J Charles,ADS Fletcher,NO Miller,6,0,,,,,,"",""
ball,1,2.5,St Lucia Zouks,J Charles,ADS Fletcher,NO Miller,1,0,,,,,,"",""
ball,1,2.6,St Lucia Zouks,ADS Fletcher,J Charles,NO Miller,1,0,,,,,,"",""
ball,1,3.1,St Lucia Zouks,ADS Fletcher,J Charles,RR Beaton,4,0,,,,,,"",""
ball,1,3.2,St Lucia Zouks,ADS Fletcher,J Charles,RR Beaton,1,0,,,,,,"",""
ball,1,3.3,St Lucia Zouks,J Charles,ADS Fletcher,RR Beaton,0,0,,,,,,"",""
ball,1,3.4,St Lucia Zouks,J Charles,ADS Fletcher,RR Beaton,0,0,,,,,,"",""
ball,1,3.5,St Lucia Zouks,J Charles,ADS Fletcher,RR Beaton,1,0,,,,,,"",""
ball,1,3.6,St Lucia Zouks,ADS Fletcher,J Charles,RR Beaton,1,0,,,,,,"",""
ball,1,4.1,St Lucia Zouks,ADS Fletcher,J Charles,SP Narine,1,0,,,,,,"",""
ball,1,4.2,St Lucia Zouks,J Charles,ADS Fletcher,SP Narine,4,0,,,,,,"",""
ball,1,4.3,St Lucia Zouks,J Charles,ADS Fletcher,SP Narine,4,0,,,,,,"",""
ball,1,4.4,St Lucia Zouks,J Charles,ADS Fletcher,SP Narine,0,0,,,,,,"",""
ball,1,4.5,St Lucia Zouks,J Charles,ADS Fletcher,SP Narine,2,0,,,,,,"",""
ball,1,4.6,St Lucia Zouks,J Charles,ADS Fletcher,SP Narine,0,0,,,,,,"",""
ball,1,5.1,St Lucia Zouks,ADS Fletcher,J Charles,DJ Bravo,4,0,,,,,,"",""
ball,1,5.2,St Lucia Zouks,ADS Fletcher,J Charles,DJ Bravo,0,1,,,,1,,"",""
ball,1,5.3,St Lucia Zouks,J Charles,ADS Fletcher,DJ Bravo,1,0,,,,,,"",""
ball,1,5.4,St Lucia Zouks,ADS Fletcher,J Charles,DJ Bravo,0,0,,,,,,"",""
ball,1,5.5,St Lucia Zouks,ADS Fletcher,J Charles,DJ Bravo,1,0,,,,,,"",""
ball,1,5.6,St Lucia Zouks,J Charles,ADS Fletcher,DJ Bravo,0,0,,,,,,"",""
ball,1,6.1,St Lucia Zouks,ADS Fletcher,J Charles,Y Cariah,6,0,,,,,,"",""
ball,1,6.2,St Lucia Zouks,ADS Fletcher,J Charles,Y Cariah,1,0,,,,,,"",""
ball,1,6.3,St Lucia Zouks,J Charles,ADS Fletcher,Y Cariah,0,0,,,,,,"",""
ball,1,6.4,St Lucia Zouks,J Charles,ADS Fletcher,Y Cariah,1,0,,,,,,"",""
ball,1,6.5,St Lucia Zouks,ADS Fletcher,J Charles,Y Cariah,1,0,,,,,,"",""
ball,1,6.6,St Lucia Zouks,J Charles,ADS Fletcher,Y Cariah,0,0,,,,,,"",""
ball,1,7.1,St Lucia Zouks,ADS Fletcher,J Charles,KK Cooper,1,0,,,,,,"",""
ball,1,7.2,St Lucia Zouks,J Charles,ADS Fletcher,KK Cooper,0,0,,,,,,caught,J Charles
ball,1,7.3,St Lucia Zouks,SR Watson,ADS Fletcher,KK Cooper,4,0,,,,,,"",""
ball,1,7.4,St Lucia Zouks,SR Watson,ADS Fletcher,KK Cooper,0,0,,,,,,"",""
ball,1,7.5,St Lucia Zouks,SR Watson,ADS Fletcher,KK Cooper,0,0,,,,,,caught,SR Watson
ball,1,7.6,St Lucia Zouks,MEK Hussey,ADS Fletcher,KK Cooper,0,0,,,,,,"",""
ball,1,8.1,St Lucia Zouks,ADS Fletcher,MEK Hussey,SP Narine,0,0,,,,,,"",""
ball,1,8.2,St Lucia Zouks,ADS Fletcher,MEK Hussey,SP Narine,0,0,,,,,,"",""
ball,1,8.3,St Lucia Zouks,ADS Fletcher,MEK Hussey,SP Narine,1,0,,,,,,run out,MEK Hussey
ball,1,8.4,St Lucia Zouks,DA Miller,ADS Fletcher,SP Narine,0,0,,,,,,"",""
ball,1,8.5,St Lucia Zouks,DA Miller,ADS Fletcher,SP Narine,0,0,,,,,,"",""
ball,1,8.6,St Lucia Zouks,DA Miller,ADS Fletcher,SP Narine,0,0,,,,,,"",""
ball,1,9.1,St Lucia Zouks,ADS Fletcher,DA Miller,KK Cooper,1,0,,,,,,"",""
ball,1,9.2,St Lucia Zouks,DA Miller,ADS Fletcher,KK Cooper,0,0,,,,,,"",""
ball,1,9.3,St Lucia Zouks,DA Miller,ADS Fletcher,KK Cooper,4,0,,,,,,"",""
ball,1,9.4,St Lucia Zouks,DA Miller,ADS Fletcher,KK Cooper,0,0,,,,,,"",""
ball,1,9.5,St Lucia Zouks,DA Miller,ADS Fletcher,KK Cooper,1,0,,,,,,"",""
ball,1,9.6,St Lucia Zouks,ADS Fletcher,DA Miller,KK Cooper,0,1,,,,1,,"",""
ball,1,10.1,St Lucia Zouks,ADS Fletcher,DA Miller,DJ Bravo,0,0,,,,,,"",""
ball,1,10.2,St Lucia Zouks,ADS Fletcher,DA Miller,DJ Bravo,0,0,,,,,,"",""
ball,1,10.3,St Lucia Zouks,ADS Fletcher,DA Miller,DJ Bravo,1,0,,,,,,"",""
ball,1,10.4,St Lucia Zouks,DA Miller,ADS Fletcher,DJ Bravo,2,0,,,,,,"",""
ball,1,10.5,St Lucia Zouks,DA Miller,ADS Fletcher,DJ Bravo,4,0,,,,,,"",""
ball,1,10.6,St Lucia Zouks,DA Miller,ADS Fletcher,DJ Bravo,1,0,,,,,,"",""
ball,1,11.1,St Lucia Zouks,DA Miller,ADS Fletcher,NO Miller,1,0,,,,,,"",""
ball,1,11.2,St Lucia Zouks,ADS Fletcher,DA Miller,NO Miller,0,0,,,,,,"",""
ball,1,11.3,St Lucia Zouks,ADS Fletcher,DA Miller,NO Miller,2,0,,,,,,"",""
ball,1,11.4,St Lucia Zouks,ADS Fletcher,DA Miller,NO Miller,1,0,,,,,,"",""
ball,1,11.5,St Lucia Zouks,DA Miller,ADS Fletcher,NO Miller,0,0,,,,,,"",""
ball,1,11.6,St Lucia Zouks,DA Miller,ADS Fletcher,NO Miller,0,0,,,,,,caught,DA Miller
ball,1,12.1,St Lucia Zouks,ADS Fletcher,DJG Sammy,SP Narine,0,0,,,,,,"",""
ball,1,12.2,St Lucia Zouks,ADS Fletcher,DJG Sammy,SP Narine,0,0,,,,,,"",""
ball,1,12.3,St Lucia Zouks,ADS Fletcher,DJG Sammy,SP Narine,1,0,,,,,,"",""
ball,1,12.4,St Lucia Zouks,DJG Sammy,ADS Fletcher,SP Narine,0,0,,,,,,"",""
ball,1,12.5,St Lucia Zouks,DJG Sammy,ADS Fletcher,SP Narine,2,0,,,,,,"",""
ball,1,12.6,St Lucia Zouks,DJG Sammy,ADS Fletcher,SP Narine,1,0,,,,,,"",""
ball,1,13.1,St Lucia Zouks,DJG Sammy,ADS Fletcher,NO Miller,1,0,,,,,,"",""
ball,1,13.2,St Lucia Zouks,ADS Fletcher,DJG Sammy,NO Miller,0,0,,,,,,"",""
ball,1,13.3,St Lucia Zouks,ADS Fletcher,DJG Sammy,NO Miller,1,0,,,,,,"",""
ball,1,13.4,St Lucia Zouks,DJG Sammy,ADS Fletcher,NO Miller,0,0,,,,,,"",""
ball,1,13.5,St Lucia Zouks,DJG Sammy,ADS Fletcher,NO Miller,6,0,,,,,,"",""
ball,1,13.6,St Lucia Zouks,DJG Sammy,ADS Fletcher,NO Miller,0,0,,,,,,"",""
ball,1,14.1,St Lucia Zouks,ADS Fletcher,DJG Sammy,DJ Bravo,1,0,,,,,,"",""
ball,1,14.2,St Lucia Zouks,DJG Sammy,ADS Fletcher,DJ Bravo,0,0,,,,,,"",""
ball,1,14.3,St Lucia Zouks,DJG Sammy,ADS Fletcher,DJ Bravo,1,0,,,,,,"",""
ball,1,14.4,St Lucia Zouks,ADS Fletcher,DJG Sammy,DJ Bravo,1,0,,,,,,"",""
ball,1,14.5,St Lucia Zouks,DJG Sammy,ADS Fletcher,DJ Bravo,2,0,,,,,,"",""
ball,1,14.6,St Lucia Zouks,DJG Sammy,ADS Fletcher,DJ Bravo,2,0,,,,,,"",""
ball,1,15.1,St Lucia Zouks,ADS Fletcher,DJG Sammy,RR Beaton,0,0,,,,,,"",""
ball,1,15.2,St Lucia Zouks,ADS Fletcher,DJG Sammy,RR Beaton,0,1,1,,,,,"",""
ball,1,15.3,St Lucia Zouks,ADS Fletcher,DJG Sammy,RR Beaton,1,0,,,,,,"",""
ball,1,15.4,St Lucia Zouks,DJG Sammy,ADS Fletcher,RR Beaton,1,0,,,,,,"",""
ball,1,15.5,St Lucia Zouks,ADS Fletcher,DJG Sammy,RR Beaton,0,0,,,,,,caught,ADS Fletcher
ball,1,15.6,St Lucia Zouks,DJG Sammy,GD Elliott,RR Beaton,1,0,,,,,,"",""
ball,1,15.7,St Lucia Zouks,GD Elliott,DJG Sammy,RR Beaton,0,0,,,,,,"",""
ball,1,16.1,St Lucia Zouks,DJG Sammy,GD Elliott,SP Narine,1,0,,,,,,"",""
ball,1,16.2,St Lucia Zouks,GD Elliott,DJG Sammy,SP Narine,0,1,,1,,,,"",""
ball,1,16.3,St Lucia Zouks,GD Elliott,DJG Sammy,SP Narine,0,1,1,,,,,"",""
ball,1,16.4,St Lucia Zouks,GD Elliott,DJG Sammy,SP Narine,0,1,1,,,,,"",""
ball,1,16.5,St Lucia Zouks,GD Elliott,DJG Sammy,SP Narine,6,0,,,,,,"",""
ball,1,16.6,St Lucia Zouks,GD Elliott,DJG Sammy,SP Narine,0,0,,,,,,"",""
ball,1,16.7,St Lucia Zouks,GD Elliott,DJG Sammy,SP Narine,2,0,,,,,,"",""
ball,1,16.8,St Lucia Zouks,GD Elliott,DJG Sammy,SP Narine,2,0,,,,,,"",""
ball,1,16.9,St Lucia Zouks,GD Elliott,DJG Sammy,SP Narine,0,0,,,,,,"",""
ball,1,17.1,St Lucia Zouks,DJG Sammy,GD Elliott,RR Beaton,1,0,,,,,,"",""
ball,1,17.2,St Lucia Zouks,GD Elliott,DJG Sammy,RR Beaton,0,0,,,,,,caught,GD Elliott
ball,1,17.3,St Lucia Zouks,GD Pope,DJG Sammy,RR Beaton,0,0,,,,,,bowled,GD Pope
ball,1,17.4,St Lucia Zouks,S Shillingford,DJG Sammy,RR Beaton,1,0,,,,,,"",""
ball,1,17.5,St Lucia Zouks,DJG Sammy,S Shillingford,RR Beaton,4,0,,,,,,"",""
ball,1,17.6,St Lucia Zouks,DJG Sammy,S Shillingford,RR Beaton,1,0,,,,,,"",""
ball,1,18.1,St Lucia Zouks,DJG Sammy,S Shillingford,DJ Bravo,2,0,,,,,,"",""
ball,1,18.2,St Lucia Zouks,DJG Sammy,S Shillingford,DJ Bravo,2,0,,,,,,"",""
ball,1,18.3,St Lucia Zouks,DJG Sammy,S Shillingford,DJ Bravo,0,1,1,,,,,"",""
ball,1,18.4,St Lucia Zouks,DJG Sammy,S Shillingford,DJ Bravo,6,0,,,,,,"",""
ball,1,18.5,St Lucia Zouks,DJG Sammy,S Shillingford,DJ Bravo,6,0,,,,,,"",""
ball,1,18.6,St Lucia Zouks,DJG Sammy,S Shillingford,DJ Bravo,0,0,,,,,,caught,DJG Sammy
ball,1,18.7,St Lucia Zouks,S Shillingford,JE Taylor,DJ Bravo,2,0,,,,,,"",""
ball,1,19.1,St Lucia Zouks,JE Taylor,S Shillingford,KK Cooper,1,0,,,,,,"",""
ball,1,19.2,St Lucia Zouks,S Shillingford,JE Taylor,KK Cooper,1,0,,,,,,"",""
ball,1,19.3,St Lucia Zouks,JE Taylor,S Shillingford,KK Cooper,1,0,,,,,,"",""
ball,1,19.4,St Lucia Zouks,S Shillingford,JE Taylor,KK Cooper,0,0,,,,,,"",""
ball,1,19.5,St Lucia Zouks,S Shillingford,JE Taylor,KK Cooper,6,0,,,,,,"",""
ball,1,19.6,St Lucia Zouks,S Shillingford,JE Taylor,KK Cooper,6,0,,,,,,"",""
ball,2,0.1,Trinbago Knight Riders,HM Amla,Umar Akmal,DE Johnson,4,0,,,,,,"",""
ball,2,0.2,Trinbago Knight Riders,HM Amla,Umar Akmal,DE Johnson,4,0,,,,,,"",""
ball,2,0.3,Trinbago Knight Riders,HM Amla,Umar Akmal,DE Johnson,2,0,,,,,,"",""
ball,2,0.4,Trinbago Knight Riders,HM Amla,Umar Akmal,DE Johnson,0,0,,,,,,"",""
ball,2,0.5,Trinbago Knight Riders,HM Amla,Umar Akmal,DE Johnson,0,0,,,,,,caught,HM Amla
ball,2,0.6,Trinbago Knight Riders,C Munro,Umar Akmal,DE Johnson,0,0,,,,,,"",""
ball,2,1.1,Trinbago Knight Riders,Umar Akmal,C Munro,JE Taylor,2,0,,,,,,"",""
ball,2,1.2,Trinbago Knight Riders,Umar Akmal,C Munro,JE Taylor,0,0,,,,,,"",""
ball,2,1.3,Trinbago Knight Riders,Umar Akmal,C Munro,JE Taylor,0,1,,,,1,,"",""
ball,2,1.4,Trinbago Knight Riders,C Munro,Umar Akmal,JE Taylor,6,0,,,,,,"",""
ball,2,1.5,Trinbago Knight Riders,C Munro,Umar Akmal,JE Taylor,2,0,,,,,,"",""
ball,2,1.6,Trinbago Knight Riders,C Munro,Umar Akmal,JE Taylor,4,0,,,,,,"",""
ball,2,2.1,Trinbago Knight Riders,Umar Akmal,C Munro,SR Watson,4,0,,,,,,"",""
ball,2,2.2,Trinbago Knight Riders,Umar Akmal,C Munro,SR Watson,0,0,,,,,,"",""
ball,2,2.3,Trinbago Knight Riders,Umar Akmal,C Munro,SR Watson,4,0,,,,,,"",""
ball,2,2.4,Trinbago Knight Riders,Umar Akmal,C Munro,SR Watson,1,0,,,,,,"",""
ball,2,2.5,Trinbago Knight Riders,C Munro,Umar Akmal,SR Watson,4,0,,,,,,"",""
ball,2,2.6,Trinbago Knight Riders,C Munro,Umar Akmal,SR Watson,0,0,,,,,,"",""
ball,2,3.1,Trinbago Knight Riders,Umar Akmal,C Munro,S Shillingford,0,0,,,,,,"",""
ball,2,3.2,Trinbago Knight Riders,Umar Akmal,C Munro,S Shillingford,0,0,,,,,,"",""
ball,2,3.3,Trinbago Knight Riders,Umar Akmal,C Munro,S Shillingford,4,0,,,,,,"",""
ball,2,3.4,Trinbago Knight Riders,Umar Akmal,C Munro,S Shillingford,4,0,,,,,,"",""
ball,2,3.5,Trinbago Knight Riders,Umar Akmal,C Munro,S Shillingford,1,0,,,,,,"",""
ball,2,3.6,Trinbago Knight Riders,C Munro,Umar Akmal,S Shillingford,0,0,,,,,,"",""
ball,2,4.1,Trinbago Knight Riders,Umar Akmal,C Munro,DE Johnson,6,0,,,,,,"",""
ball,2,4.2,Trinbago Knight Riders,Umar Akmal,C Munro,DE Johnson,4,0,,,,,,"",""
ball,2,4.3,Trinbago Knight Riders,Umar Akmal,C Munro,DE Johnson,0,0,,,,,,caught,Umar Akmal
ball,2,4.4,Trinbago Knight Riders,BB McCullum,C Munro,DE Johnson,1,0,,,,,,"",""
ball,2,4.5,Trinbago Knight Riders,C Munro,BB McCullum,DE Johnson,0,0,,,,,,"",""
ball,2,4.6,Trinbago Knight Riders,C Munro,BB McCullum,DE Johnson,2,0,,,,,,"",""
ball,2,5.1,Trinbago Knight Riders,BB McCullum,C Munro,JE Taylor,1,0,,,,,,"",""
ball,2,5.2,Trinbago Knight Riders,C Munro,BB McCullum,JE Taylor,0,0,,,,,,caught,C Munro
ball,2,5.3,Trinbago Knight Riders,BB McCullum,D Ramdin,JE Taylor,1,0,,,,,,"",""
ball,2,5.4,Trinbago Knight Riders,D Ramdin,BB McCullum,JE Taylor,1,0,,,,,,"",""
ball,2,5.5,Trinbago Knight Riders,BB McCullum,D Ramdin,JE Taylor,4,0,,,,,,"",""
ball,2,5.6,Trinbago Knight Riders,BB McCullum,D Ramdin,JE Taylor,1,0,,,,,,"",""
ball,2,6.1,Trinbago Knight Riders,BB McCullum,D Ramdin,DJG Sammy,4,0,,,,,,"",""
ball,2,6.2,Trinbago Knight Riders,BB McCullum,D Ramdin,DJG Sammy,1,0,,,,,,"",""
ball,2,6.3,Trinbago Knight Riders,D Ramdin,BB McCullum,DJG Sammy,4,0,,,,,,"",""
ball,2,6.4,Trinbago Knight Riders,D Ramdin,BB McCullum,DJG Sammy,1,0,,,,,,"",""
ball,2,6.5,Trinbago Knight Riders,BB McCullum,D Ramdin,DJG Sammy,1,0,,,,,,"",""
ball,2,6.6,Trinbago Knight Riders,D Ramdin,BB McCullum,DJG Sammy,1,0,,,,,,"",""
ball,2,7.1,Trinbago Knight Riders,D Ramdin,BB McCullum,S Shillingford,0,0,,,,,,"",""
ball,2,7.2,Trinbago Knight Riders,D Ramdin,BB McCullum,S Shillingford,1,0,,,,,,"",""
ball,2,7.3,Trinbago Knight Riders,BB McCullum,D Ramdin,S Shillingford,0,0,,,,,,"",""
ball,2,7.4,Trinbago Knight Riders,BB McCullum,D Ramdin,S Shillingford,0,0,,,,,,"",""
ball,2,7.5,Trinbago Knight Riders,BB McCullum,D Ramdin,S Shillingford,1,0,,,,,,"",""
ball,2,7.6,Trinbago Knight Riders,D Ramdin,BB McCullum,S Shillingford,1,0,,,,,,"",""
ball,2,8.1,Trinbago Knight Riders,D Ramdin,BB McCullum,SR Watson,1,0,,,,,,"",""
ball,2,8.2,Trinbago Knight Riders,BB McCullum,D Ramdin,SR Watson,1,0,,,,,,"",""
ball,2,8.3,Trinbago Knight Riders,D Ramdin,BB McCullum,SR Watson,0,0,,,,,,"",""
ball,2,8.4,Trinbago Knight Riders,D Ramdin,BB McCullum,SR Watson,1,0,,,,,,"",""
ball,2,8.5,Trinbago Knight Riders,BB McCullum,D Ramdin,SR Watson,4,0,,,,,,"",""
ball,2,8.6,Trinbago Knight Riders,BB McCullum,D Ramdin,SR Watson,0,0,,,,,,"",""
ball,2,9.1,Trinbago Knight Riders,D Ramdin,BB McCullum,S Shillingford,1,0,,,,,,"",""
ball,2,9.2,Trinbago Knight Riders,BB McCullum,D Ramdin,S Shillingford,0,0,,,,,,"",""
ball,2,9.3,Trinbago Knight Riders,BB McCullum,D Ramdin,S Shillingford,1,0,,,,,,"",""
ball,2,9.4,Trinbago Knight Riders,D Ramdin,BB McCullum,S Shillingford,1,0,,,,,,"",""
ball,2,9.5,Trinbago Knight Riders,BB McCullum,D Ramdin,S Shillingford,6,0,,,,,,"",""
ball,2,9.6,Trinbago Knight Riders,BB McCullum,D Ramdin,S Shillingford,1,0,,,,,,"",""
ball,2,10.1,Trinbago Knight Riders,BB McCullum,D Ramdin,DJG Sammy,1,0,,,,,,"",""
ball,2,10.2,Trinbago Knight Riders,D Ramdin,BB McCullum,DJG Sammy,1,0,,,,,,"",""
ball,2,10.3,Trinbago Knight Riders,BB McCullum,D Ramdin,DJG Sammy,1,0,,,,,,"",""
ball,2,10.4,Trinbago Knight Riders,D Ramdin,BB McCullum,DJG Sammy,1,0,,,,,,"",""
ball,2,10.5,Trinbago Knight Riders,BB McCullum,D Ramdin,DJG Sammy,1,0,,,,,,"",""
ball,2,10.6,Trinbago Knight Riders,D Ramdin,BB McCullum,DJG Sammy,1,0,,,,,,"",""
ball,2,11.1,Trinbago Knight Riders,D Ramdin,BB McCullum,GD Pope,4,0,,,,,,"",""
ball,2,11.2,Trinbago Knight Riders,D Ramdin,BB McCullum,GD Pope,1,0,,,,,,"",""
ball,2,11.3,Trinbago Knight Riders,BB McCullum,D Ramdin,GD Pope,1,0,,,,,,"",""
ball,2,11.4,Trinbago Knight Riders,D Ramdin,BB McCullum,GD Pope,0,0,,,,,,caught,D Ramdin
ball,2,11.5,Trinbago Knight Riders,DJ Bravo,BB McCullum,GD Pope,1,0,,,,,,"",""
ball,2,11.6,Trinbago Knight Riders,BB McCullum,DJ Bravo,GD Pope,1,0,,,,,,"",""
ball,2,12.1,Trinbago Knight Riders,BB McCullum,DJ Bravo,DE Johnson,4,0,,,,,,"",""
ball,2,12.2,Trinbago Knight Riders,BB McCullum,DJ Bravo,DE Johnson,0,0,,,,,,"",""
ball,2,12.3,Trinbago Knight Riders,BB McCullum,DJ Bravo,DE Johnson,0,0,,,,,,"",""
ball,2,12.4,Trinbago Knight Riders,BB McCullum,DJ Bravo,DE Johnson,0,0,,,,,,"",""
ball,2,12.5,Trinbago Knight Riders,BB McCullum,DJ Bravo,DE Johnson,0,0,,,,,,"",""
ball,2,12.6,Trinbago Knight Riders,BB McCullum,DJ Bravo,DE Johnson,2,0,,,,,,"",""
ball,2,13.1,Trinbago Knight Riders,DJ Bravo,BB McCullum,GD Pope,0,0,,,,,,"",""
ball,2,13.2,Trinbago Knight Riders,DJ Bravo,BB McCullum,GD Pope,1,0,,,,,,"",""
ball,2,13.3,Trinbago Knight Riders,BB McCullum,DJ Bravo,GD Pope,0,0,,,,,,"",""
ball,2,13.4,Trinbago Knight Riders,BB McCullum,DJ Bravo,GD Pope,4,0,,,,,,"",""
ball,2,13.5,Trinbago Knight Riders,BB McCullum,DJ Bravo,GD Pope,1,0,,,,,,"",""
ball,2,13.6,Trinbago Knight Riders,DJ Bravo,BB McCullum,GD Pope,1,0,,,,,,"",""
ball,2,14.1,Trinbago Knight Riders,DJ Bravo,BB McCullum,SR Watson,0,1,1,,,,,"",""
ball,2,14.2,Trinbago Knight Riders,DJ Bravo,BB McCullum,SR Watson,2,0,,,,,,"",""
ball,2,14.3,Trinbago Knight Riders,DJ Bravo,BB McCullum,SR Watson,1,0,,,,,,"",""
ball,2,14.4,Trinbago Knight Riders,BB McCullum,DJ Bravo,SR Watson,0,0,,,,,,"",""
ball,2,14.5,Trinbago Knight Riders,BB McCullum,DJ Bravo,SR Watson,0,0,,,,,,"",""
ball,2,14.6,Trinbago Knight Riders,BB McCullum,DJ Bravo,SR Watson,1,0,,,,,,"",""
ball,2,14.7,Trinbago Knight Riders,DJ Bravo,BB McCullum,SR Watson,1,0,,,,,,"",""
ball,2,15.1,Trinbago Knight Riders,DJ Bravo,BB McCullum,JE Taylor,1,0,,,,,,"",""
ball,2,15.2,Trinbago Knight Riders,BB McCullum,DJ Bravo,JE Taylor,1,0,,,,,,"",""
ball,2,15.3,Trinbago Knight Riders,DJ Bravo,BB McCullum,JE Taylor,0,0,,,,,,caught,DJ Bravo
ball,2,15.4,Trinbago Knight Riders,SP Narine,BB McCullum,JE Taylor,1,0,,,,,,"",""
ball,2,15.5,Trinbago Knight Riders,BB McCullum,SP Narine,JE Taylor,1,0,,,,,,"",""
ball,2,15.6,Trinbago Knight Riders,SP Narine,BB McCullum,JE Taylor,0,0,,,,,,"",""
ball,2,16.1,Trinbago Knight Riders,BB McCullum,SP Narine,SR Watson,1,0,,,,,,"",""
ball,2,16.2,Trinbago Knight Riders,SP Narine,BB McCullum,SR Watson,0,0,,,,,,"",""
ball,2,16.3,Trinbago Knight Riders,SP Narine,BB McCullum,SR Watson,4,0,,,,,,"",""
ball,2,16.4,Trinbago Knight Riders,SP Narine,BB McCullum,SR Watson,0,0,,,,,,"",""
ball,2,16.5,Trinbago Knight Riders,SP Narine,BB McCullum,SR Watson,0,1,1,,,,,"",""
ball,2,16.6,Trinbago Knight Riders,SP Narine,BB McCullum,SR Watson,1,0,,,,,,"",""
ball,2,16.7,Trinbago Knight Riders,BB McCullum,SP Narine,SR Watson,0,0,,,,,,"",""
ball,2,17.1,Trinbago Knight Riders,SP Narine,BB McCullum,JE Taylor,2,0,,,,,,"",""
ball,2,17.2,Trinbago Knight Riders,SP Narine,BB McCullum,JE Taylor,0,0,,,,,,"",""
ball,2,17.3,Trinbago Knight Riders,SP Narine,BB McCullum,JE Taylor,0,1,,1,,,,"",""
ball,2,17.4,Trinbago Knight Riders,SP Narine,BB McCullum,JE Taylor,0,1,,,1,,,"",""
ball,2,17.5,Trinbago Knight Riders,BB McCullum,SP Narine,JE Taylor,0,0,,,,,,"",""
ball,2,17.6,Trinbago Knight Riders,BB McCullum,SP Narine,JE Taylor,1,0,,,,,,"",""
ball,2,17.7,Trinbago Knight Riders,SP Narine,BB McCullum,JE Taylor,1,0,,,,,,"",""
ball,2,18.1,Trinbago Knight Riders,SP Narine,BB McCullum,DE Johnson,0,1,1,,,,,"",""
ball,2,18.2,Trinbago Knight Riders,SP Narine,BB McCullum,DE Johnson,6,0,,,,,,"",""
ball,2,18.3,Trinbago Knight Riders,SP Narine,BB McCullum,DE Johnson,6,0,,,,,,"",""
ball,2,18.4,Trinbago Knight Riders,SP Narine,BB McCullum,DE Johnson,0,1,1,,,,,"",""
ball,2,18.5,Trinbago Knight Riders,SP Narine,BB McCullum,DE Johnson,1,0,,,,,,"",""
