version,1.6.0
info,balls_per_over,6
info,team,Trinbago Knight Riders
info,team,Jamaica Tallawahs
info,gender,male
info,season,2016
info,date,2016/07/04
info,event,Caribbean Premier League
info,match_number,7
info,venue,"Queen's Park Oval, Port of Spain"
info,city,Trinidad
info,toss_winner,Jamaica Tallawahs
info,toss_decision,field
info,player_of_match,CH Gayle
info,umpire,PA Gustard
info,umpire,Zahid Bassarath
info,reserve_umpire,K Kowlessar
info,tv_umpire,JD Cloete
info,match_referee,Denavon Hayles
info,winner,Jamaica Tallawahs
info,winner_wickets,7
info,player,Trinbago Knight Riders,HM Amla
info,player,Trinbago Knight Riders,BB McCullum
info,player,Trinbago Knight Riders,C Munro
info,player,Trinbago Knight Riders,DJ Bravo
info,player,Trinbago Knight Riders,JPR Scantlebury-Searles
info,player,Trinbago Knight Riders,DM Bravo
info,player,Trinbago Knight Riders,KK Cooper
info,player,Trinbago Knight Riders,SP Narine
info,player,Trinbago Knight Riders,Umar Akmal
info,player,Trinbago Knight Riders,RR Beaton
info,player,Trinbago Knight Riders,SJ Benn
info,player,Jamaica Tallawahs,CAK Walton
info,player,Jamaica Tallawahs,CH Gayle
info,player,Jamaica Tallawahs,KC Sangakkara
info,player,Jamaica Tallawahs,AD Russell
info,player,Jamaica Tallawahs,R Powell
info,player,Jamaica Tallawahs,Shakib Al Hasan
info,player,Jamaica Tallawahs,Imad Wasim
info,player,Jamaica Tallawahs,AM McCarthy
info,player,Jamaica Tallawahs,DW Steyn
info,player,Jamaica Tallawahs,KOK Williams
info,player,Jamaica Tallawahs,JL Jaggesar
info,registry,people,AD Russell,bbd41817
info,registry,people,AM McCarthy,7f148ce7
info,registry,people,BB McCullum,b8a55852
info,registry,people,C Munro,af2c687b
info,registry,people,CAK Walton,bbff906c
info,registry,people,CH Gayle,db584dad
info,registry,people,DJ Bravo,87e562a9
info,registry,people,DM Bravo,14b14cd8
info,registry,people,DW Steyn,8fd1a8f5
info,registry,people,Denavon Hayles,5cbeeb02
info,registry,people,HM Amla,e798611a
info,registry,people,Imad Wasim,9cb8d7a6
info,registry,people,JD Cloete,b0419f8c
info,registry,people,JL Jaggesar,2b85c8e6
info,registry,people,JPR Scantlebury-Searles,99ed60f8
info,registry,people,K Kowlessar,1f1345e7
info,registry,people,KC Sangakkara,6b71e6cf
info,registry,people,KK Cooper,557153ca
info,registry,people,KOK Williams,78cb83f3
info,registry,people,PA Gustard,25bcf808
info,registry,people,R Powell,650d5e49
info,registry,people,RR Beaton,684a56df
info,registry,people,SJ Benn,364ee2cf
info,registry,people,SP Narine,9d430b40
info,registry,people,Shakib Al Hasan,7dc35884
info,registry,people,Umar Akmal,fd2bf2a0
info,registry,people,Zahid Bassarath,ca6bf044
ball,1,0.1,Trinbago Knight Riders,HM Amla,BB McCullum,Imad Wasim,0,0,,,,,,"",""
ball,1,0.2,Trinbago Knight Riders,HM Amla,BB McCullum,Imad Wasim,0,0,,,,,,"",""
ball,1,0.3,Trinbago Knight Riders,HM Amla,BB McCullum,Imad Wasim,0,0,,,,,,"",""
ball,1,0.4,Trinbago Knight Riders,HM Amla,BB McCullum,Imad Wasim,4,0,,,,,,"",""
ball,1,0.5,Trinbago Knight Riders,HM Amla,BB McCullum,Imad Wasim,1,0,,,,,,"",""
ball,1,0.6,Trinbago Knight Riders,BB McCullum,HM Amla,Imad Wasim,1,0,,,,,,"",""
ball,1,1.1,Trinbago Knight Riders,BB McCullum,HM Amla,Shakib Al Hasan,0,0,,,,,,"",""
ball,1,1.2,Trinbago Knight Riders,BB McCullum,HM Amla,Shakib Al Hasan,4,0,,,,,,"",""
ball,1,1.3,Trinbago Knight Riders,BB McCullum,HM Amla,Shakib Al Hasan,0,0,,,,,,"",""
ball,1,1.4,Trinbago Knight Riders,BB McCullum,HM Amla,Shakib Al Hasan,0,0,,,,,,"",""
ball,1,1.5,Trinbago Knight Riders,BB McCullum,HM Amla,Shakib Al Hasan,4,0,,,,,,"",""
ball,1,1.6,Trinbago Knight Riders,BB McCullum,HM Amla,Shakib Al Hasan,6,0,,,,,,"",""
ball,1,2.1,Trinbago Knight Riders,HM Amla,BB McCullum,Imad Wasim,1,0,,,,,,"",""
ball,1,2.2,Trinbago Knight Riders,BB McCullum,HM Amla,Imad Wasim,2,0,,,,,,"",""
ball,1,2.3,Trinbago Knight Riders,BB McCullum,HM Amla,Imad Wasim,4,0,,,,,,"",""
ball,1,2.4,Trinbago Knight Riders,BB McCullum,HM Amla,Imad Wasim,1,0,,,,,,"",""
ball,1,2.5,Trinbago Knight Riders,HM Amla,BB McCullum,Imad Wasim,0,0,,,,,,"",""
ball,1,2.6,Trinbago Knight Riders,HM Amla,BB McCullum,Imad Wasim,0,0,,,,,,"",""
ball,1,3.1,Trinbago Knight Riders,BB McCullum,HM Amla,Shakib Al Hasan,6,0,,,,,,"",""
ball,1,3.2,Trinbago Knight Riders,BB McCullum,HM Amla,Shakib Al Hasan,0,0,,,,,,"",""
ball,1,3.3,Trinbago Knight Riders,BB McCullum,HM Amla,Shakib Al Hasan,0,0,,,,,,"",""
ball,1,3.4,Trinbago Knight Riders,BB McCullum,HM Amla,Shakib Al Hasan,6,0,,,,,,"",""
ball,1,3.5,Trinbago Knight Riders,BB McCullum,HM Amla,Shakib Al Hasan,0,0,,,,,,"",""
ball,1,3.6,Trinbago Knight Riders,BB McCullum,HM Amla,Shakib Al Hasan,0,0,,,,,,"",""
ball,1,4.1,Trinbago Knight Riders,HM Amla,BB McCullum,DW Steyn,0,0,,,,,,"",""
ball,1,4.2,Trinbago Knight Riders,HM Amla,BB McCullum,DW Steyn,0,0,,,,,,"",""
ball,1,4.3,Trinbago Knight Riders,HM Amla,BB McCullum,DW Steyn,0,1,1,,,,,"",""
ball,1,4.4,Trinbago Knight Riders,HM Amla,BB McCullum,DW Steyn,1,0,,,,,,"",""
ball,1,4.5,Trinbago Knight Riders,BB McCullum,HM Amla,DW Steyn,1,0,,,,,,"",""
ball,1,4.6,Trinbago Knight Riders,HM Amla,BB McCullum,DW Steyn,4,0,,,,,,"",""
ball,1,4.7,Trinbago Knight Riders,HM Amla,BB McCullum,DW Steyn,1,0,,,,,,"",""
ball,1,5.1,Trinbago Knight Riders,HM Amla,BB McCullum,Imad Wasim,0,0,,,,,,"",""
ball,1,5.2,Trinbago Knight Riders,HM Amla,BB McCullum,Imad Wasim,1,0,,,,,,"",""
ball,1,5.3,Trinbago Knight Riders,BB McCullum,HM Amla,Imad Wasim,0,0,,,,,,bowled,BB McCullum
ball,1,5.4,Trinbago Knight Riders,C Munro,HM Amla,Imad Wasim,1,0,,,,,,"",""
ball,1,5.5,Trinbago Knight Riders,HM Amla,C Munro,Imad Wasim,1,0,,,,,,"",""
ball,1,5.6,Trinbago Knight Riders,C Munro,HM Amla,Imad Wasim,1,0,,,,,,"",""
ball,1,6.1,Trinbago Knight Riders,C Munro,HM Amla,DW Steyn,1,0,,,,,,"",""
ball,1,6.2,Trinbago Knight Riders,HM Amla,C Munro,DW Steyn,0,3,3,,,,,"",""
ball,1,6.3,Trinbago Knight Riders,HM Amla,C Munro,DW Steyn,1,0,,,,,,"",""
ball,1,6.4,Trinbago Knight Riders,C Munro,HM Amla,DW Steyn,1,0,,,,,,"",""
ball,1,6.5,Trinbago Knight Riders,HM Amla,C Munro,DW Steyn,1,0,,,,,,"",""
ball,1,6.6,Trinbago Knight Riders,C Munro,HM Amla,DW Steyn,1,0,,,,,,"",""
ball,1,6.7,Trinbago Knight Riders,HM Amla,C Munro,DW Steyn,4,0,,,,,,"",""
ball,1,7.1,Trinbago Knight Riders,C Munro,HM Amla,KOK Williams,0,0,,,,,,"",""
ball,1,7.2,Trinbago Knight Riders,C Munro,HM Amla,KOK Williams,4,0,,,,,,"",""
ball,1,7.3,Trinbago Knight Riders,C Munro,HM Amla,KOK Williams,4,0,,,,,,"",""
ball,1,7.4,Trinbago Knight Riders,C Munro,HM Amla,KOK Williams,2,0,,,,,,"",""
ball,1,7.5,Trinbago Knight Riders,C Munro,HM Amla,KOK Williams,1,0,,,,,,"",""
ball,1,7.6,Trinbago Knight Riders,HM Amla,C Munro,KOK Williams,0,0,,,,,,"",""
ball,1,8.1,Trinbago Knight Riders,C Munro,HM Amla,R Powell,1,0,,,,,,"",""
ball,1,8.2,Trinbago Knight Riders,HM Amla,C Munro,R Powell,1,0,,,,,,"",""
ball,1,8.3,Trinbago Knight Riders,C Munro,HM Amla,R Powell,0,1,1,,,,,"",""
ball,1,8.4,Trinbago Knight Riders,C Munro,HM Amla,R Powell,0,0,,,,,,"",""
ball,1,8.5,Trinbago Knight Riders,C Munro,HM Amla,R Powell,1,0,,,,,,"",""
ball,1,8.6,Trinbago Knight Riders,HM Amla,C Munro,R Powell,1,0,,,,,,"",""
ball,1,8.7,Trinbago Knight Riders,C Munro,HM Amla,R Powell,0,0,,,,,,"",""
ball,1,9.1,Trinbago Knight Riders,HM Amla,C Munro,KOK Williams,1,0,,,,,,"",""
ball,1,9.2,Trinbago Knight Riders,C Munro,HM Amla,KOK Williams,0,0,,,,,,"",""
ball,1,9.3,Trinbago Knight Riders,C Munro,HM Amla,KOK Williams,1,0,,,,,,"",""
ball,1,9.4,Trinbago Knight Riders,HM Amla,C Munro,KOK Williams,1,0,,,,,,"",""
ball,1,9.5,Trinbago Knight Riders,C Munro,HM Amla,KOK Williams,1,0,,,,,,"",""
ball,1,9.6,Trinbago Knight Riders,HM Amla,C Munro,KOK Williams,6,0,,,,,,"",""
ball,1,10.1,Trinbago Knight Riders,C Munro,HM Amla,R Powell,1,0,,,,,,"",""
ball,1,10.2,Trinbago Knight Riders,HM Amla,C Munro,R Powell,1,0,,,,,,"",""
ball,1,10.3,Trinbago Knight Riders,C Munro,HM Amla,R Powell,1,0,,,,,,"",""
ball,1,10.4,Trinbago Knight Riders,HM Amla,C Munro,R Powell,0,0,,,,,,"",""
ball,1,10.5,Trinbago Knight Riders,HM Amla,C Munro,R Powell,1,0,,,,,,"",""
ball,1,10.6,Trinbago Knight Riders,C Munro,HM Amla,R Powell,1,0,,,,,,"",""
ball,1,11.1,Trinbago Knight Riders,C Munro,HM Amla,JL Jaggesar,1,0,,,,,,"",""
ball,1,11.2,Trinbago Knight Riders,HM Amla,C Munro,JL Jaggesar,2,0,,,,,,"",""
ball,1,11.3,Trinbago Knight Riders,HM Amla,C Munro,JL Jaggesar,1,0,,,,,,"",""
ball,1,11.4,Trinbago Knight Riders,C Munro,HM Amla,JL Jaggesar,1,0,,,,,,"",""
ball,1,11.5,Trinbago Knight Riders,HM Amla,C Munro,JL Jaggesar,1,0,,,,,,"",""
ball,1,11.6,Trinbago Knight Riders,C Munro,HM Amla,JL Jaggesar,4,0,,,,,,"",""
ball,1,12.1,Trinbago Knight Riders,HM Amla,C Munro,R Powell,0,0,,,,,,"",""
ball,1,12.2,Trinbago Knight Riders,HM Amla,C Munro,R Powell,1,0,,,,,,"",""
ball,1,12.3,Trinbago Knight Riders,C Munro,HM Amla,R Powell,1,0,,,,,,"",""
ball,1,12.4,Trinbago Knight Riders,HM Amla,C Munro,R Powell,1,0,,,,,,"",""
ball,1,12.5,Trinbago Knight Riders,C Munro,HM Amla,R Powell,1,0,,,,,,"",""
ball,1,12.6,Trinbago Knight Riders,HM Amla,C Munro,R Powell,4,0,,,,,,"",""
ball,1,13.1,Trinbago Knight Riders,C Munro,HM Amla,JL Jaggesar,0,0,,,,,,"",""
ball,1,13.2,Trinbago Knight Riders,C Munro,HM Amla,JL Jaggesar,1,0,,,,,,"",""
ball,1,13.3,Trinbago Knight Riders,HM Amla,C Munro,JL Jaggesar,1,0,,,,,,"",""
ball,1,13.4,Trinbago Knight Riders,C Munro,HM Amla,JL Jaggesar,4,0,,,,,,"",""
ball,1,13.5,Trinbago Knight Riders,C Munro,HM Amla,JL Jaggesar,1,0,,,,,,"",""
ball,1,13.6,Trinbago Knight Riders,HM Amla,C Munro,JL Jaggesar,0,0,,,,,,"",""
ball,1,14.1,Trinbago Knight Riders,C Munro,HM Amla,R Powell,1,0,,,,,,"",""
ball,1,14.2,Trinbago Knight Riders,HM Amla,C Munro,R Powell,1,0,,,,,,"",""
ball,1,14.3,Trinbago Knight Riders,C Munro,HM Amla,R Powell,4,0,,,,,,"",""
ball,1,14.4,Trinbago Knight Riders,C Munro,HM Amla,R Powell,1,0,,,,,,"",""
ball,1,14.5,Trinbago Knight Riders,HM Amla,C Munro,R Powell,1,0,,,,,,"",""
ball,1,14.6,Trinbago Knight Riders,C Munro,HM Amla,R Powell,1,0,,,,,,"",""
ball,1,15.1,Trinbago Knight Riders,C Munro,HM Amla,JL Jaggesar,2,0,,,,,,"",""
ball,1,15.2,Trinbago Knight Riders,C Munro,HM Amla,JL Jaggesar,1,0,,,,,,"",""
ball,1,15.3,Trinbago Knight Riders,HM Amla,C Munro,JL Jaggesar,2,0,,,,,,"",""
ball,1,15.4,Trinbago Knight Riders,HM Amla,C Munro,JL Jaggesar,1,0,,,,,,"",""
ball,1,15.5,Trinbago Knight Riders,C Munro,HM Amla,JL Jaggesar,1,0,,,,,,"",""
ball,1,15.6,Trinbago Knight Riders,HM Amla,C Munro,JL Jaggesar,2,0,,,,,,"",""
ball,1,16.1,Trinbago Knight Riders,C Munro,HM Amla,DW Steyn,6,0,,,,,,"",""
ball,1,16.2,Trinbago Knight Riders,C Munro,HM Amla,DW Steyn,1,0,,,,,,"",""
ball,1,16.3,Trinbago Knight Riders,HM Amla,C Munro,DW Steyn,2,0,,,,,,"",""
ball,1,16.4,Trinbago Knight Riders,HM Amla,C Munro,DW Steyn,4,0,,,,,,"",""
ball,1,16.5,Trinbago Knight Riders,HM Amla,C Munro,DW Steyn,1,0,,,,,,"",""
ball,1,16.6,Trinbago Knight Riders,C Munro,HM Amla,DW Steyn,0,0,,,,,,caught,C Munro
ball,1,17.1,Trinbago Knight Riders,HM Amla,DJ Bravo,KOK Williams,4,0,,,,,,"",""
ball,1,17.2,Trinbago Knight Riders,HM Amla,DJ Bravo,KOK Williams,0,1,,,,1,,"",""
ball,1,17.3,Trinbago Knight Riders,DJ Bravo,HM Amla,KOK Williams,0,0,,,,,,"",""
ball,1,17.4,Trinbago Knight Riders,DJ Bravo,HM Amla,KOK Williams,0,0,,,,,,"",""
ball,1,17.5,Trinbago Knight Riders,DJ Bravo,HM Amla,KOK Williams,1,0,,,,,,"",""
ball,1,17.6,Trinbago Knight Riders,HM Amla,DJ Bravo,KOK Williams,0,0,,,,,,"",""
ball,1,18.1,Trinbago Knight Riders,DJ Bravo,HM Amla,DW Steyn,1,0,,,,,,"",""
ball,1,18.2,Trinbago Knight Riders,HM Amla,DJ Bravo,DW Steyn,6,0,,,,,,"",""
ball,1,18.3,Trinbago Knight Riders,HM Amla,DJ Bravo,DW Steyn,6,0,,,,,,"",""
ball,1,18.4,Trinbago Knight Riders,HM Amla,DJ Bravo,DW Steyn,1,0,,,,,,"",""
ball,1,18.5,Trinbago Knight Riders,DJ Bravo,HM Amla,DW Steyn,4,0,,,,,,"",""
ball,1,18.6,Trinbago Knight Riders,DJ Bravo,HM Amla,DW Steyn,4,0,,,,,,"",""
ball,1,19.1,Trinbago Knight Riders,HM Amla,DJ Bravo,KOK Williams,0,0,,,,,,caught,HM Amla
ball,1,19.2,Trinbago Knight Riders,JPR Scantlebury-Searles,DJ Bravo,KOK Williams,4,0,,,,,,"",""
ball,1,19.3,Trinbago Knight Riders,JPR Scantlebury-Searles,DJ Bravo,KOK Williams,4,0,,,,,,"",""
ball,1,19.4,Trinbago Knight Riders,JPR Scantlebury-Searles,DJ Bravo,KOK Williams,0,3,,,,3,,"",""
ball,1,19.5,Trinbago Knight Riders,DJ Bravo,JPR Scantlebury-Searles,KOK Williams,0,0,,,,,,"",""
ball,1,19.6,Trinbago Knight Riders,DJ Bravo,JPR Scantlebury-Searles,KOK Williams,0,0,,,,,,run out,JPR Scantlebury-Searles
ball,2,0.1,Jamaica Tallawahs,CAK Walton,CH Gayle,RR Beaton,1,0,,,,,,"",""
ball,2,0.2,Jamaica Tallawahs,CH Gayle,CAK Walton,RR Beaton,0,0,,,,,,"",""
ball,2,0.3,Jamaica Tallawahs,CH Gayle,CAK Walton,RR Beaton,0,0,,,,,,"",""
ball,2,0.4,Jamaica Tallawahs,CH Gayle,CAK Walton,RR Beaton,0,0,,,,,,"",""
ball,2,0.5,Jamaica Tallawahs,CH Gayle,CAK Walton,RR Beaton,0,0,,,,,,"",""
ball,2,0.6,Jamaica Tallawahs,CH Gayle,CAK Walton,RR Beaton,4,0,,,,,,"",""
ball,2,1.1,Jamaica Tallawahs,CAK Walton,CH Gayle,SP Narine,0,0,,,,,,"",""
ball,2,1.2,Jamaica Tallawahs,CAK Walton,CH Gayle,SP Narine,1,0,,,,,,"",""
ball,2,1.3,Jamaica Tallawahs,CH Gayle,CAK Walton,SP Narine,0,0,,,,,,"",""
ball,2,1.4,Jamaica Tallawahs,CH Gayle,CAK Walton,SP Narine,0,0,,,,,,"",""
ball,2,1.5,Jamaica Tallawahs,CH Gayle,CAK Walton,SP Narine,0,0,,,,,,"",""
ball,2,1.6,Jamaica Tallawahs,CH Gayle,CAK Walton,SP Narine,0,0,,,,,,"",""
ball,2,2.1,Jamaica Tallawahs,CAK Walton,CH Gayle,RR Beaton,4,0,,,,,,"",""
ball,2,2.2,Jamaica Tallawahs,CAK Walton,CH Gayle,RR Beaton,0,0,,,,,,"",""
ball,2,2.3,Jamaica Tallawahs,CAK Walton,CH Gayle,RR Beaton,0,0,,,,,,"",""
ball,2,2.4,Jamaica Tallawahs,CAK Walton,CH Gayle,RR Beaton,0,0,,,,,,"",""
ball,2,2.5,Jamaica Tallawahs,CAK Walton,CH Gayle,RR Beaton,1,0,,,,,,"",""
ball,2,2.6,Jamaica Tallawahs,CH Gayle,CAK Walton,RR Beaton,0,0,,,,,,"",""
ball,2,3.1,Jamaica Tallawahs,CAK Walton,CH Gayle,SP Narine,0,0,,,,,,"",""
ball,2,3.2,Jamaica Tallawahs,CAK Walton,CH Gayle,SP Narine,0,0,,,,,,"",""
ball,2,3.3,Jamaica Tallawahs,CAK Walton,CH Gayle,SP Narine,0,0,,,,,,"",""
ball,2,3.4,Jamaica Tallawahs,CAK Walton,CH Gayle,SP Narine,0,0,,,,,,"",""
ball,2,3.5,Jamaica Tallawahs,CAK Walton,CH Gayle,SP Narine,0,0,,,,,,"",""
ball,2,3.6,Jamaica Tallawahs,CAK Walton,CH Gayle,SP Narine,0,3,3,,,,,"",""
ball,2,3.7,Jamaica Tallawahs,CAK Walton,CH Gayle,SP Narine,0,0,,,,,,"",""
ball,2,4.1,Jamaica Tallawahs,CH Gayle,CAK Walton,KK Cooper,1,0,,,,,,"",""
ball,2,4.2,Jamaica Tallawahs,CAK Walton,CH Gayle,KK Cooper,1,0,,,,,,"",""
ball,2,4.3,Jamaica Tallawahs,CH Gayle,CAK Walton,KK Cooper,1,0,,,,,,"",""
ball,2,4.4,Jamaica Tallawahs,CAK Walton,CH Gayle,KK Cooper,4,0,,,,,,"",""
ball,2,4.5,Jamaica Tallawahs,CAK Walton,CH Gayle,KK Cooper,0,0,,,,,,"",""
ball,2,4.6,Jamaica Tallawahs,CAK Walton,CH Gayle,KK Cooper,0,0,,,,,,"",""
ball,2,5.1,Jamaica Tallawahs,CH Gayle,CAK Walton,DJ Bravo,6,0,,,,,,"",""
ball,2,5.2,Jamaica Tallawahs,CH Gayle,CAK Walton,DJ Bravo,1,0,,,,,,"",""
ball,2,5.3,Jamaica Tallawahs,CAK Walton,CH Gayle,DJ Bravo,1,0,,,,,,"",""
ball,2,5.4,Jamaica Tallawahs,CH Gayle,CAK Walton,DJ Bravo,0,0,,,,,,"",""
ball,2,5.5,Jamaica Tallawahs,CH Gayle,CAK Walton,DJ Bravo,0,0,,,,,,run out,CAK Walton
ball,2,5.6,Jamaica Tallawahs,CH Gayle,KC Sangakkara,DJ Bravo,4,0,,,,,,"",""
ball,2,6.1,Jamaica Tallawahs,KC Sangakkara,CH Gayle,KK Cooper,1,0,,,,,,"",""
ball,2,6.2,Jamaica Tallawahs,CH Gayle,KC Sangakkara,KK Cooper,4,0,,,,,,"",""
ball,2,6.3,Jamaica Tallawahs,CH Gayle,KC Sangakkara,KK Cooper,1,0,,,,,,"",""
ball,2,6.4,Jamaica Tallawahs,KC Sangakkara,CH Gayle,KK Cooper,0,1,1,,,,,"",""
ball,2,6.5,Jamaica Tallawahs,KC Sangakkara,CH Gayle,KK Cooper,0,0,,,,,,"",""
ball,2,6.6,Jamaica Tallawahs,KC Sangakkara,CH Gayle,KK Cooper,2,0,,,,,,"",""
ball,2,6.7,Jamaica Tallawahs,KC Sangakkara,CH Gayle,KK Cooper,1,0,,,,,,"",""
ball,2,7.1,Jamaica Tallawahs,KC Sangakkara,CH Gayle,DJ Bravo,1,0,,,,,,"",""
ball,2,7.2,Jamaica Tallawahs,CH Gayle,KC Sangakkara,DJ Bravo,4,0,,,,,,"",""
ball,2,7.3,Jamaica Tallawahs,CH Gayle,KC Sangakkara,DJ Bravo,1,0,,,,,,"",""
ball,2,7.4,Jamaica Tallawahs,KC Sangakkara,CH Gayle,DJ Bravo,1,0,,,,,,"",""
ball,2,7.5,Jamaica Tallawahs,CH Gayle,KC Sangakkara,DJ Bravo,1,0,,,,,,"",""
ball,2,7.6,Jamaica Tallawahs,KC Sangakkara,CH Gayle,DJ Bravo,1,0,,,,,,"",""
ball,2,8.1,Jamaica Tallawahs,KC Sangakkara,CH Gayle,JPR Scantlebury-Searles,1,0,,,,,,"",""
ball,2,8.2,Jamaica Tallawahs,CH Gayle,KC Sangakkara,JPR Scantlebury-Searles,1,0,,,,,,"",""
ball,2,8.3,Jamaica Tallawahs,KC Sangakkara,CH Gayle,JPR Scantlebury-Searles,0,1,1,,,,,"",""
ball,2,8.4,Jamaica Tallawahs,KC Sangakkara,CH Gayle,JPR Scantlebury-Searles,2,0,,,,,,"",""
ball,2,8.5,Jamaica Tallawahs,KC Sangakkara,CH Gayle,JPR Scantlebury-Searles,4,0,,,,,,"",""
ball,2,8.6,Jamaica Tallawahs,KC Sangakkara,CH Gayle,JPR Scantlebury-Searles,0,1,1,,,,,"",""
ball,2,8.7,Jamaica Tallawahs,KC Sangakkara,CH Gayle,JPR Scantlebury-Searles,6,0,,,,,,"",""
ball,2,8.8,Jamaica Tallawahs,KC Sangakkara,CH Gayle,JPR Scantlebury-Searles,0,0,,,,,,"",""
ball,2,9.1,Jamaica Tallawahs,CH Gayle,KC Sangakkara,SP Narine,1,0,,,,,,"",""
ball,2,9.2,Jamaica Tallawahs,KC Sangakkara,CH Gayle,SP Narine,0,0,,,,,,"",""
ball,2,9.3,Jamaica Tallawahs,KC Sangakkara,CH Gayle,SP Narine,0,0,,,,,,bowled,KC Sangakkara
ball,2,9.4,Jamaica Tallawahs,AD Russell,CH Gayle,SP Narine,0,0,,,,,,"",""
ball,2,9.5,Jamaica Tallawahs,AD Russell,CH Gayle,SP Narine,0,1,1,,,,,"",""
ball,2,9.6,Jamaica Tallawahs,AD Russell,CH Gayle,SP Narine,1,0,,,,,,"",""
ball,2,9.7,Jamaica Tallawahs,CH Gayle,AD Russell,SP Narine,0,0,,,,,,"",""
ball,2,10.1,Jamaica Tallawahs,AD Russell,CH Gayle,JPR Scantlebury-Searles,1,0,,,,,,"",""
ball,2,10.2,Jamaica Tallawahs,CH Gayle,AD Russell,JPR Scantlebury-Searles,4,0,,,,,,"",""
ball,2,10.3,Jamaica Tallawahs,CH Gayle,AD Russell,JPR Scantlebury-Searles,6,0,,,,,,"",""
ball,2,10.4,Jamaica Tallawahs,CH Gayle,AD Russell,JPR Scantlebury-Searles,6,0,,,,,,"",""
ball,2,10.5,Jamaica Tallawahs,CH Gayle,AD Russell,JPR Scantlebury-Searles,1,0,,,,,,"",""
ball,2,10.6,Jamaica Tallawahs,AD Russell,CH Gayle,JPR Scantlebury-Searles,1,0,,,,,,"",""
ball,2,11.1,Jamaica Tallawahs,AD Russell,CH Gayle,KK Cooper,1,0,,,,,,"",""
ball,2,11.2,Jamaica Tallawahs,CH Gayle,AD Russell,KK Cooper,6,0,,,,,,"",""
ball,2,11.3,Jamaica Tallawahs,CH Gayle,AD Russell,KK Cooper,6,0,,,,,,"",""
ball,2,11.4,Jamaica Tallawahs,CH Gayle,AD Russell,KK Cooper,4,0,,,,,,"",""
ball,2,11.5,Jamaica Tallawahs,CH Gayle,AD Russell,KK Cooper,1,0,,,,,,"",""
ball,2,11.6,Jamaica Tallawahs,AD Russell,CH Gayle,KK Cooper,4,0,,,,,,"",""
ball,2,12.1,Jamaica Tallawahs,CH Gayle,AD Russell,SJ Benn,0,3,3,,,,,"",""
ball,2,12.2,Jamaica Tallawahs,CH Gayle,AD Russell,SJ Benn,6,0,,,,,,"",""
ball,2,12.3,Jamaica Tallawahs,CH Gayle,AD Russell,SJ Benn,0,1,1,,,,,"",""
ball,2,12.4,Jamaica Tallawahs,CH Gayle,AD Russell,SJ Benn,1,0,,,,,,"",""
ball,2,12.5,Jamaica Tallawahs,AD Russell,CH Gayle,SJ Benn,1,0,,,,,,"",""
ball,2,12.6,Jamaica Tallawahs,CH Gayle,AD Russell,SJ Benn,6,0,,,,,,"",""
ball,2,12.7,Jamaica Tallawahs,CH Gayle,AD Russell,SJ Benn,6,0,,,,,,"",""
ball,2,12.8,Jamaica Tallawahs,CH Gayle,AD Russell,SJ Benn,6,0,,,,,,"",""
ball,2,13.1,Jamaica Tallawahs,AD Russell,CH Gayle,SP Narine,1,0,,,,,,"",""
ball,2,13.2,Jamaica Tallawahs,CH Gayle,AD Russell,SP Narine,0,0,,,,,,"",""
ball,2,13.3,Jamaica Tallawahs,CH Gayle,AD Russell,SP Narine,0,0,,,,,,"",""
ball,2,13.4,Jamaica Tallawahs,CH Gayle,AD Russell,SP Narine,1,0,,,,,,"",""
ball,2,13.5,Jamaica Tallawahs,AD Russell,CH Gayle,SP Narine,0,0,,,,,,"",""
ball,2,13.6,Jamaica Tallawahs,AD Russell,CH Gayle,SP Narine,0,0,,,,,,"",""
ball,2,14.1,Jamaica Tallawahs,CH Gayle,AD Russell,DJ Bravo,1,0,,,,,,"",""
ball,2,14.2,Jamaica Tallawahs,AD Russell,CH Gayle,DJ Bravo,1,0,,,,,,"",""
ball,2,14.3,Jamaica Tallawahs,CH Gayle,AD Russell,DJ Bravo,0,1,1,,,,,"",""
ball,2,14.4,Jamaica Tallawahs,CH Gayle,AD Russell,DJ Bravo,0,0,,,,,,"",""
ball,2,14.5,Jamaica Tallawahs,CH Gayle,AD Russell,DJ Bravo,1,0,,,,,,"",""
ball,2,14.6,Jamaica Tallawahs,AD Russell,CH Gayle,DJ Bravo,1,0,,,,,,"",""
ball,2,14.7,Jamaica Tallawahs,CH Gayle,AD Russell,DJ Bravo,1,0,,,,,,"",""
ball,2,15.1,Jamaica Tallawahs,CH Gayle,AD Russell,RR Beaton,1,0,,,,,,"",""
ball,2,15.2,Jamaica Tallawahs,AD Russell,CH Gayle,RR Beaton,4,0,,,,,,"",""
ball,2,15.3,Jamaica Tallawahs,AD Russell,CH Gayle,RR Beaton,6,0,,,,,,"",""
ball,2,15.4,Jamaica Tallawahs,AD Russell,CH Gayle,RR Beaton,1,0,,,,,,"",""
ball,2,15.5,Jamaica Tallawahs,CH Gayle,AD Russell,RR Beaton,0,0,,,,,,"",""
ball,2,15.6,Jamaica Tallawahs,CH Gayle,AD Russell,RR Beaton,0,1,,1,,,,"",""
ball,2,15.7,Jamaica Tallawahs,CH Gayle,AD Russell,RR Beaton,6,0,,,,,,"",""
ball,2,16.1,Jamaica Tallawahs,AD Russell,CH Gayle,DJ Bravo,0,0,,,,,,"",""
ball,2,16.2,Jamaica Tallawahs,AD Russell,CH Gayle,DJ Bravo,1,0,,,,,,"",""
ball,2,16.3,Jamaica Tallawahs,CH Gayle,AD Russell,DJ Bravo,6,0,,,,,,"",""
ball,2,16.4,Jamaica Tallawahs,CH Gayle,AD Russell,DJ Bravo,1,0,,,,,,"",""
ball,2,16.5,Jamaica Tallawahs,AD Russell,CH Gayle,DJ Bravo,0,0,,,,,,caught,AD Russell
ball,2,16.6,Jamaica Tallawahs,R Powell,CH Gayle,DJ Bravo,0,0,,,,,,"",""
ball,2,17.1,Jamaica Tallawahs,CH Gayle,R Powell,KK Cooper,0,0,,,,,,"",""
ball,2,17.2,Jamaica Tallawahs,CH Gayle,R Powell,KK Cooper,1,0,,,,,,"",""
ball,2,17.3,Jamaica Tallawahs,R Powell,CH Gayle,KK Cooper,1,0,,,,,,"",""
ball,2,17.4,Jamaica Tallawahs,CH Gayle,R Powell,KK Cooper,0,1,,,,1,,"",""
ball,2,17.5,Jamaica Tallawahs,R Powell,CH Gayle,KK Cooper,0,0,,,,,,"",""
ball,2,17.6,Jamaica Tallawahs,R Powell,CH Gayle,KK Cooper,0,1,1,,,,,"",""
ball,2,17.7,Jamaica Tallawahs,R Powell,CH Gayle,KK Cooper,1,0,,,,,,"",""
ball,2,18.1,Jamaica Tallawahs,R Powell,CH Gayle,RR Beaton,4,0,,,,,,"",""
ball,2,18.2,Jamaica Tallawahs,R Powell,CH Gayle,RR Beaton,6,0,,,,,,"",""
