version,1.6.0
info,balls_per_over,6
info,team,Trinbago Knight Riders
info,team,Guyana Amazon Warriors
info,gender,male
info,season,2016
info,date,2016/07/02
info,event,Caribbean Premier League
info,match_number,5
info,venue,"Queen's Park Oval, Port of Spain"
info,city,Trinidad
info,toss_winner,Guyana Amazon Warriors
info,toss_decision,field
info,player_of_match,C Munro
info,umpire,JD Cloete
info,umpire,PA Gustard
info,reserve_umpire,Danesh Ramdhanie
info,tv_umpire,Zahid Bassarath
info,match_referee,Denavon Hayles
info,winner,Guyana Amazon Warriors
info,winner_wickets,6
info,player,Trinbago Knight Riders,BB McCullum
info,player,Trinbago Knight Riders,HM Amla
info,player,Trinbago Knight Riders,C Munro
info,player,Trinbago Knight Riders,DM Bravo
info,player,Trinbago Knight Riders,DJ Bravo
info,player,Trinbago Knight Riders,Umar Akmal
info,player,Trinbago Knight Riders,KK Cooper
info,player,Trinbago Knight Riders,SP Narine
info,player,Trinbago Knight Riders,NO Miller
info,player,Trinbago Knight Riders,RR Beaton
info,player,Trinbago Knight Riders,SJ Benn
info,player,Guyana Amazon Warriors,DR Smith
info,player,Guyana Amazon Warriors,MJ Guptill
info,player,Guyana Amazon Warriors,CA Lynn
info,player,Guyana Amazon Warriors,JN Mohammed
info,player,Guyana Amazon Warriors,CD Barnwell
info,player,Guyana Amazon Warriors,A Bramble
info,player,Guyana Amazon Warriors,Sohail Tanvir
info,player,Guyana Amazon Warriors,RR Emrit
info,player,Guyana Amazon Warriors,V Permaul
info,player,Guyana Amazon Warriors,A Zampa
info,player,Guyana Amazon Warriors,PG Wintz
info,registry,people,A Bramble,eca0c288
info,registry,people,A Zampa,14f96089
info,registry,people,BB McCullum,b8a55852
info,registry,people,C Munro,af2c687b
info,registry,people,CA Lynn,45eda7c8
info,registry,people,CD Barnwell,0d51e658
info,registry,people,DJ Bravo,87e562a9
info,registry,people,DM Bravo,14b14cd8
info,registry,people,DR Smith,35205dfc
info,registry,people,Danesh Ramdhanie,d09891ad
info,registry,people,Denavon Hayles,5cbeeb02
info,registry,people,HM Amla,e798611a
info,registry,people,JD Cloete,b0419f8c
info,registry,people,JN Mohammed,773cec26
info,registry,people,KK Cooper,557153ca
info,registry,people,MJ Guptill,2be41edb
info,registry,people,NO Miller,ea3ffd1b
info,registry,people,PA Gustard,25bcf808
info,registry,people,PG Wintz,1013ace8
info,registry,people,RR Beaton,684a56df
info,registry,people,RR Emrit,e7de4f6b
info,registry,people,SJ Benn,364ee2cf
info,registry,people,SP Narine,9d430b40
info,registry,people,Sohail Tanvir,64d43928
info,registry,people,Umar Akmal,fd2bf2a0
info,registry,people,V Permaul,78dfe704
info,registry,people,Zahid Bassarath,ca6bf044
ball,1,0.1,Trinbago Knight Riders,BB McCullum,HM Amla,Sohail Tanvir,0,0,,,,,,caught,BB McCullum
ball,1,0.2,Trinbago Knight Riders,C Munro,HM Amla,Sohail Tanvir,0,0,,,,,,"",""
ball,1,0.3,Trinbago Knight Riders,C Munro,HM Amla,Sohail Tanvir,0,1,,,,1,,"",""
ball,1,0.4,Trinbago Knight Riders,HM Amla,C Munro,Sohail Tanvir,1,0,,,,,,"",""
ball,1,0.5,Trinbago Knight Riders,C Munro,HM Amla,Sohail Tanvir,1,0,,,,,,"",""
ball,1,0.6,Trinbago Knight Riders,HM Amla,C Munro,Sohail Tanvir,0,0,,,,,,"",""
ball,1,1.1,Trinbago Knight Riders,C Munro,HM Amla,PG Wintz,0,0,,,,,,"",""
ball,1,1.2,Trinbago Knight Riders,C Munro,HM Amla,PG Wintz,4,0,,,,,,"",""
ball,1,1.3,Trinbago Knight Riders,C Munro,HM Amla,PG Wintz,2,0,,,,,,"",""
ball,1,1.4,Trinbago Knight Riders,C Munro,HM Amla,PG Wintz,0,0,,,,,,"",""
ball,1,1.5,Trinbago Knight Riders,C Munro,HM Amla,PG Wintz,4,0,,,,,,"",""
ball,1,1.6,Trinbago Knight Riders,C Munro,HM Amla,PG Wintz,6,0,,,,,,"",""
ball,1,2.1,Trinbago Knight Riders,HM Amla,C Munro,Sohail Tanvir,1,0,,,,,,"",""
ball,1,2.2,Trinbago Knight Riders,C Munro,HM Amla,Sohail Tanvir,0,0,,,,,,"",""
ball,1,2.3,Trinbago Knight Riders,C Munro,HM Amla,Sohail Tanvir,0,0,,,,,,"",""
ball,1,2.4,Trinbago Knight Riders,C Munro,HM Amla,Sohail Tanvir,2,0,,,,,,"",""
ball,1,2.5,Trinbago Knight Riders,C Munro,HM Amla,Sohail Tanvir,1,0,,,,,,"",""
ball,1,2.6,Trinbago Knight Riders,HM Amla,C Munro,Sohail Tanvir,1,0,,,,,,"",""
ball,1,3.1,Trinbago Knight Riders,HM Amla,C Munro,DR Smith,0,0,,,,,,"",""
ball,1,3.2,Trinbago Knight Riders,HM Amla,C Munro,DR Smith,1,0,,,,,,"",""
ball,1,3.3,Trinbago Knight Riders,C Munro,HM Amla,DR Smith,0,0,,,,,,"",""
ball,1,3.4,Trinbago Knight Riders,C Munro,HM Amla,DR Smith,1,0,,,,,,"",""
ball,1,3.5,Trinbago Knight Riders,HM Amla,C Munro,DR Smith,1,0,,,,,,"",""
ball,1,3.6,Trinbago Knight Riders,C Munro,HM Amla,DR Smith,0,0,,,,,,"",""
ball,1,4.1,Trinbago Knight Riders,HM Amla,C Munro,V Permaul,0,0,,,,,,"",""
ball,1,4.2,Trinbago Knight Riders,HM Amla,C Munro,V Permaul,1,0,,,,,,"",""
ball,1,4.3,Trinbago Knight Riders,C Munro,HM Amla,V Permaul,0,0,,,,,,"",""
ball,1,4.4,Trinbago Knight Riders,C Munro,HM Amla,V Permaul,0,0,,,,,,"",""
ball,1,4.5,Trinbago Knight Riders,C Munro,HM Amla,V Permaul,0,1,,,,1,,"",""
ball,1,4.6,Trinbago Knight Riders,HM Amla,C Munro,V Permaul,0,0,,,,,,bowled,HM Amla
ball,1,5.1,Trinbago Knight Riders,C Munro,DM Bravo,DR Smith,4,0,,,,,,"",""
ball,1,5.2,Trinbago Knight Riders,C Munro,DM Bravo,DR Smith,2,0,,,,,,"",""
ball,1,5.3,Trinbago Knight Riders,C Munro,DM Bravo,DR Smith,1,0,,,,,,"",""
ball,1,5.4,Trinbago Knight Riders,DM Bravo,C Munro,DR Smith,0,0,,,,,,"",""
ball,1,5.5,Trinbago Knight Riders,DM Bravo,C Munro,DR Smith,0,0,,,,,,"",""
ball,1,5.6,Trinbago Knight Riders,DM Bravo,C Munro,DR Smith,0,0,,,,,,"",""
ball,1,6.1,Trinbago Knight Riders,C Munro,DM Bravo,V Permaul,6,0,,,,,,"",""
ball,1,6.2,Trinbago Knight Riders,C Munro,DM Bravo,V Permaul,1,0,,,,,,"",""
ball,1,6.3,Trinbago Knight Riders,DM Bravo,C Munro,V Permaul,1,0,,,,,,"",""
ball,1,6.4,Trinbago Knight Riders,C Munro,DM Bravo,V Permaul,1,0,,,,,,"",""
ball,1,6.5,Trinbago Knight Riders,DM Bravo,C Munro,V Permaul,0,0,,,,,,"",""
ball,1,6.6,Trinbago Knight Riders,DM Bravo,C Munro,V Permaul,1,0,,,,,,"",""
ball,1,7.1,Trinbago Knight Riders,DM Bravo,C Munro,RR Emrit,0,0,,,,,,"",""
ball,1,7.2,Trinbago Knight Riders,DM Bravo,C Munro,RR Emrit,1,0,,,,,,"",""
ball,1,7.3,Trinbago Knight Riders,C Munro,DM Bravo,RR Emrit,0,0,,,,,,"",""
ball,1,7.4,Trinbago Knight Riders,C Munro,DM Bravo,RR Emrit,6,0,,,,,,"",""
ball,1,7.5,Trinbago Knight Riders,C Munro,DM Bravo,RR Emrit,1,0,,,,,,"",""
ball,1,7.6,Trinbago Knight Riders,DM Bravo,C Munro,RR Emrit,1,0,,,,,,"",""
ball,1,8.1,Trinbago Knight Riders,DM Bravo,C Munro,V Permaul,0,0,,,,,,"",""
ball,1,8.2,Trinbago Knight Riders,DM Bravo,C Munro,V Permaul,1,0,,,,,,"",""
ball,1,8.3,Trinbago Knight Riders,C Munro,DM Bravo,V Permaul,0,0,,,,,,"",""
ball,1,8.4,Trinbago Knight Riders,C Munro,DM Bravo,V Permaul,4,0,,,,,,"",""
ball,1,8.5,Trinbago Knight Riders,C Munro,DM Bravo,V Permaul,0,0,,,,,,"",""
ball,1,8.6,Trinbago Knight Riders,C Munro,DM Bravo,V Permaul,1,0,,,,,,"",""
ball,1,9.1,Trinbago Knight Riders,C Munro,DM Bravo,A Zampa,0,0,,,,,,"",""
ball,1,9.2,Trinbago Knight Riders,C Munro,DM Bravo,A Zampa,6,0,,,,,,"",""
ball,1,9.3,Trinbago Knight Riders,C Munro,DM Bravo,A Zampa,2,0,,,,,,"",""
ball,1,9.4,Trinbago Knight Riders,C Munro,DM Bravo,A Zampa,1,0,,,,,,"",""
ball,1,9.5,Trinbago Knight Riders,DM Bravo,C Munro,A Zampa,0,0,,,,,,"",""
ball,1,9.6,Trinbago Knight Riders,DM Bravo,C Munro,A Zampa,4,0,,,,,,"",""
ball,1,10.1,Trinbago Knight Riders,C Munro,DM Bravo,V Permaul,2,0,,,,,,"",""
ball,1,10.2,Trinbago Knight Riders,C Munro,DM Bravo,V Permaul,1,0,,,,,,"",""
ball,1,10.3,Trinbago Knight Riders,DM Bravo,C Munro,V Permaul,1,0,,,,,,"",""
ball,1,10.4,Trinbago Knight Riders,C Munro,DM Bravo,V Permaul,0,0,,,,,,"",""
ball,1,10.5,Trinbago Knight Riders,C Munro,DM Bravo,V Permaul,4,0,,,,,,"",""
ball,1,10.6,Trinbago Knight Riders,C Munro,DM Bravo,V Permaul,1,0,,,,,,"",""
ball,1,11.1,Trinbago Knight Riders,C Munro,DM Bravo,JN Mohammed,4,0,,,,,,"",""
ball,1,11.2,Trinbago Knight Riders,C Munro,DM Bravo,JN Mohammed,6,0,,,,,,"",""
ball,1,11.3,Trinbago Knight Riders,C Munro,DM Bravo,JN Mohammed,0,0,,,,,,"",""
ball,1,11.4,Trinbago Knight Riders,C Munro,DM Bravo,JN Mohammed,6,0,,,,,,"",""
ball,1,11.5,Trinbago Knight Riders,C Munro,DM Bravo,JN Mohammed,1,0,,,,,,"",""
ball,1,11.6,Trinbago Knight Riders,DM Bravo,C Munro,JN Mohammed,0,0,,,,,,"",""
ball,1,12.1,Trinbago Knight Riders,C Munro,DM Bravo,A Zampa,1,0,,,,,,"",""
ball,1,12.2,Trinbago Knight Riders,DM Bravo,C Munro,A Zampa,2,0,,,,,,"",""
ball,1,12.3,Trinbago Knight Riders,DM Bravo,C Munro,A Zampa,0,0,,,,,,caught,DM Bravo
ball,1,12.4,Trinbago Knight Riders,DJ Bravo,C Munro,A Zampa,0,0,,,,,,"",""
ball,1,12.5,Trinbago Knight Riders,DJ Bravo,C Munro,A Zampa,1,0,,,,,,"",""
ball,1,12.6,Trinbago Knight Riders,C Munro,DJ Bravo,A Zampa,2,0,,,,,,"",""
ball,1,13.1,Trinbago Knight Riders,DJ Bravo,C Munro,PG Wintz,1,0,,,,,,"",""
ball,1,13.2,Trinbago Knight Riders,C Munro,DJ Bravo,PG Wintz,0,0,,,,,,"",""
ball,1,13.3,Trinbago Knight Riders,C Munro,DJ Bravo,PG Wintz,0,1,1,,,,,"",""
ball,1,13.4,Trinbago Knight Riders,C Munro,DJ Bravo,PG Wintz,0,0,,,,,,"",""
ball,1,13.5,Trinbago Knight Riders,C Munro,DJ Bravo,PG Wintz,1,0,,,,,,"",""
ball,1,13.6,Trinbago Knight Riders,DJ Bravo,C Munro,PG Wintz,1,0,,,,,,"",""
ball,1,13.7,Trinbago Knight Riders,C Munro,DJ Bravo,PG Wintz,1,0,,,,,,"",""
ball,1,14.1,Trinbago Knight Riders,C Munro,DJ Bravo,A Zampa,0,0,,,,,,"",""
ball,1,14.2,Trinbago Knight Riders,C Munro,DJ Bravo,A Zampa,1,0,,,,,,"",""
ball,1,14.3,Trinbago Knight Riders,DJ Bravo,C Munro,A Zampa,0,1,,,1,,,"",""
ball,1,14.4,Trinbago Knight Riders,C Munro,DJ Bravo,A Zampa,0,1,,,,1,,"",""
ball,1,14.5,Trinbago Knight Riders,DJ Bravo,C Munro,A Zampa,0,0,,,,,,"",""
ball,1,14.6,Trinbago Knight Riders,DJ Bravo,C Munro,A Zampa,0,0,,,,,,"",""
ball,1,15.1,Trinbago Knight Riders,C Munro,DJ Bravo,RR Emrit,1,0,,,,,,"",""
ball,1,15.2,Trinbago Knight Riders,DJ Bravo,C Munro,RR Emrit,2,0,,,,,,"",""
ball,1,15.3,Trinbago Knight Riders,DJ Bravo,C Munro,RR Emrit,2,0,,,,,,"",""
ball,1,15.4,Trinbago Knight Riders,DJ Bravo,C Munro,RR Emrit,2,0,,,,,,"",""
ball,1,15.5,Trinbago Knight Riders,DJ Bravo,C Munro,RR Emrit,1,0,,,,,,"",""
ball,1,15.6,Trinbago Knight Riders,C Munro,DJ Bravo,RR Emrit,0,0,,,,,,"",""
ball,1,16.1,Trinbago Knight Riders,DJ Bravo,C Munro,Sohail Tanvir,0,1,,,,1,,"",""
ball,1,16.2,Trinbago Knight Riders,C Munro,DJ Bravo,Sohail Tanvir,4,0,,,,,,"",""
ball,1,16.3,Trinbago Knight Riders,C Munro,DJ Bravo,Sohail Tanvir,1,0,,,,,,"",""
ball,1,16.4,Trinbago Knight Riders,DJ Bravo,C Munro,Sohail Tanvir,0,0,,,,,,"",""
ball,1,16.5,Trinbago Knight Riders,DJ Bravo,C Munro,Sohail Tanvir,1,0,,,,,,"",""
ball,1,16.6,Trinbago Knight Riders,C Munro,DJ Bravo,Sohail Tanvir,2,0,,,,,,"",""
ball,1,17.1,Trinbago Knight Riders,DJ Bravo,C Munro,RR Emrit,6,0,,,,,,"",""
ball,1,17.2,Trinbago Knight Riders,DJ Bravo,C Munro,RR Emrit,1,0,,,,,,"",""
ball,1,17.3,Trinbago Knight Riders,C Munro,DJ Bravo,RR Emrit,1,0,,,,,,"",""
ball,1,17.4,Trinbago Knight Riders,DJ Bravo,C Munro,RR Emrit,0,0,,,,,,caught,DJ Bravo
ball,1,17.5,Trinbago Knight Riders,C Munro,Umar Akmal,RR Emrit,0,1,,,,1,,"",""
ball,1,17.6,Trinbago Knight Riders,Umar Akmal,C Munro,RR Emrit,1,0,,,,,,"",""
ball,1,18.1,Trinbago Knight Riders,Umar Akmal,C Munro,Sohail Tanvir,0,0,,,,,,caught,Umar Akmal
ball,1,18.2,Trinbago Knight Riders,KK Cooper,C Munro,Sohail Tanvir,1,0,,,,,,"",""
ball,1,18.3,Trinbago Knight Riders,C Munro,KK Cooper,Sohail Tanvir,1,0,,,,,,"",""
ball,1,18.4,Trinbago Knight Riders,KK Cooper,C Munro,Sohail Tanvir,1,0,,,,,,"",""
ball,1,18.5,Trinbago Knight Riders,C Munro,KK Cooper,Sohail Tanvir,1,0,,,,,,"",""
ball,1,18.6,Trinbago Knight Riders,KK Cooper,C Munro,Sohail Tanvir,0,1,1,,,,,"",""
ball,1,18.7,Trinbago Knight Riders,KK Cooper,C Munro,Sohail Tanvir,1,0,,,,,,"",""
ball,1,19.1,Trinbago Knight Riders,KK Cooper,C Munro,RR Emrit,1,0,,,,,,"",""
ball,1,19.2,Trinbago Knight Riders,C Munro,KK Cooper,RR Emrit,1,1,,1,,,,"",""
ball,1,19.3,Trinbago Knight Riders,KK Cooper,C Munro,RR Emrit,0,0,,,,,,"",""
ball,1,19.4,Trinbago Knight Riders,KK Cooper,C Munro,RR Emrit,2,0,,,,,,"",""
ball,1,19.5,Trinbago Knight Riders,KK Cooper,C Munro,RR Emrit,2,0,,,,,,"",""
ball,1,19.6,Trinbago Knight Riders,KK Cooper,C Munro,RR Emrit,2,0,,,,,,"",""
ball,1,19.7,Trinbago Knight Riders,KK Cooper,C Munro,RR Emrit,6,0,,,,,,"",""
ball,2,0.1,Guyana Amazon Warriors,DR Smith,MJ Guptill,RR Beaton,0,0,,,,,,"",""
ball,2,0.2,Guyana Amazon Warriors,DR Smith,MJ Guptill,RR Beaton,0,0,,,,,,"",""
ball,2,0.3,Guyana Amazon Warriors,DR Smith,MJ Guptill,RR Beaton,4,0,,,,,,"",""
ball,2,0.4,Guyana Amazon Warriors,DR Smith,MJ Guptill,RR Beaton,4,0,,,,,,"",""
ball,2,0.5,Guyana Amazon Warriors,DR Smith,MJ Guptill,RR Beaton,0,0,,,,,,"",""
ball,2,0.6,Guyana Amazon Warriors,DR Smith,MJ Guptill,RR Beaton,0,0,,,,,,"",""
ball,2,1.1,Guyana Amazon Warriors,MJ Guptill,DR Smith,NO Miller,1,0,,,,,,"",""
ball,2,1.2,Guyana Amazon Warriors,DR Smith,MJ Guptill,NO Miller,6,0,,,,,,"",""
ball,2,1.3,Guyana Amazon Warriors,DR Smith,MJ Guptill,NO Miller,6,0,,,,,,"",""
ball,2,1.4,Guyana Amazon Warriors,DR Smith,MJ Guptill,NO Miller,0,1,1,,,,,"",""
ball,2,1.5,Guyana Amazon Warriors,DR Smith,MJ Guptill,NO Miller,0,0,,,,,,"",""
ball,2,1.6,Guyana Amazon Warriors,DR Smith,MJ Guptill,NO Miller,1,0,,,,,,"",""
ball,2,1.7,Guyana Amazon Warriors,MJ Guptill,DR Smith,NO Miller,1,0,,,,,,"",""
ball,2,2.1,Guyana Amazon Warriors,MJ Guptill,DR Smith,KK Cooper,1,0,,,,,,"",""
ball,2,2.2,Guyana Amazon Warriors,DR Smith,MJ Guptill,KK Cooper,0,0,,,,,,"",""
ball,2,2.3,Guyana Amazon Warriors,DR Smith,MJ Guptill,KK Cooper,4,0,,,,,,"",""
ball,2,2.4,Guyana Amazon Warriors,DR Smith,MJ Guptill,KK Cooper,1,0,,,,,,"",""
ball,2,2.5,Guyana Amazon Warriors,MJ Guptill,DR Smith,KK Cooper,2,0,,,,,,"",""
ball,2,2.6,Guyana Amazon Warriors,MJ Guptill,DR Smith,KK Cooper,2,0,,,,,,"",""
ball,2,3.1,Guyana Amazon Warriors,DR Smith,MJ Guptill,SP Narine,0,0,,,,,,"",""
ball,2,3.2,Guyana Amazon Warriors,DR Smith,MJ Guptill,SP Narine,0,0,,,,,,"",""
ball,2,3.3,Guyana Amazon Warriors,DR Smith,MJ Guptill,SP Narine,0,0,,,,,,"",""
ball,2,3.4,Guyana Amazon Warriors,DR Smith,MJ Guptill,SP Narine,0,0,,,,,,"",""
ball,2,3.5,Guyana Amazon Warriors,DR Smith,MJ Guptill,SP Narine,0,0,,,,,,lbw,DR Smith
ball,2,3.6,Guyana Amazon Warriors,CA Lynn,MJ Guptill,SP Narine,0,0,,,,,,"",""
ball,2,4.1,Guyana Amazon Warriors,MJ Guptill,CA Lynn,SJ Benn,6,0,,,,,,"",""
ball,2,4.2,Guyana Amazon Warriors,MJ Guptill,CA Lynn,SJ Benn,4,0,,,,,,"",""
ball,2,4.3,Guyana Amazon Warriors,MJ Guptill,CA Lynn,SJ Benn,1,0,,,,,,"",""
ball,2,4.4,Guyana Amazon Warriors,CA Lynn,MJ Guptill,SJ Benn,1,0,,,,,,"",""
ball,2,4.5,Guyana Amazon Warriors,MJ Guptill,CA Lynn,SJ Benn,0,0,,,,,,"",""
ball,2,4.6,Guyana Amazon Warriors,MJ Guptill,CA Lynn,SJ Benn,0,0,,,,,,"",""
ball,2,5.1,Guyana Amazon Warriors,CA Lynn,MJ Guptill,SP Narine,1,0,,,,,,"",""
ball,2,5.2,Guyana Amazon Warriors,MJ Guptill,CA Lynn,SP Narine,0,0,,,,,,"",""
ball,2,5.3,Guyana Amazon Warriors,MJ Guptill,CA Lynn,SP Narine,1,0,,,,,,"",""
ball,2,5.4,Guyana Amazon Warriors,CA Lynn,MJ Guptill,SP Narine,1,0,,,,,,"",""
ball,2,5.5,Guyana Amazon Warriors,MJ Guptill,CA Lynn,SP Narine,0,0,,,,,,"",""
ball,2,5.6,Guyana Amazon Warriors,MJ Guptill,CA Lynn,SP Narine,1,0,,,,,,"",""
ball,2,6.1,Guyana Amazon Warriors,MJ Guptill,CA Lynn,SJ Benn,1,0,,,,,,"",""
ball,2,6.2,Guyana Amazon Warriors,CA Lynn,MJ Guptill,SJ Benn,0,0,,,,,,"",""
ball,2,6.3,Guyana Amazon Warriors,CA Lynn,MJ Guptill,SJ Benn,0,0,,,,,,"",""
ball,2,6.4,Guyana Amazon Warriors,CA Lynn,MJ Guptill,SJ Benn,4,0,,,,,,"",""
ball,2,6.5,Guyana Amazon Warriors,CA Lynn,MJ Guptill,SJ Benn,1,0,,,,,,"",""
ball,2,6.6,Guyana Amazon Warriors,MJ Guptill,CA Lynn,SJ Benn,0,0,,,,,,"",""
ball,2,7.1,Guyana Amazon Warriors,CA Lynn,MJ Guptill,DJ Bravo,1,0,,,,,,"",""
ball,2,7.2,Guyana Amazon Warriors,MJ Guptill,CA Lynn,DJ Bravo,0,0,,,,,,"",""
ball,2,7.3,Guyana Amazon Warriors,MJ Guptill,CA Lynn,DJ Bravo,1,0,,,,,,"",""
ball,2,7.4,Guyana Amazon Warriors,CA Lynn,MJ Guptill,DJ Bravo,6,0,,,,,,"",""
ball,2,7.5,Guyana Amazon Warriors,CA Lynn,MJ Guptill,DJ Bravo,1,0,,,,,,"",""
ball,2,7.6,Guyana Amazon Warriors,MJ Guptill,CA Lynn,DJ Bravo,1,0,,,,,,"",""
ball,2,8.1,Guyana Amazon Warriors,MJ Guptill,CA Lynn,SJ Benn,1,0,,,,,,"",""
ball,2,8.2,Guyana Amazon Warriors,CA Lynn,MJ Guptill,SJ Benn,6,0,,,,,,"",""
ball,2,8.3,Guyana Amazon Warriors,CA Lynn,MJ Guptill,SJ Benn,2,0,,,,,,"",""
ball,2,8.4,Guyana Amazon Warriors,CA Lynn,MJ Guptill,SJ Benn,1,0,,,,,,"",""
ball,2,8.5,Guyana Amazon Warriors,MJ Guptill,CA Lynn,SJ Benn,1,0,,,,,,"",""
ball,2,8.6,Guyana Amazon Warriors,CA Lynn,MJ Guptill,SJ Benn,1,0,,,,,,"",""
ball,2,9.1,Guyana Amazon Warriors,CA Lynn,MJ Guptill,NO Miller,1,0,,,,,,"",""
ball,2,9.2,Guyana Amazon Warriors,MJ Guptill,CA Lynn,NO Miller,0,0,,,,,,bowled,MJ Guptill
ball,2,9.3,Guyana Amazon Warriors,JN Mohammed,CA Lynn,NO Miller,0,0,,,,,,"",""
ball,2,9.4,Guyana Amazon Warriors,JN Mohammed,CA Lynn,NO Miller,1,0,,,,,,"",""
ball,2,9.5,Guyana Amazon Warriors,CA Lynn,JN Mohammed,NO Miller,1,0,,,,,,"",""
ball,2,9.6,Guyana Amazon Warriors,JN Mohammed,CA Lynn,NO Miller,0,0,,,,,,"",""
ball,2,10.1,Guyana Amazon Warriors,CA Lynn,JN Mohammed,SJ Benn,0,0,,,,,,"",""
ball,2,10.2,Guyana Amazon Warriors,CA Lynn,JN Mohammed,SJ Benn,0,0,,,,,,"",""
ball,2,10.3,Guyana Amazon Warriors,CA Lynn,JN Mohammed,SJ Benn,2,0,,,,,,"",""
ball,2,10.4,Guyana Amazon Warriors,CA Lynn,JN Mohammed,SJ Benn,1,0,,,,,,"",""
ball,2,10.5,Guyana Amazon Warriors,JN Mohammed,CA Lynn,SJ Benn,0,0,,,,,,"",""
ball,2,10.6,Guyana Amazon Warriors,JN Mohammed,CA Lynn,SJ Benn,1,0,,,,,,"",""
ball,2,11.1,Guyana Amazon Warriors,JN Mohammed,CA Lynn,NO Miller,0,0,,,,,,"",""
ball,2,11.2,Guyana Amazon Warriors,JN Mohammed,CA Lynn,NO Miller,2,0,,,,,,"",""
ball,2,11.3,Guyana Amazon Warriors,JN Mohammed,CA Lynn,NO Miller,0,0,,,,,,"",""
ball,2,11.4,Guyana Amazon Warriors,JN Mohammed,CA Lynn,NO Miller,0,0,,,,,,"",""
ball,2,11.5,Guyana Amazon Warriors,JN Mohammed,CA Lynn,NO Miller,1,0,,,,,,"",""
ball,2,11.6,Guyana Amazon Warriors,CA Lynn,JN Mohammed,NO Miller,6,0,,,,,,"",""
ball,2,12.1,Guyana Amazon Warriors,JN Mohammed,CA Lynn,KK Cooper,1,0,,,,,,"",""
ball,2,12.2,Guyana Amazon Warriors,CA Lynn,JN Mohammed,KK Cooper,1,0,,,,,,"",""
ball,2,12.3,Guyana Amazon Warriors,JN Mohammed,CA Lynn,KK Cooper,4,0,,,,,,"",""
ball,2,12.4,Guyana Amazon Warriors,JN Mohammed,CA Lynn,KK Cooper,1,0,,,,,,"",""
ball,2,12.5,Guyana Amazon Warriors,CA Lynn,JN Mohammed,KK Cooper,0,0,,,,,,"",""
ball,2,12.6,Guyana Amazon Warriors,CA Lynn,JN Mohammed,KK Cooper,0,0,,,,,,"",""
ball,2,13.1,Guyana Amazon Warriors,JN Mohammed,CA Lynn,SP Narine,1,0,,,,,,"",""
ball,2,13.2,Guyana Amazon Warriors,CA Lynn,JN Mohammed,SP Narine,1,0,,,,,,"",""
ball,2,13.3,Guyana Amazon Warriors,JN Mohammed,CA Lynn,SP Narine,1,0,,,,,,"",""
ball,2,13.4,Guyana Amazon Warriors,CA Lynn,JN Mohammed,SP Narine,0,0,,,,,,"",""
ball,2,13.5,Guyana Amazon Warriors,CA Lynn,JN Mohammed,SP Narine,6,0,,,,,,"",""
ball,2,13.6,Guyana Amazon Warriors,CA Lynn,JN Mohammed,SP Narine,1,0,,,,,,"",""
ball,2,14.1,Guyana Amazon Warriors,CA Lynn,JN Mohammed,DJ Bravo,6,0,,,,,,"",""
ball,2,14.2,Guyana Amazon Warriors,CA Lynn,JN Mohammed,DJ Bravo,0,0,,,,,,"",""
ball,2,14.3,Guyana Amazon Warriors,CA Lynn,JN Mohammed,DJ Bravo,1,0,,,,,,"",""
ball,2,14.4,Guyana Amazon Warriors,JN Mohammed,CA Lynn,DJ Bravo,4,0,,,,,,"",""
ball,2,14.5,Guyana Amazon Warriors,JN Mohammed,CA Lynn,DJ Bravo,0,0,,,,,,"",""
ball,2,14.6,Guyana Amazon Warriors,JN Mohammed,CA Lynn,DJ Bravo,0,0,,,,,,"",""
ball,2,15.1,Guyana Amazon Warriors,CA Lynn,JN Mohammed,KK Cooper,6,0,,,,,,"",""
ball,2,15.2,Guyana Amazon Warriors,CA Lynn,JN Mohammed,KK Cooper,6,0,,,,,,"",""
ball,2,15.3,Guyana Amazon Warriors,CA Lynn,JN Mohammed,KK Cooper,1,0,,,,,,"",""
ball,2,15.4,Guyana Amazon Warriors,JN Mohammed,CA Lynn,KK Cooper,1,0,,,,,,"",""
ball,2,15.5,Guyana Amazon Warriors,CA Lynn,JN Mohammed,KK Cooper,6,0,,,,,,"",""
ball,2,15.6,Guyana Amazon Warriors,CA Lynn,JN Mohammed,KK Cooper,1,0,,,,,,"",""
ball,2,16.1,Guyana Amazon Warriors,CA Lynn,JN Mohammed,DJ Bravo,1,0,,,,,,"",""
ball,2,16.2,Guyana Amazon Warriors,JN Mohammed,CA Lynn,DJ Bravo,2,0,,,,,,"",""
ball,2,16.3,Guyana Amazon Warriors,JN Mohammed,CA Lynn,DJ Bravo,1,0,,,,,,"",""
ball,2,16.4,Guyana Amazon Warriors,CA Lynn,JN Mohammed,DJ Bravo,1,0,,,,,,"",""
ball,2,16.5,Guyana Amazon Warriors,JN Mohammed,CA Lynn,DJ Bravo,1,0,,,,,,"",""
ball,2,16.6,Guyana Amazon Warriors,CA Lynn,JN Mohammed,DJ Bravo,1,0,,,,,,"",""
ball,2,17.1,Guyana Amazon Warriors,CA Lynn,JN Mohammed,SP Narine,1,0,,,,,,"",""
ball,2,17.2,Guyana Amazon Warriors,JN Mohammed,CA Lynn,SP Narine,0,0,,,,,,"",""
ball,2,17.3,Guyana Amazon Warriors,JN Mohammed,CA Lynn,SP Narine,2,0,,,,,,"",""
ball,2,17.4,Guyana Amazon Warriors,JN Mohammed,CA Lynn,SP Narine,0,0,,,,,,"",""
ball,2,17.5,Guyana Amazon Warriors,JN Mohammed,CA Lynn,SP Narine,1,0,,,,,,"",""
ball,2,17.6,Guyana Amazon Warriors,CA Lynn,JN Mohammed,SP Narine,0,0,,,,,,"",""
ball,2,18.1,Guyana Amazon Warriors,JN Mohammed,CA Lynn,DJ Bravo,1,0,,,,,,"",""
ball,2,18.2,Guyana Amazon Warriors,CA Lynn,JN Mohammed,DJ Bravo,0,0,,,,,,lbw,CA Lynn
ball,2,18.3,Guyana Amazon Warriors,CD Barnwell,JN Mohammed,DJ Bravo,0,1,1,,,,,"",""
ball,2,18.4,Guyana Amazon Warriors,CD Barnwell,JN Mohammed,DJ Bravo,0,0,,,,,,lbw,CD Barnwell
ball,2,18.5,Guyana Amazon Warriors,A Bramble,JN Mohammed,DJ Bravo,1,0,,,,,,"",""
ball,2,18.6,Guyana Amazon Warriors,JN Mohammed,A Bramble,DJ Bravo,1,0,,,,,,"",""
ball,2,18.7,Guyana Amazon Warriors,A Bramble,JN Mohammed,DJ Bravo,2,0,,,,,,"",""
ball,2,19.1,Guyana Amazon Warriors,JN Mohammed,A Bramble,RR Beaton,0,0,,,,,,"",""
ball,2,19.2,Guyana Amazon Warriors,JN Mohammed,A Bramble,RR Beaton,6,0,,,,,,"",""
