version,1.6.0
info,balls_per_over,6
info,team,Hong Kong
info,team,Papua New Guinea
info,gender,male
info,season,2016/17
info,date,2016/11/06
info,event,Papua New Guinea in Hong Kong ODI Series
info,match_number,2
info,venue,"Mission Road Ground, Mong Kok"
info,city,Hong Kong
info,toss_winner,Papua New Guinea
info,toss_decision,bat
info,player_of_match,CA Soper
info,umpire,Sharfuddoula
info,umpire,Tabarak Dar
info,reserve_umpire,IA Thomson
info,match_referee,GF Labrooy
info,winner,Papua New Guinea
info,winner_runs,14
info,player,Hong Kong,JJ Atkinson
info,player,Hong Kong,KD Shah
info,player,Hong Kong,Babar Hayat
info,player,Hong Kong,Nizakat Khan
info,player,Hong Kong,Anshuman Rath
info,player,Hong Kong,Shahid Wasif
info,player,Hong Kong,Ehsan Khan
info,player,Hong Kong,Tanwir Afzal
info,player,Hong Kong,Aizaz Khan
info,player,Hong Kong,K Christie
info,player,Hong Kong,Nadeem Ahmed
info,player,Papua New Guinea,TP Ura
info,player,Papua New Guinea,VV Morea
info,player,Papua New Guinea,L Siaka
info,player,Papua New Guinea,A Vala
info,player,Papua New Guinea,S Bau
info,player,Papua New Guinea,D Bau
info,player,Papua New Guinea,MD Dai
info,player,Papua New Guinea,H Hiri
info,player,Papua New Guinea,JB Reva
info,player,Papua New Guinea,CA Soper
info,player,Papua New Guinea,N Vanua
info,registry,people,A Vala,72e60730
info,registry,people,Aizaz Khan,f6c2659d
info,registry,people,Anshuman Rath,552b228c
info,registry,people,Babar Hayat,fbb657bb
info,registry,people,CA Soper,9920dd86
info,registry,people,D Bau,9db20c92
info,registry,people,Ehsan Khan,d3851cd8
info,registry,people,GF Labrooy,8e088dbc
info,registry,people,H Hiri,9dc3ea7e
info,registry,people,IA Thomson,4b594b43
info,registry,people,JB Reva,6a685375
info,registry,people,JJ Atkinson,bf2d865c
info,registry,people,K Christie,65122d56
info,registry,people,KD Shah,d5ae21a2
info,registry,people,L Siaka,6b4593ee
info,registry,people,MD Dai,5be810ba
info,registry,people,N Vanua,a36915ce
info,registry,people,Nadeem Ahmed,023f6b02
info,registry,people,Nizakat Khan,e3eb9e46
info,registry,people,S Bau,9a95bebb
info,registry,people,Shahid Wasif,2cc08c3c
info,registry,people,Sharfuddoula,63896abb
info,registry,people,TP Ura,a82eb3fb
info,registry,people,Tabarak Dar,2259c12d
info,registry,people,Tanwir Afzal,5f5ca1a7
info,registry,people,VV Morea,e64c10dd
ball,1,0.1,Papua New Guinea,TP Ura,VV Morea,Nadeem Ahmed,0,0,,,,,,"",""
ball,1,0.2,Papua New Guinea,TP Ura,VV Morea,Nadeem Ahmed,0,0,,,,,,"",""
ball,1,0.3,Papua New Guinea,TP Ura,VV Morea,Nadeem Ahmed,0,1,,,,1,,"",""
ball,1,0.4,Papua New Guinea,VV Morea,TP Ura,Nadeem Ahmed,0,0,,,,,,"",""
ball,1,0.5,Papua New Guinea,VV Morea,TP Ura,Nadeem Ahmed,0,0,,,,,,"",""
ball,1,0.6,Papua New Guinea,VV Morea,TP Ura,Nadeem Ahmed,0,0,,,,,,"",""
ball,1,1.1,Papua New Guinea,TP Ura,VV Morea,Tanwir Afzal,0,0,,,,,,"",""
ball,1,1.2,Papua New Guinea,TP Ura,VV Morea,Tanwir Afzal,0,1,,,,1,,"",""
ball,1,1.3,Papua New Guinea,VV Morea,TP Ura,Tanwir Afzal,0,1,1,,,,,"",""
ball,1,1.4,Papua New Guinea,VV Morea,TP Ura,Tanwir Afzal,0,0,,,,,,"",""
ball,1,1.5,Papua New Guinea,VV Morea,TP Ura,Tanwir Afzal,0,0,,,,,,"",""
ball,1,1.6,Papua New Guinea,VV Morea,TP Ura,Tanwir Afzal,0,0,,,,,,"",""
ball,1,1.7,Papua New Guinea,VV Morea,TP Ura,Tanwir Afzal,0,0,,,,,,"",""
ball,1,2.1,Papua New Guinea,TP Ura,VV Morea,Nadeem Ahmed,0,0,,,,,,"",""
ball,1,2.2,Papua New Guinea,TP Ura,VV Morea,Nadeem Ahmed,0,0,,,,,,"",""
ball,1,2.3,Papua New Guinea,TP Ura,VV Morea,Nadeem Ahmed,4,0,,,,,,"",""
ball,1,2.4,Papua New Guinea,TP Ura,VV Morea,Nadeem Ahmed,4,0,,,,,,"",""
ball,1,2.5,Papua New Guinea,TP Ura,VV Morea,Nadeem Ahmed,0,0,,,,,,"",""
ball,1,2.6,Papua New Guinea,TP Ura,VV Morea,Nadeem Ahmed,0,0,,,,,,stumped,TP Ura
ball,1,3.1,Papua New Guinea,VV Morea,L Siaka,Tanwir Afzal,0,0,,,,,,"",""
ball,1,3.2,Papua New Guinea,VV Morea,L Siaka,Tanwir Afzal,1,0,,,,,,"",""
ball,1,3.3,Papua New Guinea,L Siaka,VV Morea,Tanwir Afzal,4,0,,,,,,"",""
ball,1,3.4,Papua New Guinea,L Siaka,VV Morea,Tanwir Afzal,0,0,,,,,,"",""
ball,1,3.5,Papua New Guinea,L Siaka,VV Morea,Tanwir Afzal,1,0,,,,,,"",""
ball,1,3.6,Papua New Guinea,VV Morea,L Siaka,Tanwir Afzal,0,0,,,,,,"",""
ball,1,4.1,Papua New Guinea,L Siaka,VV Morea,Nadeem Ahmed,1,0,,,,,,"",""
ball,1,4.2,Papua New Guinea,VV Morea,L Siaka,Nadeem Ahmed,0,0,,,,,,stumped,VV Morea
ball,1,4.3,Papua New Guinea,A Vala,L Siaka,Nadeem Ahmed,0,0,,,,,,"",""
ball,1,4.4,Papua New Guinea,A Vala,L Siaka,Nadeem Ahmed,1,0,,,,,,"",""
ball,1,4.5,Papua New Guinea,L Siaka,A Vala,Nadeem Ahmed,0,0,,,,,,"",""
ball,1,4.6,Papua New Guinea,L Siaka,A Vala,Nadeem Ahmed,0,0,,,,,,"",""
ball,1,5.1,Papua New Guinea,A Vala,L Siaka,Tanwir Afzal,0,0,,,,,,"",""
ball,1,5.2,Papua New Guinea,A Vala,L Siaka,Tanwir Afzal,0,0,,,,,,"",""
ball,1,5.3,Papua New Guinea,A Vala,L Siaka,Tanwir Afzal,4,0,,,,,,"",""
ball,1,5.4,Papua New Guinea,A Vala,L Siaka,Tanwir Afzal,0,0,,,,,,"",""
ball,1,5.5,Papua New Guinea,A Vala,L Siaka,Tanwir Afzal,0,0,,,,,,"",""
ball,1,5.6,Papua New Guinea,A Vala,L Siaka,Tanwir Afzal,0,0,,,,,,"",""
ball,1,6.1,Papua New Guinea,L Siaka,A Vala,Nadeem Ahmed,4,0,,,,,,"",""
ball,1,6.2,Papua New Guinea,L Siaka,A Vala,Nadeem Ahmed,4,0,,,,,,"",""
ball,1,6.3,Papua New Guinea,L Siaka,A Vala,Nadeem Ahmed,0,0,,,,,,"",""
ball,1,6.4,Papua New Guinea,L Siaka,A Vala,Nadeem Ahmed,4,0,,,,,,"",""
ball,1,6.5,Papua New Guinea,L Siaka,A Vala,Nadeem Ahmed,4,0,,,,,,"",""
ball,1,6.6,Papua New Guinea,L Siaka,A Vala,Nadeem Ahmed,0,0,,,,,,lbw,L Siaka
ball,1,7.1,Papua New Guinea,A Vala,S Bau,Tanwir Afzal,0,0,,,,,,"",""
ball,1,7.2,Papua New Guinea,A Vala,S Bau,Tanwir Afzal,0,0,,,,,,"",""
ball,1,7.3,Papua New Guinea,A Vala,S Bau,Tanwir Afzal,1,0,,,,,,"",""
ball,1,7.4,Papua New Guinea,S Bau,A Vala,Tanwir Afzal,0,0,,,,,,"",""
ball,1,7.5,Papua New Guinea,S Bau,A Vala,Tanwir Afzal,0,0,,,,,,"",""
ball,1,7.6,Papua New Guinea,S Bau,A Vala,Tanwir Afzal,4,0,,,,,,"",""
ball,1,8.1,Papua New Guinea,A Vala,S Bau,Ehsan Khan,4,0,,,,,,"",""
ball,1,8.2,Papua New Guinea,A Vala,S Bau,Ehsan Khan,1,0,,,,,,"",""
ball,1,8.3,Papua New Guinea,S Bau,A Vala,Ehsan Khan,0,0,,,,,,"",""
ball,1,8.4,Papua New Guinea,S Bau,A Vala,Ehsan Khan,0,0,,,,,,"",""
ball,1,8.5,Papua New Guinea,S Bau,A Vala,Ehsan Khan,1,0,,,,,,"",""
ball,1,8.6,Papua New Guinea,A Vala,S Bau,Ehsan Khan,0,0,,,,,,"",""
ball,1,9.1,Papua New Guinea,S Bau,A Vala,Tanwir Afzal,4,0,,,,,,"",""
ball,1,9.2,Papua New Guinea,S Bau,A Vala,Tanwir Afzal,0,0,,,,,,"",""
ball,1,9.3,Papua New Guinea,S Bau,A Vala,Tanwir Afzal,0,0,,,,,,"",""
ball,1,9.4,Papua New Guinea,S Bau,A Vala,Tanwir Afzal,0,0,,,,,,"",""
ball,1,9.5,Papua New Guinea,S Bau,A Vala,Tanwir Afzal,0,0,,,,,,"",""
ball,1,9.6,Papua New Guinea,S Bau,A Vala,Tanwir Afzal,0,0,,,,,,"",""
ball,1,10.1,Papua New Guinea,A Vala,S Bau,Ehsan Khan,0,0,,,,,,"",""
ball,1,10.2,Papua New Guinea,A Vala,S Bau,Ehsan Khan,0,0,,,,,,"",""
ball,1,10.3,Papua New Guinea,A Vala,S Bau,Ehsan Khan,0,0,,,,,,"",""
ball,1,10.4,Papua New Guinea,A Vala,S Bau,Ehsan Khan,0,0,,,,,,"",""
ball,1,10.5,Papua New Guinea,A Vala,S Bau,Ehsan Khan,0,0,,,,,,"",""
ball,1,10.6,Papua New Guinea,A Vala,S Bau,Ehsan Khan,0,0,,,,,,"",""
ball,1,11.1,Papua New Guinea,S Bau,A Vala,Tanwir Afzal,0,0,,,,,,"",""
ball,1,11.2,Papua New Guinea,S Bau,A Vala,Tanwir Afzal,0,0,,,,,,"",""
ball,1,11.3,Papua New Guinea,S Bau,A Vala,Tanwir Afzal,0,0,,,,,,"",""
ball,1,11.4,Papua New Guinea,S Bau,A Vala,Tanwir Afzal,0,0,,,,,,"",""
ball,1,11.5,Papua New Guinea,S Bau,A Vala,Tanwir Afzal,0,0,,,,,,"",""
ball,1,11.6,Papua New Guinea,S Bau,A Vala,Tanwir Afzal,1,0,,,,,,"",""
ball,1,12.1,Papua New Guinea,S Bau,A Vala,Ehsan Khan,1,0,,,,,,"",""
ball,1,12.2,Papua New Guinea,A Vala,S Bau,Ehsan Khan,1,0,,,,,,"",""
ball,1,12.3,Papua New Guinea,S Bau,A Vala,Ehsan Khan,0,0,,,,,,"",""
ball,1,12.4,Papua New Guinea,S Bau,A Vala,Ehsan Khan,0,0,,,,,,"",""
ball,1,12.5,Papua New Guinea,S Bau,A Vala,Ehsan Khan,1,0,,,,,,"",""
ball,1,12.6,Papua New Guinea,A Vala,S Bau,Ehsan Khan,0,0,,,,,,"",""
ball,1,13.1,Papua New Guinea,S Bau,A Vala,Tanwir Afzal,1,0,,,,,,"",""
ball,1,13.2,Papua New Guinea,A Vala,S Bau,Tanwir Afzal,0,0,,,,,,"",""
ball,1,13.3,Papua New Guinea,A Vala,S Bau,Tanwir Afzal,1,0,,,,,,"",""
ball,1,13.4,Papua New Guinea,S Bau,A Vala,Tanwir Afzal,0,0,,,,,,"",""
ball,1,13.5,Papua New Guinea,S Bau,A Vala,Tanwir Afzal,2,0,,,,,,"",""
ball,1,13.6,Papua New Guinea,S Bau,A Vala,Tanwir Afzal,0,1,1,,,,,"",""
ball,1,13.7,Papua New Guinea,S Bau,A Vala,Tanwir Afzal,1,0,,,,,,"",""
ball,1,14.1,Papua New Guinea,S Bau,A Vala,K Christie,1,0,,,,,,"",""
ball,1,14.2,Papua New Guinea,A Vala,S Bau,K Christie,4,0,,,,,,"",""
ball,1,14.3,Papua New Guinea,A Vala,S Bau,K Christie,0,1,,1,,,,"",""
ball,1,14.4,Papua New Guinea,A Vala,S Bau,K Christie,4,1,,1,,,,"",""
ball,1,14.5,Papua New Guinea,A Vala,S Bau,K Christie,4,0,,,,,,"",""
ball,1,14.6,Papua New Guinea,A Vala,S Bau,K Christie,1,1,,1,,,,"",""
ball,1,14.7,Papua New Guinea,S Bau,A Vala,K Christie,0,0,,,,,,"",""
ball,1,14.8,Papua New Guinea,S Bau,A Vala,K Christie,0,0,,,,,,"",""
ball,1,14.9,Papua New Guinea,S Bau,A Vala,K Christie,1,0,,,,,,"",""
ball,1,15.1,Papua New Guinea,S Bau,A Vala,Aizaz Khan,0,0,,,,,,"",""
ball,1,15.2,Papua New Guinea,S Bau,A Vala,Aizaz Khan,0,0,,,,,,"",""
ball,1,15.3,Papua New Guinea,S Bau,A Vala,Aizaz Khan,0,0,,,,,,"",""
ball,1,15.4,Papua New Guinea,S Bau,A Vala,Aizaz Khan,1,0,,,,,,"",""
ball,1,15.5,Papua New Guinea,A Vala,S Bau,Aizaz Khan,0,0,,,,,,"",""
ball,1,15.6,Papua New Guinea,A Vala,S Bau,Aizaz Khan,1,0,,,,,,"",""
ball,1,16.1,Papua New Guinea,A Vala,S Bau,Ehsan Khan,0,0,,,,,,"",""
ball,1,16.2,Papua New Guinea,A Vala,S Bau,Ehsan Khan,0,0,,,,,,"",""
ball,1,16.3,Papua New Guinea,A Vala,S Bau,Ehsan Khan,1,0,,,,,,"",""
ball,1,16.4,Papua New Guinea,S Bau,A Vala,Ehsan Khan,1,0,,,,,,"",""
ball,1,16.5,Papua New Guinea,A Vala,S Bau,Ehsan Khan,1,0,,,,,,"",""
ball,1,16.6,Papua New Guinea,S Bau,A Vala,Ehsan Khan,0,0,,,,,,"",""
ball,1,17.1,Papua New Guinea,A Vala,S Bau,Aizaz Khan,0,0,,,,,,"",""
ball,1,17.2,Papua New Guinea,A Vala,S Bau,Aizaz Khan,1,0,,,,,,"",""
ball,1,17.3,Papua New Guinea,S Bau,A Vala,Aizaz Khan,0,1,1,,,,,"",""
ball,1,17.4,Papua New Guinea,S Bau,A Vala,Aizaz Khan,6,0,,,,,,"",""
ball,1,17.5,Papua New Guinea,S Bau,A Vala,Aizaz Khan,0,0,,,,,,"",""
ball,1,17.6,Papua New Guinea,S Bau,A Vala,Aizaz Khan,0,0,,,,,,"",""
ball,1,17.7,Papua New Guinea,S Bau,A Vala,Aizaz Khan,0,0,,,,,,"",""
ball,1,18.1,Papua New Guinea,A Vala,S Bau,Ehsan Khan,6,0,,,,,,"",""
ball,1,18.2,Papua New Guinea,A Vala,S Bau,Ehsan Khan,0,0,,,,,,"",""
ball,1,18.3,Papua New Guinea,A Vala,S Bau,Ehsan Khan,1,0,,,,,,"",""
ball,1,18.4,Papua New Guinea,S Bau,A Vala,Ehsan Khan,0,0,,,,,,"",""
ball,1,18.5,Papua New Guinea,S Bau,A Vala,Ehsan Khan,0,0,,,,,,"",""
ball,1,18.6,Papua New Guinea,S Bau,A Vala,Ehsan Khan,2,0,,,,,,"",""
ball,1,19.1,Papua New Guinea,A Vala,S Bau,Aizaz Khan,0,0,,,,,,"",""
ball,1,19.2,Papua New Guinea,A Vala,S Bau,Aizaz Khan,0,0,,,,,,"",""
ball,1,19.3,Papua New Guinea,A Vala,S Bau,Aizaz Khan,0,0,,,,,,"",""
ball,1,19.4,Papua New Guinea,A Vala,S Bau,Aizaz Khan,0,0,,,,,,"",""
ball,1,19.5,Papua New Guinea,A Vala,S Bau,Aizaz Khan,0,0,,,,,,"",""
ball,1,19.6,Papua New Guinea,A Vala,S Bau,Aizaz Khan,0,0,,,,,,"",""
ball,1,20.1,Papua New Guinea,S Bau,A Vala,Ehsan Khan,0,0,,,,,,"",""
ball,1,20.2,Papua New Guinea,S Bau,A Vala,Ehsan Khan,1,0,,,,,,"",""
ball,1,20.3,Papua New Guinea,A Vala,S Bau,Ehsan Khan,0,0,,,,,,"",""
ball,1,20.4,Papua New Guinea,A Vala,S Bau,Ehsan Khan,0,0,,,,,,"",""
ball,1,20.5,Papua New Guinea,A Vala,S Bau,Ehsan Khan,1,0,,,,,,"",""
ball,1,20.6,Papua New Guinea,S Bau,A Vala,Ehsan Khan,1,0,,,,,,"",""
ball,1,21.1,Papua New Guinea,S Bau,A Vala,Aizaz Khan,6,0,,,,,,"",""
ball,1,21.2,Papua New Guinea,S Bau,A Vala,Aizaz Khan,4,0,,,,,,"",""
ball,1,21.3,Papua New Guinea,S Bau,A Vala,Aizaz Khan,0,0,,,,,,lbw,S Bau
ball,1,21.4,Papua New Guinea,D Bau,A Vala,Aizaz Khan,0,0,,,,,,"",""
ball,1,21.5,Papua New Guinea,D Bau,A Vala,Aizaz Khan,0,0,,,,,,"",""
ball,1,21.6,Papua New Guinea,D Bau,A Vala,Aizaz Khan,0,0,,,,,,"",""
ball,1,22.1,Papua New Guinea,A Vala,D Bau,Anshuman Rath,4,0,,,,,,"",""
ball,1,22.2,Papua New Guinea,A Vala,D Bau,Anshuman Rath,4,0,,,,,,"",""
ball,1,22.3,Papua New Guinea,A Vala,D Bau,Anshuman Rath,0,0,,,,,,"",""
ball,1,22.4,Papua New Guinea,A Vala,D Bau,Anshuman Rath,0,0,,,,,,"",""
ball,1,22.5,Papua New Guinea,A Vala,D Bau,Anshuman Rath,0,0,,,,,,"",""
ball,1,22.6,Papua New Guinea,A Vala,D Bau,Anshuman Rath,0,0,,,,,,"",""
ball,1,23.1,Papua New Guinea,D Bau,A Vala,Aizaz Khan,0,0,,,,,,"",""
ball,1,23.2,Papua New Guinea,D Bau,A Vala,Aizaz Khan,0,0,,,,,,"",""
ball,1,23.3,Papua New Guinea,D Bau,A Vala,Aizaz Khan,0,0,,,,,,"",""
ball,1,23.4,Papua New Guinea,D Bau,A Vala,Aizaz Khan,0,0,,,,,,"",""
ball,1,23.5,Papua New Guinea,D Bau,A Vala,Aizaz Khan,3,0,,,,,,"",""
ball,1,23.6,Papua New Guinea,A Vala,D Bau,Aizaz Khan,0,0,,,,,,"",""
ball,1,24.1,Papua New Guinea,D Bau,A Vala,Anshuman Rath,0,0,,,,,,"",""
ball,1,24.2,Papua New Guinea,D Bau,A Vala,Anshuman Rath,0,0,,,,,,caught,D Bau
ball,1,24.3,Papua New Guinea,A Vala,MD Dai,Anshuman Rath,1,0,,,,,,"",""
ball,1,24.4,Papua New Guinea,MD Dai,A Vala,Anshuman Rath,0,0,,,,,,"",""
ball,1,24.5,Papua New Guinea,MD Dai,A Vala,Anshuman Rath,0,0,,,,,,"",""
ball,1,24.6,Papua New Guinea,MD Dai,A Vala,Anshuman Rath,0,0,,,,,,"",""
ball,1,25.1,Papua New Guinea,A Vala,MD Dai,Aizaz Khan,0,0,,,,,,"",""
ball,1,25.2,Papua New Guinea,A Vala,MD Dai,Aizaz Khan,1,0,,,,,,"",""
ball,1,25.3,Papua New Guinea,MD Dai,A Vala,Aizaz Khan,0,0,,,,,,"",""
ball,1,25.4,Papua New Guinea,MD Dai,A Vala,Aizaz Khan,0,1,,1,,,,"",""
ball,1,25.5,Papua New Guinea,MD Dai,A Vala,Aizaz Khan,1,0,,,,,,"",""
ball,1,25.6,Papua New Guinea,A Vala,MD Dai,Aizaz Khan,0,0,,,,,,"",""
ball,1,25.7,Papua New Guinea,A Vala,MD Dai,Aizaz Khan,4,0,,,,,,"",""
ball,1,26.1,Papua New Guinea,MD Dai,A Vala,Anshuman Rath,0,0,,,,,,"",""
ball,1,26.2,Papua New Guinea,MD Dai,A Vala,Anshuman Rath,0,0,,,,,,"",""
ball,1,26.3,Papua New Guinea,MD Dai,A Vala,Anshuman Rath,0,0,,,,,,"",""
ball,1,26.4,Papua New Guinea,MD Dai,A Vala,Anshuman Rath,0,0,,,,,,"",""
ball,1,26.5,Papua New Guinea,MD Dai,A Vala,Anshuman Rath,0,0,,,,,,"",""
ball,1,26.6,Papua New Guinea,MD Dai,A Vala,Anshuman Rath,0,0,,,,,,"",""
ball,1,27.1,Papua New Guinea,A Vala,MD Dai,Nadeem Ahmed,0,0,,,,,,"",""
ball,1,27.2,Papua New Guinea,A Vala,MD Dai,Nadeem Ahmed,1,0,,,,,,"",""
ball,1,27.3,Papua New Guinea,MD Dai,A Vala,Nadeem Ahmed,1,0,,,,,,"",""
ball,1,27.4,Papua New Guinea,A Vala,MD Dai,Nadeem Ahmed,0,0,,,,,,"",""
ball,1,27.5,Papua New Guinea,A Vala,MD Dai,Nadeem Ahmed,4,0,,,,,,"",""
ball,1,27.6,Papua New Guinea,A Vala,MD Dai,Nadeem Ahmed,0,0,,,,,,"",""
ball,1,28.1,Papua New Guinea,MD Dai,A Vala,Anshuman Rath,0,0,,,,,,"",""
ball,1,28.2,Papua New Guinea,MD Dai,A Vala,Anshuman Rath,1,0,,,,,,"",""
ball,1,28.3,Papua New Guinea,A Vala,MD Dai,Anshuman Rath,1,0,,,,,,"",""
ball,1,28.4,Papua New Guinea,MD Dai,A Vala,Anshuman Rath,0,0,,,,,,"",""
ball,1,28.5,Papua New Guinea,MD Dai,A Vala,Anshuman Rath,0,0,,,,,,"",""
ball,1,28.6,Papua New Guinea,MD Dai,A Vala,Anshuman Rath,0,0,,,,,,"",""
ball,1,29.1,Papua New Guinea,A Vala,MD Dai,Nadeem Ahmed,1,0,,,,,,"",""
ball,1,29.2,Papua New Guinea,MD Dai,A Vala,Nadeem Ahmed,1,0,,,,,,"",""
ball,1,29.3,Papua New Guinea,A Vala,MD Dai,Nadeem Ahmed,0,0,,,,,,"",""
ball,1,29.4,Papua New Guinea,A Vala,MD Dai,Nadeem Ahmed,0,0,,,,,,"",""
ball,1,29.5,Papua New Guinea,A Vala,MD Dai,Nadeem Ahmed,0,0,,,,,,"",""
ball,1,29.6,Papua New Guinea,A Vala,MD Dai,Nadeem Ahmed,1,0,,,,,,"",""
ball,1,30.1,Papua New Guinea,A Vala,MD Dai,Anshuman Rath,6,0,,,,,,"",""
ball,1,30.2,Papua New Guinea,A Vala,MD Dai,Anshuman Rath,0,0,,,,,,"",""
ball,1,30.3,Papua New Guinea,A Vala,MD Dai,Anshuman Rath,0,0,,,,,,"",""
ball,1,30.4,Papua New Guinea,A Vala,MD Dai,Anshuman Rath,0,0,,,,,,"",""
ball,1,30.5,Papua New Guinea,A Vala,MD Dai,Anshuman Rath,1,0,,,,,,"",""
ball,1,30.6,Papua New Guinea,MD Dai,A Vala,Anshuman Rath,0,0,,,,,,"",""
ball,1,31.1,Papua New Guinea,A Vala,MD Dai,Nadeem Ahmed,0,1,1,,,,,"",""
ball,1,31.2,Papua New Guinea,A Vala,MD Dai,Nadeem Ahmed,1,0,,,,,,"",""
ball,1,31.3,Papua New Guinea,MD Dai,A Vala,Nadeem Ahmed,1,0,,,,,,"",""
ball,1,31.4,Papua New Guinea,A Vala,MD Dai,Nadeem Ahmed,0,0,,,,,,"",""
ball,1,31.5,Papua New Guinea,A Vala,MD Dai,Nadeem Ahmed,1,0,,,,,,"",""
ball,1,31.6,Papua New Guinea,MD Dai,A Vala,Nadeem Ahmed,1,0,,,,,,"",""
ball,1,31.7,Papua New Guinea,A Vala,MD Dai,Nadeem Ahmed,0,0,,,,,,"",""
ball,1,32.1,Papua New Guinea,MD Dai,A Vala,Anshuman Rath,0,0,,,,,,"",""
ball,1,32.2,Papua New Guinea,MD Dai,A Vala,Anshuman Rath,0,0,,,,,,"",""
ball,1,32.3,Papua New Guinea,MD Dai,A Vala,Anshuman Rath,2,0,,,,,,"",""
ball,1,32.4,Papua New Guinea,MD Dai,A Vala,Anshuman Rath,1,0,,,,,,"",""
ball,1,32.5,Papua New Guinea,A Vala,MD Dai,Anshuman Rath,1,0,,,,,,"",""
ball,1,32.6,Papua New Guinea,MD Dai,A Vala,Anshuman Rath,0,1,,1,,,,"",""
ball,1,32.7,Papua New Guinea,MD Dai,A Vala,Anshuman Rath,1,0,,,,,,"",""
ball,1,33.1,Papua New Guinea,MD Dai,A Vala,Ehsan Khan,0,0,,,,,,"",""
ball,1,33.2,Papua New Guinea,MD Dai,A Vala,Ehsan Khan,0,0,,,,,,"",""
ball,1,33.3,Papua New Guinea,MD Dai,A Vala,Ehsan Khan,0,0,,,,,,"",""
ball,1,33.4,Papua New Guinea,MD Dai,A Vala,Ehsan Khan,1,0,,,,,,"",""
ball,1,33.5,Papua New Guinea,A Vala,MD Dai,Ehsan Khan,0,0,,,,,,"",""
ball,1,33.6,Papua New Guinea,A Vala,MD Dai,Ehsan Khan,0,4,,,4,,,"",""
ball,1,34.1,Papua New Guinea,MD Dai,A Vala,Anshuman Rath,1,0,,,,,,"",""
ball,1,34.2,Papua New Guinea,A Vala,MD Dai,Anshuman Rath,0,0,,,,,,"",""
ball,1,34.3,Papua New Guinea,A Vala,MD Dai,Anshuman Rath,0,0,,,,,,"",""
ball,1,34.4,Papua New Guinea,A Vala,MD Dai,Anshuman Rath,0,0,,,,,,stumped,A Vala
ball,1,34.5,Papua New Guinea,H Hiri,MD Dai,Anshuman Rath,0,0,,,,,,"",""
ball,1,34.6,Papua New Guinea,H Hiri,MD Dai,Anshuman Rath,0,0,,,,,,"",""
ball,1,35.1,Papua New Guinea,MD Dai,H Hiri,Ehsan Khan,0,0,,,,,,"",""
ball,1,35.2,Papua New Guinea,MD Dai,H Hiri,Ehsan Khan,0,0,,,,,,"",""
ball,1,35.3,Papua New Guinea,MD Dai,H Hiri,Ehsan Khan,1,0,,,,,,"",""
ball,1,35.4,Papua New Guinea,H Hiri,MD Dai,Ehsan Khan,1,0,,,,,,"",""
ball,1,35.5,Papua New Guinea,MD Dai,H Hiri,Ehsan Khan,0,0,,,,,,"",""
ball,1,35.6,Papua New Guinea,MD Dai,H Hiri,Ehsan Khan,1,0,,,,,,"",""
ball,1,36.1,Papua New Guinea,MD Dai,H Hiri,Anshuman Rath,0,0,,,,,,lbw,MD Dai
ball,1,36.2,Papua New Guinea,JB Reva,H Hiri,Anshuman Rath,0,0,,,,,,"",""
ball,1,36.3,Papua New Guinea,JB Reva,H Hiri,Anshuman Rath,0,0,,,,,,"",""
ball,1,36.4,Papua New Guinea,JB Reva,H Hiri,Anshuman Rath,0,0,,,,,,"",""
ball,1,36.5,Papua New Guinea,JB Reva,H Hiri,Anshuman Rath,0,0,,,,,,"",""
ball,1,36.6,Papua New Guinea,JB Reva,H Hiri,Anshuman Rath,1,0,,,,,,"",""
ball,1,37.1,Papua New Guinea,JB Reva,H Hiri,Nadeem Ahmed,0,0,,,,,,"",""
ball,1,37.2,Papua New Guinea,JB Reva,H Hiri,Nadeem Ahmed,0,0,,,,,,"",""
ball,1,37.3,Papua New Guinea,JB Reva,H Hiri,Nadeem Ahmed,0,0,,,,,,caught,JB Reva
ball,1,37.4,Papua New Guinea,CA Soper,H Hiri,Nadeem Ahmed,0,0,,,,,,"",""
ball,1,37.5,Papua New Guinea,CA Soper,H Hiri,Nadeem Ahmed,0,0,,,,,,"",""
ball,1,37.6,Papua New Guinea,CA Soper,H Hiri,Nadeem Ahmed,0,0,,,,,,"",""
ball,1,38.1,Papua New Guinea,H Hiri,CA Soper,Anshuman Rath,0,0,,,,,,"",""
ball,1,38.2,Papua New Guinea,H Hiri,CA Soper,Anshuman Rath,0,0,,,,,,"",""
ball,1,38.3,Papua New Guinea,H Hiri,CA Soper,Anshuman Rath,0,0,,,,,,"",""
ball,1,38.4,Papua New Guinea,H Hiri,CA Soper,Anshuman Rath,0,0,,,,,,"",""
ball,1,38.5,Papua New Guinea,H Hiri,CA Soper,Anshuman Rath,1,0,,,,,,"",""
ball,1,38.6,Papua New Guinea,CA Soper,H Hiri,Anshuman Rath,0,0,,,,,,"",""
ball,1,39.1,Papua New Guinea,H Hiri,CA Soper,Nadeem Ahmed,4,0,,,,,,"",""
ball,1,39.2,Papua New Guinea,H Hiri,CA Soper,Nadeem Ahmed,0,0,,,,,,"",""
ball,1,39.3,Papua New Guinea,H Hiri,CA Soper,Nadeem Ahmed,4,0,,,,,,"",""
ball,1,39.4,Papua New Guinea,H Hiri,CA Soper,Nadeem Ahmed,0,0,,,,,,"",""
ball,1,39.5,Papua New Guinea,H Hiri,CA Soper,Nadeem Ahmed,0,0,,,,,,"",""
ball,1,39.6,Papua New Guinea,H Hiri,CA Soper,Nadeem Ahmed,0,0,,,,,,"",""
ball,1,40.1,Papua New Guinea,CA Soper,H Hiri,Anshuman Rath,0,0,,,,,,"",""
ball,1,40.2,Papua New Guinea,CA Soper,H Hiri,Anshuman Rath,0,0,,,,,,"",""
ball,1,40.3,Papua New Guinea,CA Soper,H Hiri,Anshuman Rath,0,0,,,,,,"",""
ball,1,40.4,Papua New Guinea,CA Soper,H Hiri,Anshuman Rath,0,0,,,,,,"",""
ball,1,40.5,Papua New Guinea,CA Soper,H Hiri,Anshuman Rath,1,0,,,,,,"",""
ball,1,40.6,Papua New Guinea,H Hiri,CA Soper,Anshuman Rath,0,0,,,,,,"",""
ball,1,41.1,Papua New Guinea,CA Soper,H Hiri,Ehsan Khan,0,0,,,,,,"",""
ball,1,41.2,Papua New Guinea,CA Soper,H Hiri,Ehsan Khan,0,0,,,,,,"",""
ball,1,41.3,Papua New Guinea,CA Soper,H Hiri,Ehsan Khan,0,0,,,,,,"",""
ball,1,41.4,Papua New Guinea,CA Soper,H Hiri,Ehsan Khan,0,0,,,,,,"",""
ball,1,41.5,Papua New Guinea,CA Soper,H Hiri,Ehsan Khan,1,0,,,,,,"",""
ball,1,41.6,Papua New Guinea,H Hiri,CA Soper,Ehsan Khan,0,0,,,,,,"",""
ball,1,42.1,Papua New Guinea,CA Soper,H Hiri,Aizaz Khan,1,0,,,,,,"",""
ball,1,42.2,Papua New Guinea,H Hiri,CA Soper,Aizaz Khan,0,0,,,,,,caught,H Hiri
ball,1,42.3,Papua New Guinea,N Vanua,CA Soper,Aizaz Khan,1,0,,,,,,"",""
ball,1,42.4,Papua New Guinea,CA Soper,N Vanua,Aizaz Khan,1,0,,,,,,"",""
ball,1,42.5,Papua New Guinea,N Vanua,CA Soper,Aizaz Khan,0,0,,,,,,"",""
ball,1,42.6,Papua New Guinea,N Vanua,CA Soper,Aizaz Khan,1,0,,,,,,"",""
ball,1,43.1,Papua New Guinea,N Vanua,CA Soper,Nadeem Ahmed,0,0,,,,,,"",""
ball,1,43.2,Papua New Guinea,N Vanua,CA Soper,Nadeem Ahmed,0,0,,,,,,"",""
ball,1,43.3,Papua New Guinea,N Vanua,CA Soper,Nadeem Ahmed,0,0,,,,,,"",""
ball,1,43.4,Papua New Guinea,N Vanua,CA Soper,Nadeem Ahmed,1,0,,,,,,"",""
ball,1,43.5,Papua New Guinea,CA Soper,N Vanua,Nadeem Ahmed,1,0,,,,,,"",""
ball,1,43.6,Papua New Guinea,N Vanua,CA Soper,Nadeem Ahmed,0,0,,,,,,"",""
ball,1,44.1,Papua New Guinea,CA Soper,N Vanua,Aizaz Khan,1,0,,,,,,"",""
ball,1,44.2,Papua New Guinea,N Vanua,CA Soper,Aizaz Khan,0,0,,,,,,"",""
ball,1,44.3,Papua New Guinea,N Vanua,CA Soper,Aizaz Khan,1,0,,,,,,"",""
ball,1,44.4,Papua New Guinea,CA Soper,N Vanua,Aizaz Khan,0,0,,,,,,"",""
ball,1,44.5,Papua New Guinea,CA Soper,N Vanua,Aizaz Khan,3,0,,,,,,"",""
ball,1,44.6,Papua New Guinea,N Vanua,CA Soper,Aizaz Khan,1,0,,,,,,"",""
ball,1,45.1,Papua New Guinea,N Vanua,CA Soper,Ehsan Khan,0,0,,,,,,"",""
ball,1,45.2,Papua New Guinea,N Vanua,CA Soper,Ehsan Khan,0,0,,,,,,"",""
ball,1,45.3,Papua New Guinea,N Vanua,CA Soper,Ehsan Khan,2,0,,,,,,"",""
ball,1,45.4,Papua New Guinea,N Vanua,CA Soper,Ehsan Khan,1,0,,,,,,"",""
ball,1,45.5,Papua New Guinea,CA Soper,N Vanua,Ehsan Khan,0,0,,,,,,bowled,CA Soper
ball,2,0.1,Hong Kong,JJ Atkinson,KD Shah,CA Soper,2,0,,,,,,"",""
ball,2,0.2,Hong Kong,JJ Atkinson,KD Shah,CA Soper,0,0,,,,,,"",""
ball,2,0.3,Hong Kong,JJ Atkinson,KD Shah,CA Soper,0,0,,,,,,"",""
ball,2,0.4,Hong Kong,JJ Atkinson,KD Shah,CA Soper,0,0,,,,,,"",""
ball,2,0.5,Hong Kong,JJ Atkinson,KD Shah,CA Soper,0,0,,,,,,"",""
ball,2,0.6,Hong Kong,JJ Atkinson,KD Shah,CA Soper,0,0,,,,,,"",""
ball,2,1.1,Hong Kong,KD Shah,JJ Atkinson,A Vala,0,0,,,,,,"",""
ball,2,1.2,Hong Kong,KD Shah,JJ Atkinson,A Vala,0,0,,,,,,"",""
ball,2,1.3,Hong Kong,KD Shah,JJ Atkinson,A Vala,0,0,,,,,,"",""
ball,2,1.4,Hong Kong,KD Shah,JJ Atkinson,A Vala,0,0,,,,,,"",""
ball,2,1.5,Hong Kong,KD Shah,JJ Atkinson,A Vala,0,0,,,,,,"",""
ball,2,1.6,Hong Kong,KD Shah,JJ Atkinson,A Vala,0,0,,,,,,"",""
ball,2,2.1,Hong Kong,JJ Atkinson,KD Shah,CA Soper,0,0,,,,,,"",""
ball,2,2.2,Hong Kong,JJ Atkinson,KD Shah,CA Soper,0,1,1,,,,,"",""
ball,2,2.3,Hong Kong,JJ Atkinson,KD Shah,CA Soper,1,0,,,,,,"",""
ball,2,2.4,Hong Kong,KD Shah,JJ Atkinson,CA Soper,0,0,,,,,,caught,KD Shah
ball,2,2.5,Hong Kong,Babar Hayat,JJ Atkinson,CA Soper,0,0,,,,,,"",""
ball,2,2.6,Hong Kong,Babar Hayat,JJ Atkinson,CA Soper,0,0,,,,,,"",""
ball,2,2.7,Hong Kong,Babar Hayat,JJ Atkinson,CA Soper,0,0,,,,,,caught and bowled,Babar Hayat
ball,2,3.1,Hong Kong,JJ Atkinson,Nizakat Khan,N Vanua,0,1,,1,,,,"",""
ball,2,3.2,Hong Kong,JJ Atkinson,Nizakat Khan,N Vanua,0,0,,,,,,"",""
ball,2,3.3,Hong Kong,JJ Atkinson,Nizakat Khan,N Vanua,0,0,,,,,,"",""
ball,2,3.4,Hong Kong,JJ Atkinson,Nizakat Khan,N Vanua,0,1,,1,,,,"",""
ball,2,3.5,Hong Kong,JJ Atkinson,Nizakat Khan,N Vanua,6,0,,,,,,"",""
ball,2,3.6,Hong Kong,JJ Atkinson,Nizakat Khan,N Vanua,0,0,,,,,,"",""
ball,2,3.7,Hong Kong,JJ Atkinson,Nizakat Khan,N Vanua,4,0,,,,,,"",""
ball,2,3.8,Hong Kong,JJ Atkinson,Nizakat Khan,N Vanua,0,0,,,,,,"",""
ball,2,4.1,Hong Kong,Nizakat Khan,JJ Atkinson,CA Soper,0,0,,,,,,"",""
ball,2,4.2,Hong Kong,Nizakat Khan,JJ Atkinson,CA Soper,0,1,,,,1,,"",""
ball,2,4.3,Hong Kong,JJ Atkinson,Nizakat Khan,CA Soper,0,0,,,,,,"",""
ball,2,4.4,Hong Kong,JJ Atkinson,Nizakat Khan,CA Soper,0,0,,,,,,"",""
ball,2,4.5,Hong Kong,JJ Atkinson,Nizakat Khan,CA Soper,0,0,,,,,,"",""
ball,2,4.6,Hong Kong,JJ Atkinson,Nizakat Khan,CA Soper,0,0,,,,,,"",""
ball,2,5.1,Hong Kong,Nizakat Khan,JJ Atkinson,A Vala,0,0,,,,,,"",""
ball,2,5.2,Hong Kong,Nizakat Khan,JJ Atkinson,A Vala,0,0,,,,,,"",""
ball,2,5.3,Hong Kong,Nizakat Khan,JJ Atkinson,A Vala,0,0,,,,,,"",""
ball,2,5.4,Hong Kong,Nizakat Khan,JJ Atkinson,A Vala,1,0,,,,,,"",""
ball,2,5.5,Hong Kong,JJ Atkinson,Nizakat Khan,A Vala,0,0,,,,,,"",""
ball,2,5.6,Hong Kong,JJ Atkinson,Nizakat Khan,A Vala,0,0,,,,,,"",""
ball,2,6.1,Hong Kong,Nizakat Khan,JJ Atkinson,CA Soper,0,0,,,,,,"",""
ball,2,6.2,Hong Kong,Nizakat Khan,JJ Atkinson,CA Soper,1,0,,,,,,"",""
ball,2,6.3,Hong Kong,JJ Atkinson,Nizakat Khan,CA Soper,0,0,,,,,,"",""
ball,2,6.4,Hong Kong,JJ Atkinson,Nizakat Khan,CA Soper,0,0,,,,,,"",""
ball,2,6.5,Hong Kong,JJ Atkinson,Nizakat Khan,CA Soper,1,0,,,,,,"",""
ball,2,6.6,Hong Kong,Nizakat Khan,JJ Atkinson,CA Soper,0,0,,,,,,"",""
ball,2,7.1,Hong Kong,JJ Atkinson,Nizakat Khan,A Vala,0,0,,,,,,"",""
ball,2,7.2,Hong Kong,JJ Atkinson,Nizakat Khan,A Vala,2,0,,,,,,"",""
ball,2,7.3,Hong Kong,JJ Atkinson,Nizakat Khan,A Vala,1,0,,,,,,"",""
ball,2,7.4,Hong Kong,Nizakat Khan,JJ Atkinson,A Vala,1,0,,,,,,"",""
ball,2,7.5,Hong Kong,JJ Atkinson,Nizakat Khan,A Vala,0,0,,,,,,"",""
ball,2,7.6,Hong Kong,JJ Atkinson,Nizakat Khan,A Vala,6,0,,,,,,"",""
ball,2,8.1,Hong Kong,Nizakat Khan,JJ Atkinson,CA Soper,1,0,,,,,,"",""
ball,2,8.2,Hong Kong,JJ Atkinson,Nizakat Khan,CA Soper,0,0,,,,,,"",""
ball,2,8.3,Hong Kong,JJ Atkinson,Nizakat Khan,CA Soper,0,0,,,,,,bowled,JJ Atkinson
ball,2,8.4,Hong Kong,Anshuman Rath,Nizakat Khan,CA Soper,0,0,,,,,,"",""
ball,2,8.5,Hong Kong,Anshuman Rath,Nizakat Khan,CA Soper,0,0,,,,,,"",""
ball,2,8.6,Hong Kong,Anshuman Rath,Nizakat Khan,CA Soper,0,0,,,,,,"",""
ball,2,9.1,Hong Kong,Nizakat Khan,Anshuman Rath,A Vala,1,0,,,,,,"",""
ball,2,9.2,Hong Kong,Anshuman Rath,Nizakat Khan,A Vala,0,0,,,,,,"",""
ball,2,9.3,Hong Kong,Anshuman Rath,Nizakat Khan,A Vala,0,0,,,,,,"",""
ball,2,9.4,Hong Kong,Anshuman Rath,Nizakat Khan,A Vala,1,0,,,,,,"",""
ball,2,9.5,Hong Kong,Nizakat Khan,Anshuman Rath,A Vala,0,0,,,,,,"",""
ball,2,9.6,Hong Kong,Nizakat Khan,Anshuman Rath,A Vala,0,0,,,,,,"",""
ball,2,10.1,Hong Kong,Anshuman Rath,Nizakat Khan,CA Soper,4,0,,,,,,"",""
ball,2,10.2,Hong Kong,Anshuman Rath,Nizakat Khan,CA Soper,0,0,,,,,,"",""
ball,2,10.3,Hong Kong,Anshuman Rath,Nizakat Khan,CA Soper,4,0,,,,,,"",""
ball,2,10.4,Hong Kong,Anshuman Rath,Nizakat Khan,CA Soper,1,0,,,,,,"",""
ball,2,10.5,Hong Kong,Nizakat Khan,Anshuman Rath,CA Soper,4,0,,,,,,"",""
ball,2,10.6,Hong Kong,Nizakat Khan,Anshuman Rath,CA Soper,2,0,,,,,,"",""
ball,2,11.1,Hong Kong,Anshuman Rath,Nizakat Khan,MD Dai,0,0,,,,,,"",""
ball,2,11.2,Hong Kong,Anshuman Rath,Nizakat Khan,MD Dai,0,0,,,,,,"",""
ball,2,11.3,Hong Kong,Anshuman Rath,Nizakat Khan,MD Dai,1,0,,,,,,"",""
ball,2,11.4,Hong Kong,Nizakat Khan,Anshuman Rath,MD Dai,4,0,,,,,,"",""
ball,2,11.5,Hong Kong,Nizakat Khan,Anshuman Rath,MD Dai,0,0,,,,,,"",""
ball,2,11.6,Hong Kong,Nizakat Khan,Anshuman Rath,MD Dai,0,0,,,,,,"",""
ball,2,12.1,Hong Kong,Anshuman Rath,Nizakat Khan,N Vanua,0,0,,,,,,"",""
ball,2,12.2,Hong Kong,Anshuman Rath,Nizakat Khan,N Vanua,1,0,,,,,,"",""
ball,2,12.3,Hong Kong,Nizakat Khan,Anshuman Rath,N Vanua,0,0,,,,,,"",""
ball,2,12.4,Hong Kong,Nizakat Khan,Anshuman Rath,N Vanua,4,0,,,,,,"",""
ball,2,12.5,Hong Kong,Nizakat Khan,Anshuman Rath,N Vanua,0,0,,,,,,"",""
ball,2,12.6,Hong Kong,Nizakat Khan,Anshuman Rath,N Vanua,0,0,,,,,,"",""
ball,2,13.1,Hong Kong,Anshuman Rath,Nizakat Khan,MD Dai,1,0,,,,,,"",""
ball,2,13.2,Hong Kong,Nizakat Khan,Anshuman Rath,MD Dai,0,0,,,,,,"",""
ball,2,13.3,Hong Kong,Nizakat Khan,Anshuman Rath,MD Dai,1,0,,,,,,"",""
ball,2,13.4,Hong Kong,Anshuman Rath,Nizakat Khan,MD Dai,0,0,,,,,,"",""
ball,2,13.5,Hong Kong,Anshuman Rath,Nizakat Khan,MD Dai,1,0,,,,,,"",""
ball,2,13.6,Hong Kong,Nizakat Khan,Anshuman Rath,MD Dai,0,1,1,,,,,"",""
ball,2,13.7,Hong Kong,Nizakat Khan,Anshuman Rath,MD Dai,0,0,,,,,,"",""
ball,2,14.1,Hong Kong,Anshuman Rath,Nizakat Khan,N Vanua,2,0,,,,,,"",""
ball,2,14.2,Hong Kong,Anshuman Rath,Nizakat Khan,N Vanua,0,0,,,,,,"",""
ball,2,14.3,Hong Kong,Anshuman Rath,Nizakat Khan,N Vanua,0,0,,,,,,"",""
ball,2,14.4,Hong Kong,Anshuman Rath,Nizakat Khan,N Vanua,0,0,,,,,,"",""
ball,2,14.5,Hong Kong,Anshuman Rath,Nizakat Khan,N Vanua,1,0,,,,,,"",""
ball,2,14.6,Hong Kong,Nizakat Khan,Anshuman Rath,N Vanua,0,0,,,,,,"",""
ball,2,15.1,Hong Kong,Anshuman Rath,Nizakat Khan,A Vala,0,0,,,,,,"",""
ball,2,15.2,Hong Kong,Anshuman Rath,Nizakat Khan,A Vala,0,0,,,,,,"",""
ball,2,15.3,Hong Kong,Anshuman Rath,Nizakat Khan,A Vala,1,0,,,,,,"",""
ball,2,15.4,Hong Kong,Nizakat Khan,Anshuman Rath,A Vala,0,0,,,,,,"",""
ball,2,15.5,Hong Kong,Nizakat Khan,Anshuman Rath,A Vala,0,0,,,,,,"",""
ball,2,15.6,Hong Kong,Nizakat Khan,Anshuman Rath,A Vala,0,0,,,,,,"",""
ball,2,16.1,Hong Kong,Anshuman Rath,Nizakat Khan,JB Reva,0,0,,,,,,"",""
ball,2,16.2,Hong Kong,Anshuman Rath,Nizakat Khan,JB Reva,1,0,,,,,,"",""
ball,2,16.3,Hong Kong,Nizakat Khan,Anshuman Rath,JB Reva,0,0,,,,,,"",""
ball,2,16.4,Hong Kong,Nizakat Khan,Anshuman Rath,JB Reva,2,0,,,,,,"",""
ball,2,16.5,Hong Kong,Nizakat Khan,Anshuman Rath,JB Reva,4,0,,,,,,"",""
ball,2,16.6,Hong Kong,Nizakat Khan,Anshuman Rath,JB Reva,1,0,,,,,,"",""
ball,2,17.1,Hong Kong,Nizakat Khan,Anshuman Rath,A Vala,0,0,,,,,,"",""
ball,2,17.2,Hong Kong,Nizakat Khan,Anshuman Rath,A Vala,0,0,,,,,,"",""
ball,2,17.3,Hong Kong,Nizakat Khan,Anshuman Rath,A Vala,6,0,,,,,,"",""
ball,2,17.4,Hong Kong,Nizakat Khan,Anshuman Rath,A Vala,0,0,,,,,,"",""
ball,2,17.5,Hong Kong,Nizakat Khan,Anshuman Rath,A Vala,0,0,,,,,,bowled,Nizakat Khan
ball,2,17.6,Hong Kong,Shahid Wasif,Anshuman Rath,A Vala,0,0,,,,,,"",""
ball,2,18.1,Hong Kong,Anshuman Rath,Shahid Wasif,MD Dai,1,0,,,,,,"",""
ball,2,18.2,Hong Kong,Shahid Wasif,Anshuman Rath,MD Dai,0,0,,,,,,"",""
ball,2,18.3,Hong Kong,Shahid Wasif,Anshuman Rath,MD Dai,6,0,,,,,,"",""
ball,2,18.4,Hong Kong,Shahid Wasif,Anshuman Rath,MD Dai,0,0,,,,,,"",""
ball,2,18.5,Hong Kong,Shahid Wasif,Anshuman Rath,MD Dai,0,0,,,,,,"",""
ball,2,18.6,Hong Kong,Shahid Wasif,Anshuman Rath,MD Dai,2,0,,,,,,"",""
ball,2,19.1,Hong Kong,Anshuman Rath,Shahid Wasif,A Vala,0,0,,,,,,"",""
ball,2,19.2,Hong Kong,Anshuman Rath,Shahid Wasif,A Vala,0,0,,,,,,"",""
ball,2,19.3,Hong Kong,Anshuman Rath,Shahid Wasif,A Vala,0,1,1,,,,,"",""
ball,2,19.4,Hong Kong,Anshuman Rath,Shahid Wasif,A Vala,0,0,,,,,,"",""
ball,2,19.5,Hong Kong,Anshuman Rath,Shahid Wasif,A Vala,1,0,,,,,,"",""
ball,2,19.6,Hong Kong,Shahid Wasif,Anshuman Rath,A Vala,1,0,,,,,,"",""
ball,2,19.7,Hong Kong,Anshuman Rath,Shahid Wasif,A Vala,0,0,,,,,,"",""
ball,2,20.1,Hong Kong,Shahid Wasif,Anshuman Rath,MD Dai,0,0,,,,,,"",""
ball,2,20.2,Hong Kong,Shahid Wasif,Anshuman Rath,MD Dai,0,1,1,,,,,"",""
ball,2,20.3,Hong Kong,Shahid Wasif,Anshuman Rath,MD Dai,4,0,,,,,,"",""
ball,2,20.4,Hong Kong,Shahid Wasif,Anshuman Rath,MD Dai,0,0,,,,,,"",""
ball,2,20.5,Hong Kong,Shahid Wasif,Anshuman Rath,MD Dai,1,0,,,,,,"",""
ball,2,20.6,Hong Kong,Anshuman Rath,Shahid Wasif,MD Dai,0,0,,,,,,"",""
ball,2,20.7,Hong Kong,Anshuman Rath,Shahid Wasif,MD Dai,0,0,,,,,,caught,Anshuman Rath
ball,2,21.1,Hong Kong,Shahid Wasif,Ehsan Khan,A Vala,4,0,,,,,,"",""
ball,2,21.2,Hong Kong,Shahid Wasif,Ehsan Khan,A Vala,0,0,,,,,,"",""
ball,2,21.3,Hong Kong,Shahid Wasif,Ehsan Khan,A Vala,0,0,,,,,,"",""
ball,2,21.4,Hong Kong,Shahid Wasif,Ehsan Khan,A Vala,0,0,,,,,,"",""
ball,2,21.5,Hong Kong,Shahid Wasif,Ehsan Khan,A Vala,1,0,,,,,,"",""
ball,2,21.6,Hong Kong,Ehsan Khan,Shahid Wasif,A Vala,0,0,,,,,,"",""
ball,2,22.1,Hong Kong,Shahid Wasif,Ehsan Khan,MD Dai,0,0,,,,,,"",""
ball,2,22.2,Hong Kong,Shahid Wasif,Ehsan Khan,MD Dai,0,0,,,,,,"",""
ball,2,22.3,Hong Kong,Shahid Wasif,Ehsan Khan,MD Dai,2,0,,,,,,"",""
ball,2,22.4,Hong Kong,Shahid Wasif,Ehsan Khan,MD Dai,0,0,,,,,,"",""
ball,2,22.5,Hong Kong,Shahid Wasif,Ehsan Khan,MD Dai,0,0,,,,,,"",""
ball,2,22.6,Hong Kong,Shahid Wasif,Ehsan Khan,MD Dai,0,0,,,,,,"",""
ball,2,23.1,Hong Kong,Ehsan Khan,Shahid Wasif,A Vala,0,0,,,,,,"",""
ball,2,23.2,Hong Kong,Ehsan Khan,Shahid Wasif,A Vala,0,0,,,,,,"",""
ball,2,23.3,Hong Kong,Ehsan Khan,Shahid Wasif,A Vala,0,0,,,,,,"",""
ball,2,23.4,Hong Kong,Ehsan Khan,Shahid Wasif,A Vala,0,0,,,,,,"",""
ball,2,23.5,Hong Kong,Ehsan Khan,Shahid Wasif,A Vala,0,5,5,,,,,"",""
ball,2,23.6,Hong Kong,Ehsan Khan,Shahid Wasif,A Vala,0,0,,,,,,"",""
ball,2,23.7,Hong Kong,Ehsan Khan,Shahid Wasif,A Vala,0,0,,,,,,"",""
ball,2,24.1,Hong Kong,Shahid Wasif,Ehsan Khan,MD Dai,0,0,,,,,,"",""
ball,2,24.2,Hong Kong,Shahid Wasif,Ehsan Khan,MD Dai,0,0,,,,,,"",""
ball,2,24.3,Hong Kong,Shahid Wasif,Ehsan Khan,MD Dai,1,0,,,,,,"",""
ball,2,24.4,Hong Kong,Ehsan Khan,Shahid Wasif,MD Dai,0,1,,,,1,,"",""
ball,2,24.5,Hong Kong,Shahid Wasif,Ehsan Khan,MD Dai,0,0,,,,,,"",""
ball,2,24.6,Hong Kong,Shahid Wasif,Ehsan Khan,MD Dai,0,0,,,,,,"",""
ball,2,25.1,Hong Kong,Ehsan Khan,Shahid Wasif,A Vala,0,0,,,,,,"",""
ball,2,25.2,Hong Kong,Ehsan Khan,Shahid Wasif,A Vala,0,0,,,,,,"",""
ball,2,25.3,Hong Kong,Ehsan Khan,Shahid Wasif,A Vala,0,0,,,,,,"",""
ball,2,25.4,Hong Kong,Ehsan Khan,Shahid Wasif,A Vala,0,0,,,,,,"",""
ball,2,25.5,Hong Kong,Ehsan Khan,Shahid Wasif,A Vala,0,0,,,,,,"",""
ball,2,25.6,Hong Kong,Ehsan Khan,Shahid Wasif,A Vala,0,0,,,,,,"",""
ball,2,26.1,Hong Kong,Shahid Wasif,Ehsan Khan,JB Reva,1,0,,,,,,"",""
ball,2,26.2,Hong Kong,Ehsan Khan,Shahid Wasif,JB Reva,0,0,,,,,,"",""
ball,2,26.3,Hong Kong,Ehsan Khan,Shahid Wasif,JB Reva,0,0,,,,,,"",""
ball,2,26.4,Hong Kong,Ehsan Khan,Shahid Wasif,JB Reva,1,0,,,,,,"",""
ball,2,26.5,Hong Kong,Shahid Wasif,Ehsan Khan,JB Reva,1,0,,,,,,"",""
ball,2,26.6,Hong Kong,Ehsan Khan,Shahid Wasif,JB Reva,0,0,,,,,,"",""
ball,2,27.1,Hong Kong,Shahid Wasif,Ehsan Khan,MD Dai,0,0,,,,,,"",""
ball,2,27.2,Hong Kong,Shahid Wasif,Ehsan Khan,MD Dai,0,0,,,,,,"",""
ball,2,27.3,Hong Kong,Shahid Wasif,Ehsan Khan,MD Dai,0,0,,,,,,"",""
ball,2,27.4,Hong Kong,Shahid Wasif,Ehsan Khan,MD Dai,0,0,,,,,,"",""
ball,2,27.5,Hong Kong,Shahid Wasif,Ehsan Khan,MD Dai,4,0,,,,,,"",""
ball,2,27.6,Hong Kong,Shahid Wasif,Ehsan Khan,MD Dai,0,5,5,,,,,"",""
ball,2,27.7,Hong Kong,Shahid Wasif,Ehsan Khan,MD Dai,0,0,,,,,,"",""
ball,2,28.1,Hong Kong,Ehsan Khan,Shahid Wasif,JB Reva,0,0,,,,,,"",""
ball,2,28.2,Hong Kong,Ehsan Khan,Shahid Wasif,JB Reva,0,0,,,,,,"",""
ball,2,28.3,Hong Kong,Ehsan Khan,Shahid Wasif,JB Reva,0,0,,,,,,"",""
ball,2,28.4,Hong Kong,Ehsan Khan,Shahid Wasif,JB Reva,0,0,,,,,,"",""
ball,2,28.5,Hong Kong,Ehsan Khan,Shahid Wasif,JB Reva,0,0,,,,,,"",""
ball,2,28.6,Hong Kong,Ehsan Khan,Shahid Wasif,JB Reva,4,0,,,,,,"",""
ball,2,29.1,Hong Kong,Shahid Wasif,Ehsan Khan,L Siaka,0,0,,,,,,"",""
ball,2,29.2,Hong Kong,Shahid Wasif,Ehsan Khan,L Siaka,1,0,,,,,,"",""
ball,2,29.3,Hong Kong,Ehsan Khan,Shahid Wasif,L Siaka,0,0,,,,,,"",""
ball,2,29.4,Hong Kong,Ehsan Khan,Shahid Wasif,L Siaka,1,0,,,,,,"",""
ball,2,29.5,Hong Kong,Shahid Wasif,Ehsan Khan,L Siaka,0,0,,,,,,"",""
ball,2,29.6,Hong Kong,Shahid Wasif,Ehsan Khan,L Siaka,1,0,,,,,,"",""
ball,2,30.1,Hong Kong,Shahid Wasif,Ehsan Khan,JB Reva,0,0,,,,,,"",""
ball,2,30.2,Hong Kong,Shahid Wasif,Ehsan Khan,JB Reva,0,0,,,,,,"",""
ball,2,30.3,Hong Kong,Shahid Wasif,Ehsan Khan,JB Reva,0,0,,,,,,"",""
ball,2,30.4,Hong Kong,Shahid Wasif,Ehsan Khan,JB Reva,0,0,,,,,,"",""
ball,2,30.5,Hong Kong,Shahid Wasif,Ehsan Khan,JB Reva,1,0,,,,,,"",""
ball,2,30.6,Hong Kong,Ehsan Khan,Shahid Wasif,JB Reva,0,0,,,,,,"",""
ball,2,31.1,Hong Kong,Shahid Wasif,Ehsan Khan,L Siaka,0,0,,,,,,"",""
ball,2,31.2,Hong Kong,Shahid Wasif,Ehsan Khan,L Siaka,0,0,,,,,,"",""
ball,2,31.3,Hong Kong,Shahid Wasif,Ehsan Khan,L Siaka,0,0,,,,,,"",""
ball,2,31.4,Hong Kong,Shahid Wasif,Ehsan Khan,L Siaka,0,0,,,,,,"",""
ball,2,31.5,Hong Kong,Shahid Wasif,Ehsan Khan,L Siaka,1,0,,,,,,"",""
ball,2,31.6,Hong Kong,Ehsan Khan,Shahid Wasif,L Siaka,0,0,,,,,,"",""
ball,2,32.1,Hong Kong,Shahid Wasif,Ehsan Khan,JB Reva,0,0,,,,,,"",""
ball,2,32.2,Hong Kong,Shahid Wasif,Ehsan Khan,JB Reva,0,0,,,,,,"",""
ball,2,32.3,Hong Kong,Shahid Wasif,Ehsan Khan,JB Reva,0,0,,,,,,"",""
ball,2,32.4,Hong Kong,Shahid Wasif,Ehsan Khan,JB Reva,0,0,,,,,,"",""
ball,2,32.5,Hong Kong,Shahid Wasif,Ehsan Khan,JB Reva,4,0,,,,,,"",""
ball,2,32.6,Hong Kong,Shahid Wasif,Ehsan Khan,JB Reva,0,0,,,,,,"",""
ball,2,33.1,Hong Kong,Ehsan Khan,Shahid Wasif,N Vanua,0,0,,,,,,"",""
ball,2,33.2,Hong Kong,Ehsan Khan,Shahid Wasif,N Vanua,1,0,,,,,,"",""
ball,2,33.3,Hong Kong,Shahid Wasif,Ehsan Khan,N Vanua,0,1,1,,,,,"",""
ball,2,33.4,Hong Kong,Shahid Wasif,Ehsan Khan,N Vanua,0,1,,,,1,,"",""
ball,2,33.5,Hong Kong,Ehsan Khan,Shahid Wasif,N Vanua,1,0,,,,,,"",""
ball,2,33.6,Hong Kong,Shahid Wasif,Ehsan Khan,N Vanua,0,0,,,,,,"",""
ball,2,33.7,Hong Kong,Shahid Wasif,Ehsan Khan,N Vanua,0,0,,,,,,"",""
ball,2,34.1,Hong Kong,Ehsan Khan,Shahid Wasif,JB Reva,0,0,,,,,,"",""
ball,2,34.2,Hong Kong,Ehsan Khan,Shahid Wasif,JB Reva,1,0,,,,,,"",""
ball,2,34.3,Hong Kong,Shahid Wasif,Ehsan Khan,JB Reva,2,0,,,,,,"",""
ball,2,34.4,Hong Kong,Shahid Wasif,Ehsan Khan,JB Reva,0,0,,,,,,"",""
ball,2,34.5,Hong Kong,Shahid Wasif,Ehsan Khan,JB Reva,1,0,,,,,,"",""
ball,2,34.6,Hong Kong,Ehsan Khan,Shahid Wasif,JB Reva,0,0,,,,,,"",""
ball,2,35.1,Hong Kong,Shahid Wasif,Ehsan Khan,N Vanua,0,0,,,,,,"",""
ball,2,35.2,Hong Kong,Shahid Wasif,Ehsan Khan,N Vanua,0,0,,,,,,"",""
ball,2,35.3,Hong Kong,Shahid Wasif,Ehsan Khan,N Vanua,0,0,,,,,,"",""
ball,2,35.4,Hong Kong,Shahid Wasif,Ehsan Khan,N Vanua,0,1,,,1,,,"",""
ball,2,35.5,Hong Kong,Ehsan Khan,Shahid Wasif,N Vanua,0,0,,,,,,"",""
ball,2,35.6,Hong Kong,Ehsan Khan,Shahid Wasif,N Vanua,1,0,,,,,,"",""
ball,2,36.1,Hong Kong,Ehsan Khan,Shahid Wasif,CA Soper,1,0,,,,,,"",""
ball,2,36.2,Hong Kong,Shahid Wasif,Ehsan Khan,CA Soper,0,0,,,,,,"",""
ball,2,36.3,Hong Kong,Shahid Wasif,Ehsan Khan,CA Soper,6,0,,,,,,"",""
ball,2,36.4,Hong Kong,Shahid Wasif,Ehsan Khan,CA Soper,0,0,,,,,,"",""
ball,2,36.5,Hong Kong,Shahid Wasif,Ehsan Khan,CA Soper,0,0,,,,,,caught and bowled,Shahid Wasif
ball,2,36.6,Hong Kong,Tanwir Afzal,Ehsan Khan,CA Soper,0,0,,,,,,"",""
ball,2,37.1,Hong Kong,Ehsan Khan,Tanwir Afzal,N Vanua,0,1,1,,,,,"",""
ball,2,37.2,Hong Kong,Ehsan Khan,Tanwir Afzal,N Vanua,0,0,,,,,,"",""
ball,2,37.3,Hong Kong,Ehsan Khan,Tanwir Afzal,N Vanua,0,0,,,,,,"",""
ball,2,37.4,Hong Kong,Ehsan Khan,Tanwir Afzal,N Vanua,0,0,,,,,,"",""
ball,2,37.5,Hong Kong,Ehsan Khan,Tanwir Afzal,N Vanua,1,0,,,,,,"",""
ball,2,37.6,Hong Kong,Tanwir Afzal,Ehsan Khan,N Vanua,1,0,,,,,,"",""
ball,2,37.7,Hong Kong,Ehsan Khan,Tanwir Afzal,N Vanua,0,0,,,,,,"",""
ball,2,38.1,Hong Kong,Tanwir Afzal,Ehsan Khan,CA Soper,0,1,,,,1,,"",""
ball,2,38.2,Hong Kong,Ehsan Khan,Tanwir Afzal,CA Soper,0,0,,,,,,"",""
ball,2,38.3,Hong Kong,Ehsan Khan,Tanwir Afzal,CA Soper,0,0,,,,,,"",""
ball,2,38.4,Hong Kong,Ehsan Khan,Tanwir Afzal,CA Soper,4,0,,,,,,"",""
ball,2,38.5,Hong Kong,Ehsan Khan,Tanwir Afzal,CA Soper,0,0,,,,,,"",""
ball,2,38.6,Hong Kong,Ehsan Khan,Tanwir Afzal,CA Soper,0,0,,,,,,"",""
ball,2,39.1,Hong Kong,Tanwir Afzal,Ehsan Khan,N Vanua,1,0,,,,,,"",""
ball,2,39.2,Hong Kong,Ehsan Khan,Tanwir Afzal,N Vanua,0,0,,,,,,"",""
ball,2,39.3,Hong Kong,Ehsan Khan,Tanwir Afzal,N Vanua,1,0,,,,,,"",""
ball,2,39.4,Hong Kong,Tanwir Afzal,Ehsan Khan,N Vanua,0,0,,,,,,"",""
ball,2,39.5,Hong Kong,Tanwir Afzal,Ehsan Khan,N Vanua,0,0,,,,,,"",""
ball,2,39.6,Hong Kong,Tanwir Afzal,Ehsan Khan,N Vanua,0,0,,,,,,"",""
ball,2,40.1,Hong Kong,Ehsan Khan,Tanwir Afzal,CA Soper,1,0,,,,,,"",""
ball,2,40.2,Hong Kong,Tanwir Afzal,Ehsan Khan,CA Soper,0,0,,,,,,"",""
ball,2,40.3,Hong Kong,Tanwir Afzal,Ehsan Khan,CA Soper,0,0,,,,,,"",""
ball,2,40.4,Hong Kong,Tanwir Afzal,Ehsan Khan,CA Soper,6,0,,,,,,"",""
ball,2,40.5,Hong Kong,Tanwir Afzal,Ehsan Khan,CA Soper,0,0,,,,,,"",""
ball,2,40.6,Hong Kong,Tanwir Afzal,Ehsan Khan,CA Soper,0,1,,,,1,,"",""
ball,2,41.1,Hong Kong,Tanwir Afzal,Ehsan Khan,MD Dai,0,0,,,,,,"",""
ball,2,41.2,Hong Kong,Tanwir Afzal,Ehsan Khan,MD Dai,0,0,,,,,,"",""
ball,2,41.3,Hong Kong,Tanwir Afzal,Ehsan Khan,MD Dai,0,0,,,,,,"",""
ball,2,41.4,Hong Kong,Tanwir Afzal,Ehsan Khan,MD Dai,0,0,,,,,,"",""
ball,2,41.5,Hong Kong,Tanwir Afzal,Ehsan Khan,MD Dai,0,0,,,,,,"",""
ball,2,41.6,Hong Kong,Tanwir Afzal,Ehsan Khan,MD Dai,0,0,,,,,,"",""
ball,2,42.1,Hong Kong,Ehsan Khan,Tanwir Afzal,JB Reva,0,0,,,,,,"",""
ball,2,42.2,Hong Kong,Ehsan Khan,Tanwir Afzal,JB Reva,0,0,,,,,,"",""
ball,2,42.3,Hong Kong,Ehsan Khan,Tanwir Afzal,JB Reva,0,0,,,,,,"",""
ball,2,42.4,Hong Kong,Ehsan Khan,Tanwir Afzal,JB Reva,1,0,,,,,,"",""
ball,2,42.5,Hong Kong,Tanwir Afzal,Ehsan Khan,JB Reva,1,0,,,,,,"",""
ball,2,42.6,Hong Kong,Ehsan Khan,Tanwir Afzal,JB Reva,1,0,,,,,,"",""
ball,2,43.1,Hong Kong,Ehsan Khan,Tanwir Afzal,MD Dai,1,0,,,,,,"",""
ball,2,43.2,Hong Kong,Tanwir Afzal,Ehsan Khan,MD Dai,0,0,,,,,,"",""
ball,2,43.3,Hong Kong,Tanwir Afzal,Ehsan Khan,MD Dai,0,0,,,,,,"",""
ball,2,43.4,Hong Kong,Tanwir Afzal,Ehsan Khan,MD Dai,0,0,,,,,,lbw,Tanwir Afzal
ball,2,43.5,Hong Kong,Aizaz Khan,Ehsan Khan,MD Dai,0,0,,,,,,"",""
ball,2,43.6,Hong Kong,Aizaz Khan,Ehsan Khan,MD Dai,0,0,,,,,,"",""
ball,2,44.1,Hong Kong,Ehsan Khan,Aizaz Khan,JB Reva,0,0,,,,,,"",""
ball,2,44.2,Hong Kong,Ehsan Khan,Aizaz Khan,JB Reva,1,0,,,,,,"",""
ball,2,44.3,Hong Kong,Aizaz Khan,Ehsan Khan,JB Reva,1,0,,,,,,"",""
ball,2,44.4,Hong Kong,Ehsan Khan,Aizaz Khan,JB Reva,1,0,,,,,,"",""
ball,2,44.5,Hong Kong,Aizaz Khan,Ehsan Khan,JB Reva,0,0,,,,,,"",""
ball,2,44.6,Hong Kong,Aizaz Khan,Ehsan Khan,JB Reva,0,0,,,,,,"",""
ball,2,45.1,Hong Kong,Ehsan Khan,Aizaz Khan,MD Dai,1,0,,,,,,"",""
ball,2,45.2,Hong Kong,Aizaz Khan,Ehsan Khan,MD Dai,1,0,,,,,,"",""
ball,2,45.3,Hong Kong,Ehsan Khan,Aizaz Khan,MD Dai,0,0,,,,,,"",""
ball,2,45.4,Hong Kong,Ehsan Khan,Aizaz Khan,MD Dai,1,0,,,,,,"",""
ball,2,45.5,Hong Kong,Aizaz Khan,Ehsan Khan,MD Dai,1,0,,,,,,"",""
ball,2,45.6,Hong Kong,Ehsan Khan,Aizaz Khan,MD Dai,1,0,,,,,,"",""
ball,2,46.1,Hong Kong,Ehsan Khan,Aizaz Khan,JB Reva,0,0,,,,,,"",""
ball,2,46.2,Hong Kong,Ehsan Khan,Aizaz Khan,JB Reva,0,0,,,,,,"",""
ball,2,46.3,Hong Kong,Ehsan Khan,Aizaz Khan,JB Reva,1,0,,,,,,"",""
ball,2,46.4,Hong Kong,Aizaz Khan,Ehsan Khan,JB Reva,0,0,,,,,,"",""
ball,2,46.5,Hong Kong,Aizaz Khan,Ehsan Khan,JB Reva,0,0,,,,,,"",""
ball,2,46.6,Hong Kong,Aizaz Khan,Ehsan Khan,JB Reva,0,0,,,,,,"",""
ball,2,47.1,Hong Kong,Ehsan Khan,Aizaz Khan,CA Soper,0,1,,,,1,,"",""
ball,2,47.2,Hong Kong,Aizaz Khan,Ehsan Khan,CA Soper,0,0,,,,,,bowled,Aizaz Khan
ball,2,47.3,Hong Kong,K Christie,Ehsan Khan,CA Soper,0,0,,,,,,"",""
ball,2,47.4,Hong Kong,K Christie,Ehsan Khan,CA Soper,0,0,,,,,,"",""
ball,2,47.5,Hong Kong,K Christie,Ehsan Khan,CA Soper,0,0,,,,,,bowled,K Christie
ball,2,47.6,Hong Kong,Nadeem Ahmed,Ehsan Khan,CA Soper,1,0,,,,,,"",""
ball,2,48.1,Hong Kong,Nadeem Ahmed,Ehsan Khan,JB Reva,0,0,,,,,,bowled,Nadeem Ahmed
