version,1.6.0
info,balls_per_over,6
info,team,West Indies
info,team,England
info,gender,male
info,season,2017
info,date,2017/09/29
info,event,West Indies tour of England
info,match_number,5
info,venue,The Rose Bowl
info,city,Southampton
info,toss_winner,England
info,toss_decision,field
info,player_of_match,JM Bairstow
info,umpire,MA Gough
info,umpire,SD Fry
info,reserve_umpire,RT Robinson
info,tv_umpire,RJ Tucker
info,match_referee,J Srinath
info,winner,England
info,winner_wickets,9
info,player,West Indies,CH Gayle
info,player,West Indies,KA Hope
info,player,West Indies,SD Hope
info,player,West Indies,MN Samuels
info,player,West Indies,JN Mohammed
info,player,West Indies,SW Ambris
info,player,West Indies,R Powell
info,player,West Indies,AR Nurse
info,player,West Indies,AS Joseph
info,player,West Indies,JE Taylor
info,player,West Indies,ML Cummins
info,player,England,JJ Roy
info,player,England,JM Bairstow
info,player,England,JE Root
info,player,England,EJG Morgan
info,player,England,JC Buttler
info,player,England,SW Billings
info,player,England,MM Ali
info,player,England,TK Curran
info,player,England,AU Rashid
info,player,England,LE Plunkett
info,player,England,JT Ball
info,registry,people,AR Nurse,4a745f65
info,registry,people,AS Joseph,b0946605
info,registry,people,AU Rashid,249d60c9
info,registry,people,CH Gayle,db584dad
info,registry,people,EJG Morgan,d2a6c0e6
info,registry,people,J Srinath,bad31fac
info,registry,people,JC Buttler,99b75528
info,registry,people,JE Root,a343262c
info,registry,people,JE Taylor,4180d897
info,registry,people,JJ Roy,d1c36f5c
info,registry,people,JM Bairstow,abb83e27
info,registry,people,JN Mohammed,773cec26
info,registry,people,JT Ball,3d0ed2f9
info,registry,people,KA Hope,c59d8f8a
info,registry,people,LE Plunkett,9a963804
info,registry,people,MA Gough,76752ac8
info,registry,people,ML Cummins,92aa28fe
info,registry,people,MM Ali,bb351c23
info,registry,people,MN Samuels,f846de6a
info,registry,people,R Powell,650d5e49
info,registry,people,RJ Tucker,38810cfc
info,registry,people,RT Robinson,b143c87d
info,registry,people,SD Fry,6b725ed1
info,registry,people,SD Hope,1fc6ef83
info,registry,people,SW Ambris,c7f6dd3b
info,registry,people,SW Billings,c16d4035
info,registry,people,TK Curran,e86754b2
ball,1,0.1,West Indies,CH Gayle,KA Hope,JT Ball,0,0,,,,,,"",""
ball,1,0.2,West Indies,CH Gayle,KA Hope,JT Ball,0,0,,,,,,"",""
ball,1,0.3,West Indies,CH Gayle,KA Hope,JT Ball,0,0,,,,,,"",""
ball,1,0.4,West Indies,CH Gayle,KA Hope,JT Ball,0,0,,,,,,"",""
ball,1,0.5,West Indies,CH Gayle,KA Hope,JT Ball,0,0,,,,,,"",""
ball,1,0.6,West Indies,CH Gayle,KA Hope,JT Ball,0,0,,,,,,"",""
ball,1,1.1,West Indies,KA Hope,CH Gayle,TK Curran,0,1,1,,,,,"",""
ball,1,1.2,West Indies,KA Hope,CH Gayle,TK Curran,1,0,,,,,,"",""
ball,1,1.3,West Indies,CH Gayle,KA Hope,TK Curran,0,0,,,,,,"",""
ball,1,1.4,West Indies,CH Gayle,KA Hope,TK Curran,0,0,,,,,,"",""
ball,1,1.5,West Indies,CH Gayle,KA Hope,TK Curran,0,0,,,,,,"",""
ball,1,1.6,West Indies,CH Gayle,KA Hope,TK Curran,0,0,,,,,,"",""
ball,1,1.7,West Indies,CH Gayle,KA Hope,TK Curran,0,0,,,,,,"",""
ball,1,2.1,West Indies,KA Hope,CH Gayle,JT Ball,2,0,,,,,,"",""
ball,1,2.2,West Indies,KA Hope,CH Gayle,JT Ball,1,0,,,,,,"",""
ball,1,2.3,West Indies,CH Gayle,KA Hope,JT Ball,0,0,,,,,,"",""
ball,1,2.4,West Indies,CH Gayle,KA Hope,JT Ball,0,0,,,,,,"",""
ball,1,2.5,West Indies,CH Gayle,KA Hope,JT Ball,0,0,,,,,,"",""
ball,1,2.6,West Indies,CH Gayle,KA Hope,JT Ball,1,0,,,,,,"",""
ball,1,3.1,West Indies,CH Gayle,KA Hope,TK Curran,1,0,,,,,,"",""
ball,1,3.2,West Indies,KA Hope,CH Gayle,TK Curran,1,0,,,,,,"",""
ball,1,3.3,West Indies,CH Gayle,KA Hope,TK Curran,1,0,,,,,,"",""
ball,1,3.4,West Indies,KA Hope,CH Gayle,TK Curran,0,0,,,,,,"",""
ball,1,3.5,West Indies,KA Hope,CH Gayle,TK Curran,0,0,,,,,,"",""
ball,1,3.6,West Indies,KA Hope,CH Gayle,TK Curran,0,0,,,,,,"",""
ball,1,4.1,West Indies,CH Gayle,KA Hope,JT Ball,0,0,,,,,,"",""
ball,1,4.2,West Indies,CH Gayle,KA Hope,JT Ball,0,0,,,,,,"",""
ball,1,4.3,West Indies,CH Gayle,KA Hope,JT Ball,2,0,,,,,,"",""
ball,1,4.4,West Indies,CH Gayle,KA Hope,JT Ball,6,0,,,,,,"",""
ball,1,4.5,West Indies,CH Gayle,KA Hope,JT Ball,6,0,,,,,,"",""
ball,1,4.6,West Indies,CH Gayle,KA Hope,JT Ball,6,0,,,,,,"",""
ball,1,5.1,West Indies,KA Hope,CH Gayle,TK Curran,0,0,,,,,,"",""
ball,1,5.2,West Indies,KA Hope,CH Gayle,TK Curran,0,0,,,,,,"",""
ball,1,5.3,West Indies,KA Hope,CH Gayle,TK Curran,0,0,,,,,,"",""
ball,1,5.4,West Indies,KA Hope,CH Gayle,TK Curran,4,0,,,,,,"",""
ball,1,5.5,West Indies,KA Hope,CH Gayle,TK Curran,0,0,,,,,,"",""
ball,1,5.6,West Indies,KA Hope,CH Gayle,TK Curran,0,0,,,,,,"",""
ball,1,6.1,West Indies,CH Gayle,KA Hope,JT Ball,6,0,,,,,,"",""
ball,1,6.2,West Indies,CH Gayle,KA Hope,JT Ball,4,0,,,,,,"",""
ball,1,6.3,West Indies,CH Gayle,KA Hope,JT Ball,6,0,,,,,,"",""
ball,1,6.4,West Indies,CH Gayle,KA Hope,JT Ball,1,0,,,,,,"",""
ball,1,6.5,West Indies,KA Hope,CH Gayle,JT Ball,2,0,,,,,,"",""
ball,1,6.6,West Indies,KA Hope,CH Gayle,JT Ball,0,0,,,,,,"",""
ball,1,7.1,West Indies,CH Gayle,KA Hope,TK Curran,0,0,,,,,,"",""
ball,1,7.2,West Indies,CH Gayle,KA Hope,TK Curran,0,0,,,,,,caught,CH Gayle
ball,1,7.3,West Indies,KA Hope,SD Hope,TK Curran,0,0,,,,,,"",""
ball,1,7.4,West Indies,KA Hope,SD Hope,TK Curran,4,0,,,,,,"",""
ball,1,7.5,West Indies,KA Hope,SD Hope,TK Curran,0,0,,,,,,"",""
ball,1,7.6,West Indies,KA Hope,SD Hope,TK Curran,0,0,,,,,,"",""
ball,1,8.1,West Indies,SD Hope,KA Hope,JT Ball,0,0,,,,,,"",""
ball,1,8.2,West Indies,SD Hope,KA Hope,JT Ball,0,0,,,,,,"",""
ball,1,8.3,West Indies,SD Hope,KA Hope,JT Ball,1,0,,,,,,"",""
ball,1,8.4,West Indies,KA Hope,SD Hope,JT Ball,0,0,,,,,,"",""
ball,1,8.5,West Indies,KA Hope,SD Hope,JT Ball,0,0,,,,,,"",""
ball,1,8.6,West Indies,KA Hope,SD Hope,JT Ball,4,0,,,,,,"",""
ball,1,9.1,West Indies,SD Hope,KA Hope,TK Curran,0,0,,,,,,"",""
ball,1,9.2,West Indies,SD Hope,KA Hope,TK Curran,1,0,,,,,,"",""
ball,1,9.3,West Indies,KA Hope,SD Hope,TK Curran,2,0,,,,,,"",""
ball,1,9.4,West Indies,KA Hope,SD Hope,TK Curran,0,0,,,,,,"",""
ball,1,9.5,West Indies,KA Hope,SD Hope,TK Curran,0,0,,,,,,"",""
ball,1,9.6,West Indies,KA Hope,SD Hope,TK Curran,1,0,,,,,,"",""
ball,1,10.1,West Indies,KA Hope,SD Hope,LE Plunkett,1,0,,,,,,"",""
ball,1,10.2,West Indies,SD Hope,KA Hope,LE Plunkett,0,0,,,,,,"",""
ball,1,10.3,West Indies,SD Hope,KA Hope,LE Plunkett,1,0,,,,,,"",""
ball,1,10.4,West Indies,KA Hope,SD Hope,LE Plunkett,0,1,1,,,,,"",""
ball,1,10.5,West Indies,KA Hope,SD Hope,LE Plunkett,1,0,,,,,,"",""
ball,1,10.6,West Indies,SD Hope,KA Hope,LE Plunkett,0,0,,,,,,"",""
ball,1,10.7,West Indies,SD Hope,KA Hope,LE Plunkett,1,0,,,,,,"",""
ball,1,11.1,West Indies,SD Hope,KA Hope,AU Rashid,0,0,,,,,,"",""
ball,1,11.2,West Indies,SD Hope,KA Hope,AU Rashid,0,0,,,,,,"",""
ball,1,11.3,West Indies,SD Hope,KA Hope,AU Rashid,0,0,,,,,,"",""
ball,1,11.4,West Indies,SD Hope,KA Hope,AU Rashid,1,0,,,,,,"",""
ball,1,11.5,West Indies,KA Hope,SD Hope,AU Rashid,0,0,,,,,,"",""
ball,1,11.6,West Indies,KA Hope,SD Hope,AU Rashid,2,0,,,,,,"",""
ball,1,12.1,West Indies,SD Hope,KA Hope,LE Plunkett,1,0,,,,,,"",""
ball,1,12.2,West Indies,KA Hope,SD Hope,LE Plunkett,1,0,,,,,,"",""
ball,1,12.3,West Indies,SD Hope,KA Hope,LE Plunkett,0,0,,,,,,"",""
ball,1,12.4,West Indies,SD Hope,KA Hope,LE Plunkett,1,0,,,,,,"",""
ball,1,12.5,West Indies,KA Hope,SD Hope,LE Plunkett,1,0,,,,,,"",""
ball,1,12.6,West Indies,SD Hope,KA Hope,LE Plunkett,2,0,,,,,,"",""
ball,1,13.1,West Indies,KA Hope,SD Hope,AU Rashid,0,0,,,,,,"",""
ball,1,13.2,West Indies,KA Hope,SD Hope,AU Rashid,0,0,,,,,,"",""
ball,1,13.3,West Indies,KA Hope,SD Hope,AU Rashid,3,0,,,,,,"",""
ball,1,13.4,West Indies,SD Hope,KA Hope,AU Rashid,1,0,,,,,,"",""
ball,1,13.5,West Indies,KA Hope,SD Hope,AU Rashid,0,0,,,,,,"",""
ball,1,13.6,West Indies,KA Hope,SD Hope,AU Rashid,2,0,,,,,,"",""
ball,1,14.1,West Indies,SD Hope,KA Hope,LE Plunkett,0,0,,,,,,"",""
ball,1,14.2,West Indies,SD Hope,KA Hope,LE Plunkett,0,0,,,,,,"",""
ball,1,14.3,West Indies,SD Hope,KA Hope,LE Plunkett,1,0,,,,,,"",""
ball,1,14.4,West Indies,KA Hope,SD Hope,LE Plunkett,0,0,,,,,,caught and bowled,KA Hope
ball,1,14.5,West Indies,MN Samuels,SD Hope,LE Plunkett,0,0,,,,,,"",""
ball,1,14.6,West Indies,MN Samuels,SD Hope,LE Plunkett,0,0,,,,,,"",""
ball,1,15.1,West Indies,SD Hope,MN Samuels,AU Rashid,1,0,,,,,,"",""
ball,1,15.2,West Indies,MN Samuels,SD Hope,AU Rashid,0,0,,,,,,"",""
ball,1,15.3,West Indies,MN Samuels,SD Hope,AU Rashid,1,0,,,,,,"",""
ball,1,15.4,West Indies,SD Hope,MN Samuels,AU Rashid,1,0,,,,,,"",""
ball,1,15.5,West Indies,MN Samuels,SD Hope,AU Rashid,0,0,,,,,,"",""
ball,1,15.6,West Indies,MN Samuels,SD Hope,AU Rashid,0,0,,,,,,"",""
ball,1,16.1,West Indies,SD Hope,MN Samuels,LE Plunkett,0,0,,,,,,"",""
ball,1,16.2,West Indies,SD Hope,MN Samuels,LE Plunkett,0,0,,,,,,"",""
ball,1,16.3,West Indies,SD Hope,MN Samuels,LE Plunkett,0,0,,,,,,"",""
ball,1,16.4,West Indies,SD Hope,MN Samuels,LE Plunkett,1,0,,,,,,"",""
ball,1,16.5,West Indies,MN Samuels,SD Hope,LE Plunkett,0,0,,,,,,"",""
ball,1,16.6,West Indies,MN Samuels,SD Hope,LE Plunkett,0,1,1,,,,,"",""
ball,1,16.7,West Indies,MN Samuels,SD Hope,LE Plunkett,1,0,,,,,,"",""
ball,1,17.1,West Indies,MN Samuels,SD Hope,AU Rashid,0,0,,,,,,"",""
ball,1,17.2,West Indies,MN Samuels,SD Hope,AU Rashid,0,0,,,,,,"",""
ball,1,17.3,West Indies,MN Samuels,SD Hope,AU Rashid,1,0,,,,,,"",""
ball,1,17.4,West Indies,SD Hope,MN Samuels,AU Rashid,0,0,,,,,,"",""
ball,1,17.5,West Indies,SD Hope,MN Samuels,AU Rashid,1,0,,,,,,"",""
ball,1,17.6,West Indies,MN Samuels,SD Hope,AU Rashid,0,0,,,,,,"",""
ball,1,18.1,West Indies,SD Hope,MN Samuels,MM Ali,1,0,,,,,,"",""
ball,1,18.2,West Indies,MN Samuels,SD Hope,MM Ali,1,0,,,,,,"",""
ball,1,18.3,West Indies,SD Hope,MN Samuels,MM Ali,1,0,,,,,,"",""
ball,1,18.4,West Indies,MN Samuels,SD Hope,MM Ali,0,0,,,,,,"",""
ball,1,18.5,West Indies,MN Samuels,SD Hope,MM Ali,1,0,,,,,,"",""
ball,1,18.6,West Indies,SD Hope,MN Samuels,MM Ali,0,0,,,,,,"",""
ball,1,19.1,West Indies,MN Samuels,SD Hope,AU Rashid,0,0,,,,,,"",""
ball,1,19.2,West Indies,MN Samuels,SD Hope,AU Rashid,0,0,,,,,,"",""
ball,1,19.3,West Indies,MN Samuels,SD Hope,AU Rashid,0,0,,,,,,"",""
ball,1,19.4,West Indies,MN Samuels,SD Hope,AU Rashid,0,0,,,,,,"",""
ball,1,19.5,West Indies,MN Samuels,SD Hope,AU Rashid,0,0,,,,,,"",""
ball,1,19.6,West Indies,MN Samuels,SD Hope,AU Rashid,0,0,,,,,,"",""
ball,1,20.1,West Indies,SD Hope,MN Samuels,MM Ali,0,0,,,,,,"",""
ball,1,20.2,West Indies,SD Hope,MN Samuels,MM Ali,0,0,,,,,,"",""
ball,1,20.3,West Indies,SD Hope,MN Samuels,MM Ali,0,0,,,,,,"",""
ball,1,20.4,West Indies,SD Hope,MN Samuels,MM Ali,0,0,,,,,,"",""
ball,1,20.5,West Indies,SD Hope,MN Samuels,MM Ali,1,0,,,,,,"",""
ball,1,20.6,West Indies,MN Samuels,SD Hope,MM Ali,0,0,,,,,,"",""
ball,1,21.1,West Indies,SD Hope,MN Samuels,AU Rashid,1,0,,,,,,"",""
ball,1,21.2,West Indies,MN Samuels,SD Hope,AU Rashid,2,0,,,,,,"",""
ball,1,21.3,West Indies,MN Samuels,SD Hope,AU Rashid,0,0,,,,,,"",""
ball,1,21.4,West Indies,MN Samuels,SD Hope,AU Rashid,0,0,,,,,,"",""
ball,1,21.5,West Indies,MN Samuels,SD Hope,AU Rashid,1,0,,,,,,"",""
ball,1,21.6,West Indies,SD Hope,MN Samuels,AU Rashid,1,0,,,,,,"",""
ball,1,22.1,West Indies,SD Hope,MN Samuels,MM Ali,0,0,,,,,,"",""
ball,1,22.2,West Indies,SD Hope,MN Samuels,MM Ali,1,0,,,,,,"",""
ball,1,22.3,West Indies,MN Samuels,SD Hope,MM Ali,0,0,,,,,,"",""
ball,1,22.4,West Indies,MN Samuels,SD Hope,MM Ali,0,0,,,,,,"",""
ball,1,22.5,West Indies,MN Samuels,SD Hope,MM Ali,1,0,,,,,,"",""
ball,1,22.6,West Indies,SD Hope,MN Samuels,MM Ali,0,0,,,,,,"",""
ball,1,23.1,West Indies,MN Samuels,SD Hope,AU Rashid,0,0,,,,,,"",""
ball,1,23.2,West Indies,MN Samuels,SD Hope,AU Rashid,0,0,,,,,,"",""
ball,1,23.3,West Indies,MN Samuels,SD Hope,AU Rashid,2,0,,,,,,"",""
ball,1,23.4,West Indies,MN Samuels,SD Hope,AU Rashid,1,0,,,,,,"",""
ball,1,23.5,West Indies,SD Hope,MN Samuels,AU Rashid,1,0,,,,,,"",""
ball,1,23.6,West Indies,MN Samuels,SD Hope,AU Rashid,1,0,,,,,,"",""
ball,1,24.1,West Indies,MN Samuels,SD Hope,MM Ali,1,0,,,,,,"",""
ball,1,24.2,West Indies,SD Hope,MN Samuels,MM Ali,1,0,,,,,,"",""
ball,1,24.3,West Indies,MN Samuels,SD Hope,MM Ali,0,0,,,,,,"",""
ball,1,24.4,West Indies,MN Samuels,SD Hope,MM Ali,0,0,,,,,,"",""
ball,1,24.5,West Indies,MN Samuels,SD Hope,MM Ali,0,0,,,,,,"",""
ball,1,24.6,West Indies,MN Samuels,SD Hope,MM Ali,0,0,,,,,,"",""
ball,1,25.1,West Indies,SD Hope,MN Samuels,AU Rashid,0,0,,,,,,"",""
ball,1,25.2,West Indies,SD Hope,MN Samuels,AU Rashid,1,0,,,,,,"",""
ball,1,25.3,West Indies,MN Samuels,SD Hope,AU Rashid,2,0,,,,,,"",""
ball,1,25.4,West Indies,MN Samuels,SD Hope,AU Rashid,0,0,,,,,,"",""
ball,1,25.5,West Indies,MN Samuels,SD Hope,AU Rashid,1,0,,,,,,"",""
ball,1,25.6,West Indies,SD Hope,MN Samuels,AU Rashid,0,0,,,,,,"",""
ball,1,26.1,West Indies,MN Samuels,SD Hope,MM Ali,1,0,,,,,,"",""
ball,1,26.2,West Indies,SD Hope,MN Samuels,MM Ali,1,0,,,,,,"",""
ball,1,26.3,West Indies,MN Samuels,SD Hope,MM Ali,0,0,,,,,,"",""
ball,1,26.4,West Indies,MN Samuels,SD Hope,MM Ali,2,0,,,,,,"",""
ball,1,26.5,West Indies,MN Samuels,SD Hope,MM Ali,2,0,,,,,,"",""
ball,1,26.6,West Indies,MN Samuels,SD Hope,MM Ali,1,0,,,,,,"",""
ball,1,27.1,West Indies,MN Samuels,SD Hope,JT Ball,0,0,,,,,,"",""
ball,1,27.2,West Indies,MN Samuels,SD Hope,JT Ball,0,0,,,,,,"",""
ball,1,27.3,West Indies,MN Samuels,SD Hope,JT Ball,1,0,,,,,,"",""
ball,1,27.4,West Indies,SD Hope,MN Samuels,JT Ball,1,0,,,,,,"",""
ball,1,27.5,West Indies,MN Samuels,SD Hope,JT Ball,0,0,,,,,,"",""
ball,1,27.6,West Indies,MN Samuels,SD Hope,JT Ball,0,0,,,,,,"",""
ball,1,28.1,West Indies,SD Hope,MN Samuels,MM Ali,1,0,,,,,,"",""
ball,1,28.2,West Indies,MN Samuels,SD Hope,MM Ali,0,0,,,,,,"",""
ball,1,28.3,West Indies,MN Samuels,SD Hope,MM Ali,1,0,,,,,,"",""
ball,1,28.4,West Indies,SD Hope,MN Samuels,MM Ali,0,0,,,,,,"",""
ball,1,28.5,West Indies,SD Hope,MN Samuels,MM Ali,0,0,,,,,,"",""
ball,1,28.6,West Indies,SD Hope,MN Samuels,MM Ali,0,0,,,,,,"",""
ball,1,29.1,West Indies,MN Samuels,SD Hope,JT Ball,1,0,,,,,,"",""
ball,1,29.2,West Indies,SD Hope,MN Samuels,JT Ball,2,0,,,,,,"",""
ball,1,29.3,West Indies,SD Hope,MN Samuels,JT Ball,0,0,,,,,,"",""
ball,1,29.4,West Indies,SD Hope,MN Samuels,JT Ball,1,0,,,,,,"",""
ball,1,29.5,West Indies,MN Samuels,SD Hope,JT Ball,0,1,1,,,,,"",""
ball,1,29.6,West Indies,MN Samuels,SD Hope,JT Ball,1,0,,,,,,"",""
ball,1,29.7,West Indies,SD Hope,MN Samuels,JT Ball,1,0,,,,,,"",""
ball,1,30.1,West Indies,SD Hope,MN Samuels,LE Plunkett,1,0,,,,,,"",""
ball,1,30.2,West Indies,MN Samuels,SD Hope,LE Plunkett,1,0,,,,,,"",""
ball,1,30.3,West Indies,SD Hope,MN Samuels,LE Plunkett,0,0,,,,,,"",""
ball,1,30.4,West Indies,SD Hope,MN Samuels,LE Plunkett,1,0,,,,,,"",""
ball,1,30.5,West Indies,MN Samuels,SD Hope,LE Plunkett,4,0,,,,,,"",""
ball,1,30.6,West Indies,MN Samuels,SD Hope,LE Plunkett,0,0,,,,,,"",""
ball,1,31.1,West Indies,SD Hope,MN Samuels,MM Ali,0,0,,,,,,"",""
ball,1,31.2,West Indies,SD Hope,MN Samuels,MM Ali,1,0,,,,,,"",""
ball,1,31.3,West Indies,MN Samuels,SD Hope,MM Ali,0,0,,,,,,stumped,MN Samuels
ball,1,31.4,West Indies,JN Mohammed,SD Hope,MM Ali,0,0,,,,,,"",""
ball,1,31.5,West Indies,JN Mohammed,SD Hope,MM Ali,1,0,,,,,,"",""
ball,1,31.6,West Indies,SD Hope,JN Mohammed,MM Ali,0,0,,,,,,"",""
ball,1,32.1,West Indies,JN Mohammed,SD Hope,LE Plunkett,0,0,,,,,,"",""
ball,1,32.2,West Indies,JN Mohammed,SD Hope,LE Plunkett,0,0,,,,,,"",""
ball,1,32.3,West Indies,JN Mohammed,SD Hope,LE Plunkett,0,0,,,,,,"",""
ball,1,32.4,West Indies,JN Mohammed,SD Hope,LE Plunkett,1,0,,,,,,"",""
ball,1,32.5,West Indies,SD Hope,JN Mohammed,LE Plunkett,0,0,,,,,,"",""
ball,1,32.6,West Indies,SD Hope,JN Mohammed,LE Plunkett,1,0,,,,,,"",""
ball,1,33.1,West Indies,SD Hope,JN Mohammed,MM Ali,1,0,,,,,,"",""
ball,1,33.2,West Indies,JN Mohammed,SD Hope,MM Ali,0,0,,,,,,"",""
ball,1,33.3,West Indies,JN Mohammed,SD Hope,MM Ali,0,0,,,,,,"",""
ball,1,33.4,West Indies,JN Mohammed,SD Hope,MM Ali,1,0,,,,,,"",""
ball,1,33.5,West Indies,SD Hope,JN Mohammed,MM Ali,1,0,,,,,,"",""
ball,1,33.6,West Indies,JN Mohammed,SD Hope,MM Ali,1,0,,,,,,"",""
ball,1,34.1,West Indies,JN Mohammed,SD Hope,LE Plunkett,0,0,,,,,,"",""
ball,1,34.2,West Indies,JN Mohammed,SD Hope,LE Plunkett,0,0,,,,,,"",""
ball,1,34.3,West Indies,JN Mohammed,SD Hope,LE Plunkett,4,0,,,,,,"",""
ball,1,34.4,West Indies,JN Mohammed,SD Hope,LE Plunkett,1,0,,,,,,"",""
ball,1,34.5,West Indies,SD Hope,JN Mohammed,LE Plunkett,2,0,,,,,,"",""
ball,1,34.6,West Indies,SD Hope,JN Mohammed,LE Plunkett,1,0,,,,,,"",""
ball,1,35.1,West Indies,SD Hope,JN Mohammed,MM Ali,0,0,,,,,,"",""
ball,1,35.2,West Indies,SD Hope,JN Mohammed,MM Ali,1,0,,,,,,"",""
ball,1,35.3,West Indies,JN Mohammed,SD Hope,MM Ali,0,0,,,,,,"",""
ball,1,35.4,West Indies,JN Mohammed,SD Hope,MM Ali,2,0,,,,,,"",""
ball,1,35.5,West Indies,JN Mohammed,SD Hope,MM Ali,0,0,,,,,,"",""
ball,1,35.6,West Indies,JN Mohammed,SD Hope,MM Ali,1,0,,,,,,"",""
ball,1,36.1,West Indies,JN Mohammed,SD Hope,LE Plunkett,1,0,,,,,,"",""
ball,1,36.2,West Indies,SD Hope,JN Mohammed,LE Plunkett,0,0,,,,,,"",""
ball,1,36.3,West Indies,SD Hope,JN Mohammed,LE Plunkett,1,0,,,,,,"",""
ball,1,36.4,West Indies,JN Mohammed,SD Hope,LE Plunkett,0,0,,,,,,"",""
ball,1,36.5,West Indies,JN Mohammed,SD Hope,LE Plunkett,2,0,,,,,,"",""
ball,1,36.6,West Indies,JN Mohammed,SD Hope,LE Plunkett,0,0,,,,,,"",""
ball,1,37.1,West Indies,SD Hope,JN Mohammed,MM Ali,0,0,,,,,,"",""
ball,1,37.2,West Indies,SD Hope,JN Mohammed,MM Ali,1,0,,,,,,"",""
ball,1,37.3,West Indies,JN Mohammed,SD Hope,MM Ali,0,0,,,,,,"",""
ball,1,37.4,West Indies,JN Mohammed,SD Hope,MM Ali,6,0,,,,,,"",""
ball,1,37.5,West Indies,JN Mohammed,SD Hope,MM Ali,1,0,,,,,,"",""
ball,1,37.6,West Indies,SD Hope,JN Mohammed,MM Ali,0,0,,,,,,"",""
ball,1,38.1,West Indies,JN Mohammed,SD Hope,TK Curran,1,0,,,,,,"",""
ball,1,38.2,West Indies,SD Hope,JN Mohammed,TK Curran,1,0,,,,,,"",""
ball,1,38.3,West Indies,JN Mohammed,SD Hope,TK Curran,1,0,,,,,,"",""
ball,1,38.4,West Indies,SD Hope,JN Mohammed,TK Curran,4,0,,,,,,"",""
ball,1,38.5,West Indies,SD Hope,JN Mohammed,TK Curran,4,0,,,,,,"",""
ball,1,38.6,West Indies,SD Hope,JN Mohammed,TK Curran,4,0,,,,,,"",""
ball,1,39.1,West Indies,JN Mohammed,SD Hope,AU Rashid,0,0,,,,,,"",""
ball,1,39.2,West Indies,JN Mohammed,SD Hope,AU Rashid,1,0,,,,,,"",""
ball,1,39.3,West Indies,SD Hope,JN Mohammed,AU Rashid,4,0,,,,,,"",""
ball,1,39.4,West Indies,SD Hope,JN Mohammed,AU Rashid,1,0,,,,,,"",""
ball,1,39.5,West Indies,JN Mohammed,SD Hope,AU Rashid,0,0,,,,,,caught,JN Mohammed
ball,1,39.6,West Indies,SW Ambris,SD Hope,AU Rashid,0,0,,,,,,"",""
ball,1,40.1,West Indies,SD Hope,SW Ambris,TK Curran,0,0,,,,,,"",""
ball,1,40.2,West Indies,SD Hope,SW Ambris,TK Curran,0,0,,,,,,"",""
ball,1,40.3,West Indies,SD Hope,SW Ambris,TK Curran,0,0,,,,,,"",""
ball,1,40.4,West Indies,SD Hope,SW Ambris,TK Curran,0,0,,,,,,"",""
ball,1,40.5,West Indies,SD Hope,SW Ambris,TK Curran,0,0,,,,,,"",""
ball,1,40.6,West Indies,SD Hope,SW Ambris,TK Curran,0,0,,,,,,"",""
ball,1,41.1,West Indies,SW Ambris,SD Hope,AU Rashid,0,0,,,,,,"",""
ball,1,41.2,West Indies,SW Ambris,SD Hope,AU Rashid,0,1,1,,,,,"",""
ball,1,41.3,West Indies,SW Ambris,SD Hope,AU Rashid,4,0,,,,,,"",""
ball,1,41.4,West Indies,SW Ambris,SD Hope,AU Rashid,0,0,,,,,,"",""
ball,1,41.5,West Indies,SW Ambris,SD Hope,AU Rashid,1,0,,,,,,"",""
ball,1,41.6,West Indies,SD Hope,SW Ambris,AU Rashid,1,0,,,,,,"",""
ball,1,41.7,West Indies,SW Ambris,SD Hope,AU Rashid,1,0,,,,,,"",""
ball,1,42.1,West Indies,SW Ambris,SD Hope,TK Curran,4,0,,,,,,"",""
ball,1,42.2,West Indies,SW Ambris,SD Hope,TK Curran,1,0,,,,,,"",""
ball,1,42.3,West Indies,SD Hope,SW Ambris,TK Curran,0,0,,,,,,"",""
ball,1,42.4,West Indies,SD Hope,SW Ambris,TK Curran,1,0,,,,,,"",""
ball,1,42.5,West Indies,SW Ambris,SD Hope,TK Curran,1,0,,,,,,"",""
ball,1,42.6,West Indies,SD Hope,SW Ambris,TK Curran,2,0,,,,,,"",""
ball,1,43.1,West Indies,SW Ambris,SD Hope,JT Ball,1,0,,,,,,"",""
ball,1,43.2,West Indies,SD Hope,SW Ambris,JT Ball,6,0,,,,,,"",""
ball,1,43.3,West Indies,SD Hope,SW Ambris,JT Ball,1,0,,,,,,"",""
ball,1,43.4,West Indies,SW Ambris,SD Hope,JT Ball,1,0,,,,,,"",""
ball,1,43.5,West Indies,SD Hope,SW Ambris,JT Ball,0,0,,,,,,caught,SD Hope
ball,1,43.6,West Indies,SW Ambris,R Powell,JT Ball,1,0,,,,,,"",""
ball,1,44.1,West Indies,SW Ambris,R Powell,LE Plunkett,1,0,,,,,,"",""
ball,1,44.2,West Indies,R Powell,SW Ambris,LE Plunkett,1,0,,,,,,"",""
ball,1,44.3,West Indies,SW Ambris,R Powell,LE Plunkett,0,0,,,,,,"",""
ball,1,44.4,West Indies,SW Ambris,R Powell,LE Plunkett,1,0,,,,,,"",""
ball,1,44.5,West Indies,R Powell,SW Ambris,LE Plunkett,1,0,,,,,,"",""
ball,1,44.6,West Indies,SW Ambris,R Powell,LE Plunkett,1,0,,,,,,"",""
ball,1,45.1,West Indies,SW Ambris,R Powell,JT Ball,4,0,,,,,,"",""
ball,1,45.2,West Indies,SW Ambris,R Powell,JT Ball,4,0,,,,,,"",""
ball,1,45.3,West Indies,SW Ambris,R Powell,JT Ball,1,0,,,,,,"",""
ball,1,45.4,West Indies,R Powell,SW Ambris,JT Ball,1,0,,,,,,"",""
ball,1,45.5,West Indies,SW Ambris,R Powell,JT Ball,2,0,,,,,,"",""
ball,1,45.6,West Indies,SW Ambris,R Powell,JT Ball,2,0,,,,,,"",""
ball,1,46.1,West Indies,R Powell,SW Ambris,TK Curran,1,0,,,,,,"",""
ball,1,46.2,West Indies,SW Ambris,R Powell,TK Curran,1,0,,,,,,"",""
ball,1,46.3,West Indies,R Powell,SW Ambris,TK Curran,0,0,,,,,,"",""
ball,1,46.4,West Indies,R Powell,SW Ambris,TK Curran,1,0,,,,,,"",""
ball,1,46.5,West Indies,SW Ambris,R Powell,TK Curran,0,1,1,,,,,"",""
ball,1,46.6,West Indies,SW Ambris,R Powell,TK Curran,1,0,,,,,,"",""
ball,1,46.7,West Indies,R Powell,SW Ambris,TK Curran,0,0,,,,,,"",""
ball,1,47.1,West Indies,SW Ambris,R Powell,LE Plunkett,1,0,,,,,,"",""
ball,1,47.2,West Indies,R Powell,SW Ambris,LE Plunkett,6,0,,,,,,"",""
ball,1,47.3,West Indies,R Powell,SW Ambris,LE Plunkett,0,0,,,,,,bowled,R Powell
ball,1,47.4,West Indies,AR Nurse,SW Ambris,LE Plunkett,2,0,,,,,,"",""
ball,1,47.5,West Indies,AR Nurse,SW Ambris,LE Plunkett,0,0,,,,,,"",""
ball,1,47.6,West Indies,AR Nurse,SW Ambris,LE Plunkett,4,0,,,,,,"",""
ball,1,48.1,West Indies,SW Ambris,AR Nurse,TK Curran,1,0,,,,,,"",""
ball,1,48.2,West Indies,AR Nurse,SW Ambris,TK Curran,0,0,,,,,,"",""
ball,1,48.3,West Indies,AR Nurse,SW Ambris,TK Curran,6,0,,,,,,"",""
ball,1,48.4,West Indies,AR Nurse,SW Ambris,TK Curran,6,0,,,,,,"",""
ball,1,48.5,West Indies,AR Nurse,SW Ambris,TK Curran,1,0,,,,,,"",""
ball,1,48.6,West Indies,SW Ambris,AR Nurse,TK Curran,2,0,,,,,,"",""
ball,1,49.1,West Indies,AR Nurse,SW Ambris,JT Ball,1,0,,,,,,"",""
ball,1,49.2,West Indies,SW Ambris,AR Nurse,JT Ball,1,0,,,,,,"",""
ball,1,49.3,West Indies,AR Nurse,SW Ambris,JT Ball,4,0,,,,,,"",""
ball,1,49.4,West Indies,AR Nurse,SW Ambris,JT Ball,4,0,,,,,,"",""
ball,1,49.5,West Indies,AR Nurse,SW Ambris,JT Ball,2,0,,,,,,"",""
ball,1,49.6,West Indies,AR Nurse,SW Ambris,JT Ball,1,0,,,,,,"",""
ball,2,0.1,England,JJ Roy,JM Bairstow,JE Taylor,1,0,,,,,,"",""
ball,2,0.2,England,JM Bairstow,JJ Roy,JE Taylor,1,0,,,,,,"",""
ball,2,0.3,England,JJ Roy,JM Bairstow,JE Taylor,0,0,,,,,,"",""
ball,2,0.4,England,JJ Roy,JM Bairstow,JE Taylor,0,0,,,,,,"",""
ball,2,0.5,England,JJ Roy,JM Bairstow,JE Taylor,0,0,,,,,,"",""
ball,2,0.6,England,JJ Roy,JM Bairstow,JE Taylor,0,0,,,,,,"",""
ball,2,1.1,England,JM Bairstow,JJ Roy,AS Joseph,0,0,,,,,,"",""
ball,2,1.2,England,JM Bairstow,JJ Roy,AS Joseph,0,0,,,,,,"",""
ball,2,1.3,England,JM Bairstow,JJ Roy,AS Joseph,4,0,,,,,,"",""
ball,2,1.4,England,JM Bairstow,JJ Roy,AS Joseph,1,0,,,,,,"",""
ball,2,1.5,England,JJ Roy,JM Bairstow,AS Joseph,0,0,,,,,,"",""
ball,2,1.6,England,JJ Roy,JM Bairstow,AS Joseph,4,0,,,,,,"",""
ball,2,2.1,England,JM Bairstow,JJ Roy,JE Taylor,0,0,,,,,,"",""
ball,2,2.2,England,JM Bairstow,JJ Roy,JE Taylor,1,0,,,,,,"",""
ball,2,2.3,England,JJ Roy,JM Bairstow,JE Taylor,0,0,,,,,,"",""
ball,2,2.4,England,JJ Roy,JM Bairstow,JE Taylor,1,0,,,,,,"",""
ball,2,2.5,England,JM Bairstow,JJ Roy,JE Taylor,0,0,,,,,,"",""
ball,2,2.6,England,JM Bairstow,JJ Roy,JE Taylor,2,0,,,,,,"",""
ball,2,3.1,England,JJ Roy,JM Bairstow,AS Joseph,0,0,,,,,,"",""
ball,2,3.2,England,JJ Roy,JM Bairstow,AS Joseph,2,0,,,,,,"",""
ball,2,3.3,England,JJ Roy,JM Bairstow,AS Joseph,4,0,,,,,,"",""
ball,2,3.4,England,JJ Roy,JM Bairstow,AS Joseph,4,0,,,,,,"",""
ball,2,3.5,England,JJ Roy,JM Bairstow,AS Joseph,1,0,,,,,,"",""
ball,2,3.6,England,JM Bairstow,JJ Roy,AS Joseph,1,0,,,,,,"",""
ball,2,4.1,England,JM Bairstow,JJ Roy,JE Taylor,0,0,,,,,,"",""
ball,2,4.2,England,JM Bairstow,JJ Roy,JE Taylor,0,0,,,,,,"",""
ball,2,4.3,England,JM Bairstow,JJ Roy,JE Taylor,0,0,,,,,,"",""
ball,2,4.4,England,JM Bairstow,JJ Roy,JE Taylor,0,0,,,,,,"",""
ball,2,4.5,England,JM Bairstow,JJ Roy,JE Taylor,1,0,,,,,,"",""
ball,2,4.6,England,JJ Roy,JM Bairstow,JE Taylor,1,0,,,,,,"",""
ball,2,5.1,England,JJ Roy,JM Bairstow,ML Cummins,0,0,,,,,,"",""
ball,2,5.2,England,JJ Roy,JM Bairstow,ML Cummins,4,0,,,,,,"",""
ball,2,5.3,England,JJ Roy,JM Bairstow,ML Cummins,0,0,,,,,,"",""
ball,2,5.4,England,JJ Roy,JM Bairstow,ML Cummins,4,0,,,,,,"",""
ball,2,5.5,England,JJ Roy,JM Bairstow,ML Cummins,0,0,,,,,,"",""
ball,2,5.6,England,JJ Roy,JM Bairstow,ML Cummins,2,0,,,,,,"",""
ball,2,6.1,England,JM Bairstow,JJ Roy,JE Taylor,1,0,,,,,,"",""
ball,2,6.2,England,JJ Roy,JM Bairstow,JE Taylor,0,0,,,,,,"",""
ball,2,6.3,England,JJ Roy,JM Bairstow,JE Taylor,2,0,,,,,,"",""
ball,2,6.4,England,JJ Roy,JM Bairstow,JE Taylor,0,0,,,,,,"",""
ball,2,6.5,England,JJ Roy,JM Bairstow,JE Taylor,0,0,,,,,,"",""
ball,2,6.6,England,JJ Roy,JM Bairstow,JE Taylor,1,0,,,,,,"",""
ball,2,7.1,England,JJ Roy,JM Bairstow,ML Cummins,4,0,,,,,,"",""
ball,2,7.2,England,JJ Roy,JM Bairstow,ML Cummins,0,0,,,,,,"",""
ball,2,7.3,England,JJ Roy,JM Bairstow,ML Cummins,0,1,1,,,,,"",""
ball,2,7.4,England,JJ Roy,JM Bairstow,ML Cummins,0,0,,,,,,"",""
ball,2,7.5,England,JJ Roy,JM Bairstow,ML Cummins,1,0,,,,,,"",""
ball,2,7.6,England,JM Bairstow,JJ Roy,ML Cummins,4,0,,,,,,"",""
ball,2,7.7,England,JM Bairstow,JJ Roy,ML Cummins,1,0,,,,,,"",""
ball,2,8.1,England,JM Bairstow,JJ Roy,JE Taylor,1,0,,,,,,"",""
ball,2,8.2,England,JJ Roy,JM Bairstow,JE Taylor,2,0,,,,,,"",""
ball,2,8.3,England,JJ Roy,JM Bairstow,JE Taylor,4,0,,,,,,"",""
ball,2,8.4,England,JJ Roy,JM Bairstow,JE Taylor,0,0,,,,,,"",""
ball,2,8.5,England,JJ Roy,JM Bairstow,JE Taylor,2,0,,,,,,"",""
ball,2,8.6,England,JJ Roy,JM Bairstow,JE Taylor,0,0,,,,,,"",""
ball,2,9.1,England,JM Bairstow,JJ Roy,ML Cummins,1,0,,,,,,"",""
ball,2,9.2,England,JJ Roy,JM Bairstow,ML Cummins,2,0,,,,,,"",""
ball,2,9.3,England,JJ Roy,JM Bairstow,ML Cummins,0,0,,,,,,"",""
ball,2,9.4,England,JJ Roy,JM Bairstow,ML Cummins,1,0,,,,,,"",""
ball,2,9.5,England,JM Bairstow,JJ Roy,ML Cummins,0,0,,,,,,"",""
ball,2,9.6,England,JM Bairstow,JJ Roy,ML Cummins,4,0,,,,,,"",""
ball,2,10.1,England,JJ Roy,JM Bairstow,AR Nurse,0,0,,,,,,"",""
ball,2,10.2,England,JJ Roy,JM Bairstow,AR Nurse,1,0,,,,,,"",""
ball,2,10.3,England,JM Bairstow,JJ Roy,AR Nurse,0,0,,,,,,"",""
ball,2,10.4,England,JM Bairstow,JJ Roy,AR Nurse,0,0,,,,,,"",""
ball,2,10.5,England,JM Bairstow,JJ Roy,AR Nurse,4,0,,,,,,"",""
ball,2,10.6,England,JM Bairstow,JJ Roy,AR Nurse,1,0,,,,,,"",""
ball,2,11.1,England,JM Bairstow,JJ Roy,AS Joseph,0,0,,,,,,"",""
ball,2,11.2,England,JM Bairstow,JJ Roy,AS Joseph,4,0,,,,,,"",""
ball,2,11.3,England,JM Bairstow,JJ Roy,AS Joseph,0,0,,,,,,"",""
ball,2,11.4,England,JM Bairstow,JJ Roy,AS Joseph,1,0,,,,,,"",""
ball,2,11.5,England,JJ Roy,JM Bairstow,AS Joseph,1,0,,,,,,"",""
ball,2,11.6,England,JM Bairstow,JJ Roy,AS Joseph,2,0,,,,,,"",""
ball,2,12.1,England,JJ Roy,JM Bairstow,AR Nurse,0,0,,,,,,"",""
ball,2,12.2,England,JJ Roy,JM Bairstow,AR Nurse,1,0,,,,,,"",""
ball,2,12.3,England,JM Bairstow,JJ Roy,AR Nurse,0,0,,,,,,"",""
ball,2,12.4,England,JM Bairstow,JJ Roy,AR Nurse,1,0,,,,,,"",""
ball,2,12.5,England,JJ Roy,JM Bairstow,AR Nurse,1,0,,,,,,"",""
ball,2,12.6,England,JM Bairstow,JJ Roy,AR Nurse,0,0,,,,,,"",""
ball,2,13.1,England,JJ Roy,JM Bairstow,AS Joseph,4,0,,,,,,"",""
ball,2,13.2,England,JJ Roy,JM Bairstow,AS Joseph,1,0,,,,,,"",""
ball,2,13.3,England,JM Bairstow,JJ Roy,AS Joseph,0,0,,,,,,"",""
ball,2,13.4,England,JM Bairstow,JJ Roy,AS Joseph,1,0,,,,,,"",""
ball,2,13.5,England,JJ Roy,JM Bairstow,AS Joseph,4,0,,,,,,"",""
ball,2,13.6,England,JJ Roy,JM Bairstow,AS Joseph,1,0,,,,,,"",""
ball,2,14.1,England,JJ Roy,JM Bairstow,AR Nurse,0,0,,,,,,"",""
ball,2,14.2,England,JJ Roy,JM Bairstow,AR Nurse,1,0,,,,,,"",""
ball,2,14.3,England,JM Bairstow,JJ Roy,AR Nurse,1,0,,,,,,"",""
ball,2,14.4,England,JJ Roy,JM Bairstow,AR Nurse,1,0,,,,,,"",""
ball,2,14.5,England,JM Bairstow,JJ Roy,AR Nurse,1,0,,,,,,"",""
ball,2,14.6,England,JJ Roy,JM Bairstow,AR Nurse,2,0,,,,,,"",""
ball,2,15.1,England,JM Bairstow,JJ Roy,MN Samuels,1,0,,,,,,"",""
ball,2,15.2,England,JJ Roy,JM Bairstow,MN Samuels,2,0,,,,,,"",""
ball,2,15.3,England,JJ Roy,JM Bairstow,MN Samuels,0,0,,,,,,"",""
ball,2,15.4,England,JJ Roy,JM Bairstow,MN Samuels,0,0,,,,,,"",""
ball,2,15.5,England,JJ Roy,JM Bairstow,MN Samuels,2,0,,,,,,"",""
ball,2,15.6,England,JJ Roy,JM Bairstow,MN Samuels,1,0,,,,,,"",""
ball,2,16.1,England,JJ Roy,JM Bairstow,AR Nurse,1,0,,,,,,"",""
ball,2,16.2,England,JM Bairstow,JJ Roy,AR Nurse,1,0,,,,,,"",""
ball,2,16.3,England,JJ Roy,JM Bairstow,AR Nurse,1,0,,,,,,"",""
ball,2,16.4,England,JM Bairstow,JJ Roy,AR Nurse,1,0,,,,,,"",""
ball,2,16.5,England,JJ Roy,JM Bairstow,AR Nurse,4,0,,,,,,"",""
ball,2,16.6,England,JJ Roy,JM Bairstow,AR Nurse,0,0,,,,,,"",""
ball,2,17.1,England,JM Bairstow,JJ Roy,MN Samuels,2,0,,,,,,"",""
ball,2,17.2,England,JM Bairstow,JJ Roy,MN Samuels,0,0,,,,,,"",""
ball,2,17.3,England,JM Bairstow,JJ Roy,MN Samuels,2,0,,,,,,"",""
ball,2,17.4,England,JM Bairstow,JJ Roy,MN Samuels,0,0,,,,,,"",""
ball,2,17.5,England,JM Bairstow,JJ Roy,MN Samuels,2,0,,,,,,"",""
ball,2,17.6,England,JM Bairstow,JJ Roy,MN Samuels,1,0,,,,,,"",""
ball,2,18.1,England,JM Bairstow,JJ Roy,AR Nurse,1,0,,,,,,"",""
ball,2,18.2,England,JJ Roy,JM Bairstow,AR Nurse,1,0,,,,,,"",""
ball,2,18.3,England,JM Bairstow,JJ Roy,AR Nurse,1,0,,,,,,"",""
ball,2,18.4,England,JJ Roy,JM Bairstow,AR Nurse,1,0,,,,,,"",""
ball,2,18.5,England,JM Bairstow,JJ Roy,AR Nurse,0,0,,,,,,"",""
ball,2,18.6,England,JM Bairstow,JJ Roy,AR Nurse,1,0,,,,,,"",""
ball,2,19.1,England,JM Bairstow,JJ Roy,MN Samuels,0,0,,,,,,"",""
ball,2,19.2,England,JM Bairstow,JJ Roy,MN Samuels,1,0,,,,,,"",""
ball,2,19.3,England,JJ Roy,JM Bairstow,MN Samuels,3,0,,,,,,"",""
ball,2,19.4,England,JM Bairstow,JJ Roy,MN Samuels,4,0,,,,,,"",""
ball,2,19.5,England,JM Bairstow,JJ Roy,MN Samuels,1,0,,,,,,"",""
ball,2,19.6,England,JJ Roy,JM Bairstow,MN Samuels,6,0,,,,,,"",""
ball,2,20.1,England,JM Bairstow,JJ Roy,AR Nurse,1,0,,,,,,"",""
ball,2,20.2,England,JJ Roy,JM Bairstow,AR Nurse,4,0,,,,,,"",""
ball,2,20.3,England,JJ Roy,JM Bairstow,AR Nurse,2,0,,,,,,"",""
ball,2,20.4,England,JJ Roy,JM Bairstow,AR Nurse,1,0,,,,,,"",""
ball,2,20.5,England,JM Bairstow,JJ Roy,AR Nurse,0,0,,,,,,"",""
ball,2,20.6,England,JM Bairstow,JJ Roy,AR Nurse,0,0,,,,,,"",""
ball,2,21.1,England,JJ Roy,JM Bairstow,ML Cummins,2,0,,,,,,"",""
ball,2,21.2,England,JJ Roy,JM Bairstow,ML Cummins,0,0,,,,,,lbw,JJ Roy
ball,2,21.3,England,JE Root,JM Bairstow,ML Cummins,2,0,,,,,,"",""
ball,2,21.4,England,JE Root,JM Bairstow,ML Cummins,1,0,,,,,,"",""
ball,2,21.5,England,JM Bairstow,JE Root,ML Cummins,0,1,1,,,,,"",""
ball,2,21.6,England,JM Bairstow,JE Root,ML Cummins,1,0,,,,,,"",""
ball,2,21.7,England,JE Root,JM Bairstow,ML Cummins,1,0,,,,,,"",""
ball,2,22.1,England,JE Root,JM Bairstow,AR Nurse,3,0,,,,,,"",""
ball,2,22.2,England,JM Bairstow,JE Root,AR Nurse,1,0,,,,,,"",""
ball,2,22.3,England,JE Root,JM Bairstow,AR Nurse,1,0,,,,,,"",""
ball,2,22.4,England,JM Bairstow,JE Root,AR Nurse,1,0,,,,,,"",""
ball,2,22.5,England,JE Root,JM Bairstow,AR Nurse,1,0,,,,,,"",""
ball,2,22.6,England,JM Bairstow,JE Root,AR Nurse,1,0,,,,,,"",""
ball,2,23.1,England,JM Bairstow,JE Root,ML Cummins,2,0,,,,,,"",""
ball,2,23.2,England,JM Bairstow,JE Root,ML Cummins,0,5,5,,,,,"",""
ball,2,23.3,England,JM Bairstow,JE Root,ML Cummins,1,0,,,,,,"",""
ball,2,23.4,England,JE Root,JM Bairstow,ML Cummins,0,0,,,,,,"",""
ball,2,23.5,England,JE Root,JM Bairstow,ML Cummins,0,0,,,,,,"",""
ball,2,23.6,England,JE Root,JM Bairstow,ML Cummins,1,0,,,,,,"",""
ball,2,23.7,England,JM Bairstow,JE Root,ML Cummins,0,2,,,,2,,"",""
ball,2,24.1,England,JE Root,JM Bairstow,AS Joseph,1,0,,,,,,"",""
ball,2,24.2,England,JM Bairstow,JE Root,AS Joseph,0,0,,,,,,"",""
ball,2,24.3,England,JM Bairstow,JE Root,AS Joseph,1,0,,,,,,"",""
ball,2,24.4,England,JE Root,JM Bairstow,AS Joseph,0,0,,,,,,"",""
ball,2,24.5,England,JE Root,JM Bairstow,AS Joseph,0,0,,,,,,"",""
ball,2,24.6,England,JE Root,JM Bairstow,AS Joseph,0,0,,,,,,"",""
ball,2,25.1,England,JM Bairstow,JE Root,R Powell,1,0,,,,,,"",""
ball,2,25.2,England,JE Root,JM Bairstow,R Powell,1,0,,,,,,"",""
ball,2,25.3,England,JM Bairstow,JE Root,R Powell,0,0,,,,,,"",""
ball,2,25.4,England,JM Bairstow,JE Root,R Powell,2,0,,,,,,"",""
ball,2,25.5,England,JM Bairstow,JE Root,R Powell,1,0,,,,,,"",""
ball,2,25.6,England,JE Root,JM Bairstow,R Powell,1,0,,,,,,"",""
ball,2,26.1,England,JE Root,JM Bairstow,AS Joseph,2,0,,,,,,"",""
ball,2,26.2,England,JE Root,JM Bairstow,AS Joseph,0,0,,,,,,"",""
ball,2,26.3,England,JE Root,JM Bairstow,AS Joseph,1,0,,,,,,"",""
ball,2,26.4,England,JM Bairstow,JE Root,AS Joseph,1,0,,,,,,"",""
ball,2,26.5,England,JE Root,JM Bairstow,AS Joseph,1,0,,,,,,"",""
ball,2,26.6,England,JM Bairstow,JE Root,AS Joseph,1,0,,,,,,"",""
ball,2,27.1,England,JM Bairstow,JE Root,R Powell,0,0,,,,,,"",""
ball,2,27.2,England,JM Bairstow,JE Root,R Powell,0,0,,,,,,"",""
ball,2,27.3,England,JM Bairstow,JE Root,R Powell,1,0,,,,,,"",""
ball,2,27.4,England,JE Root,JM Bairstow,R Powell,1,0,,,,,,"",""
ball,2,27.5,England,JM Bairstow,JE Root,R Powell,1,0,,,,,,"",""
ball,2,27.6,England,JE Root,JM Bairstow,R Powell,1,0,,,,,,"",""
ball,2,28.1,England,JE Root,JM Bairstow,AS Joseph,0,0,,,,,,"",""
ball,2,28.2,England,JE Root,JM Bairstow,AS Joseph,4,0,,,,,,"",""
ball,2,28.3,England,JE Root,JM Bairstow,AS Joseph,0,0,,,,,,"",""
ball,2,28.4,England,JE Root,JM Bairstow,AS Joseph,0,0,,,,,,"",""
ball,2,28.5,England,JE Root,JM Bairstow,AS Joseph,2,0,,,,,,"",""
ball,2,28.6,England,JE Root,JM Bairstow,AS Joseph,0,0,,,,,,"",""
ball,2,29.1,England,JM Bairstow,JE Root,R Powell,1,0,,,,,,"",""
ball,2,29.2,England,JE Root,JM Bairstow,R Powell,4,0,,,,,,"",""
ball,2,29.3,England,JE Root,JM Bairstow,R Powell,1,0,,,,,,"",""
ball,2,29.4,England,JM Bairstow,JE Root,R Powell,2,0,,,,,,"",""
ball,2,29.5,England,JM Bairstow,JE Root,R Powell,0,0,,,,,,"",""
ball,2,29.6,England,JM Bairstow,JE Root,R Powell,1,0,,,,,,"",""
ball,2,30.1,England,JM Bairstow,JE Root,JE Taylor,4,0,,,,,,"",""
ball,2,30.2,England,JM Bairstow,JE Root,JE Taylor,1,0,,,,,,"",""
ball,2,30.3,England,JE Root,JM Bairstow,JE Taylor,0,0,,,,,,"",""
ball,2,30.4,England,JE Root,JM Bairstow,JE Taylor,1,0,,,,,,"",""
ball,2,30.5,England,JM Bairstow,JE Root,JE Taylor,4,0,,,,,,"",""
ball,2,30.6,England,JM Bairstow,JE Root,JE Taylor,2,0,,,,,,"",""
ball,2,31.1,England,JE Root,JM Bairstow,ML Cummins,0,0,,,,,,"",""
ball,2,31.2,England,JE Root,JM Bairstow,ML Cummins,1,0,,,,,,"",""
ball,2,31.3,England,JM Bairstow,JE Root,ML Cummins,0,0,,,,,,"",""
ball,2,31.4,England,JM Bairstow,JE Root,ML Cummins,1,0,,,,,,"",""
ball,2,31.5,England,JE Root,JM Bairstow,ML Cummins,0,0,,,,,,"",""
ball,2,31.6,England,JE Root,JM Bairstow,ML Cummins,0,0,,,,,,"",""
ball,2,32.1,England,JM Bairstow,JE Root,JE Taylor,4,0,,,,,,"",""
ball,2,32.2,England,JM Bairstow,JE Root,JE Taylor,4,0,,,,,,"",""
ball,2,32.3,England,JM Bairstow,JE Root,JE Taylor,1,0,,,,,,"",""
ball,2,32.4,England,JE Root,JM Bairstow,JE Taylor,2,0,,,,,,"",""
ball,2,32.5,England,JE Root,JM Bairstow,JE Taylor,1,0,,,,,,"",""
ball,2,32.6,England,JM Bairstow,JE Root,JE Taylor,1,0,,,,,,"",""
ball,2,33.1,England,JM Bairstow,JE Root,ML Cummins,2,0,,,,,,"",""
ball,2,33.2,England,JM Bairstow,JE Root,ML Cummins,4,0,,,,,,"",""
ball,2,33.3,England,JM Bairstow,JE Root,ML Cummins,0,0,,,,,,"",""
ball,2,33.4,England,JM Bairstow,JE Root,ML Cummins,0,0,,,,,,"",""
ball,2,33.5,England,JM Bairstow,JE Root,ML Cummins,1,0,,,,,,"",""
ball,2,33.6,England,JE Root,JM Bairstow,ML Cummins,1,0,,,,,,"",""
ball,2,34.1,England,JE Root,JM Bairstow,JE Taylor,1,0,,,,,,"",""
ball,2,34.2,England,JM Bairstow,JE Root,JE Taylor,4,0,,,,,,"",""
ball,2,34.3,England,JM Bairstow,JE Root,JE Taylor,0,0,,,,,,"",""
ball,2,34.4,England,JM Bairstow,JE Root,JE Taylor,0,0,,,,,,"",""
ball,2,34.5,England,JM Bairstow,JE Root,JE Taylor,1,0,,,,,,"",""
ball,2,34.6,England,JE Root,JM Bairstow,JE Taylor,0,0,,,,,,"",""
ball,2,35.1,England,JM Bairstow,JE Root,ML Cummins,0,0,,,,,,"",""
ball,2,35.2,England,JM Bairstow,JE Root,ML Cummins,0,1,1,,,,,"",""
ball,2,35.3,England,JM Bairstow,JE Root,ML Cummins,4,0,,,,,,"",""
ball,2,35.4,England,JM Bairstow,JE Root,ML Cummins,2,0,,,,,,"",""
ball,2,35.5,England,JM Bairstow,JE Root,ML Cummins,4,0,,,,,,"",""
ball,2,35.6,England,JM Bairstow,JE Root,ML Cummins,0,1,1,,,,,"",""
ball,2,35.7,England,JM Bairstow,JE Root,ML Cummins,1,0,,,,,,"",""
ball,2,35.8,England,JE Root,JM Bairstow,ML Cummins,1,0,,,,,,"",""
ball,2,36.1,England,JE Root,JM Bairstow,AR Nurse,1,0,,,,,,"",""
ball,2,36.2,England,JM Bairstow,JE Root,AR Nurse,4,0,,,,,,"",""
ball,2,36.3,England,JM Bairstow,JE Root,AR Nurse,2,0,,,,,,"",""
ball,2,36.4,England,JM Bairstow,JE Root,AR Nurse,4,0,,,,,,"",""
ball,2,36.5,England,JM Bairstow,JE Root,AR Nurse,0,0,,,,,,"",""
ball,2,36.6,England,JM Bairstow,JE Root,AR Nurse,1,0,,,,,,"",""
ball,2,37.1,England,JM Bairstow,JE Root,MN Samuels,0,0,,,,,,"",""
ball,2,37.2,England,JM Bairstow,JE Root,MN Samuels,4,0,,,,,,"",""
ball,2,37.3,England,JM Bairstow,JE Root,MN Samuels,1,0,,,,,,"",""
ball,2,37.4,England,JE Root,JM Bairstow,MN Samuels,1,0,,,,,,"",""
ball,2,37.5,England,JM Bairstow,JE Root,MN Samuels,1,0,,,,,,"",""
ball,2,37.6,England,JE Root,JM Bairstow,MN Samuels,6,0,,,,,,"",""
