version,1.6.0
info,balls_per_over,6
info,team,West Indies
info,team,England
info,gender,male
info,season,2017
info,date,2017/09/16
info,event,West Indies tour of England
info,venue,Riverside Ground
info,city,Chester-le-Street
info,toss_winner,England
info,toss_decision,field
info,player_of_match,SP Narine
info,umpire,RT Robinson
info,umpire,MA Gough
info,reserve_umpire,AG Wharf
info,tv_umpire,RJ Bailey
info,match_referee,J Srinath
info,winner,West Indies
info,winner_runs,21
info,player,West Indies,CH Gayle
info,player,West Indies,E Lewis
info,player,West Indies,MN Samuels
info,player,West Indies,CAK Walton
info,player,West Indies,KA Pollard
info,player,West Indies,R Powell
info,player,West Indies,CR Brathwaite
info,player,West Indies,SP Narine
info,player,West Indies,AR Nurse
info,player,West Indies,JE Taylor
info,player,West Indies,KOK Williams
info,player,England,JJ Roy
info,player,England,AD Hales
info,player,England,JE Root
info,player,England,EJG Morgan
info,player,England,JC Buttler
info,player,England,JM Bairstow
info,player,England,AU Rashid
info,player,England,DJ Willey
info,player,England,LE Plunkett
info,player,England,CJ Jordan
info,player,England,TK Curran
info,registry,people,AD Hales,92aeac25
info,registry,people,AG Wharf,2e0fcc58
info,registry,people,AR Nurse,4a745f65
info,registry,people,AU Rashid,249d60c9
info,registry,people,CAK Walton,bbff906c
info,registry,people,CH Gayle,db584dad
info,registry,people,CJ Jordan,ffe699c0
info,registry,people,CR Brathwaite,e342e5fb
info,registry,people,DJ Willey,7f048519
info,registry,people,E Lewis,0ebfb1ad
info,registry,people,EJG Morgan,d2a6c0e6
info,registry,people,J Srinath,bad31fac
info,registry,people,JC Buttler,99b75528
info,registry,people,JE Root,a343262c
info,registry,people,JE Taylor,4180d897
info,registry,people,JJ Roy,d1c36f5c
info,registry,people,JM Bairstow,abb83e27
info,registry,people,JN Mohammed,773cec26
info,registry,people,KA Pollard,a757b0d8
info,registry,people,KOK Williams,78cb83f3
info,registry,people,LE Plunkett,9a963804
info,registry,people,MA Gough,76752ac8
info,registry,people,MN Samuels,f846de6a
info,registry,people,R Powell,650d5e49
info,registry,people,RJ Bailey,6bd04fa5
info,registry,people,RT Robinson,b143c87d
info,registry,people,SP Narine,9d430b40
info,registry,people,TK Curran,e86754b2
ball,1,0.1,West Indies,CH Gayle,E Lewis,DJ Willey,4,0,,,,,,"",""
ball,1,0.2,West Indies,CH Gayle,E Lewis,DJ Willey,0,0,,,,,,"",""
ball,1,0.3,West Indies,CH Gayle,E Lewis,DJ Willey,1,0,,,,,,"",""
ball,1,0.4,West Indies,E Lewis,CH Gayle,DJ Willey,0,1,1,,,,,"",""
ball,1,0.5,West Indies,E Lewis,CH Gayle,DJ Willey,0,0,,,,,,"",""
ball,1,0.6,West Indies,E Lewis,CH Gayle,DJ Willey,1,0,,,,,,"",""
ball,1,0.7,West Indies,CH Gayle,E Lewis,DJ Willey,0,0,,,,,,"",""
ball,1,1.1,West Indies,E Lewis,CH Gayle,JE Root,0,0,,,,,,"",""
ball,1,1.2,West Indies,E Lewis,CH Gayle,JE Root,0,0,,,,,,"",""
ball,1,1.3,West Indies,E Lewis,CH Gayle,JE Root,0,0,,,,,,"",""
ball,1,1.4,West Indies,E Lewis,CH Gayle,JE Root,4,0,,,,,,"",""
ball,1,1.5,West Indies,E Lewis,CH Gayle,JE Root,0,0,,,,,,"",""
ball,1,1.6,West Indies,E Lewis,CH Gayle,JE Root,0,0,,,,,,"",""
ball,1,2.1,West Indies,CH Gayle,E Lewis,DJ Willey,0,0,,,,,,"",""
ball,1,2.2,West Indies,CH Gayle,E Lewis,DJ Willey,0,0,,,,,,"",""
ball,1,2.3,West Indies,CH Gayle,E Lewis,DJ Willey,6,0,,,,,,"",""
ball,1,2.4,West Indies,CH Gayle,E Lewis,DJ Willey,6,0,,,,,,"",""
ball,1,2.5,West Indies,CH Gayle,E Lewis,DJ Willey,0,0,,,,,,"",""
ball,1,2.6,West Indies,CH Gayle,E Lewis,DJ Willey,1,0,,,,,,"",""
ball,1,3.1,West Indies,CH Gayle,E Lewis,TK Curran,0,0,,,,,,"",""
ball,1,3.2,West Indies,CH Gayle,E Lewis,TK Curran,6,0,,,,,,"",""
ball,1,3.3,West Indies,CH Gayle,E Lewis,TK Curran,0,0,,,,,,"",""
ball,1,3.4,West Indies,CH Gayle,E Lewis,TK Curran,4,0,,,,,,"",""
ball,1,3.5,West Indies,CH Gayle,E Lewis,TK Curran,1,0,,,,,,"",""
ball,1,3.6,West Indies,E Lewis,CH Gayle,TK Curran,4,0,,,,,,"",""
ball,1,4.1,West Indies,CH Gayle,E Lewis,CJ Jordan,1,0,,,,,,"",""
ball,1,4.2,West Indies,E Lewis,CH Gayle,CJ Jordan,4,0,,,,,,"",""
ball,1,4.3,West Indies,E Lewis,CH Gayle,CJ Jordan,1,0,,,,,,"",""
ball,1,4.4,West Indies,CH Gayle,E Lewis,CJ Jordan,4,0,,,,,,"",""
ball,1,4.5,West Indies,CH Gayle,E Lewis,CJ Jordan,0,0,,,,,,"",""
ball,1,4.6,West Indies,CH Gayle,E Lewis,CJ Jordan,6,0,,,,,,"",""
ball,1,5.1,West Indies,E Lewis,CH Gayle,TK Curran,6,0,,,,,,"",""
ball,1,5.2,West Indies,E Lewis,CH Gayle,TK Curran,4,0,,,,,,"",""
ball,1,5.3,West Indies,E Lewis,CH Gayle,TK Curran,6,0,,,,,,"",""
ball,1,5.4,West Indies,E Lewis,CH Gayle,TK Curran,0,0,,,,,,"",""
ball,1,5.5,West Indies,E Lewis,CH Gayle,TK Curran,1,0,,,,,,"",""
ball,1,5.6,West Indies,CH Gayle,E Lewis,TK Curran,0,0,,,,,,"",""
ball,1,6.1,West Indies,E Lewis,CH Gayle,LE Plunkett,4,0,,,,,,"",""
ball,1,6.2,West Indies,E Lewis,CH Gayle,LE Plunkett,1,0,,,,,,"",""
ball,1,6.3,West Indies,CH Gayle,E Lewis,LE Plunkett,0,0,,,,,,run out,CH Gayle
ball,1,6.4,West Indies,E Lewis,MN Samuels,LE Plunkett,1,0,,,,,,"",""
ball,1,6.5,West Indies,MN Samuels,E Lewis,LE Plunkett,0,0,,,,,,"",""
ball,1,6.6,West Indies,MN Samuels,E Lewis,LE Plunkett,0,1,1,,,,,"",""
ball,1,6.7,West Indies,MN Samuels,E Lewis,LE Plunkett,1,0,,,,,,"",""
ball,1,7.1,West Indies,MN Samuels,E Lewis,AU Rashid,0,0,,,,,,"",""
ball,1,7.2,West Indies,MN Samuels,E Lewis,AU Rashid,1,0,,,,,,"",""
ball,1,7.3,West Indies,E Lewis,MN Samuels,AU Rashid,4,0,,,,,,"",""
ball,1,7.4,West Indies,E Lewis,MN Samuels,AU Rashid,0,1,,,,1,,"",""
ball,1,7.5,West Indies,MN Samuels,E Lewis,AU Rashid,1,0,,,,,,"",""
ball,1,7.6,West Indies,E Lewis,MN Samuels,AU Rashid,6,0,,,,,,"",""
ball,1,8.1,West Indies,MN Samuels,E Lewis,LE Plunkett,0,0,,,,,,"",""
ball,1,8.2,West Indies,MN Samuels,E Lewis,LE Plunkett,0,0,,,,,,"",""
ball,1,8.3,West Indies,MN Samuels,E Lewis,LE Plunkett,0,0,,,,,,"",""
ball,1,8.4,West Indies,MN Samuels,E Lewis,LE Plunkett,4,0,,,,,,"",""
ball,1,8.5,West Indies,MN Samuels,E Lewis,LE Plunkett,1,0,,,,,,"",""
ball,1,8.6,West Indies,E Lewis,MN Samuels,LE Plunkett,1,0,,,,,,"",""
ball,1,9.1,West Indies,E Lewis,MN Samuels,JE Root,0,0,,,,,,"",""
ball,1,9.2,West Indies,E Lewis,MN Samuels,JE Root,0,1,1,,,,,"",""
ball,1,9.3,West Indies,E Lewis,MN Samuels,JE Root,1,0,,,,,,"",""
ball,1,9.4,West Indies,MN Samuels,E Lewis,JE Root,1,0,,,,,,"",""
ball,1,9.5,West Indies,E Lewis,MN Samuels,JE Root,1,0,,,,,,"",""
ball,1,9.6,West Indies,MN Samuels,E Lewis,JE Root,1,0,,,,,,"",""
ball,1,9.7,West Indies,E Lewis,MN Samuels,JE Root,0,1,1,,,,,"",""
ball,1,9.8,West Indies,E Lewis,MN Samuels,JE Root,1,0,,,,,,"",""
ball,1,10.1,West Indies,E Lewis,MN Samuels,LE Plunkett,0,0,,,,,,caught,E Lewis
ball,1,10.2,West Indies,CAK Walton,MN Samuels,LE Plunkett,2,0,,,,,,"",""
ball,1,10.3,West Indies,CAK Walton,MN Samuels,LE Plunkett,6,0,,,,,,"",""
ball,1,10.4,West Indies,CAK Walton,MN Samuels,LE Plunkett,1,0,,,,,,"",""
ball,1,10.5,West Indies,MN Samuels,CAK Walton,LE Plunkett,0,0,,,,,,caught,MN Samuels
ball,1,10.6,West Indies,KA Pollard,CAK Walton,LE Plunkett,1,0,,,,,,"",""
ball,1,11.1,West Indies,KA Pollard,CAK Walton,AU Rashid,0,0,,,,,,"",""
ball,1,11.2,West Indies,KA Pollard,CAK Walton,AU Rashid,4,0,,,,,,"",""
ball,1,11.3,West Indies,KA Pollard,CAK Walton,AU Rashid,1,0,,,,,,"",""
ball,1,11.4,West Indies,CAK Walton,KA Pollard,AU Rashid,1,0,,,,,,"",""
ball,1,11.5,West Indies,KA Pollard,CAK Walton,AU Rashid,0,0,,,,,,"",""
ball,1,11.6,West Indies,KA Pollard,CAK Walton,AU Rashid,0,0,,,,,,"",""
ball,1,12.1,West Indies,CAK Walton,KA Pollard,LE Plunkett,1,0,,,,,,"",""
ball,1,12.2,West Indies,KA Pollard,CAK Walton,LE Plunkett,0,0,,,,,,caught,KA Pollard
ball,1,12.3,West Indies,R Powell,CAK Walton,LE Plunkett,0,0,,,,,,"",""
ball,1,12.4,West Indies,R Powell,CAK Walton,LE Plunkett,0,0,,,,,,"",""
ball,1,12.5,West Indies,R Powell,CAK Walton,LE Plunkett,1,0,,,,,,"",""
ball,1,12.6,West Indies,CAK Walton,R Powell,LE Plunkett,1,0,,,,,,"",""
ball,1,13.1,West Indies,CAK Walton,R Powell,AU Rashid,1,0,,,,,,"",""
ball,1,13.2,West Indies,R Powell,CAK Walton,AU Rashid,0,0,,,,,,"",""
ball,1,13.3,West Indies,R Powell,CAK Walton,AU Rashid,1,0,,,,,,"",""
ball,1,13.4,West Indies,CAK Walton,R Powell,AU Rashid,0,0,,,,,,caught,CAK Walton
ball,1,13.5,West Indies,R Powell,CR Brathwaite,AU Rashid,1,0,,,,,,"",""
ball,1,13.6,West Indies,CR Brathwaite,R Powell,AU Rashid,0,0,,,,,,"",""
ball,1,14.1,West Indies,R Powell,CR Brathwaite,CJ Jordan,2,0,,,,,,"",""
ball,1,14.2,West Indies,R Powell,CR Brathwaite,CJ Jordan,4,0,,,,,,"",""
ball,1,14.3,West Indies,R Powell,CR Brathwaite,CJ Jordan,1,0,,,,,,"",""
ball,1,14.4,West Indies,CR Brathwaite,R Powell,CJ Jordan,1,0,,,,,,"",""
ball,1,14.5,West Indies,R Powell,CR Brathwaite,CJ Jordan,1,0,,,,,,"",""
ball,1,14.6,West Indies,CR Brathwaite,R Powell,CJ Jordan,1,0,,,,,,"",""
ball,1,15.1,West Indies,CR Brathwaite,R Powell,AU Rashid,0,0,,,,,,bowled,CR Brathwaite
ball,1,15.2,West Indies,SP Narine,R Powell,AU Rashid,1,0,,,,,,"",""
ball,1,15.3,West Indies,R Powell,SP Narine,AU Rashid,1,0,,,,,,"",""
ball,1,15.4,West Indies,SP Narine,R Powell,AU Rashid,1,0,,,,,,"",""
ball,1,15.5,West Indies,R Powell,SP Narine,AU Rashid,1,0,,,,,,"",""
ball,1,15.6,West Indies,SP Narine,R Powell,AU Rashid,0,0,,,,,,lbw,SP Narine
ball,1,16.1,West Indies,R Powell,AR Nurse,TK Curran,1,0,,,,,,"",""
ball,1,16.2,West Indies,AR Nurse,R Powell,TK Curran,0,0,,,,,,"",""
ball,1,16.3,West Indies,AR Nurse,R Powell,TK Curran,0,1,1,,,,,"",""
ball,1,16.4,West Indies,AR Nurse,R Powell,TK Curran,0,0,,,,,,"",""
ball,1,16.5,West Indies,AR Nurse,R Powell,TK Curran,1,0,,,,,,"",""
ball,1,16.6,West Indies,R Powell,AR Nurse,TK Curran,1,0,,,,,,"",""
ball,1,16.7,West Indies,AR Nurse,R Powell,TK Curran,1,0,,,,,,"",""
ball,1,17.1,West Indies,AR Nurse,R Powell,CJ Jordan,0,1,1,,,,,"",""
ball,1,17.2,West Indies,AR Nurse,R Powell,CJ Jordan,1,0,,,,,,"",""
ball,1,17.3,West Indies,R Powell,AR Nurse,CJ Jordan,0,1,1,,,,,"",""
ball,1,17.4,West Indies,R Powell,AR Nurse,CJ Jordan,0,0,,,,,,"",""
ball,1,17.5,West Indies,R Powell,AR Nurse,CJ Jordan,6,0,,,,,,"",""
ball,1,17.6,West Indies,R Powell,AR Nurse,CJ Jordan,1,0,,,,,,"",""
ball,1,17.7,West Indies,AR Nurse,R Powell,CJ Jordan,0,0,,,,,,"",""
ball,1,17.8,West Indies,AR Nurse,R Powell,CJ Jordan,1,0,,,,,,"",""
ball,1,18.1,West Indies,AR Nurse,R Powell,TK Curran,1,0,,,,,,"",""
ball,1,18.2,West Indies,R Powell,AR Nurse,TK Curran,6,0,,,,,,"",""
ball,1,18.3,West Indies,R Powell,AR Nurse,TK Curran,0,0,,,,,,caught,R Powell
ball,1,18.4,West Indies,AR Nurse,JE Taylor,TK Curran,1,0,,,,,,"",""
ball,1,18.5,West Indies,JE Taylor,AR Nurse,TK Curran,1,0,,,,,,"",""
ball,1,18.6,West Indies,AR Nurse,JE Taylor,TK Curran,0,0,,,,,,"",""
ball,1,19.1,West Indies,JE Taylor,AR Nurse,CJ Jordan,0,0,,,,,,"",""
ball,1,19.2,West Indies,JE Taylor,AR Nurse,CJ Jordan,0,0,,,,,,lbw,JE Taylor
ball,1,19.3,West Indies,KOK Williams,AR Nurse,CJ Jordan,1,0,,,,,,"",""
ball,1,19.4,West Indies,AR Nurse,KOK Williams,CJ Jordan,6,0,,,,,,"",""
ball,1,19.5,West Indies,AR Nurse,KOK Williams,CJ Jordan,1,0,,,,,,"",""
ball,1,19.6,West Indies,KOK Williams,AR Nurse,CJ Jordan,1,0,,,,,,"",""
ball,2,0.1,England,JJ Roy,AD Hales,JE Taylor,0,0,,,,,,caught,JJ Roy
ball,2,0.2,England,JE Root,AD Hales,JE Taylor,0,0,,,,,,"",""
ball,2,0.3,England,JE Root,AD Hales,JE Taylor,0,0,,,,,,"",""
ball,2,0.4,England,JE Root,AD Hales,JE Taylor,3,0,,,,,,"",""
ball,2,0.5,England,AD Hales,JE Root,JE Taylor,2,0,,,,,,"",""
ball,2,0.6,England,AD Hales,JE Root,JE Taylor,3,0,,,,,,"",""
ball,2,1.1,England,AD Hales,JE Root,KOK Williams,0,0,,,,,,"",""
ball,2,1.2,England,AD Hales,JE Root,KOK Williams,4,0,,,,,,"",""
ball,2,1.3,England,AD Hales,JE Root,KOK Williams,4,0,,,,,,"",""
ball,2,1.4,England,AD Hales,JE Root,KOK Williams,0,0,,,,,,"",""
ball,2,1.5,England,AD Hales,JE Root,KOK Williams,4,0,,,,,,"",""
ball,2,1.6,England,AD Hales,JE Root,KOK Williams,4,0,,,,,,"",""
ball,2,2.1,England,JE Root,AD Hales,JE Taylor,4,0,,,,,,"",""
ball,2,2.2,England,JE Root,AD Hales,JE Taylor,1,0,,,,,,"",""
ball,2,2.3,England,AD Hales,JE Root,JE Taylor,4,0,,,,,,"",""
ball,2,2.4,England,AD Hales,JE Root,JE Taylor,0,0,,,,,,"",""
ball,2,2.5,England,AD Hales,JE Root,JE Taylor,4,0,,,,,,"",""
ball,2,2.6,England,AD Hales,JE Root,JE Taylor,6,0,,,,,,"",""
ball,2,3.1,England,JE Root,AD Hales,CR Brathwaite,0,0,,,,,,"",""
ball,2,3.2,England,JE Root,AD Hales,CR Brathwaite,2,0,,,,,,"",""
ball,2,3.3,England,JE Root,AD Hales,CR Brathwaite,0,0,,,,,,"",""
ball,2,3.4,England,JE Root,AD Hales,CR Brathwaite,0,1,,,,1,,"",""
ball,2,3.5,England,AD Hales,JE Root,CR Brathwaite,0,0,,,,,,"",""
ball,2,3.6,England,AD Hales,JE Root,CR Brathwaite,4,0,,,,,,"",""
ball,2,4.1,England,JE Root,AD Hales,SP Narine,0,0,,,,,,"",""
ball,2,4.2,England,JE Root,AD Hales,SP Narine,0,0,,,,,,"",""
ball,2,4.3,England,JE Root,AD Hales,SP Narine,0,0,,,,,,"",""
ball,2,4.4,England,JE Root,AD Hales,SP Narine,1,0,,,,,,"",""
ball,2,4.5,England,AD Hales,JE Root,SP Narine,0,0,,,,,,"",""
ball,2,4.6,England,AD Hales,JE Root,SP Narine,4,0,,,,,,"",""
ball,2,5.1,England,JE Root,AD Hales,CR Brathwaite,0,4,,,,4,,"",""
ball,2,5.2,England,JE Root,AD Hales,CR Brathwaite,4,0,,,,,,"",""
ball,2,5.3,England,JE Root,AD Hales,CR Brathwaite,0,0,,,,,,"",""
ball,2,5.4,England,JE Root,AD Hales,CR Brathwaite,1,0,,,,,,"",""
ball,2,5.5,England,AD Hales,JE Root,CR Brathwaite,0,0,,,,,,bowled,AD Hales
ball,2,5.6,England,EJG Morgan,JE Root,CR Brathwaite,0,0,,,,,,"",""
ball,2,6.1,England,JE Root,EJG Morgan,AR Nurse,1,0,,,,,,"",""
ball,2,6.2,England,EJG Morgan,JE Root,AR Nurse,1,0,,,,,,"",""
ball,2,6.3,England,JE Root,EJG Morgan,AR Nurse,0,0,,,,,,caught,JE Root
ball,2,6.4,England,JC Buttler,EJG Morgan,AR Nurse,0,0,,,,,,"",""
ball,2,6.5,England,JC Buttler,EJG Morgan,AR Nurse,1,0,,,,,,"",""
ball,2,6.6,England,EJG Morgan,JC Buttler,AR Nurse,1,0,,,,,,"",""
ball,2,7.1,England,EJG Morgan,JC Buttler,SP Narine,0,0,,,,,,"",""
ball,2,7.2,England,EJG Morgan,JC Buttler,SP Narine,0,0,,,,,,"",""
ball,2,7.3,England,EJG Morgan,JC Buttler,SP Narine,0,0,,,,,,"",""
ball,2,7.4,England,EJG Morgan,JC Buttler,SP Narine,0,0,,,,,,caught,EJG Morgan
ball,2,7.5,England,JM Bairstow,JC Buttler,SP Narine,1,0,,,,,,"",""
ball,2,7.6,England,JC Buttler,JM Bairstow,SP Narine,0,0,,,,,,"",""
ball,2,8.1,England,JM Bairstow,JC Buttler,AR Nurse,0,0,,,,,,"",""
ball,2,8.2,England,JM Bairstow,JC Buttler,AR Nurse,1,0,,,,,,"",""
ball,2,8.3,England,JC Buttler,JM Bairstow,AR Nurse,0,0,,,,,,"",""
ball,2,8.4,England,JC Buttler,JM Bairstow,AR Nurse,2,0,,,,,,"",""
ball,2,8.5,England,JC Buttler,JM Bairstow,AR Nurse,4,0,,,,,,"",""
ball,2,8.6,England,JC Buttler,JM Bairstow,AR Nurse,1,0,,,,,,"",""
ball,2,9.1,England,JC Buttler,JM Bairstow,SP Narine,2,0,,,,,,"",""
ball,2,9.2,England,JC Buttler,JM Bairstow,SP Narine,0,0,,,,,,"",""
ball,2,9.3,England,JC Buttler,JM Bairstow,SP Narine,1,0,,,,,,"",""
ball,2,9.4,England,JM Bairstow,JC Buttler,SP Narine,1,0,,,,,,"",""
ball,2,9.5,England,JC Buttler,JM Bairstow,SP Narine,1,0,,,,,,"",""
ball,2,9.6,England,JM Bairstow,JC Buttler,SP Narine,1,0,,,,,,"",""
ball,2,10.1,England,JM Bairstow,JC Buttler,AR Nurse,0,0,,,,,,"",""
ball,2,10.2,England,JM Bairstow,JC Buttler,AR Nurse,4,0,,,,,,"",""
ball,2,10.3,England,JM Bairstow,JC Buttler,AR Nurse,0,1,1,,,,,"",""
ball,2,10.4,England,JM Bairstow,JC Buttler,AR Nurse,1,0,,,,,,"",""
ball,2,10.5,England,JC Buttler,JM Bairstow,AR Nurse,2,0,,,,,,"",""
ball,2,10.6,England,JC Buttler,JM Bairstow,AR Nurse,2,0,,,,,,"",""
ball,2,10.7,England,JC Buttler,JM Bairstow,AR Nurse,1,0,,,,,,"",""
ball,2,11.1,England,JC Buttler,JM Bairstow,KA Pollard,2,0,,,,,,"",""
ball,2,11.2,England,JC Buttler,JM Bairstow,KA Pollard,0,0,,,,,,"",""
ball,2,11.3,England,JC Buttler,JM Bairstow,KA Pollard,0,0,,,,,,"",""
ball,2,11.4,England,JC Buttler,JM Bairstow,KA Pollard,4,0,,,,,,"",""
ball,2,11.5,England,JC Buttler,JM Bairstow,KA Pollard,0,0,,,,,,"",""
ball,2,11.6,England,JC Buttler,JM Bairstow,KA Pollard,1,0,,,,,,"",""
ball,2,12.1,England,JC Buttler,JM Bairstow,KOK Williams,0,0,,,,,,"",""
ball,2,12.2,England,JC Buttler,JM Bairstow,KOK Williams,2,0,,,,,,"",""
ball,2,12.3,England,JC Buttler,JM Bairstow,KOK Williams,1,0,,,,,,"",""
ball,2,12.4,England,JM Bairstow,JC Buttler,KOK Williams,1,0,,,,,,"",""
ball,2,12.5,England,JC Buttler,JM Bairstow,KOK Williams,0,1,1,,,,,"",""
ball,2,12.6,England,JC Buttler,JM Bairstow,KOK Williams,1,0,,,,,,"",""
ball,2,12.7,England,JM Bairstow,JC Buttler,KOK Williams,1,0,,,,,,"",""
ball,2,13.1,England,JM Bairstow,JC Buttler,KA Pollard,0,0,,,,,,"",""
ball,2,13.2,England,JM Bairstow,JC Buttler,KA Pollard,1,0,,,,,,"",""
ball,2,13.3,England,JC Buttler,JM Bairstow,KA Pollard,1,0,,,,,,"",""
ball,2,13.4,England,JM Bairstow,JC Buttler,KA Pollard,1,0,,,,,,"",""
ball,2,13.5,England,JC Buttler,JM Bairstow,KA Pollard,1,0,,,,,,"",""
ball,2,13.6,England,JM Bairstow,JC Buttler,KA Pollard,6,0,,,,,,"",""
ball,2,14.1,England,JC Buttler,JM Bairstow,KOK Williams,0,0,,,,,,caught,JC Buttler
ball,2,14.2,England,JM Bairstow,AU Rashid,KOK Williams,0,1,1,,,,,"",""
ball,2,14.3,England,JM Bairstow,AU Rashid,KOK Williams,2,0,,,,,,"",""
ball,2,14.4,England,JM Bairstow,AU Rashid,KOK Williams,1,0,,,,,,"",""
ball,2,14.5,England,AU Rashid,JM Bairstow,KOK Williams,1,0,,,,,,"",""
ball,2,14.6,England,JM Bairstow,AU Rashid,KOK Williams,1,0,,,,,,"",""
ball,2,14.7,England,AU Rashid,JM Bairstow,KOK Williams,0,0,,,,,,caught,AU Rashid
ball,2,15.1,England,JM Bairstow,DJ Willey,SP Narine,1,0,,,,,,"",""
ball,2,15.2,England,DJ Willey,JM Bairstow,SP Narine,1,0,,,,,,"",""
ball,2,15.3,England,JM Bairstow,DJ Willey,SP Narine,1,0,,,,,,"",""
ball,2,15.4,England,DJ Willey,JM Bairstow,SP Narine,0,0,,,,,,"",""
ball,2,15.5,England,DJ Willey,JM Bairstow,SP Narine,0,0,,,,,,stumped,DJ Willey
ball,2,15.6,England,LE Plunkett,JM Bairstow,SP Narine,0,0,,,,,,"",""
ball,2,16.1,England,JM Bairstow,LE Plunkett,CR Brathwaite,2,0,,,,,,"",""
ball,2,16.2,England,JM Bairstow,LE Plunkett,CR Brathwaite,0,0,,,,,,caught,JM Bairstow
ball,2,16.3,England,CJ Jordan,LE Plunkett,CR Brathwaite,0,0,,,,,,"",""
ball,2,16.4,England,CJ Jordan,LE Plunkett,CR Brathwaite,1,0,,,,,,"",""
ball,2,16.5,England,LE Plunkett,CJ Jordan,CR Brathwaite,1,0,,,,,,"",""
ball,2,16.6,England,CJ Jordan,LE Plunkett,CR Brathwaite,1,0,,,,,,"",""
ball,2,17.1,England,CJ Jordan,LE Plunkett,JE Taylor,1,0,,,,,,"",""
ball,2,17.2,England,LE Plunkett,CJ Jordan,JE Taylor,4,0,,,,,,"",""
ball,2,17.3,England,LE Plunkett,CJ Jordan,JE Taylor,2,0,,,,,,"",""
ball,2,17.4,England,LE Plunkett,CJ Jordan,JE Taylor,4,0,,,,,,"",""
ball,2,17.5,England,LE Plunkett,CJ Jordan,JE Taylor,1,0,,,,,,"",""
ball,2,17.6,England,CJ Jordan,LE Plunkett,JE Taylor,1,0,,,,,,"",""
ball,2,18.1,England,CJ Jordan,LE Plunkett,KOK Williams,0,1,1,,,,,"",""
ball,2,18.2,England,CJ Jordan,LE Plunkett,KOK Williams,2,0,,,,,,"",""
ball,2,18.3,England,CJ Jordan,LE Plunkett,KOK Williams,0,0,,,,,,caught,CJ Jordan
ball,2,18.4,England,LE Plunkett,TK Curran,KOK Williams,1,0,,,,,,"",""
ball,2,18.5,England,TK Curran,LE Plunkett,KOK Williams,0,0,,,,,,"",""
ball,2,18.6,England,TK Curran,LE Plunkett,KOK Williams,1,0,,,,,,"",""
ball,2,18.7,England,LE Plunkett,TK Curran,KOK Williams,1,0,,,,,,"",""
ball,2,19.1,England,LE Plunkett,TK Curran,CR Brathwaite,2,0,,,,,,"",""
ball,2,19.2,England,LE Plunkett,TK Curran,CR Brathwaite,2,0,,,,,,"",""
ball,2,19.3,England,LE Plunkett,TK Curran,CR Brathwaite,0,0,,,,,,bowled,LE Plunkett
