version,1.6.0
info,balls_per_over,6
info,team,England
info,team,South Africa
info,gender,male
info,season,2017
info,date,2017/06/21
info,event,South Africa in England T20I Series
info,match_number,1
info,venue,The Rose Bowl
info,city,Southampton
info,toss_winner,South Africa
info,toss_decision,bat
info,player_of_match,JM Bairstow
info,umpire,RJ Bailey
info,umpire,RT Robinson
info,reserve_umpire,PJ Hartley
info,tv_umpire,MA Gough
info,match_referee,AJ Pycroft
info,winner,England
info,winner_wickets,9
info,player,England,JJ Roy
info,player,England,AD Hales
info,player,England,JM Bairstow
info,player,England,EJG Morgan
info,player,England,JC Buttler
info,player,England,SW Billings
info,player,England,LA Dawson
info,player,England,MS Crane
info,player,England,DJ Willey
info,player,England,CJ Jordan
info,player,England,MA Wood
info,player,South Africa,JT Smuts
info,player,South Africa,RR Hendricks
info,player,South Africa,AB de Villiers
info,player,South Africa,DA Miller
info,player,South Africa,F Behardien
info,player,South Africa,M Mosehle
info,player,South Africa,WD Parnell
info,player,South Africa,D Pretorius
info,player,South Africa,AL Phehlukwayo
info,player,South Africa,T Shamsi
info,player,South Africa,Imran Tahir
info,registry,people,AB de Villiers,c4487b84
info,registry,people,AD Hales,92aeac25
info,registry,people,AJ Pycroft,685d3f80
info,registry,people,AL Phehlukwayo,ab6b1c45
info,registry,people,CJ Jordan,ffe699c0
info,registry,people,D Pretorius,11614d87
info,registry,people,DA Miller,d67d5f00
info,registry,people,DJ Willey,7f048519
info,registry,people,EJG Morgan,d2a6c0e6
info,registry,people,F Behardien,dce2019b
info,registry,people,Imran Tahir,acee4cc4
info,registry,people,JC Buttler,99b75528
info,registry,people,JJ Roy,d1c36f5c
info,registry,people,JM Bairstow,abb83e27
info,registry,people,JT Smuts,42172c3c
info,registry,people,LA Dawson,4a461c24
info,registry,people,M Mosehle,8836fcac
info,registry,people,MA Gough,76752ac8
info,registry,people,MA Wood,8d92a2c3
info,registry,people,MS Crane,f0a0204e
info,registry,people,PJ Hartley,17c7ff26
info,registry,people,RJ Bailey,6bd04fa5
info,registry,people,RR Hendricks,b8cc58c9
info,registry,people,RT Robinson,b143c87d
info,registry,people,SW Billings,c16d4035
info,registry,people,T Shamsi,a03bba42
info,registry,people,WD Parnell,3a60e0b5
ball,1,0.1,South Africa,JT Smuts,RR Hendricks,DJ Willey,0,0,,,,,,bowled,JT Smuts
ball,1,0.2,South Africa,AB de Villiers,RR Hendricks,DJ Willey,0,1,1,,,,,"",""
ball,1,0.3,South Africa,AB de Villiers,RR Hendricks,DJ Willey,1,0,,,,,,"",""
ball,1,0.4,South Africa,RR Hendricks,AB de Villiers,DJ Willey,3,0,,,,,,"",""
ball,1,0.5,South Africa,AB de Villiers,RR Hendricks,DJ Willey,2,0,,,,,,"",""
ball,1,0.6,South Africa,AB de Villiers,RR Hendricks,DJ Willey,0,0,,,,,,"",""
ball,1,0.7,South Africa,AB de Villiers,RR Hendricks,DJ Willey,0,0,,,,,,"",""
ball,1,1.1,South Africa,RR Hendricks,AB de Villiers,MA Wood,0,0,,,,,,caught,RR Hendricks
ball,1,1.2,South Africa,DA Miller,AB de Villiers,MA Wood,1,0,,,,,,"",""
ball,1,1.3,South Africa,AB de Villiers,DA Miller,MA Wood,4,0,,,,,,"",""
ball,1,1.4,South Africa,AB de Villiers,DA Miller,MA Wood,0,0,,,,,,"",""
ball,1,1.5,South Africa,AB de Villiers,DA Miller,MA Wood,2,0,,,,,,"",""
ball,1,1.6,South Africa,AB de Villiers,DA Miller,MA Wood,4,0,,,,,,"",""
ball,1,2.1,South Africa,DA Miller,AB de Villiers,DJ Willey,6,0,,,,,,"",""
ball,1,2.2,South Africa,DA Miller,AB de Villiers,DJ Willey,0,0,,,,,,"",""
ball,1,2.3,South Africa,DA Miller,AB de Villiers,DJ Willey,1,0,,,,,,"",""
ball,1,2.4,South Africa,AB de Villiers,DA Miller,DJ Willey,0,0,,,,,,"",""
ball,1,2.5,South Africa,AB de Villiers,DA Miller,DJ Willey,1,0,,,,,,"",""
ball,1,2.6,South Africa,DA Miller,AB de Villiers,DJ Willey,0,0,,,,,,"",""
ball,1,3.1,South Africa,AB de Villiers,DA Miller,CJ Jordan,1,0,,,,,,"",""
ball,1,3.2,South Africa,DA Miller,AB de Villiers,CJ Jordan,1,0,,,,,,"",""
ball,1,3.3,South Africa,AB de Villiers,DA Miller,CJ Jordan,0,0,,,,,,"",""
ball,1,3.4,South Africa,AB de Villiers,DA Miller,CJ Jordan,0,0,,,,,,"",""
ball,1,3.5,South Africa,AB de Villiers,DA Miller,CJ Jordan,0,0,,,,,,"",""
ball,1,3.6,South Africa,AB de Villiers,DA Miller,CJ Jordan,4,0,,,,,,"",""
ball,1,4.1,South Africa,DA Miller,AB de Villiers,MA Wood,0,0,,,,,,caught,DA Miller
ball,1,4.2,South Africa,F Behardien,AB de Villiers,MA Wood,0,0,,,,,,"",""
ball,1,4.3,South Africa,F Behardien,AB de Villiers,MA Wood,0,0,,,,,,"",""
ball,1,4.4,South Africa,F Behardien,AB de Villiers,MA Wood,1,0,,,,,,"",""
ball,1,4.5,South Africa,AB de Villiers,F Behardien,MA Wood,0,0,,,,,,"",""
ball,1,4.6,South Africa,AB de Villiers,F Behardien,MA Wood,0,0,,,,,,"",""
ball,1,5.1,South Africa,F Behardien,AB de Villiers,CJ Jordan,4,0,,,,,,"",""
ball,1,5.2,South Africa,F Behardien,AB de Villiers,CJ Jordan,1,0,,,,,,"",""
ball,1,5.3,South Africa,AB de Villiers,F Behardien,CJ Jordan,1,0,,,,,,"",""
ball,1,5.4,South Africa,F Behardien,AB de Villiers,CJ Jordan,2,0,,,,,,"",""
ball,1,5.5,South Africa,F Behardien,AB de Villiers,CJ Jordan,1,0,,,,,,"",""
ball,1,5.6,South Africa,AB de Villiers,F Behardien,CJ Jordan,1,0,,,,,,"",""
ball,1,6.1,South Africa,AB de Villiers,F Behardien,LA Dawson,0,0,,,,,,"",""
ball,1,6.2,South Africa,AB de Villiers,F Behardien,LA Dawson,1,0,,,,,,"",""
ball,1,6.3,South Africa,F Behardien,AB de Villiers,LA Dawson,0,0,,,,,,"",""
ball,1,6.4,South Africa,F Behardien,AB de Villiers,LA Dawson,1,0,,,,,,"",""
ball,1,6.5,South Africa,AB de Villiers,F Behardien,LA Dawson,1,0,,,,,,"",""
ball,1,6.6,South Africa,F Behardien,AB de Villiers,LA Dawson,1,0,,,,,,"",""
ball,1,7.1,South Africa,F Behardien,AB de Villiers,MS Crane,0,0,,,,,,"",""
ball,1,7.2,South Africa,F Behardien,AB de Villiers,MS Crane,0,0,,,,,,"",""
ball,1,7.3,South Africa,F Behardien,AB de Villiers,MS Crane,4,0,,,,,,"",""
ball,1,7.4,South Africa,F Behardien,AB de Villiers,MS Crane,1,0,,,,,,"",""
ball,1,7.5,South Africa,AB de Villiers,F Behardien,MS Crane,1,0,,,,,,"",""
ball,1,7.6,South Africa,F Behardien,AB de Villiers,MS Crane,0,0,,,,,,"",""
ball,1,8.1,South Africa,AB de Villiers,F Behardien,LA Dawson,1,0,,,,,,"",""
ball,1,8.2,South Africa,F Behardien,AB de Villiers,LA Dawson,0,0,,,,,,"",""
ball,1,8.3,South Africa,F Behardien,AB de Villiers,LA Dawson,1,0,,,,,,"",""
ball,1,8.4,South Africa,AB de Villiers,F Behardien,LA Dawson,0,0,,,,,,"",""
ball,1,8.5,South Africa,AB de Villiers,F Behardien,LA Dawson,0,0,,,,,,"",""
ball,1,8.6,South Africa,AB de Villiers,F Behardien,LA Dawson,0,0,,,,,,"",""
ball,1,9.1,South Africa,F Behardien,AB de Villiers,MS Crane,1,0,,,,,,"",""
ball,1,9.2,South Africa,AB de Villiers,F Behardien,MS Crane,1,0,,,,,,"",""
ball,1,9.3,South Africa,F Behardien,AB de Villiers,MS Crane,2,0,,,,,,"",""
ball,1,9.4,South Africa,F Behardien,AB de Villiers,MS Crane,1,0,,,,,,"",""
ball,1,9.5,South Africa,AB de Villiers,F Behardien,MS Crane,1,0,,,,,,"",""
ball,1,9.6,South Africa,F Behardien,AB de Villiers,MS Crane,1,0,,,,,,"",""
ball,1,10.1,South Africa,F Behardien,AB de Villiers,LA Dawson,1,0,,,,,,"",""
ball,1,10.2,South Africa,AB de Villiers,F Behardien,LA Dawson,2,0,,,,,,"",""
ball,1,10.3,South Africa,AB de Villiers,F Behardien,LA Dawson,0,0,,,,,,"",""
ball,1,10.4,South Africa,AB de Villiers,F Behardien,LA Dawson,1,0,,,,,,"",""
ball,1,10.5,South Africa,F Behardien,AB de Villiers,LA Dawson,1,0,,,,,,"",""
ball,1,10.6,South Africa,AB de Villiers,F Behardien,LA Dawson,1,0,,,,,,"",""
ball,1,11.1,South Africa,AB de Villiers,F Behardien,MS Crane,0,0,,,,,,"",""
ball,1,11.2,South Africa,AB de Villiers,F Behardien,MS Crane,1,0,,,,,,"",""
ball,1,11.3,South Africa,F Behardien,AB de Villiers,MS Crane,1,0,,,,,,"",""
ball,1,11.4,South Africa,AB de Villiers,F Behardien,MS Crane,2,0,,,,,,"",""
ball,1,11.5,South Africa,AB de Villiers,F Behardien,MS Crane,1,0,,,,,,"",""
ball,1,11.6,South Africa,F Behardien,AB de Villiers,MS Crane,0,0,,,,,,"",""
ball,1,12.1,South Africa,AB de Villiers,F Behardien,LA Dawson,2,0,,,,,,"",""
ball,1,12.2,South Africa,AB de Villiers,F Behardien,LA Dawson,0,0,,,,,,"",""
ball,1,12.3,South Africa,AB de Villiers,F Behardien,LA Dawson,1,0,,,,,,"",""
ball,1,12.4,South Africa,F Behardien,AB de Villiers,LA Dawson,1,0,,,,,,"",""
ball,1,12.5,South Africa,AB de Villiers,F Behardien,LA Dawson,1,0,,,,,,"",""
ball,1,12.6,South Africa,F Behardien,AB de Villiers,LA Dawson,0,0,,,,,,"",""
ball,1,13.1,South Africa,AB de Villiers,F Behardien,MS Crane,0,0,,,,,,"",""
ball,1,13.2,South Africa,AB de Villiers,F Behardien,MS Crane,1,0,,,,,,"",""
ball,1,13.3,South Africa,F Behardien,AB de Villiers,MS Crane,0,0,,,,,,"",""
ball,1,13.4,South Africa,F Behardien,AB de Villiers,MS Crane,1,0,,,,,,"",""
ball,1,13.5,South Africa,AB de Villiers,F Behardien,MS Crane,0,0,,,,,,"",""
ball,1,13.6,South Africa,AB de Villiers,F Behardien,MS Crane,4,0,,,,,,"",""
ball,1,14.1,South Africa,F Behardien,AB de Villiers,DJ Willey,2,0,,,,,,"",""
ball,1,14.2,South Africa,F Behardien,AB de Villiers,DJ Willey,0,0,,,,,,"",""
ball,1,14.3,South Africa,F Behardien,AB de Villiers,DJ Willey,4,0,,,,,,"",""
ball,1,14.4,South Africa,F Behardien,AB de Villiers,DJ Willey,1,0,,,,,,"",""
ball,1,14.5,South Africa,AB de Villiers,F Behardien,DJ Willey,1,0,,,,,,"",""
ball,1,14.6,South Africa,F Behardien,AB de Villiers,DJ Willey,1,0,,,,,,"",""
ball,1,15.1,South Africa,F Behardien,AB de Villiers,MA Wood,0,0,,,,,,"",""
ball,1,15.2,South Africa,F Behardien,AB de Villiers,MA Wood,1,0,,,,,,"",""
ball,1,15.3,South Africa,AB de Villiers,F Behardien,MA Wood,1,0,,,,,,"",""
ball,1,15.4,South Africa,F Behardien,AB de Villiers,MA Wood,0,0,,,,,,"",""
ball,1,15.5,South Africa,F Behardien,AB de Villiers,MA Wood,6,0,,,,,,"",""
ball,1,15.6,South Africa,F Behardien,AB de Villiers,MA Wood,1,0,,,,,,"",""
ball,1,16.1,South Africa,F Behardien,AB de Villiers,DJ Willey,1,0,,,,,,"",""
ball,1,16.2,South Africa,AB de Villiers,F Behardien,DJ Willey,1,0,,,,,,"",""
ball,1,16.3,South Africa,F Behardien,AB de Villiers,DJ Willey,0,0,,,,,,"",""
ball,1,16.4,South Africa,F Behardien,AB de Villiers,DJ Willey,1,0,,,,,,"",""
ball,1,16.5,South Africa,AB de Villiers,F Behardien,DJ Willey,6,0,,,,,,"",""
ball,1,16.6,South Africa,AB de Villiers,F Behardien,DJ Willey,1,0,,,,,,"",""
ball,1,17.1,South Africa,AB de Villiers,F Behardien,CJ Jordan,0,0,,,,,,"",""
ball,1,17.2,South Africa,AB de Villiers,F Behardien,CJ Jordan,1,0,,,,,,"",""
ball,1,17.3,South Africa,F Behardien,AB de Villiers,CJ Jordan,1,0,,,,,,"",""
ball,1,17.4,South Africa,AB de Villiers,F Behardien,CJ Jordan,1,0,,,,,,"",""
ball,1,17.5,South Africa,F Behardien,AB de Villiers,CJ Jordan,0,0,,,,,,"",""
ball,1,17.6,South Africa,F Behardien,AB de Villiers,CJ Jordan,1,0,,,,,,"",""
ball,1,18.1,South Africa,F Behardien,AB de Villiers,MA Wood,2,0,,,,,,"",""
ball,1,18.2,South Africa,F Behardien,AB de Villiers,MA Wood,4,0,,,,,,"",""
ball,1,18.3,South Africa,F Behardien,AB de Villiers,MA Wood,6,0,,,,,,"",""
ball,1,18.4,South Africa,F Behardien,AB de Villiers,MA Wood,2,0,,,,,,"",""
ball,1,18.5,South Africa,F Behardien,AB de Villiers,MA Wood,1,0,,,,,,"",""
ball,1,18.6,South Africa,AB de Villiers,F Behardien,MA Wood,0,0,,,,,,"",""
ball,1,19.1,South Africa,F Behardien,AB de Villiers,CJ Jordan,1,0,,,,,,"",""
ball,1,19.2,South Africa,AB de Villiers,F Behardien,CJ Jordan,6,0,,,,,,"",""
ball,1,19.3,South Africa,AB de Villiers,F Behardien,CJ Jordan,0,0,,,,,,"",""
ball,1,19.4,South Africa,AB de Villiers,F Behardien,CJ Jordan,2,0,,,,,,"",""
ball,1,19.5,South Africa,AB de Villiers,F Behardien,CJ Jordan,1,0,,,,,,"",""
ball,1,19.6,South Africa,F Behardien,AB de Villiers,CJ Jordan,1,0,,,,,,"",""
ball,2,0.1,England,JJ Roy,AD Hales,JT Smuts,0,0,,,,,,"",""
ball,2,0.2,England,JJ Roy,AD Hales,JT Smuts,1,0,,,,,,"",""
ball,2,0.3,England,AD Hales,JJ Roy,JT Smuts,1,0,,,,,,"",""
ball,2,0.4,England,JJ Roy,AD Hales,JT Smuts,0,0,,,,,,"",""
ball,2,0.5,England,JJ Roy,AD Hales,JT Smuts,1,0,,,,,,"",""
ball,2,0.6,England,AD Hales,JJ Roy,JT Smuts,1,0,,,,,,"",""
ball,2,1.1,England,AD Hales,JJ Roy,WD Parnell,0,1,1,,,,,"",""
ball,2,1.2,England,AD Hales,JJ Roy,WD Parnell,4,0,,,,,,"",""
ball,2,1.3,England,AD Hales,JJ Roy,WD Parnell,0,0,,,,,,"",""
ball,2,1.4,England,AD Hales,JJ Roy,WD Parnell,0,0,,,,,,"",""
ball,2,1.5,England,AD Hales,JJ Roy,WD Parnell,0,0,,,,,,"",""
ball,2,1.6,England,AD Hales,JJ Roy,WD Parnell,2,0,,,,,,"",""
ball,2,1.7,England,AD Hales,JJ Roy,WD Parnell,0,1,,,,1,,"",""
ball,2,2.1,England,AD Hales,JJ Roy,JT Smuts,1,0,,,,,,"",""
ball,2,2.2,England,JJ Roy,AD Hales,JT Smuts,6,0,,,,,,"",""
ball,2,2.3,England,JJ Roy,AD Hales,JT Smuts,0,0,,,,,,"",""
ball,2,2.4,England,JJ Roy,AD Hales,JT Smuts,1,0,,,,,,"",""
ball,2,2.5,England,AD Hales,JJ Roy,JT Smuts,0,0,,,,,,"",""
ball,2,2.6,England,AD Hales,JJ Roy,JT Smuts,2,0,,,,,,"",""
ball,2,3.1,England,JJ Roy,AD Hales,WD Parnell,0,4,,,,4,,"",""
ball,2,3.2,England,JJ Roy,AD Hales,WD Parnell,6,0,,,,,,"",""
ball,2,3.3,England,JJ Roy,AD Hales,WD Parnell,4,0,,,,,,"",""
ball,2,3.4,England,JJ Roy,AD Hales,WD Parnell,4,0,,,,,,"",""
ball,2,3.5,England,JJ Roy,AD Hales,WD Parnell,4,0,,,,,,"",""
ball,2,3.6,England,JJ Roy,AD Hales,WD Parnell,1,0,,,,,,"",""
ball,2,4.1,England,JJ Roy,AD Hales,AL Phehlukwayo,0,0,,,,,,lbw,JJ Roy
ball,2,4.2,England,JM Bairstow,AD Hales,AL Phehlukwayo,0,0,,,,,,"",""
ball,2,4.3,England,JM Bairstow,AD Hales,AL Phehlukwayo,4,0,,,,,,"",""
ball,2,4.4,England,JM Bairstow,AD Hales,AL Phehlukwayo,1,0,,,,,,"",""
ball,2,4.5,England,AD Hales,JM Bairstow,AL Phehlukwayo,1,0,,,,,,"",""
ball,2,4.6,England,JM Bairstow,AD Hales,AL Phehlukwayo,0,0,,,,,,"",""
ball,2,5.1,England,AD Hales,JM Bairstow,Imran Tahir,0,0,,,,,,"",""
ball,2,5.2,England,AD Hales,JM Bairstow,Imran Tahir,6,0,,,,,,"",""
ball,2,5.3,England,AD Hales,JM Bairstow,Imran Tahir,0,0,,,,,,"",""
ball,2,5.4,England,AD Hales,JM Bairstow,Imran Tahir,1,0,,,,,,"",""
ball,2,5.5,England,JM Bairstow,AD Hales,Imran Tahir,1,0,,,,,,"",""
ball,2,5.6,England,AD Hales,JM Bairstow,Imran Tahir,0,0,,,,,,"",""
ball,2,6.1,England,JM Bairstow,AD Hales,T Shamsi,2,0,,,,,,"",""
ball,2,6.2,England,JM Bairstow,AD Hales,T Shamsi,1,0,,,,,,"",""
ball,2,6.3,England,AD Hales,JM Bairstow,T Shamsi,1,0,,,,,,"",""
ball,2,6.4,England,JM Bairstow,AD Hales,T Shamsi,1,0,,,,,,"",""
ball,2,6.5,England,AD Hales,JM Bairstow,T Shamsi,0,0,,,,,,"",""
ball,2,6.6,England,AD Hales,JM Bairstow,T Shamsi,0,0,,,,,,"",""
ball,2,7.1,England,JM Bairstow,AD Hales,Imran Tahir,2,0,,,,,,"",""
ball,2,7.2,England,JM Bairstow,AD Hales,Imran Tahir,0,0,,,,,,"",""
ball,2,7.3,England,JM Bairstow,AD Hales,Imran Tahir,6,0,,,,,,"",""
ball,2,7.4,England,JM Bairstow,AD Hales,Imran Tahir,2,0,,,,,,"",""
ball,2,7.5,England,JM Bairstow,AD Hales,Imran Tahir,1,0,,,,,,"",""
ball,2,7.6,England,AD Hales,JM Bairstow,Imran Tahir,1,0,,,,,,"",""
ball,2,8.1,England,AD Hales,JM Bairstow,T Shamsi,0,0,,,,,,"",""
ball,2,8.2,England,AD Hales,JM Bairstow,T Shamsi,0,0,,,,,,"",""
ball,2,8.3,England,AD Hales,JM Bairstow,T Shamsi,1,0,,,,,,"",""
ball,2,8.4,England,JM Bairstow,AD Hales,T Shamsi,6,0,,,,,,"",""
ball,2,8.5,England,JM Bairstow,AD Hales,T Shamsi,1,0,,,,,,"",""
ball,2,8.6,England,AD Hales,JM Bairstow,T Shamsi,1,0,,,,,,"",""
ball,2,9.1,England,AD Hales,JM Bairstow,D Pretorius,3,0,,,,,,"",""
ball,2,9.2,England,JM Bairstow,AD Hales,D Pretorius,0,1,1,,,,,"",""
ball,2,9.3,England,JM Bairstow,AD Hales,D Pretorius,1,0,,,,,,"",""
ball,2,9.4,England,AD Hales,JM Bairstow,D Pretorius,1,0,,,,,,"",""
ball,2,9.5,England,JM Bairstow,AD Hales,D Pretorius,1,0,,,,,,"",""
ball,2,9.6,England,AD Hales,JM Bairstow,D Pretorius,4,0,,,,,,"",""
ball,2,9.7,England,AD Hales,JM Bairstow,D Pretorius,1,0,,,,,,"",""
ball,2,10.1,England,AD Hales,JM Bairstow,JT Smuts,0,1,,,,1,,"",""
ball,2,10.2,England,JM Bairstow,AD Hales,JT Smuts,0,0,,,,,,"",""
ball,2,10.3,England,JM Bairstow,AD Hales,JT Smuts,4,0,,,,,,"",""
ball,2,10.4,England,JM Bairstow,AD Hales,JT Smuts,1,0,,,,,,"",""
ball,2,10.5,England,AD Hales,JM Bairstow,JT Smuts,1,0,,,,,,"",""
ball,2,10.6,England,JM Bairstow,AD Hales,JT Smuts,0,0,,,,,,"",""
ball,2,11.1,England,AD Hales,JM Bairstow,D Pretorius,2,0,,,,,,"",""
ball,2,11.2,England,AD Hales,JM Bairstow,D Pretorius,1,0,,,,,,"",""
ball,2,11.3,England,JM Bairstow,AD Hales,D Pretorius,4,0,,,,,,"",""
ball,2,11.4,England,JM Bairstow,AD Hales,D Pretorius,1,0,,,,,,"",""
ball,2,11.5,England,AD Hales,JM Bairstow,D Pretorius,0,0,,,,,,"",""
ball,2,11.6,England,AD Hales,JM Bairstow,D Pretorius,0,0,,,,,,"",""
ball,2,12.1,England,JM Bairstow,AD Hales,Imran Tahir,4,0,,,,,,"",""
ball,2,12.2,England,JM Bairstow,AD Hales,Imran Tahir,1,0,,,,,,"",""
ball,2,12.3,England,AD Hales,JM Bairstow,Imran Tahir,1,0,,,,,,"",""
ball,2,12.4,England,JM Bairstow,AD Hales,Imran Tahir,1,0,,,,,,"",""
ball,2,12.5,England,AD Hales,JM Bairstow,Imran Tahir,4,0,,,,,,"",""
ball,2,12.6,England,AD Hales,JM Bairstow,Imran Tahir,6,0,,,,,,"",""
ball,2,13.1,England,JM Bairstow,AD Hales,T Shamsi,2,0,,,,,,"",""
ball,2,13.2,England,JM Bairstow,AD Hales,T Shamsi,0,0,,,,,,"",""
ball,2,13.3,England,JM Bairstow,AD Hales,T Shamsi,4,0,,,,,,"",""
ball,2,13.4,England,JM Bairstow,AD Hales,T Shamsi,0,0,,,,,,"",""
ball,2,13.5,England,JM Bairstow,AD Hales,T Shamsi,2,0,,,,,,"",""
ball,2,13.6,England,JM Bairstow,AD Hales,T Shamsi,1,0,,,,,,"",""
ball,2,14.1,England,JM Bairstow,AD Hales,AL Phehlukwayo,4,0,,,,,,"",""
ball,2,14.2,England,JM Bairstow,AD Hales,AL Phehlukwayo,0,0,,,,,,"",""
ball,2,14.3,England,JM Bairstow,AD Hales,AL Phehlukwayo,1,0,,,,,,"",""
