version,1.6.0
info,balls_per_over,6
info,team,West Indies
info,team,England
info,gender,male
info,season,2017
info,date,2017/09/07
info,date,2017/09/08
info,date,2017/09/09
info,event,West Indies tour of England
info,match_number,3
info,venue,Lord's
info,city,London
info,toss_winner,West Indies
info,toss_decision,bat
info,player_of_match,BA Stokes
info,umpire,CB Gaffaney
info,umpire,M Erasmus
info,reserve_umpire,RT Robinson
info,tv_umpire,S Ravi
info,match_referee,DC Boon
info,winner,England
info,winner_wickets,9
info,player,West Indies,KC Brathwaite
info,player,West Indies,KOA Powell
info,player,West Indies,KA Hope
info,player,West Indies,SD Hope
info,player,West Indies,RL Chase
info,player,West Indies,J Blackwood
info,player,West Indies,SO Dowrich
info,player,West Indies,JO Holder
info,player,West Indies,D Bishoo
info,player,West Indies,KAJ Roach
info,player,West Indies,ST Gabriel
info,player,England,AN Cook
info,player,England,MD Stoneman
info,player,England,T Westley
info,player,England,JE Root
info,player,England,DJ Malan
info,player,England,BA Stokes
info,player,England,JM Bairstow
info,player,England,MM Ali
info,player,England,TS Roland-Jones
info,player,England,SCJ Broad
info,player,England,JM Anderson
info,registry,people,AN Cook,f41598c1
info,registry,people,BA Stokes,e087956b
info,registry,people,CB Gaffaney,d5ac41d8
info,registry,people,D Bishoo,7a80ddf2
info,registry,people,DC Boon,e79a1fe3
info,registry,people,DJ Malan,ad9c32a2
info,registry,people,J Blackwood,c3b93a03
info,registry,people,JE Root,a343262c
info,registry,people,JM Anderson,d12143bf
info,registry,people,JM Bairstow,abb83e27
info,registry,people,JO Holder,0f721006
info,registry,people,KA Hope,c59d8f8a
info,registry,people,KAJ Roach,78eb4223
info,registry,people,KC Brathwaite,7d5af2ea
info,registry,people,KOA Powell,e012ad13
info,registry,people,M Erasmus,15d3c895
info,registry,people,MD Stoneman,1b77f62b
info,registry,people,MM Ali,bb351c23
info,registry,people,RL Chase,3feda4fa
info,registry,people,RT Robinson,b143c87d
info,registry,people,S Ravi,9b9ee0df
info,registry,people,SCJ Broad,eba6a852
info,registry,people,SD Hope,1fc6ef83
info,registry,people,SO Dowrich,dc2f959a
info,registry,people,ST Gabriel,d9609443
info,registry,people,T Westley,25a42048
info,registry,people,TS Roland-Jones,6c6aca89
ball,1,0.1,West Indies,KC Brathwaite,KOA Powell,JM Anderson,2,0,,,,,,"",""
ball,1,0.2,West Indies,KC Brathwaite,KOA Powell,JM Anderson,0,0,,,,,,"",""
ball,1,0.3,West Indies,KC Brathwaite,KOA Powell,JM Anderson,0,0,,,,,,"",""
ball,1,0.4,West Indies,KC Brathwaite,KOA Powell,JM Anderson,0,0,,,,,,"",""
ball,1,0.5,West Indies,KC Brathwaite,KOA Powell,JM Anderson,0,0,,,,,,"",""
ball,1,0.6,West Indies,KC Brathwaite,KOA Powell,JM Anderson,1,0,,,,,,"",""
ball,1,1.1,West Indies,KC Brathwaite,KOA Powell,SCJ Broad,0,0,,,,,,"",""
ball,1,1.2,West Indies,KC Brathwaite,KOA Powell,SCJ Broad,0,0,,,,,,"",""
ball,1,1.3,West Indies,KC Brathwaite,KOA Powell,SCJ Broad,0,0,,,,,,"",""
ball,1,1.4,West Indies,KC Brathwaite,KOA Powell,SCJ Broad,0,0,,,,,,"",""
ball,1,1.5,West Indies,KC Brathwaite,KOA Powell,SCJ Broad,0,0,,,,,,"",""
ball,1,1.6,West Indies,KC Brathwaite,KOA Powell,SCJ Broad,0,0,,,,,,"",""
ball,1,2.1,West Indies,KOA Powell,KC Brathwaite,JM Anderson,0,0,,,,,,"",""
ball,1,2.2,West Indies,KOA Powell,KC Brathwaite,JM Anderson,1,0,,,,,,"",""
ball,1,2.3,West Indies,KC Brathwaite,KOA Powell,JM Anderson,0,0,,,,,,"",""
ball,1,2.4,West Indies,KC Brathwaite,KOA Powell,JM Anderson,0,0,,,,,,"",""
ball,1,2.5,West Indies,KC Brathwaite,KOA Powell,JM Anderson,0,0,,,,,,"",""
ball,1,2.6,West Indies,KC Brathwaite,KOA Powell,JM Anderson,0,0,,,,,,"",""
ball,1,3.1,West Indies,KOA Powell,KC Brathwaite,SCJ Broad,0,0,,,,,,"",""
ball,1,3.2,West Indies,KOA Powell,KC Brathwaite,SCJ Broad,0,0,,,,,,"",""
ball,1,3.3,West Indies,KOA Powell,KC Brathwaite,SCJ Broad,0,0,,,,,,"",""
ball,1,3.4,West Indies,KOA Powell,KC Brathwaite,SCJ Broad,0,0,,,,,,"",""
ball,1,3.5,West Indies,KOA Powell,KC Brathwaite,SCJ Broad,0,0,,,,,,"",""
ball,1,3.6,West Indies,KOA Powell,KC Brathwaite,SCJ Broad,0,0,,,,,,"",""
ball,1,4.1,West Indies,KC Brathwaite,KOA Powell,JM Anderson,1,0,,,,,,"",""
ball,1,4.2,West Indies,KOA Powell,KC Brathwaite,JM Anderson,0,0,,,,,,"",""
ball,1,4.3,West Indies,KOA Powell,KC Brathwaite,JM Anderson,0,0,,,,,,"",""
ball,1,4.4,West Indies,KOA Powell,KC Brathwaite,JM Anderson,0,0,,,,,,"",""
ball,1,4.5,West Indies,KOA Powell,KC Brathwaite,JM Anderson,0,0,,,,,,"",""
ball,1,4.6,West Indies,KOA Powell,KC Brathwaite,JM Anderson,1,0,,,,,,"",""
ball,1,5.1,West Indies,KOA Powell,KC Brathwaite,SCJ Broad,0,0,,,,,,"",""
ball,1,5.2,West Indies,KOA Powell,KC Brathwaite,SCJ Broad,0,0,,,,,,"",""
ball,1,5.3,West Indies,KOA Powell,KC Brathwaite,SCJ Broad,0,0,,,,,,"",""
ball,1,5.4,West Indies,KOA Powell,KC Brathwaite,SCJ Broad,0,0,,,,,,"",""
ball,1,5.5,West Indies,KOA Powell,KC Brathwaite,SCJ Broad,4,0,,,,,,"",""
ball,1,5.6,West Indies,KOA Powell,KC Brathwaite,SCJ Broad,0,0,,,,,,"",""
ball,1,6.1,West Indies,KC Brathwaite,KOA Powell,JM Anderson,0,0,,,,,,"",""
ball,1,6.2,West Indies,KC Brathwaite,KOA Powell,JM Anderson,0,0,,,,,,"",""
ball,1,6.3,West Indies,KC Brathwaite,KOA Powell,JM Anderson,0,0,,,,,,"",""
ball,1,6.4,West Indies,KC Brathwaite,KOA Powell,JM Anderson,0,0,,,,,,"",""
ball,1,6.5,West Indies,KC Brathwaite,KOA Powell,JM Anderson,2,0,,,,,,"",""
ball,1,6.6,West Indies,KC Brathwaite,KOA Powell,JM Anderson,0,0,,,,,,"",""
ball,1,7.1,West Indies,KOA Powell,KC Brathwaite,SCJ Broad,0,0,,,,,,"",""
ball,1,7.2,West Indies,KOA Powell,KC Brathwaite,SCJ Broad,1,0,,,,,,"",""
ball,1,7.3,West Indies,KC Brathwaite,KOA Powell,SCJ Broad,2,0,,,,,,"",""
ball,1,7.4,West Indies,KC Brathwaite,KOA Powell,SCJ Broad,0,0,,,,,,"",""
ball,1,7.5,West Indies,KC Brathwaite,KOA Powell,SCJ Broad,0,0,,,,,,"",""
ball,1,7.6,West Indies,KC Brathwaite,KOA Powell,SCJ Broad,0,0,,,,,,"",""
ball,1,8.1,West Indies,KOA Powell,KC Brathwaite,JM Anderson,0,0,,,,,,"",""
ball,1,8.2,West Indies,KOA Powell,KC Brathwaite,JM Anderson,1,0,,,,,,"",""
ball,1,8.3,West Indies,KC Brathwaite,KOA Powell,JM Anderson,0,0,,,,,,"",""
ball,1,8.4,West Indies,KC Brathwaite,KOA Powell,JM Anderson,1,0,,,,,,"",""
ball,1,8.5,West Indies,KOA Powell,KC Brathwaite,JM Anderson,0,0,,,,,,"",""
ball,1,8.6,West Indies,KOA Powell,KC Brathwaite,JM Anderson,0,0,,,,,,"",""
ball,1,9.1,West Indies,KC Brathwaite,KOA Powell,SCJ Broad,0,0,,,,,,"",""
ball,1,9.2,West Indies,KC Brathwaite,KOA Powell,SCJ Broad,0,0,,,,,,"",""
ball,1,9.3,West Indies,KC Brathwaite,KOA Powell,SCJ Broad,1,0,,,,,,"",""
ball,1,9.4,West Indies,KOA Powell,KC Brathwaite,SCJ Broad,0,0,,,,,,"",""
ball,1,9.5,West Indies,KOA Powell,KC Brathwaite,SCJ Broad,0,0,,,,,,"",""
ball,1,9.6,West Indies,KOA Powell,KC Brathwaite,SCJ Broad,0,0,,,,,,"",""
ball,1,10.1,West Indies,KC Brathwaite,KOA Powell,JM Anderson,0,0,,,,,,"",""
ball,1,10.2,West Indies,KC Brathwaite,KOA Powell,JM Anderson,0,0,,,,,,"",""
ball,1,10.3,West Indies,KC Brathwaite,KOA Powell,JM Anderson,0,0,,,,,,"",""
ball,1,10.4,West Indies,KC Brathwaite,KOA Powell,JM Anderson,0,0,,,,,,caught,KC Brathwaite
ball,1,10.5,West Indies,KA Hope,KOA Powell,JM Anderson,0,0,,,,,,"",""
ball,1,10.6,West Indies,KA Hope,KOA Powell,JM Anderson,0,0,,,,,,"",""
ball,1,11.1,West Indies,KOA Powell,KA Hope,SCJ Broad,0,0,,,,,,"",""
ball,1,11.2,West Indies,KOA Powell,KA Hope,SCJ Broad,0,0,,,,,,"",""
ball,1,11.3,West Indies,KOA Powell,KA Hope,SCJ Broad,0,0,,,,,,"",""
ball,1,11.4,West Indies,KOA Powell,KA Hope,SCJ Broad,0,0,,,,,,"",""
ball,1,11.5,West Indies,KOA Powell,KA Hope,SCJ Broad,0,0,,,,,,"",""
ball,1,11.6,West Indies,KOA Powell,KA Hope,SCJ Broad,0,0,,,,,,"",""
ball,1,12.1,West Indies,KA Hope,KOA Powell,JM Anderson,0,0,,,,,,"",""
ball,1,12.2,West Indies,KA Hope,KOA Powell,JM Anderson,0,0,,,,,,"",""
ball,1,12.3,West Indies,KA Hope,KOA Powell,JM Anderson,0,0,,,,,,"",""
ball,1,12.4,West Indies,KA Hope,KOA Powell,JM Anderson,0,0,,,,,,"",""
ball,1,12.5,West Indies,KA Hope,KOA Powell,JM Anderson,0,0,,,,,,"",""
ball,1,12.6,West Indies,KA Hope,KOA Powell,JM Anderson,0,0,,,,,,"",""
ball,1,13.1,West Indies,KOA Powell,KA Hope,SCJ Broad,4,0,,,,,,"",""
ball,1,13.2,West Indies,KOA Powell,KA Hope,SCJ Broad,0,0,,,,,,"",""
ball,1,13.3,West Indies,KOA Powell,KA Hope,SCJ Broad,0,0,,,,,,"",""
ball,1,13.4,West Indies,KOA Powell,KA Hope,SCJ Broad,0,0,,,,,,"",""
ball,1,13.5,West Indies,KOA Powell,KA Hope,SCJ Broad,0,0,,,,,,"",""
ball,1,13.6,West Indies,KOA Powell,KA Hope,SCJ Broad,0,0,,,,,,"",""
ball,1,14.1,West Indies,KA Hope,KOA Powell,JM Anderson,0,0,,,,,,"",""
ball,1,14.2,West Indies,KA Hope,KOA Powell,JM Anderson,0,0,,,,,,"",""
ball,1,14.3,West Indies,KA Hope,KOA Powell,JM Anderson,0,0,,,,,,caught,KA Hope
ball,1,14.4,West Indies,SD Hope,KOA Powell,JM Anderson,4,0,,,,,,"",""
ball,1,14.5,West Indies,SD Hope,KOA Powell,JM Anderson,0,0,,,,,,"",""
ball,1,14.6,West Indies,SD Hope,KOA Powell,JM Anderson,4,0,,,,,,"",""
ball,1,15.1,West Indies,KOA Powell,SD Hope,SCJ Broad,4,0,,,,,,"",""
ball,1,15.2,West Indies,KOA Powell,SD Hope,SCJ Broad,0,0,,,,,,"",""
ball,1,15.3,West Indies,KOA Powell,SD Hope,SCJ Broad,0,0,,,,,,"",""
ball,1,15.4,West Indies,KOA Powell,SD Hope,SCJ Broad,0,0,,,,,,"",""
ball,1,15.5,West Indies,KOA Powell,SD Hope,SCJ Broad,0,0,,,,,,"",""
ball,1,15.6,West Indies,KOA Powell,SD Hope,SCJ Broad,0,0,,,,,,"",""
ball,1,16.1,West Indies,SD Hope,KOA Powell,JM Anderson,0,0,,,,,,"",""
ball,1,16.2,West Indies,SD Hope,KOA Powell,JM Anderson,0,0,,,,,,"",""
ball,1,16.3,West Indies,SD Hope,KOA Powell,JM Anderson,0,0,,,,,,"",""
ball,1,16.4,West Indies,SD Hope,KOA Powell,JM Anderson,0,0,,,,,,"",""
ball,1,16.5,West Indies,SD Hope,KOA Powell,JM Anderson,0,0,,,,,,"",""
ball,1,16.6,West Indies,SD Hope,KOA Powell,JM Anderson,0,0,,,,,,"",""
ball,1,17.1,West Indies,KOA Powell,SD Hope,TS Roland-Jones,1,0,,,,,,"",""
ball,1,17.2,West Indies,SD Hope,KOA Powell,TS Roland-Jones,0,0,,,,,,"",""
ball,1,17.3,West Indies,SD Hope,KOA Powell,TS Roland-Jones,0,0,,,,,,"",""
ball,1,17.4,West Indies,SD Hope,KOA Powell,TS Roland-Jones,0,0,,,,,,"",""
ball,1,17.5,West Indies,SD Hope,KOA Powell,TS Roland-Jones,0,0,,,,,,"",""
ball,1,17.6,West Indies,SD Hope,KOA Powell,TS Roland-Jones,0,0,,,,,,"",""
ball,1,18.1,West Indies,KOA Powell,SD Hope,JM Anderson,0,0,,,,,,"",""
ball,1,18.2,West Indies,KOA Powell,SD Hope,JM Anderson,0,0,,,,,,"",""
ball,1,18.3,West Indies,KOA Powell,SD Hope,JM Anderson,0,0,,,,,,"",""
ball,1,18.4,West Indies,KOA Powell,SD Hope,JM Anderson,0,0,,,,,,"",""
ball,1,18.5,West Indies,KOA Powell,SD Hope,JM Anderson,0,0,,,,,,"",""
ball,1,18.6,West Indies,KOA Powell,SD Hope,JM Anderson,0,0,,,,,,"",""
ball,1,19.1,West Indies,SD Hope,KOA Powell,TS Roland-Jones,0,0,,,,,,"",""
ball,1,19.2,West Indies,SD Hope,KOA Powell,TS Roland-Jones,0,0,,,,,,"",""
ball,1,19.3,West Indies,SD Hope,KOA Powell,TS Roland-Jones,0,0,,,,,,"",""
ball,1,19.4,West Indies,SD Hope,KOA Powell,TS Roland-Jones,0,0,,,,,,"",""
ball,1,19.5,West Indies,SD Hope,KOA Powell,TS Roland-Jones,0,0,,,,,,"",""
ball,1,19.6,West Indies,SD Hope,KOA Powell,TS Roland-Jones,0,0,,,,,,"",""
ball,1,20.1,West Indies,KOA Powell,SD Hope,JM Anderson,0,0,,,,,,"",""
ball,1,20.2,West Indies,KOA Powell,SD Hope,JM Anderson,0,0,,,,,,"",""
ball,1,20.3,West Indies,KOA Powell,SD Hope,JM Anderson,1,0,,,,,,"",""
ball,1,20.4,West Indies,SD Hope,KOA Powell,JM Anderson,0,0,,,,,,"",""
ball,1,20.5,West Indies,SD Hope,KOA Powell,JM Anderson,0,0,,,,,,"",""
ball,1,20.6,West Indies,SD Hope,KOA Powell,JM Anderson,0,0,,,,,,"",""
ball,1,21.1,West Indies,KOA Powell,SD Hope,SCJ Broad,0,0,,,,,,"",""
ball,1,21.2,West Indies,KOA Powell,SD Hope,SCJ Broad,0,0,,,,,,"",""
ball,1,21.3,West Indies,KOA Powell,SD Hope,SCJ Broad,0,0,,,,,,"",""
ball,1,21.4,West Indies,KOA Powell,SD Hope,SCJ Broad,0,0,,,,,,"",""
ball,1,21.5,West Indies,KOA Powell,SD Hope,SCJ Broad,0,0,,,,,,"",""
ball,1,21.6,West Indies,KOA Powell,SD Hope,SCJ Broad,4,0,,,,,,"",""
ball,1,22.1,West Indies,SD Hope,KOA Powell,JM Anderson,0,0,,,,,,"",""
ball,1,22.2,West Indies,SD Hope,KOA Powell,JM Anderson,4,0,,,,,,"",""
ball,1,22.3,West Indies,SD Hope,KOA Powell,JM Anderson,0,0,,,,,,"",""
ball,1,22.4,West Indies,SD Hope,KOA Powell,JM Anderson,4,0,,,,,,"",""
ball,1,22.5,West Indies,SD Hope,KOA Powell,JM Anderson,0,0,,,,,,"",""
ball,1,22.6,West Indies,SD Hope,KOA Powell,JM Anderson,0,0,,,,,,"",""
ball,1,23.1,West Indies,KOA Powell,SD Hope,SCJ Broad,0,0,,,,,,"",""
ball,1,23.2,West Indies,KOA Powell,SD Hope,SCJ Broad,0,0,,,,,,"",""
ball,1,23.3,West Indies,KOA Powell,SD Hope,SCJ Broad,0,0,,,,,,"",""
ball,1,23.4,West Indies,KOA Powell,SD Hope,SCJ Broad,0,0,,,,,,"",""
ball,1,23.5,West Indies,KOA Powell,SD Hope,SCJ Broad,0,0,,,,,,"",""
ball,1,23.6,West Indies,KOA Powell,SD Hope,SCJ Broad,0,0,,,,,,"",""
ball,1,24.1,West Indies,SD Hope,KOA Powell,TS Roland-Jones,1,0,,,,,,"",""
ball,1,24.2,West Indies,KOA Powell,SD Hope,TS Roland-Jones,4,0,,,,,,"",""
ball,1,24.3,West Indies,KOA Powell,SD Hope,TS Roland-Jones,0,0,,,,,,"",""
ball,1,24.4,West Indies,KOA Powell,SD Hope,TS Roland-Jones,0,0,,,,,,"",""
ball,1,24.5,West Indies,KOA Powell,SD Hope,TS Roland-Jones,0,0,,,,,,"",""
ball,1,24.6,West Indies,KOA Powell,SD Hope,TS Roland-Jones,0,0,,,,,,"",""
ball,1,25.1,West Indies,SD Hope,KOA Powell,SCJ Broad,0,0,,,,,,"",""
ball,1,25.2,West Indies,SD Hope,KOA Powell,SCJ Broad,0,0,,,,,,"",""
ball,1,25.3,West Indies,SD Hope,KOA Powell,SCJ Broad,0,0,,,,,,"",""
ball,1,25.4,West Indies,SD Hope,KOA Powell,SCJ Broad,0,0,,,,,,"",""
ball,1,25.5,West Indies,SD Hope,KOA Powell,SCJ Broad,0,0,,,,,,"",""
ball,1,25.6,West Indies,SD Hope,KOA Powell,SCJ Broad,0,0,,,,,,"",""
ball,1,26.1,West Indies,KOA Powell,SD Hope,TS Roland-Jones,0,0,,,,,,"",""
ball,1,26.2,West Indies,KOA Powell,SD Hope,TS Roland-Jones,0,0,,,,,,"",""
ball,1,26.3,West Indies,KOA Powell,SD Hope,TS Roland-Jones,0,0,,,,,,"",""
ball,1,26.4,West Indies,KOA Powell,SD Hope,TS Roland-Jones,0,0,,,,,,"",""
ball,1,26.5,West Indies,KOA Powell,SD Hope,TS Roland-Jones,0,0,,,,,,"",""
ball,1,26.6,West Indies,KOA Powell,SD Hope,TS Roland-Jones,0,0,,,,,,"",""
ball,1,27.1,West Indies,SD Hope,KOA Powell,SCJ Broad,0,0,,,,,,"",""
ball,1,27.2,West Indies,SD Hope,KOA Powell,SCJ Broad,4,0,,,,,,"",""
ball,1,27.3,West Indies,SD Hope,KOA Powell,SCJ Broad,0,0,,,,,,"",""
ball,1,27.4,West Indies,SD Hope,KOA Powell,SCJ Broad,0,0,,,,,,"",""
ball,1,27.5,West Indies,SD Hope,KOA Powell,SCJ Broad,0,0,,,,,,"",""
ball,1,27.6,West Indies,SD Hope,KOA Powell,SCJ Broad,0,0,,,,,,"",""
ball,1,28.1,West Indies,KOA Powell,SD Hope,TS Roland-Jones,3,0,,,,,,"",""
ball,1,28.2,West Indies,SD Hope,KOA Powell,TS Roland-Jones,0,0,,,,,,"",""
ball,1,28.3,West Indies,SD Hope,KOA Powell,TS Roland-Jones,0,0,,,,,,"",""
ball,1,28.4,West Indies,SD Hope,KOA Powell,TS Roland-Jones,4,0,,,,,,"",""
ball,1,28.5,West Indies,SD Hope,KOA Powell,TS Roland-Jones,0,0,,,,,,"",""
ball,1,28.6,West Indies,SD Hope,KOA Powell,TS Roland-Jones,0,0,,,,,,"",""
ball,1,29.1,West Indies,KOA Powell,SD Hope,BA Stokes,4,0,,,,,,"",""
ball,1,29.2,West Indies,KOA Powell,SD Hope,BA Stokes,2,0,,,,,,"",""
ball,1,29.3,West Indies,KOA Powell,SD Hope,BA Stokes,0,0,,,,,,"",""
ball,1,29.4,West Indies,KOA Powell,SD Hope,BA Stokes,0,0,,,,,,"",""
ball,1,29.5,West Indies,KOA Powell,SD Hope,BA Stokes,1,0,,,,,,"",""
ball,1,29.6,West Indies,SD Hope,KOA Powell,BA Stokes,0,0,,,,,,"",""
ball,1,30.1,West Indies,KOA Powell,SD Hope,TS Roland-Jones,0,0,,,,,,"",""
ball,1,30.2,West Indies,KOA Powell,SD Hope,TS Roland-Jones,0,0,,,,,,"",""
ball,1,30.3,West Indies,KOA Powell,SD Hope,TS Roland-Jones,3,0,,,,,,"",""
ball,1,30.4,West Indies,SD Hope,KOA Powell,TS Roland-Jones,0,0,,,,,,"",""
ball,1,30.5,West Indies,SD Hope,KOA Powell,TS Roland-Jones,0,0,,,,,,"",""
ball,1,30.6,West Indies,SD Hope,KOA Powell,TS Roland-Jones,0,0,,,,,,"",""
ball,1,31.1,West Indies,KOA Powell,SD Hope,BA Stokes,0,0,,,,,,"",""
ball,1,31.2,West Indies,KOA Powell,SD Hope,BA Stokes,0,0,,,,,,"",""
ball,1,31.3,West Indies,KOA Powell,SD Hope,BA Stokes,0,0,,,,,,"",""
ball,1,31.4,West Indies,KOA Powell,SD Hope,BA Stokes,0,0,,,,,,"",""
ball,1,31.5,West Indies,KOA Powell,SD Hope,BA Stokes,0,0,,,,,,"",""
ball,1,31.6,West Indies,KOA Powell,SD Hope,BA Stokes,0,0,,,,,,"",""
ball,1,32.1,West Indies,SD Hope,KOA Powell,TS Roland-Jones,0,0,,,,,,"",""
ball,1,32.2,West Indies,SD Hope,KOA Powell,TS Roland-Jones,0,0,,,,,,"",""
ball,1,32.3,West Indies,SD Hope,KOA Powell,TS Roland-Jones,0,0,,,,,,"",""
ball,1,32.4,West Indies,SD Hope,KOA Powell,TS Roland-Jones,4,0,,,,,,"",""
ball,1,32.5,West Indies,SD Hope,KOA Powell,TS Roland-Jones,0,0,,,,,,"",""
ball,1,32.6,West Indies,SD Hope,KOA Powell,TS Roland-Jones,0,0,,,,,,caught,SD Hope
ball,1,33.1,West Indies,KOA Powell,RL Chase,BA Stokes,0,0,,,,,,"",""
ball,1,33.2,West Indies,KOA Powell,RL Chase,BA Stokes,0,0,,,,,,"",""
ball,1,33.3,West Indies,KOA Powell,RL Chase,BA Stokes,0,0,,,,,,"",""
ball,1,33.4,West Indies,KOA Powell,RL Chase,BA Stokes,0,0,,,,,,caught and bowled,KOA Powell
ball,1,33.5,West Indies,J Blackwood,RL Chase,BA Stokes,0,0,,,,,,"",""
ball,1,33.6,West Indies,J Blackwood,RL Chase,BA Stokes,0,0,,,,,,"",""
ball,1,34.1,West Indies,RL Chase,J Blackwood,TS Roland-Jones,4,0,,,,,,"",""
ball,1,34.2,West Indies,RL Chase,J Blackwood,TS Roland-Jones,4,0,,,,,,"",""
ball,1,34.3,West Indies,RL Chase,J Blackwood,TS Roland-Jones,0,0,,,,,,"",""
ball,1,34.4,West Indies,RL Chase,J Blackwood,TS Roland-Jones,0,0,,,,,,"",""
ball,1,34.5,West Indies,RL Chase,J Blackwood,TS Roland-Jones,0,0,,,,,,"",""
ball,1,34.6,West Indies,RL Chase,J Blackwood,TS Roland-Jones,0,0,,,,,,"",""
ball,1,35.1,West Indies,J Blackwood,RL Chase,BA Stokes,1,0,,,,,,"",""
ball,1,35.2,West Indies,RL Chase,J Blackwood,BA Stokes,0,0,,,,,,"",""
ball,1,35.3,West Indies,RL Chase,J Blackwood,BA Stokes,0,0,,,,,,"",""
ball,1,35.4,West Indies,RL Chase,J Blackwood,BA Stokes,0,0,,,,,,"",""
ball,1,35.5,West Indies,RL Chase,J Blackwood,BA Stokes,0,0,,,,,,"",""
ball,1,35.6,West Indies,RL Chase,J Blackwood,BA Stokes,0,0,,,,,,"",""
ball,1,36.1,West Indies,J Blackwood,RL Chase,TS Roland-Jones,0,0,,,,,,"",""
ball,1,36.2,West Indies,J Blackwood,RL Chase,TS Roland-Jones,0,0,,,,,,bowled,J Blackwood
ball,1,36.3,West Indies,SO Dowrich,RL Chase,TS Roland-Jones,0,0,,,,,,"",""
ball,1,36.4,West Indies,SO Dowrich,RL Chase,TS Roland-Jones,0,0,,,,,,"",""
ball,1,36.5,West Indies,SO Dowrich,RL Chase,TS Roland-Jones,0,0,,,,,,"",""
ball,1,36.6,West Indies,SO Dowrich,RL Chase,TS Roland-Jones,0,0,,,,,,"",""
ball,1,37.1,West Indies,RL Chase,SO Dowrich,BA Stokes,0,0,,,,,,"",""
ball,1,37.2,West Indies,RL Chase,SO Dowrich,BA Stokes,0,0,,,,,,"",""
ball,1,37.3,West Indies,RL Chase,SO Dowrich,BA Stokes,0,0,,,,,,"",""
ball,1,37.4,West Indies,RL Chase,SO Dowrich,BA Stokes,0,0,,,,,,"",""
ball,1,37.5,West Indies,RL Chase,SO Dowrich,BA Stokes,0,0,,,,,,"",""
ball,1,37.6,West Indies,RL Chase,SO Dowrich,BA Stokes,0,0,,,,,,"",""
ball,1,38.1,West Indies,SO Dowrich,RL Chase,TS Roland-Jones,0,0,,,,,,"",""
ball,1,38.2,West Indies,SO Dowrich,RL Chase,TS Roland-Jones,0,0,,,,,,"",""
ball,1,38.3,West Indies,SO Dowrich,RL Chase,TS Roland-Jones,0,0,,,,,,"",""
ball,1,38.4,West Indies,SO Dowrich,RL Chase,TS Roland-Jones,0,0,,,,,,"",""
ball,1,38.5,West Indies,SO Dowrich,RL Chase,TS Roland-Jones,0,0,,,,,,"",""
ball,1,38.6,West Indies,SO Dowrich,RL Chase,TS Roland-Jones,0,0,,,,,,"",""
ball,1,39.1,West Indies,RL Chase,SO Dowrich,BA Stokes,0,0,,,,,,"",""
ball,1,39.2,West Indies,RL Chase,SO Dowrich,BA Stokes,0,0,,,,,,"",""
ball,1,39.3,West Indies,RL Chase,SO Dowrich,BA Stokes,0,0,,,,,,"",""
ball,1,39.4,West Indies,RL Chase,SO Dowrich,BA Stokes,0,0,,,,,,"",""
ball,1,39.5,West Indies,RL Chase,SO Dowrich,BA Stokes,0,0,,,,,,"",""
ball,1,39.6,West Indies,RL Chase,SO Dowrich,BA Stokes,0,1,,,,1,,"",""
ball,1,40.1,West Indies,RL Chase,SO Dowrich,TS Roland-Jones,0,0,,,,,,"",""
ball,1,40.2,West Indies,RL Chase,SO Dowrich,TS Roland-Jones,0,0,,,,,,"",""
ball,1,40.3,West Indies,RL Chase,SO Dowrich,TS Roland-Jones,0,0,,,,,,"",""
ball,1,40.4,West Indies,RL Chase,SO Dowrich,TS Roland-Jones,0,0,,,,,,"",""
ball,1,40.5,West Indies,RL Chase,SO Dowrich,TS Roland-Jones,4,0,,,,,,"",""
ball,1,40.6,West Indies,RL Chase,SO Dowrich,TS Roland-Jones,0,0,,,,,,"",""
ball,1,41.1,West Indies,SO Dowrich,RL Chase,BA Stokes,0,0,,,,,,"",""
ball,1,41.2,West Indies,SO Dowrich,RL Chase,BA Stokes,0,0,,,,,,"",""
ball,1,41.3,West Indies,SO Dowrich,RL Chase,BA Stokes,0,0,,,,,,"",""
ball,1,41.4,West Indies,SO Dowrich,RL Chase,BA Stokes,0,0,,,,,,"",""
ball,1,41.5,West Indies,SO Dowrich,RL Chase,BA Stokes,0,0,,,,,,"",""
ball,1,41.6,West Indies,SO Dowrich,RL Chase,BA Stokes,0,1,,1,,,,"",""
ball,1,41.7,West Indies,SO Dowrich,RL Chase,BA Stokes,0,0,,,,,,"",""
ball,1,42.1,West Indies,RL Chase,SO Dowrich,MM Ali,4,0,,,,,,"",""
ball,1,42.2,West Indies,RL Chase,SO Dowrich,MM Ali,0,0,,,,,,"",""
ball,1,42.3,West Indies,RL Chase,SO Dowrich,MM Ali,2,0,,,,,,"",""
ball,1,42.4,West Indies,RL Chase,SO Dowrich,MM Ali,0,0,,,,,,"",""
ball,1,42.5,West Indies,RL Chase,SO Dowrich,MM Ali,0,0,,,,,,"",""
ball,1,42.6,West Indies,RL Chase,SO Dowrich,MM Ali,0,0,,,,,,"",""
ball,1,43.1,West Indies,SO Dowrich,RL Chase,BA Stokes,1,0,,,,,,"",""
ball,1,43.2,West Indies,RL Chase,SO Dowrich,BA Stokes,0,0,,,,,,bowled,RL Chase
ball,1,43.3,West Indies,JO Holder,SO Dowrich,BA Stokes,1,0,,,,,,"",""
ball,1,43.4,West Indies,SO Dowrich,JO Holder,BA Stokes,0,0,,,,,,caught,SO Dowrich
ball,1,43.5,West Indies,D Bishoo,JO Holder,BA Stokes,0,0,,,,,,"",""
ball,1,43.6,West Indies,D Bishoo,JO Holder,BA Stokes,0,0,,,,,,"",""
ball,1,44.1,West Indies,JO Holder,D Bishoo,MM Ali,1,0,,,,,,"",""
ball,1,44.2,West Indies,D Bishoo,JO Holder,MM Ali,0,0,,,,,,"",""
ball,1,44.3,West Indies,D Bishoo,JO Holder,MM Ali,0,0,,,,,,"",""
ball,1,44.4,West Indies,D Bishoo,JO Holder,MM Ali,0,0,,,,,,"",""
ball,1,44.5,West Indies,D Bishoo,JO Holder,MM Ali,0,0,,,,,,"",""
ball,1,44.6,West Indies,D Bishoo,JO Holder,MM Ali,0,0,,,,,,"",""
ball,1,45.1,West Indies,JO Holder,D Bishoo,BA Stokes,0,0,,,,,,"",""
ball,1,45.2,West Indies,JO Holder,D Bishoo,BA Stokes,0,0,,,,,,"",""
ball,1,45.3,West Indies,JO Holder,D Bishoo,BA Stokes,0,0,,,,,,"",""
ball,1,45.4,West Indies,JO Holder,D Bishoo,BA Stokes,0,0,,,,,,"",""
ball,1,45.5,West Indies,JO Holder,D Bishoo,BA Stokes,0,0,,,,,,"",""
ball,1,45.6,West Indies,JO Holder,D Bishoo,BA Stokes,0,0,,,,,,"",""
ball,1,46.1,West Indies,D Bishoo,JO Holder,MM Ali,4,0,,,,,,"",""
ball,1,46.2,West Indies,D Bishoo,JO Holder,MM Ali,0,0,,,,,,"",""
ball,1,46.3,West Indies,D Bishoo,JO Holder,MM Ali,0,0,,,,,,"",""
ball,1,46.4,West Indies,D Bishoo,JO Holder,MM Ali,0,0,,,,,,"",""
ball,1,46.5,West Indies,D Bishoo,JO Holder,MM Ali,0,0,,,,,,"",""
ball,1,46.6,West Indies,D Bishoo,JO Holder,MM Ali,0,0,,,,,,"",""
ball,1,47.1,West Indies,JO Holder,D Bishoo,BA Stokes,0,0,,,,,,"",""
ball,1,47.2,West Indies,JO Holder,D Bishoo,BA Stokes,0,0,,,,,,"",""
ball,1,47.3,West Indies,JO Holder,D Bishoo,BA Stokes,0,0,,,,,,"",""
ball,1,47.4,West Indies,JO Holder,D Bishoo,BA Stokes,0,0,,,,,,"",""
ball,1,47.5,West Indies,JO Holder,D Bishoo,BA Stokes,1,0,,,,,,"",""
ball,1,47.6,West Indies,D Bishoo,JO Holder,BA Stokes,0,0,,,,,,"",""
ball,1,48.1,West Indies,JO Holder,D Bishoo,MM Ali,0,0,,,,,,"",""
ball,1,48.2,West Indies,JO Holder,D Bishoo,MM Ali,0,0,,,,,,"",""
ball,1,48.3,West Indies,JO Holder,D Bishoo,MM Ali,2,0,,,,,,"",""
ball,1,48.4,West Indies,JO Holder,D Bishoo,MM Ali,0,0,,,,,,"",""
ball,1,48.5,West Indies,JO Holder,D Bishoo,MM Ali,0,0,,,,,,"",""
ball,1,48.6,West Indies,JO Holder,D Bishoo,MM Ali,0,0,,,,,,"",""
ball,1,49.1,West Indies,D Bishoo,JO Holder,BA Stokes,0,0,,,,,,"",""
ball,1,49.2,West Indies,D Bishoo,JO Holder,BA Stokes,0,0,,,,,,"",""
ball,1,49.3,West Indies,D Bishoo,JO Holder,BA Stokes,0,1,,1,,,,"",""
ball,1,49.4,West Indies,D Bishoo,JO Holder,BA Stokes,4,0,,,,,,"",""
ball,1,49.5,West Indies,D Bishoo,JO Holder,BA Stokes,0,0,,,,,,"",""
ball,1,49.6,West Indies,D Bishoo,JO Holder,BA Stokes,0,0,,,,,,"",""
ball,1,49.7,West Indies,D Bishoo,JO Holder,BA Stokes,0,0,,,,,,"",""
ball,1,50.1,West Indies,JO Holder,D Bishoo,JM Anderson,0,0,,,,,,"",""
ball,1,50.2,West Indies,JO Holder,D Bishoo,JM Anderson,0,0,,,,,,"",""
ball,1,50.3,West Indies,JO Holder,D Bishoo,JM Anderson,0,0,,,,,,"",""
ball,1,50.4,West Indies,JO Holder,D Bishoo,JM Anderson,0,0,,,,,,"",""
ball,1,50.5,West Indies,JO Holder,D Bishoo,JM Anderson,0,0,,,,,,"",""
ball,1,50.6,West Indies,JO Holder,D Bishoo,JM Anderson,0,0,,,,,,"",""
ball,1,51.1,West Indies,D Bishoo,JO Holder,BA Stokes,0,0,,,,,,"",""
ball,1,51.2,West Indies,D Bishoo,JO Holder,BA Stokes,0,0,,,,,,"",""
ball,1,51.3,West Indies,D Bishoo,JO Holder,BA Stokes,0,0,,,,,,"",""
ball,1,51.4,West Indies,D Bishoo,JO Holder,BA Stokes,0,0,,,,,,"",""
ball,1,51.5,West Indies,D Bishoo,JO Holder,BA Stokes,1,0,,,,,,"",""
ball,1,51.6,West Indies,JO Holder,D Bishoo,BA Stokes,0,0,,,,,,"",""
ball,1,52.1,West Indies,D Bishoo,JO Holder,JM Anderson,0,0,,,,,,"",""
ball,1,52.2,West Indies,D Bishoo,JO Holder,JM Anderson,0,0,,,,,,"",""
ball,1,52.3,West Indies,D Bishoo,JO Holder,JM Anderson,0,0,,,,,,"",""
ball,1,52.4,West Indies,D Bishoo,JO Holder,JM Anderson,0,0,,,,,,"",""
ball,1,52.5,West Indies,D Bishoo,JO Holder,JM Anderson,0,0,,,,,,"",""
ball,1,52.6,West Indies,D Bishoo,JO Holder,JM Anderson,0,0,,,,,,"",""
ball,1,53.1,West Indies,JO Holder,D Bishoo,BA Stokes,0,0,,,,,,"",""
ball,1,53.2,West Indies,JO Holder,D Bishoo,BA Stokes,0,0,,,,,,"",""
ball,1,53.3,West Indies,JO Holder,D Bishoo,BA Stokes,4,0,,,,,,"",""
ball,1,53.4,West Indies,JO Holder,D Bishoo,BA Stokes,0,0,,,,,,"",""
ball,1,53.5,West Indies,JO Holder,D Bishoo,BA Stokes,0,0,,,,,,"",""
ball,1,53.6,West Indies,JO Holder,D Bishoo,BA Stokes,0,0,,,,,,"",""
ball,1,54.1,West Indies,D Bishoo,JO Holder,JM Anderson,0,0,,,,,,"",""
ball,1,54.2,West Indies,D Bishoo,JO Holder,JM Anderson,0,0,,,,,,"",""
ball,1,54.3,West Indies,D Bishoo,JO Holder,JM Anderson,0,0,,,,,,"",""
ball,1,54.4,West Indies,D Bishoo,JO Holder,JM Anderson,0,0,,,,,,"",""
ball,1,54.5,West Indies,D Bishoo,JO Holder,JM Anderson,0,0,,,,,,"",""
ball,1,54.6,West Indies,D Bishoo,JO Holder,JM Anderson,0,0,,,,,,"",""
ball,1,55.1,West Indies,JO Holder,D Bishoo,BA Stokes,0,0,,,,,,"",""
ball,1,55.2,West Indies,JO Holder,D Bishoo,BA Stokes,0,0,,,,,,"",""
ball,1,55.3,West Indies,JO Holder,D Bishoo,BA Stokes,0,0,,,,,,"",""
ball,1,55.4,West Indies,JO Holder,D Bishoo,BA Stokes,0,0,,,,,,bowled,JO Holder
ball,1,55.5,West Indies,KAJ Roach,D Bishoo,BA Stokes,0,0,,,,,,"",""
ball,1,55.6,West Indies,KAJ Roach,D Bishoo,BA Stokes,0,0,,,,,,"",""
ball,1,56.1,West Indies,D Bishoo,KAJ Roach,JM Anderson,4,0,,,,,,"",""
ball,1,56.2,West Indies,D Bishoo,KAJ Roach,JM Anderson,0,0,,,,,,"",""
ball,1,56.3,West Indies,D Bishoo,KAJ Roach,JM Anderson,0,0,,,,,,"",""
ball,1,56.4,West Indies,D Bishoo,KAJ Roach,JM Anderson,0,0,,,,,,"",""
ball,1,56.5,West Indies,D Bishoo,KAJ Roach,JM Anderson,0,0,,,,,,"",""
ball,1,56.6,West Indies,D Bishoo,KAJ Roach,JM Anderson,0,0,,,,,,"",""
ball,1,57.1,West Indies,KAJ Roach,D Bishoo,BA Stokes,0,0,,,,,,"",""
ball,1,57.2,West Indies,KAJ Roach,D Bishoo,BA Stokes,0,0,,,,,,caught,KAJ Roach
ball,1,57.3,West Indies,ST Gabriel,D Bishoo,BA Stokes,0,0,,,,,,bowled,ST Gabriel
ball,2,0.1,England,AN Cook,MD Stoneman,KAJ Roach,0,0,,,,,,"",""
ball,2,0.2,England,AN Cook,MD Stoneman,KAJ Roach,0,0,,,,,,"",""
ball,2,0.3,England,AN Cook,MD Stoneman,KAJ Roach,0,0,,,,,,"",""
ball,2,0.4,England,AN Cook,MD Stoneman,KAJ Roach,0,0,,,,,,"",""
ball,2,0.5,England,AN Cook,MD Stoneman,KAJ Roach,0,0,,,,,,"",""
ball,2,0.6,England,AN Cook,MD Stoneman,KAJ Roach,0,0,,,,,,"",""
ball,2,1.1,England,MD Stoneman,AN Cook,ST Gabriel,1,0,,,,,,"",""
ball,2,1.2,England,AN Cook,MD Stoneman,ST Gabriel,0,0,,,,,,"",""
ball,2,1.3,England,AN Cook,MD Stoneman,ST Gabriel,0,0,,,,,,"",""
ball,2,1.4,England,AN Cook,MD Stoneman,ST Gabriel,0,0,,,,,,"",""
ball,2,1.5,England,AN Cook,MD Stoneman,ST Gabriel,0,0,,,,,,"",""
ball,2,1.6,England,AN Cook,MD Stoneman,ST Gabriel,0,0,,,,,,"",""
ball,2,2.1,England,MD Stoneman,AN Cook,KAJ Roach,0,0,,,,,,"",""
ball,2,2.2,England,MD Stoneman,AN Cook,KAJ Roach,0,0,,,,,,"",""
ball,2,2.3,England,MD Stoneman,AN Cook,KAJ Roach,0,0,,,,,,"",""
ball,2,2.4,England,MD Stoneman,AN Cook,KAJ Roach,0,0,,,,,,caught,MD Stoneman
ball,2,2.5,England,T Westley,AN Cook,KAJ Roach,0,0,,,,,,"",""
ball,2,2.6,England,T Westley,AN Cook,KAJ Roach,0,0,,,,,,"",""
ball,2,3.1,England,AN Cook,T Westley,ST Gabriel,0,0,,,,,,"",""
ball,2,3.2,England,AN Cook,T Westley,ST Gabriel,0,0,,,,,,"",""
ball,2,3.3,England,AN Cook,T Westley,ST Gabriel,1,0,,,,,,"",""
ball,2,3.4,England,T Westley,AN Cook,ST Gabriel,0,0,,,,,,"",""
ball,2,3.5,England,T Westley,AN Cook,ST Gabriel,0,0,,,,,,"",""
ball,2,3.6,England,T Westley,AN Cook,ST Gabriel,0,0,,,,,,"",""
ball,2,4.1,England,AN Cook,T Westley,KAJ Roach,0,0,,,,,,"",""
ball,2,4.2,England,AN Cook,T Westley,KAJ Roach,0,0,,,,,,"",""
ball,2,4.3,England,AN Cook,T Westley,KAJ Roach,4,0,,,,,,"",""
ball,2,4.4,England,AN Cook,T Westley,KAJ Roach,0,0,,,,,,"",""
ball,2,4.5,England,AN Cook,T Westley,KAJ Roach,0,0,,,,,,"",""
ball,2,4.6,England,AN Cook,T Westley,KAJ Roach,1,0,,,,,,"",""
ball,2,5.1,England,AN Cook,T Westley,ST Gabriel,0,0,,,,,,"",""
ball,2,5.2,England,AN Cook,T Westley,ST Gabriel,0,0,,,,,,"",""
ball,2,5.3,England,AN Cook,T Westley,ST Gabriel,0,0,,,,,,"",""
ball,2,5.4,England,AN Cook,T Westley,ST Gabriel,0,0,,,,,,"",""
ball,2,5.5,England,AN Cook,T Westley,ST Gabriel,0,0,,,,,,"",""
ball,2,5.6,England,AN Cook,T Westley,ST Gabriel,0,0,,,,,,"",""
ball,2,6.1,England,T Westley,AN Cook,KAJ Roach,0,0,,,,,,"",""
ball,2,6.2,England,T Westley,AN Cook,KAJ Roach,0,0,,,,,,"",""
ball,2,6.3,England,T Westley,AN Cook,KAJ Roach,1,0,,,,,,"",""
ball,2,6.4,England,AN Cook,T Westley,KAJ Roach,0,0,,,,,,"",""
ball,2,6.5,England,AN Cook,T Westley,KAJ Roach,0,0,,,,,,"",""
ball,2,6.6,England,AN Cook,T Westley,KAJ Roach,0,0,,,,,,"",""
ball,2,7.1,England,T Westley,AN Cook,ST Gabriel,2,0,,,,,,"",""
ball,2,7.2,England,T Westley,AN Cook,ST Gabriel,0,0,,,,,,"",""
ball,2,7.3,England,T Westley,AN Cook,ST Gabriel,0,0,,,,,,"",""
ball,2,7.4,England,T Westley,AN Cook,ST Gabriel,0,0,,,,,,"",""
ball,2,7.5,England,T Westley,AN Cook,ST Gabriel,0,0,,,,,,"",""
ball,2,7.6,England,T Westley,AN Cook,ST Gabriel,0,0,,,,,,"",""
ball,2,8.1,England,AN Cook,T Westley,JO Holder,0,0,,,,,,"",""
ball,2,8.2,England,AN Cook,T Westley,JO Holder,2,0,,,,,,"",""
ball,2,8.3,England,AN Cook,T Westley,JO Holder,0,0,,,,,,"",""
ball,2,8.4,England,AN Cook,T Westley,JO Holder,0,0,,,,,,"",""
ball,2,8.5,England,AN Cook,T Westley,JO Holder,0,0,,,,,,"",""
ball,2,8.6,England,AN Cook,T Westley,JO Holder,0,0,,,,,,"",""
ball,2,9.1,England,T Westley,AN Cook,ST Gabriel,0,0,,,,,,"",""
ball,2,9.2,England,T Westley,AN Cook,ST Gabriel,0,0,,,,,,"",""
ball,2,9.3,England,T Westley,AN Cook,ST Gabriel,0,0,,,,,,"",""
ball,2,9.4,England,T Westley,AN Cook,ST Gabriel,1,0,,,,,,"",""
ball,2,9.5,England,AN Cook,T Westley,ST Gabriel,0,0,,,,,,"",""
ball,2,9.6,England,AN Cook,T Westley,ST Gabriel,2,0,,,,,,"",""
ball,2,10.1,England,T Westley,AN Cook,JO Holder,0,0,,,,,,"",""
ball,2,10.2,England,T Westley,AN Cook,JO Holder,0,0,,,,,,"",""
ball,2,10.3,England,T Westley,AN Cook,JO Holder,0,0,,,,,,"",""
ball,2,10.4,England,T Westley,AN Cook,JO Holder,0,0,,,,,,"",""
ball,2,10.5,England,T Westley,AN Cook,JO Holder,0,0,,,,,,"",""
ball,2,10.6,England,T Westley,AN Cook,JO Holder,0,0,,,,,,"",""
ball,2,11.1,England,AN Cook,T Westley,KAJ Roach,0,0,,,,,,"",""
ball,2,11.2,England,AN Cook,T Westley,KAJ Roach,0,0,,,,,,"",""
ball,2,11.3,England,AN Cook,T Westley,KAJ Roach,0,0,,,,,,"",""
ball,2,11.4,England,AN Cook,T Westley,KAJ Roach,0,0,,,,,,"",""
ball,2,11.5,England,AN Cook,T Westley,KAJ Roach,0,0,,,,,,"",""
ball,2,11.6,England,AN Cook,T Westley,KAJ Roach,0,0,,,,,,caught,AN Cook
ball,2,12.1,England,T Westley,JE Root,JO Holder,0,0,,,,,,"",""
ball,2,12.2,England,T Westley,JE Root,JO Holder,0,0,,,,,,"",""
ball,2,12.3,England,T Westley,JE Root,JO Holder,4,0,,,,,,"",""
ball,2,12.4,England,T Westley,JE Root,JO Holder,0,0,,,,,,"",""
ball,2,12.5,England,T Westley,JE Root,JO Holder,0,0,,,,,,"",""
ball,2,12.6,England,T Westley,JE Root,JO Holder,0,0,,,,,,lbw,T Westley
ball,2,13.1,England,JE Root,DJ Malan,KAJ Roach,1,0,,,,,,"",""
ball,2,13.2,England,DJ Malan,JE Root,KAJ Roach,0,0,,,,,,"",""
ball,2,13.3,England,DJ Malan,JE Root,KAJ Roach,4,0,,,,,,"",""
ball,2,13.4,England,DJ Malan,JE Root,KAJ Roach,0,0,,,,,,"",""
ball,2,13.5,England,DJ Malan,JE Root,KAJ Roach,0,0,,,,,,"",""
ball,2,13.6,England,DJ Malan,JE Root,KAJ Roach,0,0,,,,,,"",""
ball,2,14.1,England,JE Root,DJ Malan,JO Holder,0,0,,,,,,caught,JE Root
ball,2,14.2,England,BA Stokes,DJ Malan,JO Holder,0,0,,,,,,"",""
ball,2,14.3,England,BA Stokes,DJ Malan,JO Holder,1,0,,,,,,"",""
ball,2,14.4,England,DJ Malan,BA Stokes,JO Holder,0,0,,,,,,"",""
ball,2,14.5,England,DJ Malan,BA Stokes,JO Holder,0,0,,,,,,"",""
ball,2,14.6,England,DJ Malan,BA Stokes,JO Holder,0,0,,,,,,"",""
ball,2,15.1,England,BA Stokes,DJ Malan,KAJ Roach,0,0,,,,,,"",""
ball,2,15.2,England,BA Stokes,DJ Malan,KAJ Roach,0,0,,,,,,"",""
ball,2,15.3,England,BA Stokes,DJ Malan,KAJ Roach,4,0,,,,,,"",""
ball,2,15.4,England,BA Stokes,DJ Malan,KAJ Roach,4,0,,,,,,"",""
ball,2,15.5,England,BA Stokes,DJ Malan,KAJ Roach,0,0,,,,,,"",""
ball,2,15.6,England,BA Stokes,DJ Malan,KAJ Roach,0,0,,,,,,"",""
ball,2,16.1,England,DJ Malan,BA Stokes,JO Holder,0,0,,,,,,"",""
ball,2,16.2,England,DJ Malan,BA Stokes,JO Holder,4,0,,,,,,"",""
ball,2,16.3,England,DJ Malan,BA Stokes,JO Holder,0,0,,,,,,"",""
ball,2,16.4,England,DJ Malan,BA Stokes,JO Holder,0,0,,,,,,"",""
ball,2,16.5,England,DJ Malan,BA Stokes,JO Holder,3,0,,,,,,"",""
ball,2,16.6,England,BA Stokes,DJ Malan,JO Holder,0,0,,,,,,"",""
ball,2,17.1,England,DJ Malan,BA Stokes,KAJ Roach,0,0,,,,,,"",""
ball,2,17.2,England,DJ Malan,BA Stokes,KAJ Roach,0,0,,,,,,"",""
ball,2,17.3,England,DJ Malan,BA Stokes,KAJ Roach,0,0,,,,,,"",""
ball,2,17.4,England,DJ Malan,BA Stokes,KAJ Roach,2,0,,,,,,"",""
ball,2,17.5,England,DJ Malan,BA Stokes,KAJ Roach,0,0,,,,,,"",""
ball,2,17.6,England,DJ Malan,BA Stokes,KAJ Roach,0,0,,,,,,"",""
ball,2,18.1,England,BA Stokes,DJ Malan,JO Holder,0,0,,,,,,"",""
ball,2,18.2,England,BA Stokes,DJ Malan,JO Holder,0,0,,,,,,"",""
ball,2,18.3,England,BA Stokes,DJ Malan,JO Holder,0,0,,,,,,"",""
ball,2,18.4,England,BA Stokes,DJ Malan,JO Holder,4,0,,,,,,"",""
ball,2,18.5,England,BA Stokes,DJ Malan,JO Holder,0,0,,,,,,"",""
ball,2,18.6,England,BA Stokes,DJ Malan,JO Holder,0,0,,,,,,"",""
ball,2,19.1,England,DJ Malan,BA Stokes,ST Gabriel,0,0,,,,,,"",""
ball,2,19.2,England,DJ Malan,BA Stokes,ST Gabriel,2,0,,,,,,"",""
ball,2,19.3,England,DJ Malan,BA Stokes,ST Gabriel,0,0,,,,,,"",""
ball,2,19.4,England,DJ Malan,BA Stokes,ST Gabriel,0,0,,,,,,"",""
ball,2,19.5,England,DJ Malan,BA Stokes,ST Gabriel,0,0,,,,,,"",""
ball,2,19.6,England,DJ Malan,BA Stokes,ST Gabriel,4,0,,,,,,"",""
ball,2,20.1,England,BA Stokes,DJ Malan,KAJ Roach,0,0,,,,,,"",""
ball,2,20.2,England,BA Stokes,DJ Malan,KAJ Roach,0,0,,,,,,"",""
ball,2,20.3,England,BA Stokes,DJ Malan,KAJ Roach,0,0,,,,,,"",""
ball,2,20.4,England,BA Stokes,DJ Malan,KAJ Roach,4,0,,,,,,"",""
ball,2,20.5,England,BA Stokes,DJ Malan,KAJ Roach,0,0,,,,,,"",""
ball,2,20.6,England,BA Stokes,DJ Malan,KAJ Roach,1,0,,,,,,"",""
ball,2,21.1,England,BA Stokes,DJ Malan,ST Gabriel,0,0,,,,,,"",""
ball,2,21.2,England,BA Stokes,DJ Malan,ST Gabriel,0,0,,,,,,"",""
ball,2,21.3,England,BA Stokes,DJ Malan,ST Gabriel,1,0,,,,,,"",""
ball,2,21.4,England,DJ Malan,BA Stokes,ST Gabriel,0,0,,,,,,"",""
ball,2,21.5,England,DJ Malan,BA Stokes,ST Gabriel,1,0,,,,,,"",""
ball,2,21.6,England,BA Stokes,DJ Malan,ST Gabriel,4,0,,,,,,"",""
ball,2,22.1,England,DJ Malan,BA Stokes,KAJ Roach,0,0,,,,,,"",""
ball,2,22.2,England,DJ Malan,BA Stokes,KAJ Roach,0,0,,,,,,"",""
ball,2,22.3,England,DJ Malan,BA Stokes,KAJ Roach,0,0,,,,,,"",""
ball,2,22.4,England,DJ Malan,BA Stokes,KAJ Roach,0,0,,,,,,caught,DJ Malan
ball,2,22.5,England,JM Bairstow,BA Stokes,KAJ Roach,0,0,,,,,,"",""
ball,2,22.6,England,JM Bairstow,BA Stokes,KAJ Roach,0,0,,,,,,"",""
ball,2,23.1,England,BA Stokes,JM Bairstow,ST Gabriel,1,0,,,,,,"",""
ball,2,23.2,England,JM Bairstow,BA Stokes,ST Gabriel,0,0,,,,,,"",""
ball,2,23.3,England,JM Bairstow,BA Stokes,ST Gabriel,1,0,,,,,,"",""
ball,2,23.4,England,BA Stokes,JM Bairstow,ST Gabriel,0,0,,,,,,"",""
ball,2,23.5,England,BA Stokes,JM Bairstow,ST Gabriel,4,0,,,,,,"",""
ball,2,23.6,England,BA Stokes,JM Bairstow,ST Gabriel,0,1,,1,,,,"",""
ball,2,23.7,England,BA Stokes,JM Bairstow,ST Gabriel,0,0,,,,,,"",""
ball,2,24.1,England,JM Bairstow,BA Stokes,KAJ Roach,0,0,,,,,,"",""
ball,2,24.2,England,JM Bairstow,BA Stokes,KAJ Roach,0,0,,,,,,"",""
ball,2,24.3,England,JM Bairstow,BA Stokes,KAJ Roach,0,0,,,,,,"",""
ball,2,24.4,England,JM Bairstow,BA Stokes,KAJ Roach,0,2,,,,2,,"",""
ball,2,24.5,England,JM Bairstow,BA Stokes,KAJ Roach,0,0,,,,,,"",""
ball,2,24.6,England,JM Bairstow,BA Stokes,KAJ Roach,0,0,,,,,,"",""
ball,2,25.1,England,BA Stokes,JM Bairstow,ST Gabriel,0,0,,,,,,"",""
ball,2,25.2,England,BA Stokes,JM Bairstow,ST Gabriel,1,0,,,,,,"",""
ball,2,25.3,England,JM Bairstow,BA Stokes,ST Gabriel,0,0,,,,,,"",""
ball,2,25.4,England,JM Bairstow,BA Stokes,ST Gabriel,0,0,,,,,,"",""
ball,2,25.5,England,JM Bairstow,BA Stokes,ST Gabriel,2,0,,,,,,"",""
ball,2,25.6,England,JM Bairstow,BA Stokes,ST Gabriel,0,0,,,,,,"",""
ball,2,26.1,England,BA Stokes,JM Bairstow,KAJ Roach,4,0,,,,,,"",""
ball,2,26.2,England,BA Stokes,JM Bairstow,KAJ Roach,0,0,,,,,,"",""
ball,2,26.3,England,BA Stokes,JM Bairstow,KAJ Roach,0,0,,,,,,"",""
ball,2,26.4,England,BA Stokes,JM Bairstow,KAJ Roach,0,0,,,,,,"",""
ball,2,26.5,England,BA Stokes,JM Bairstow,KAJ Roach,0,0,,,,,,"",""
ball,2,26.6,England,BA Stokes,JM Bairstow,KAJ Roach,0,0,,,,,,"",""
ball,2,27.1,England,JM Bairstow,BA Stokes,ST Gabriel,0,0,,,,,,"",""
ball,2,27.2,England,JM Bairstow,BA Stokes,ST Gabriel,0,0,,,,,,"",""
ball,2,27.3,England,JM Bairstow,BA Stokes,ST Gabriel,0,0,,,,,,"",""
ball,2,27.4,England,JM Bairstow,BA Stokes,ST Gabriel,4,0,,,,,,"",""
ball,2,27.5,England,JM Bairstow,BA Stokes,ST Gabriel,0,0,,,,,,"",""
ball,2,27.6,England,JM Bairstow,BA Stokes,ST Gabriel,0,1,,1,,,,"",""
ball,2,27.7,England,JM Bairstow,BA Stokes,ST Gabriel,2,0,,,,,,"",""
ball,2,28.1,England,BA Stokes,JM Bairstow,JO Holder,0,0,,,,,,"",""
ball,2,28.2,England,BA Stokes,JM Bairstow,JO Holder,1,0,,,,,,"",""
ball,2,28.3,England,JM Bairstow,BA Stokes,JO Holder,0,0,,,,,,"",""
ball,2,28.4,England,JM Bairstow,BA Stokes,JO Holder,0,0,,,,,,"",""
ball,2,28.5,England,JM Bairstow,BA Stokes,JO Holder,2,0,,,,,,"",""
ball,2,28.6,England,JM Bairstow,BA Stokes,JO Holder,0,0,,,,,,"",""
ball,2,29.1,England,BA Stokes,JM Bairstow,KAJ Roach,1,0,,,,,,"",""
ball,2,29.2,England,JM Bairstow,BA Stokes,KAJ Roach,0,0,,,,,,"",""
ball,2,29.3,England,JM Bairstow,BA Stokes,KAJ Roach,0,0,,,,,,"",""
ball,2,29.4,England,JM Bairstow,BA Stokes,KAJ Roach,0,0,,,,,,"",""
ball,2,29.5,England,JM Bairstow,BA Stokes,KAJ Roach,0,0,,,,,,"",""
ball,2,29.6,England,JM Bairstow,BA Stokes,KAJ Roach,0,0,,,,,,"",""
ball,2,30.1,England,BA Stokes,JM Bairstow,JO Holder,4,0,,,,,,"",""
ball,2,30.2,England,BA Stokes,JM Bairstow,JO Holder,0,0,,,,,,"",""
ball,2,30.3,England,BA Stokes,JM Bairstow,JO Holder,1,0,,,,,,"",""
ball,2,30.4,England,JM Bairstow,BA Stokes,JO Holder,4,0,,,,,,"",""
ball,2,30.5,England,JM Bairstow,BA Stokes,JO Holder,0,0,,,,,,"",""
ball,2,30.6,England,JM Bairstow,BA Stokes,JO Holder,0,0,,,,,,"",""
ball,2,31.1,England,BA Stokes,JM Bairstow,KAJ Roach,0,0,,,,,,"",""
ball,2,31.2,England,BA Stokes,JM Bairstow,KAJ Roach,0,0,,,,,,"",""
ball,2,31.3,England,BA Stokes,JM Bairstow,KAJ Roach,4,0,,,,,,"",""
ball,2,31.4,England,BA Stokes,JM Bairstow,KAJ Roach,1,0,,,,,,"",""
ball,2,31.5,England,JM Bairstow,BA Stokes,KAJ Roach,0,0,,,,,,"",""
ball,2,31.6,England,JM Bairstow,BA Stokes,KAJ Roach,0,0,,,,,,"",""
ball,2,32.1,England,BA Stokes,JM Bairstow,JO Holder,0,0,,,,,,"",""
ball,2,32.2,England,BA Stokes,JM Bairstow,JO Holder,4,0,,,,,,"",""
ball,2,32.3,England,BA Stokes,JM Bairstow,JO Holder,1,0,,,,,,"",""
ball,2,32.4,England,JM Bairstow,BA Stokes,JO Holder,0,0,,,,,,"",""
ball,2,32.5,England,JM Bairstow,BA Stokes,JO Holder,0,0,,,,,,"",""
ball,2,32.6,England,JM Bairstow,BA Stokes,JO Holder,0,0,,,,,,"",""
ball,2,33.1,England,BA Stokes,JM Bairstow,KAJ Roach,0,0,,,,,,"",""
ball,2,33.2,England,BA Stokes,JM Bairstow,KAJ Roach,0,0,,,,,,"",""
ball,2,33.3,England,BA Stokes,JM Bairstow,KAJ Roach,0,0,,,,,,"",""
ball,2,33.4,England,BA Stokes,JM Bairstow,KAJ Roach,0,0,,,,,,"",""
ball,2,33.5,England,BA Stokes,JM Bairstow,KAJ Roach,1,0,,,,,,"",""
ball,2,33.6,England,JM Bairstow,BA Stokes,KAJ Roach,0,0,,,,,,"",""
ball,2,34.1,England,BA Stokes,JM Bairstow,JO Holder,0,0,,,,,,"",""
ball,2,34.2,England,BA Stokes,JM Bairstow,JO Holder,0,0,,,,,,"",""
ball,2,34.3,England,BA Stokes,JM Bairstow,JO Holder,1,0,,,,,,"",""
ball,2,34.4,England,JM Bairstow,BA Stokes,JO Holder,0,1,,1,,,,"",""
ball,2,34.5,England,JM Bairstow,BA Stokes,JO Holder,0,0,,,,,,"",""
ball,2,34.6,England,JM Bairstow,BA Stokes,JO Holder,0,0,,,,,,"",""
ball,2,34.7,England,JM Bairstow,BA Stokes,JO Holder,1,0,,,,,,"",""
ball,2,35.1,England,JM Bairstow,BA Stokes,KAJ Roach,1,0,,,,,,"",""
ball,2,35.2,England,BA Stokes,JM Bairstow,KAJ Roach,1,0,,,,,,"",""
ball,2,35.3,England,JM Bairstow,BA Stokes,KAJ Roach,0,0,,,,,,"",""
ball,2,35.4,England,JM Bairstow,BA Stokes,KAJ Roach,0,0,,,,,,"",""
ball,2,35.5,England,JM Bairstow,BA Stokes,KAJ Roach,4,0,,,,,,"",""
ball,2,35.6,England,JM Bairstow,BA Stokes,KAJ Roach,0,0,,,,,,lbw,JM Bairstow
ball,2,36.1,England,BA Stokes,MM Ali,ST Gabriel,0,0,,,,,,"",""
ball,2,36.2,England,BA Stokes,MM Ali,ST Gabriel,0,0,,,,,,"",""
ball,2,36.3,England,BA Stokes,MM Ali,ST Gabriel,0,0,,,,,,"",""
ball,2,36.4,England,BA Stokes,MM Ali,ST Gabriel,0,0,,,,,,"",""
ball,2,36.5,England,BA Stokes,MM Ali,ST Gabriel,2,0,,,,,,"",""
ball,2,36.6,England,BA Stokes,MM Ali,ST Gabriel,1,0,,,,,,"",""
ball,2,37.1,England,BA Stokes,MM Ali,KAJ Roach,1,0,,,,,,"",""
ball,2,37.2,England,MM Ali,BA Stokes,KAJ Roach,0,0,,,,,,"",""
ball,2,37.3,England,MM Ali,BA Stokes,KAJ Roach,0,0,,,,,,"",""
ball,2,37.4,England,MM Ali,BA Stokes,KAJ Roach,1,0,,,,,,"",""
ball,2,37.5,England,BA Stokes,MM Ali,KAJ Roach,1,0,,,,,,"",""
ball,2,37.6,England,MM Ali,BA Stokes,KAJ Roach,0,0,,,,,,"",""
ball,2,38.1,England,BA Stokes,MM Ali,ST Gabriel,0,0,,,,,,"",""
ball,2,38.2,England,BA Stokes,MM Ali,ST Gabriel,0,0,,,,,,"",""
ball,2,38.3,England,BA Stokes,MM Ali,ST Gabriel,2,0,,,,,,"",""
ball,2,38.4,England,BA Stokes,MM Ali,ST Gabriel,0,1,,1,,,,"",""
ball,2,38.5,England,BA Stokes,MM Ali,ST Gabriel,0,0,,,,,,"",""
ball,2,38.6,England,BA Stokes,MM Ali,ST Gabriel,0,0,,,,,,bowled,BA Stokes
ball,2,38.7,England,TS Roland-Jones,MM Ali,ST Gabriel,0,0,,,,,,"",""
ball,2,39.1,England,MM Ali,TS Roland-Jones,KAJ Roach,0,0,,,,,,"",""
ball,2,39.2,England,MM Ali,TS Roland-Jones,KAJ Roach,0,0,,,,,,"",""
ball,2,39.3,England,MM Ali,TS Roland-Jones,KAJ Roach,0,0,,,,,,"",""
ball,2,39.4,England,MM Ali,TS Roland-Jones,KAJ Roach,0,0,,,,,,"",""
ball,2,39.5,England,MM Ali,TS Roland-Jones,KAJ Roach,1,0,,,,,,"",""
ball,2,39.6,England,TS Roland-Jones,MM Ali,KAJ Roach,0,0,,,,,,"",""
ball,2,40.1,England,MM Ali,TS Roland-Jones,ST Gabriel,1,0,,,,,,"",""
ball,2,40.2,England,TS Roland-Jones,MM Ali,ST Gabriel,0,0,,,,,,"",""
ball,2,40.3,England,TS Roland-Jones,MM Ali,ST Gabriel,0,0,,,,,,"",""
ball,2,40.4,England,TS Roland-Jones,MM Ali,ST Gabriel,0,0,,,,,,"",""
ball,2,40.5,England,TS Roland-Jones,MM Ali,ST Gabriel,4,0,,,,,,"",""
ball,2,40.6,England,TS Roland-Jones,MM Ali,ST Gabriel,0,0,,,,,,"",""
ball,2,41.1,England,MM Ali,TS Roland-Jones,KAJ Roach,0,0,,,,,,"",""
ball,2,41.2,England,MM Ali,TS Roland-Jones,KAJ Roach,0,0,,,,,,"",""
ball,2,41.3,England,MM Ali,TS Roland-Jones,KAJ Roach,0,0,,,,,,caught,MM Ali
ball,2,41.4,England,SCJ Broad,TS Roland-Jones,KAJ Roach,0,0,,,,,,"",""
ball,2,41.5,England,SCJ Broad,TS Roland-Jones,KAJ Roach,0,0,,,,,,"",""
ball,2,41.6,England,SCJ Broad,TS Roland-Jones,KAJ Roach,0,0,,,,,,"",""
ball,2,42.1,England,TS Roland-Jones,SCJ Broad,ST Gabriel,1,0,,,,,,"",""
ball,2,42.2,England,SCJ Broad,TS Roland-Jones,ST Gabriel,0,0,,,,,,"",""
ball,2,42.3,England,SCJ Broad,TS Roland-Jones,ST Gabriel,0,1,,,,1,,"",""
ball,2,42.4,England,TS Roland-Jones,SCJ Broad,ST Gabriel,1,0,,,,,,"",""
ball,2,42.5,England,SCJ Broad,TS Roland-Jones,ST Gabriel,2,0,,,,,,"",""
ball,2,42.6,England,SCJ Broad,TS Roland-Jones,ST Gabriel,0,1,,1,,,,"",""
ball,2,42.7,England,SCJ Broad,TS Roland-Jones,ST Gabriel,1,0,,,,,,"",""
ball,2,43.1,England,SCJ Broad,TS Roland-Jones,KAJ Roach,0,0,,,,,,"",""
ball,2,43.2,England,SCJ Broad,TS Roland-Jones,KAJ Roach,0,0,,,,,,"",""
ball,2,43.3,England,SCJ Broad,TS Roland-Jones,KAJ Roach,0,0,,,,,,"",""
ball,2,43.4,England,SCJ Broad,TS Roland-Jones,KAJ Roach,0,0,,,,,,"",""
ball,2,43.5,England,SCJ Broad,TS Roland-Jones,KAJ Roach,0,0,,,,,,"",""
ball,2,43.6,England,SCJ Broad,TS Roland-Jones,KAJ Roach,0,0,,,,,,"",""
ball,2,44.1,England,TS Roland-Jones,SCJ Broad,ST Gabriel,0,0,,,,,,"",""
ball,2,44.2,England,TS Roland-Jones,SCJ Broad,ST Gabriel,0,0,,,,,,"",""
ball,2,44.3,England,TS Roland-Jones,SCJ Broad,ST Gabriel,1,1,,1,,,,"",""
ball,2,44.4,England,SCJ Broad,TS Roland-Jones,ST Gabriel,4,0,,,,,,"",""
ball,2,44.5,England,SCJ Broad,TS Roland-Jones,ST Gabriel,0,1,,1,,,,"",""
ball,2,44.6,England,SCJ Broad,TS Roland-Jones,ST Gabriel,0,0,,,,,,"",""
ball,2,44.7,England,SCJ Broad,TS Roland-Jones,ST Gabriel,0,0,,,,,,"",""
ball,2,44.8,England,SCJ Broad,TS Roland-Jones,ST Gabriel,4,0,,,,,,"",""
ball,2,45.1,England,TS Roland-Jones,SCJ Broad,KAJ Roach,0,0,,,,,,"",""
ball,2,45.2,England,TS Roland-Jones,SCJ Broad,KAJ Roach,0,0,,,,,,"",""
ball,2,45.3,England,TS Roland-Jones,SCJ Broad,KAJ Roach,0,0,,,,,,"",""
ball,2,45.4,England,TS Roland-Jones,SCJ Broad,KAJ Roach,4,0,,,,,,"",""
ball,2,45.5,England,TS Roland-Jones,SCJ Broad,KAJ Roach,2,0,,,,,,"",""
ball,2,45.6,England,TS Roland-Jones,SCJ Broad,KAJ Roach,0,0,,,,,,"",""
ball,2,46.1,England,SCJ Broad,TS Roland-Jones,JO Holder,0,0,,,,,,"",""
ball,2,46.2,England,SCJ Broad,TS Roland-Jones,JO Holder,0,0,,,,,,"",""
ball,2,46.3,England,SCJ Broad,TS Roland-Jones,JO Holder,0,0,,,,,,"",""
ball,2,46.4,England,SCJ Broad,TS Roland-Jones,JO Holder,4,0,,,,,,"",""
ball,2,46.5,England,SCJ Broad,TS Roland-Jones,JO Holder,1,0,,,,,,"",""
ball,2,46.6,England,TS Roland-Jones,SCJ Broad,JO Holder,0,0,,,,,,"",""
ball,2,47.1,England,SCJ Broad,TS Roland-Jones,KAJ Roach,0,0,,,,,,"",""
ball,2,47.2,England,SCJ Broad,TS Roland-Jones,KAJ Roach,0,0,,,,,,"",""
ball,2,47.3,England,SCJ Broad,TS Roland-Jones,KAJ Roach,0,0,,,,,,"",""
ball,2,47.4,England,SCJ Broad,TS Roland-Jones,KAJ Roach,0,0,,,,,,"",""
ball,2,47.5,England,SCJ Broad,TS Roland-Jones,KAJ Roach,0,0,,,,,,"",""
ball,2,47.6,England,SCJ Broad,TS Roland-Jones,KAJ Roach,0,0,,,,,,"",""
ball,2,48.1,England,TS Roland-Jones,SCJ Broad,JO Holder,0,0,,,,,,"",""
ball,2,48.2,England,TS Roland-Jones,SCJ Broad,JO Holder,0,0,,,,,,"",""
ball,2,48.3,England,TS Roland-Jones,SCJ Broad,JO Holder,0,0,,,,,,caught,TS Roland-Jones
ball,2,48.4,England,JM Anderson,SCJ Broad,JO Holder,1,0,,,,,,"",""
ball,2,48.5,England,SCJ Broad,JM Anderson,JO Holder,0,0,,,,,,"",""
ball,2,48.6,England,SCJ Broad,JM Anderson,JO Holder,1,0,,,,,,"",""
ball,2,49.1,England,SCJ Broad,JM Anderson,KAJ Roach,2,0,,,,,,"",""
ball,2,49.2,England,SCJ Broad,JM Anderson,KAJ Roach,0,0,,,,,,"",""
ball,2,49.3,England,SCJ Broad,JM Anderson,KAJ Roach,0,0,,,,,,"",""
ball,2,49.4,England,SCJ Broad,JM Anderson,KAJ Roach,4,0,,,,,,"",""
ball,2,49.5,England,SCJ Broad,JM Anderson,KAJ Roach,0,0,,,,,,"",""
ball,2,49.6,England,SCJ Broad,JM Anderson,KAJ Roach,6,0,,,,,,"",""
ball,2,50.1,England,JM Anderson,SCJ Broad,JO Holder,4,0,,,,,,"",""
ball,2,50.2,England,JM Anderson,SCJ Broad,JO Holder,1,0,,,,,,"",""
ball,2,50.3,England,SCJ Broad,JM Anderson,JO Holder,0,0,,,,,,"",""
ball,2,50.4,England,SCJ Broad,JM Anderson,JO Holder,3,0,,,,,,"",""
ball,2,50.5,England,JM Anderson,SCJ Broad,JO Holder,0,0,,,,,,"",""
ball,2,50.6,England,JM Anderson,SCJ Broad,JO Holder,0,0,,,,,,"",""
ball,2,51.1,England,SCJ Broad,JM Anderson,KAJ Roach,6,0,,,,,,"",""
ball,2,51.2,England,SCJ Broad,JM Anderson,KAJ Roach,0,1,,,,1,,"",""
ball,2,51.3,England,JM Anderson,SCJ Broad,KAJ Roach,0,0,,,,,,"",""
ball,2,51.4,England,JM Anderson,SCJ Broad,KAJ Roach,0,0,,,,,,"",""
ball,2,51.5,England,JM Anderson,SCJ Broad,KAJ Roach,1,0,,,,,,"",""
ball,2,51.6,England,SCJ Broad,JM Anderson,KAJ Roach,0,0,,,,,,"",""
ball,2,52.1,England,JM Anderson,SCJ Broad,JO Holder,0,0,,,,,,"",""
ball,2,52.2,England,JM Anderson,SCJ Broad,JO Holder,0,0,,,,,,"",""
ball,2,52.3,England,JM Anderson,SCJ Broad,JO Holder,1,0,,,,,,"",""
ball,2,52.4,England,SCJ Broad,JM Anderson,JO Holder,0,0,,,,,,"",""
ball,2,52.5,England,SCJ Broad,JM Anderson,JO Holder,0,0,,,,,,caught,SCJ Broad
ball,3,0.1,West Indies,KC Brathwaite,KOA Powell,JM Anderson,0,0,,,,,,"",""
ball,3,0.2,West Indies,KC Brathwaite,KOA Powell,JM Anderson,0,0,,,,,,"",""
ball,3,0.3,West Indies,KC Brathwaite,KOA Powell,JM Anderson,0,0,,,,,,"",""
ball,3,0.4,West Indies,KC Brathwaite,KOA Powell,JM Anderson,0,0,,,,,,"",""
ball,3,0.5,West Indies,KC Brathwaite,KOA Powell,JM Anderson,0,0,,,,,,"",""
ball,3,0.6,West Indies,KC Brathwaite,KOA Powell,JM Anderson,0,0,,,,,,"",""
ball,3,1.1,West Indies,KOA Powell,KC Brathwaite,SCJ Broad,0,0,,,,,,"",""
ball,3,1.2,West Indies,KOA Powell,KC Brathwaite,SCJ Broad,1,0,,,,,,"",""
ball,3,1.3,West Indies,KC Brathwaite,KOA Powell,SCJ Broad,0,0,,,,,,"",""
ball,3,1.4,West Indies,KC Brathwaite,KOA Powell,SCJ Broad,4,0,,,,,,"",""
ball,3,1.5,West Indies,KC Brathwaite,KOA Powell,SCJ Broad,0,0,,,,,,"",""
ball,3,1.6,West Indies,KC Brathwaite,KOA Powell,SCJ Broad,0,0,,,,,,"",""
ball,3,2.1,West Indies,KOA Powell,KC Brathwaite,JM Anderson,0,0,,,,,,"",""
ball,3,2.2,West Indies,KOA Powell,KC Brathwaite,JM Anderson,0,0,,,,,,"",""
ball,3,2.3,West Indies,KOA Powell,KC Brathwaite,JM Anderson,0,0,,,,,,"",""
ball,3,2.4,West Indies,KOA Powell,KC Brathwaite,JM Anderson,0,0,,,,,,"",""
ball,3,2.5,West Indies,KOA Powell,KC Brathwaite,JM Anderson,1,0,,,,,,"",""
ball,3,2.6,West Indies,KC Brathwaite,KOA Powell,JM Anderson,0,0,,,,,,bowled,KC Brathwaite
ball,3,3.1,West Indies,KOA Powell,KA Hope,SCJ Broad,0,0,,,,,,"",""
ball,3,3.2,West Indies,KOA Powell,KA Hope,SCJ Broad,0,0,,,,,,"",""
ball,3,3.3,West Indies,KOA Powell,KA Hope,SCJ Broad,0,0,,,,,,"",""
ball,3,3.4,West Indies,KOA Powell,KA Hope,SCJ Broad,0,0,,,,,,"",""
ball,3,3.5,West Indies,KOA Powell,KA Hope,SCJ Broad,4,0,,,,,,"",""
ball,3,3.6,West Indies,KOA Powell,KA Hope,SCJ Broad,0,0,,,,,,"",""
ball,3,4.1,West Indies,KA Hope,KOA Powell,JM Anderson,0,0,,,,,,"",""
ball,3,4.2,West Indies,KA Hope,KOA Powell,JM Anderson,1,0,,,,,,"",""
ball,3,4.3,West Indies,KOA Powell,KA Hope,JM Anderson,0,0,,,,,,"",""
ball,3,4.4,West Indies,KOA Powell,KA Hope,JM Anderson,0,0,,,,,,"",""
ball,3,4.5,West Indies,KOA Powell,KA Hope,JM Anderson,0,0,,,,,,"",""
ball,3,4.6,West Indies,KOA Powell,KA Hope,JM Anderson,0,0,,,,,,"",""
ball,3,5.1,West Indies,KA Hope,KOA Powell,SCJ Broad,0,0,,,,,,"",""
ball,3,5.2,West Indies,KA Hope,KOA Powell,SCJ Broad,0,0,,,,,,"",""
ball,3,5.3,West Indies,KA Hope,KOA Powell,SCJ Broad,0,0,,,,,,"",""
ball,3,5.4,West Indies,KA Hope,KOA Powell,SCJ Broad,0,0,,,,,,"",""
ball,3,5.5,West Indies,KA Hope,KOA Powell,SCJ Broad,0,0,,,,,,"",""
ball,3,5.6,West Indies,KA Hope,KOA Powell,SCJ Broad,0,0,,,,,,"",""
ball,3,6.1,West Indies,KOA Powell,KA Hope,JM Anderson,0,0,,,,,,"",""
ball,3,6.2,West Indies,KOA Powell,KA Hope,JM Anderson,0,0,,,,,,"",""
ball,3,6.3,West Indies,KOA Powell,KA Hope,JM Anderson,0,0,,,,,,"",""
ball,3,6.4,West Indies,KOA Powell,KA Hope,JM Anderson,0,0,,,,,,"",""
ball,3,6.5,West Indies,KOA Powell,KA Hope,JM Anderson,1,0,,,,,,"",""
ball,3,6.6,West Indies,KA Hope,KOA Powell,JM Anderson,0,0,,,,,,"",""
ball,3,7.1,West Indies,KOA Powell,KA Hope,SCJ Broad,0,0,,,,,,"",""
ball,3,7.2,West Indies,KOA Powell,KA Hope,SCJ Broad,4,0,,,,,,"",""
ball,3,7.3,West Indies,KOA Powell,KA Hope,SCJ Broad,1,0,,,,,,"",""
ball,3,7.4,West Indies,KA Hope,KOA Powell,SCJ Broad,0,0,,,,,,"",""
ball,3,7.5,West Indies,KA Hope,KOA Powell,SCJ Broad,0,0,,,,,,"",""
ball,3,7.6,West Indies,KA Hope,KOA Powell,SCJ Broad,0,0,,,,,,"",""
ball,3,8.1,West Indies,KOA Powell,KA Hope,JM Anderson,0,0,,,,,,"",""
ball,3,8.2,West Indies,KOA Powell,KA Hope,JM Anderson,0,0,,,,,,"",""
ball,3,8.3,West Indies,KOA Powell,KA Hope,JM Anderson,2,0,,,,,,"",""
ball,3,8.4,West Indies,KOA Powell,KA Hope,JM Anderson,0,0,,,,,,"",""
ball,3,8.5,West Indies,KOA Powell,KA Hope,JM Anderson,0,0,,,,,,"",""
ball,3,8.6,West Indies,KOA Powell,KA Hope,JM Anderson,1,0,,,,,,"",""
ball,3,9.1,West Indies,KOA Powell,KA Hope,SCJ Broad,0,0,,,,,,"",""
ball,3,9.2,West Indies,KOA Powell,KA Hope,SCJ Broad,0,0,,,,,,"",""
ball,3,9.3,West Indies,KOA Powell,KA Hope,SCJ Broad,0,0,,,,,,"",""
ball,3,9.4,West Indies,KOA Powell,KA Hope,SCJ Broad,1,0,,,,,,"",""
ball,3,9.5,West Indies,KA Hope,KOA Powell,SCJ Broad,0,0,,,,,,lbw,KA Hope
ball,3,9.6,West Indies,SD Hope,KOA Powell,SCJ Broad,0,0,,,,,,"",""
ball,3,10.1,West Indies,KOA Powell,SD Hope,TS Roland-Jones,2,0,,,,,,"",""
ball,3,10.2,West Indies,KOA Powell,SD Hope,TS Roland-Jones,1,0,,,,,,"",""
ball,3,10.3,West Indies,SD Hope,KOA Powell,TS Roland-Jones,0,0,,,,,,"",""
ball,3,10.4,West Indies,SD Hope,KOA Powell,TS Roland-Jones,1,0,,,,,,"",""
ball,3,10.5,West Indies,KOA Powell,SD Hope,TS Roland-Jones,0,0,,,,,,"",""
ball,3,10.6,West Indies,KOA Powell,SD Hope,TS Roland-Jones,0,0,,,,,,"",""
ball,3,11.1,West Indies,SD Hope,KOA Powell,SCJ Broad,1,0,,,,,,"",""
ball,3,11.2,West Indies,KOA Powell,SD Hope,SCJ Broad,0,0,,,,,,"",""
ball,3,11.3,West Indies,KOA Powell,SD Hope,SCJ Broad,4,0,,,,,,"",""
ball,3,11.4,West Indies,KOA Powell,SD Hope,SCJ Broad,0,0,,,,,,"",""
ball,3,11.5,West Indies,KOA Powell,SD Hope,SCJ Broad,0,0,,,,,,"",""
ball,3,11.6,West Indies,KOA Powell,SD Hope,SCJ Broad,0,0,,,,,,"",""
ball,3,12.1,West Indies,SD Hope,KOA Powell,TS Roland-Jones,0,0,,,,,,"",""
ball,3,12.2,West Indies,SD Hope,KOA Powell,TS Roland-Jones,0,0,,,,,,"",""
ball,3,12.3,West Indies,SD Hope,KOA Powell,TS Roland-Jones,0,0,,,,,,"",""
ball,3,12.4,West Indies,SD Hope,KOA Powell,TS Roland-Jones,0,0,,,,,,"",""
ball,3,12.5,West Indies,SD Hope,KOA Powell,TS Roland-Jones,0,0,,,,,,"",""
ball,3,12.6,West Indies,SD Hope,KOA Powell,TS Roland-Jones,0,0,,,,,,"",""
ball,3,13.1,West Indies,KOA Powell,SD Hope,BA Stokes,0,0,,,,,,"",""
ball,3,13.2,West Indies,KOA Powell,SD Hope,BA Stokes,0,0,,,,,,"",""
ball,3,13.3,West Indies,KOA Powell,SD Hope,BA Stokes,0,0,,,,,,"",""
ball,3,13.4,West Indies,KOA Powell,SD Hope,BA Stokes,0,0,,,,,,"",""
ball,3,13.5,West Indies,KOA Powell,SD Hope,BA Stokes,0,0,,,,,,"",""
ball,3,13.6,West Indies,KOA Powell,SD Hope,BA Stokes,4,0,,,,,,"",""
ball,3,14.1,West Indies,SD Hope,KOA Powell,TS Roland-Jones,0,0,,,,,,"",""
ball,3,14.2,West Indies,SD Hope,KOA Powell,TS Roland-Jones,0,0,,,,,,"",""
ball,3,14.3,West Indies,SD Hope,KOA Powell,TS Roland-Jones,0,0,,,,,,"",""
ball,3,14.4,West Indies,SD Hope,KOA Powell,TS Roland-Jones,0,0,,,,,,"",""
ball,3,14.5,West Indies,SD Hope,KOA Powell,TS Roland-Jones,0,0,,,,,,"",""
ball,3,14.6,West Indies,SD Hope,KOA Powell,TS Roland-Jones,0,0,,,,,,"",""
ball,3,15.1,West Indies,KOA Powell,SD Hope,BA Stokes,0,0,,,,,,"",""
ball,3,15.2,West Indies,KOA Powell,SD Hope,BA Stokes,0,0,,,,,,"",""
ball,3,15.3,West Indies,KOA Powell,SD Hope,BA Stokes,0,0,,,,,,"",""
ball,3,15.4,West Indies,KOA Powell,SD Hope,BA Stokes,0,0,,,,,,"",""
ball,3,15.5,West Indies,KOA Powell,SD Hope,BA Stokes,0,0,,,,,,"",""
ball,3,15.6,West Indies,KOA Powell,SD Hope,BA Stokes,0,0,,,,,,"",""
ball,3,16.1,West Indies,SD Hope,KOA Powell,TS Roland-Jones,0,0,,,,,,"",""
ball,3,16.2,West Indies,SD Hope,KOA Powell,TS Roland-Jones,0,0,,,,,,"",""
ball,3,16.3,West Indies,SD Hope,KOA Powell,TS Roland-Jones,0,0,,,,,,"",""
ball,3,16.4,West Indies,SD Hope,KOA Powell,TS Roland-Jones,0,0,,,,,,"",""
ball,3,16.5,West Indies,SD Hope,KOA Powell,TS Roland-Jones,4,0,,,,,,"",""
ball,3,16.6,West Indies,SD Hope,KOA Powell,TS Roland-Jones,0,0,,,,,,"",""
ball,3,17.1,West Indies,KOA Powell,SD Hope,BA Stokes,4,0,,,,,,"",""
ball,3,17.2,West Indies,KOA Powell,SD Hope,BA Stokes,1,0,,,,,,"",""
ball,3,17.3,West Indies,SD Hope,KOA Powell,BA Stokes,0,0,,,,,,"",""
ball,3,17.4,West Indies,SD Hope,KOA Powell,BA Stokes,0,0,,,,,,"",""
ball,3,17.5,West Indies,SD Hope,KOA Powell,BA Stokes,0,0,,,,,,"",""
ball,3,17.6,West Indies,SD Hope,KOA Powell,BA Stokes,0,0,,,,,,"",""
ball,3,18.1,West Indies,KOA Powell,SD Hope,TS Roland-Jones,4,0,,,,,,"",""
ball,3,18.2,West Indies,KOA Powell,SD Hope,TS Roland-Jones,0,0,,,,,,"",""
ball,3,18.3,West Indies,KOA Powell,SD Hope,TS Roland-Jones,0,0,,,,,,"",""
ball,3,18.4,West Indies,KOA Powell,SD Hope,TS Roland-Jones,0,0,,,,,,"",""
ball,3,18.5,West Indies,KOA Powell,SD Hope,TS Roland-Jones,4,0,,,,,,"",""
ball,3,18.6,West Indies,KOA Powell,SD Hope,TS Roland-Jones,0,0,,,,,,"",""
ball,3,19.1,West Indies,SD Hope,KOA Powell,BA Stokes,0,0,,,,,,"",""
ball,3,19.2,West Indies,SD Hope,KOA Powell,BA Stokes,0,0,,,,,,"",""
ball,3,19.3,West Indies,SD Hope,KOA Powell,BA Stokes,0,4,,,,4,,"",""
ball,3,19.4,West Indies,SD Hope,KOA Powell,BA Stokes,0,0,,,,,,"",""
ball,3,19.5,West Indies,SD Hope,KOA Powell,BA Stokes,0,0,,,,,,"",""
ball,3,19.6,West Indies,SD Hope,KOA Powell,BA Stokes,0,0,,,,,,"",""
ball,3,20.1,West Indies,KOA Powell,SD Hope,TS Roland-Jones,0,0,,,,,,"",""
ball,3,20.2,West Indies,KOA Powell,SD Hope,TS Roland-Jones,0,0,,,,,,"",""
ball,3,20.3,West Indies,KOA Powell,SD Hope,TS Roland-Jones,0,0,,,,,,"",""
ball,3,20.4,West Indies,KOA Powell,SD Hope,TS Roland-Jones,0,0,,,,,,"",""
ball,3,20.5,West Indies,KOA Powell,SD Hope,TS Roland-Jones,1,0,,,,,,"",""
ball,3,20.6,West Indies,SD Hope,KOA Powell,TS Roland-Jones,0,1,,,,1,,"",""
ball,3,21.1,West Indies,SD Hope,KOA Powell,BA Stokes,4,0,,,,,,"",""
ball,3,21.2,West Indies,SD Hope,KOA Powell,BA Stokes,0,0,,,,,,"",""
ball,3,21.3,West Indies,SD Hope,KOA Powell,BA Stokes,0,0,,,,,,"",""
ball,3,21.4,West Indies,SD Hope,KOA Powell,BA Stokes,0,0,,,,,,"",""
ball,3,21.5,West Indies,SD Hope,KOA Powell,BA Stokes,0,0,,,,,,"",""
ball,3,21.6,West Indies,SD Hope,KOA Powell,BA Stokes,4,0,,,,,,"",""
ball,3,22.1,West Indies,KOA Powell,SD Hope,JM Anderson,0,0,,,,,,"",""
ball,3,22.2,West Indies,KOA Powell,SD Hope,JM Anderson,0,0,,,,,,"",""
ball,3,22.3,West Indies,KOA Powell,SD Hope,JM Anderson,4,0,,,,,,"",""
ball,3,22.4,West Indies,KOA Powell,SD Hope,JM Anderson,0,0,,,,,,bowled,KOA Powell
ball,3,22.5,West Indies,RL Chase,SD Hope,JM Anderson,0,0,,,,,,"",""
ball,3,22.6,West Indies,RL Chase,SD Hope,JM Anderson,0,0,,,,,,"",""
ball,3,23.1,West Indies,SD Hope,RL Chase,BA Stokes,1,0,,,,,,"",""
ball,3,23.2,West Indies,RL Chase,SD Hope,BA Stokes,1,0,,,,,,"",""
ball,3,23.3,West Indies,SD Hope,RL Chase,BA Stokes,0,0,,,,,,"",""
ball,3,23.4,West Indies,SD Hope,RL Chase,BA Stokes,0,0,,,,,,"",""
ball,3,23.5,West Indies,SD Hope,RL Chase,BA Stokes,0,0,,,,,,"",""
ball,3,23.6,West Indies,SD Hope,RL Chase,BA Stokes,1,0,,,,,,"",""
ball,3,24.1,West Indies,SD Hope,RL Chase,JM Anderson,0,0,,,,,,"",""
ball,3,24.2,West Indies,SD Hope,RL Chase,JM Anderson,0,0,,,,,,"",""
ball,3,24.3,West Indies,SD Hope,RL Chase,JM Anderson,4,0,,,,,,"",""
ball,3,24.4,West Indies,SD Hope,RL Chase,JM Anderson,1,0,,,,,,"",""
ball,3,24.5,West Indies,RL Chase,SD Hope,JM Anderson,0,0,,,,,,"",""
ball,3,24.6,West Indies,RL Chase,SD Hope,JM Anderson,0,0,,,,,,"",""
ball,3,25.1,West Indies,SD Hope,RL Chase,BA Stokes,0,0,,,,,,"",""
ball,3,25.2,West Indies,SD Hope,RL Chase,BA Stokes,0,0,,,,,,"",""
ball,3,25.3,West Indies,SD Hope,RL Chase,BA Stokes,2,0,,,,,,"",""
ball,3,25.4,West Indies,SD Hope,RL Chase,BA Stokes,0,0,,,,,,"",""
ball,3,25.5,West Indies,SD Hope,RL Chase,BA Stokes,0,0,,,,,,"",""
ball,3,25.6,West Indies,SD Hope,RL Chase,BA Stokes,0,0,,,,,,"",""
ball,3,26.1,West Indies,RL Chase,SD Hope,JM Anderson,0,0,,,,,,"",""
ball,3,26.2,West Indies,RL Chase,SD Hope,JM Anderson,2,0,,,,,,"",""
ball,3,26.3,West Indies,RL Chase,SD Hope,JM Anderson,0,0,,,,,,"",""
ball,3,26.4,West Indies,RL Chase,SD Hope,JM Anderson,0,0,,,,,,"",""
ball,3,26.5,West Indies,RL Chase,SD Hope,JM Anderson,0,0,,,,,,"",""
ball,3,26.6,West Indies,RL Chase,SD Hope,JM Anderson,0,0,,,,,,"",""
ball,3,27.1,West Indies,SD Hope,RL Chase,BA Stokes,0,0,,,,,,"",""
ball,3,27.2,West Indies,SD Hope,RL Chase,BA Stokes,4,0,,,,,,"",""
ball,3,27.3,West Indies,SD Hope,RL Chase,BA Stokes,2,0,,,,,,"",""
ball,3,27.4,West Indies,SD Hope,RL Chase,BA Stokes,0,0,,,,,,"",""
ball,3,27.5,West Indies,SD Hope,RL Chase,BA Stokes,1,0,,,,,,"",""
ball,3,27.6,West Indies,RL Chase,SD Hope,BA Stokes,0,0,,,,,,"",""
ball,3,28.1,West Indies,SD Hope,RL Chase,SCJ Broad,4,0,,,,,,"",""
ball,3,28.2,West Indies,SD Hope,RL Chase,SCJ Broad,0,0,,,,,,"",""
ball,3,28.3,West Indies,SD Hope,RL Chase,SCJ Broad,0,0,,,,,,"",""
ball,3,28.4,West Indies,SD Hope,RL Chase,SCJ Broad,0,0,,,,,,"",""
ball,3,28.5,West Indies,SD Hope,RL Chase,SCJ Broad,0,0,,,,,,"",""
ball,3,28.6,West Indies,SD Hope,RL Chase,SCJ Broad,1,0,,,,,,"",""
ball,3,29.1,West Indies,SD Hope,RL Chase,JM Anderson,0,0,,,,,,"",""
ball,3,29.2,West Indies,SD Hope,RL Chase,JM Anderson,0,0,,,,,,"",""
ball,3,29.3,West Indies,SD Hope,RL Chase,JM Anderson,0,0,,,,,,"",""
ball,3,29.4,West Indies,SD Hope,RL Chase,JM Anderson,0,0,,,,,,"",""
ball,3,29.5,West Indies,SD Hope,RL Chase,JM Anderson,0,0,,,,,,"",""
ball,3,29.6,West Indies,SD Hope,RL Chase,JM Anderson,0,0,,,,,,"",""
ball,3,30.1,West Indies,RL Chase,SD Hope,SCJ Broad,0,0,,,,,,"",""
ball,3,30.2,West Indies,RL Chase,SD Hope,SCJ Broad,0,0,,,,,,"",""
ball,3,30.3,West Indies,RL Chase,SD Hope,SCJ Broad,0,0,,,,,,"",""
ball,3,30.4,West Indies,RL Chase,SD Hope,SCJ Broad,0,0,,,,,,"",""
ball,3,30.5,West Indies,RL Chase,SD Hope,SCJ Broad,0,0,,,,,,"",""
ball,3,30.6,West Indies,RL Chase,SD Hope,SCJ Broad,0,0,,,,,,"",""
ball,3,31.1,West Indies,SD Hope,RL Chase,JM Anderson,0,0,,,,,,"",""
ball,3,31.2,West Indies,SD Hope,RL Chase,JM Anderson,1,0,,,,,,"",""
ball,3,31.3,West Indies,RL Chase,SD Hope,JM Anderson,0,0,,,,,,"",""
ball,3,31.4,West Indies,RL Chase,SD Hope,JM Anderson,0,0,,,,,,caught,RL Chase
ball,3,31.5,West Indies,J Blackwood,SD Hope,JM Anderson,0,0,,,,,,"",""
ball,3,31.6,West Indies,J Blackwood,SD Hope,JM Anderson,0,0,,,,,,"",""
ball,3,32.1,West Indies,SD Hope,J Blackwood,SCJ Broad,0,0,,,,,,"",""
ball,3,32.2,West Indies,SD Hope,J Blackwood,SCJ Broad,0,0,,,,,,"",""
ball,3,32.3,West Indies,SD Hope,J Blackwood,SCJ Broad,0,0,,,,,,"",""
ball,3,32.4,West Indies,SD Hope,J Blackwood,SCJ Broad,0,0,,,,,,"",""
ball,3,32.5,West Indies,SD Hope,J Blackwood,SCJ Broad,0,0,,,,,,"",""
ball,3,32.6,West Indies,SD Hope,J Blackwood,SCJ Broad,0,0,,,,,,"",""
ball,3,33.1,West Indies,J Blackwood,SD Hope,JM Anderson,0,0,,,,,,"",""
ball,3,33.2,West Indies,J Blackwood,SD Hope,JM Anderson,0,0,,,,,,"",""
ball,3,33.3,West Indies,J Blackwood,SD Hope,JM Anderson,0,0,,,,,,"",""
ball,3,33.4,West Indies,J Blackwood,SD Hope,JM Anderson,0,0,,,,,,"",""
ball,3,33.5,West Indies,J Blackwood,SD Hope,JM Anderson,0,0,,,,,,"",""
ball,3,33.6,West Indies,J Blackwood,SD Hope,JM Anderson,0,0,,,,,,"",""
ball,3,34.1,West Indies,SD Hope,J Blackwood,SCJ Broad,0,0,,,,,,"",""
ball,3,34.2,West Indies,SD Hope,J Blackwood,SCJ Broad,0,0,,,,,,"",""
ball,3,34.3,West Indies,SD Hope,J Blackwood,SCJ Broad,0,0,,,,,,"",""
ball,3,34.4,West Indies,SD Hope,J Blackwood,SCJ Broad,0,0,,,,,,"",""
ball,3,34.5,West Indies,SD Hope,J Blackwood,SCJ Broad,0,0,,,,,,"",""
ball,3,34.6,West Indies,SD Hope,J Blackwood,SCJ Broad,0,0,,,,,,"",""
ball,3,35.1,West Indies,J Blackwood,SD Hope,JM Anderson,2,0,,,,,,"",""
ball,3,35.2,West Indies,J Blackwood,SD Hope,JM Anderson,2,0,,,,,,"",""
ball,3,35.3,West Indies,J Blackwood,SD Hope,JM Anderson,0,0,,,,,,"",""
ball,3,35.4,West Indies,J Blackwood,SD Hope,JM Anderson,0,0,,,,,,"",""
ball,3,35.5,West Indies,J Blackwood,SD Hope,JM Anderson,0,0,,,,,,"",""
ball,3,35.6,West Indies,J Blackwood,SD Hope,JM Anderson,0,0,,,,,,"",""
ball,3,36.1,West Indies,SD Hope,J Blackwood,SCJ Broad,0,0,,,,,,"",""
ball,3,36.2,West Indies,SD Hope,J Blackwood,SCJ Broad,0,0,,,,,,"",""
ball,3,36.3,West Indies,SD Hope,J Blackwood,SCJ Broad,0,0,,,,,,"",""
ball,3,36.4,West Indies,SD Hope,J Blackwood,SCJ Broad,0,0,,,,,,"",""
ball,3,36.5,West Indies,SD Hope,J Blackwood,SCJ Broad,0,0,,,,,,"",""
ball,3,36.6,West Indies,SD Hope,J Blackwood,SCJ Broad,0,0,,,,,,"",""
ball,3,37.1,West Indies,J Blackwood,SD Hope,JM Anderson,0,0,,,,,,"",""
ball,3,37.2,West Indies,J Blackwood,SD Hope,JM Anderson,0,0,,,,,,"",""
ball,3,37.3,West Indies,J Blackwood,SD Hope,JM Anderson,0,0,,,,,,"",""
ball,3,37.4,West Indies,J Blackwood,SD Hope,JM Anderson,0,0,,,,,,"",""
ball,3,37.5,West Indies,J Blackwood,SD Hope,JM Anderson,0,0,,,,,,"",""
ball,3,37.6,West Indies,J Blackwood,SD Hope,JM Anderson,0,0,,,,,,"",""
ball,3,38.1,West Indies,SD Hope,J Blackwood,SCJ Broad,1,0,,,,,,"",""
ball,3,38.2,West Indies,J Blackwood,SD Hope,SCJ Broad,0,0,,,,,,"",""
ball,3,38.3,West Indies,J Blackwood,SD Hope,SCJ Broad,0,0,,,,,,"",""
ball,3,38.4,West Indies,J Blackwood,SD Hope,SCJ Broad,0,0,,,,,,"",""
ball,3,38.5,West Indies,J Blackwood,SD Hope,SCJ Broad,1,0,,,,,,"",""
ball,3,38.6,West Indies,SD Hope,J Blackwood,SCJ Broad,0,0,,,,,,"",""
ball,3,39.1,West Indies,J Blackwood,SD Hope,JM Anderson,0,0,,,,,,"",""
ball,3,39.2,West Indies,J Blackwood,SD Hope,JM Anderson,0,0,,,,,,caught,J Blackwood
ball,3,39.3,West Indies,SO Dowrich,SD Hope,JM Anderson,0,0,,,,,,"",""
ball,3,39.4,West Indies,SO Dowrich,SD Hope,JM Anderson,0,0,,,,,,"",""
ball,3,39.5,West Indies,SO Dowrich,SD Hope,JM Anderson,0,0,,,,,,"",""
ball,3,39.6,West Indies,SO Dowrich,SD Hope,JM Anderson,0,0,,,,,,"",""
ball,3,40.1,West Indies,SD Hope,SO Dowrich,SCJ Broad,0,0,,,,,,"",""
ball,3,40.2,West Indies,SD Hope,SO Dowrich,SCJ Broad,0,0,,,,,,"",""
ball,3,40.3,West Indies,SD Hope,SO Dowrich,SCJ Broad,0,4,,,,4,,"",""
ball,3,40.4,West Indies,SD Hope,SO Dowrich,SCJ Broad,0,0,,,,,,"",""
ball,3,40.5,West Indies,SD Hope,SO Dowrich,SCJ Broad,1,0,,,,,,"",""
ball,3,40.6,West Indies,SO Dowrich,SD Hope,SCJ Broad,0,0,,,,,,"",""
ball,3,41.1,West Indies,SD Hope,SO Dowrich,JM Anderson,0,0,,,,,,"",""
ball,3,41.2,West Indies,SD Hope,SO Dowrich,JM Anderson,0,0,,,,,,"",""
ball,3,41.3,West Indies,SD Hope,SO Dowrich,JM Anderson,2,0,,,,,,"",""
ball,3,41.4,West Indies,SD Hope,SO Dowrich,JM Anderson,0,0,,,,,,"",""
ball,3,41.5,West Indies,SD Hope,SO Dowrich,JM Anderson,0,0,,,,,,"",""
ball,3,41.6,West Indies,SD Hope,SO Dowrich,JM Anderson,0,0,,,,,,"",""
ball,3,42.1,West Indies,SO Dowrich,SD Hope,SCJ Broad,0,0,,,,,,"",""
ball,3,42.2,West Indies,SO Dowrich,SD Hope,SCJ Broad,0,0,,,,,,"",""
ball,3,42.3,West Indies,SO Dowrich,SD Hope,SCJ Broad,0,0,,,,,,"",""
ball,3,42.4,West Indies,SO Dowrich,SD Hope,SCJ Broad,0,0,,,,,,"",""
ball,3,42.5,West Indies,SO Dowrich,SD Hope,SCJ Broad,0,0,,,,,,"",""
ball,3,42.6,West Indies,SO Dowrich,SD Hope,SCJ Broad,0,0,,,,,,"",""
ball,3,43.1,West Indies,SD Hope,SO Dowrich,JM Anderson,1,0,,,,,,"",""
ball,3,43.2,West Indies,SO Dowrich,SD Hope,JM Anderson,0,0,,,,,,"",""
ball,3,43.3,West Indies,SO Dowrich,SD Hope,JM Anderson,0,0,,,,,,"",""
ball,3,43.4,West Indies,SO Dowrich,SD Hope,JM Anderson,0,0,,,,,,"",""
ball,3,43.5,West Indies,SO Dowrich,SD Hope,JM Anderson,4,0,,,,,,"",""
ball,3,43.6,West Indies,SO Dowrich,SD Hope,JM Anderson,0,0,,,,,,"",""
ball,3,44.1,West Indies,SD Hope,SO Dowrich,SCJ Broad,0,0,,,,,,"",""
ball,3,44.2,West Indies,SD Hope,SO Dowrich,SCJ Broad,0,0,,,,,,"",""
ball,3,44.3,West Indies,SD Hope,SO Dowrich,SCJ Broad,0,0,,,,,,"",""
ball,3,44.4,West Indies,SD Hope,SO Dowrich,SCJ Broad,0,0,,,,,,"",""
ball,3,44.5,West Indies,SD Hope,SO Dowrich,SCJ Broad,0,0,,,,,,"",""
ball,3,44.6,West Indies,SD Hope,SO Dowrich,SCJ Broad,0,0,,,,,,"",""
ball,3,45.1,West Indies,SO Dowrich,SD Hope,BA Stokes,4,0,,,,,,"",""
ball,3,45.2,West Indies,SO Dowrich,SD Hope,BA Stokes,0,0,,,,,,"",""
ball,3,45.3,West Indies,SO Dowrich,SD Hope,BA Stokes,0,0,,,,,,"",""
ball,3,45.4,West Indies,SO Dowrich,SD Hope,BA Stokes,0,0,,,,,,"",""
ball,3,45.5,West Indies,SO Dowrich,SD Hope,BA Stokes,0,0,,,,,,"",""
ball,3,45.6,West Indies,SO Dowrich,SD Hope,BA Stokes,1,0,,,,,,"",""
ball,3,46.1,West Indies,SO Dowrich,SD Hope,TS Roland-Jones,0,0,,,,,,"",""
ball,3,46.2,West Indies,SO Dowrich,SD Hope,TS Roland-Jones,0,0,,,,,,"",""
ball,3,46.3,West Indies,SO Dowrich,SD Hope,TS Roland-Jones,0,0,,,,,,"",""
ball,3,46.4,West Indies,SO Dowrich,SD Hope,TS Roland-Jones,0,0,,,,,,"",""
ball,3,46.5,West Indies,SO Dowrich,SD Hope,TS Roland-Jones,0,0,,,,,,"",""
ball,3,46.6,West Indies,SO Dowrich,SD Hope,TS Roland-Jones,4,0,,,,,,"",""
ball,3,47.1,West Indies,SD Hope,SO Dowrich,BA Stokes,0,0,,,,,,"",""
ball,3,47.2,West Indies,SD Hope,SO Dowrich,BA Stokes,1,0,,,,,,"",""
ball,3,47.3,West Indies,SO Dowrich,SD Hope,BA Stokes,0,0,,,,,,"",""
ball,3,47.4,West Indies,SO Dowrich,SD Hope,BA Stokes,1,0,,,,,,"",""
ball,3,47.5,West Indies,SD Hope,SO Dowrich,BA Stokes,0,0,,,,,,"",""
ball,3,47.6,West Indies,SD Hope,SO Dowrich,BA Stokes,0,0,,,,,,"",""
ball,3,48.1,West Indies,SO Dowrich,SD Hope,TS Roland-Jones,0,0,,,,,,"",""
ball,3,48.2,West Indies,SO Dowrich,SD Hope,TS Roland-Jones,0,0,,,,,,"",""
ball,3,48.3,West Indies,SO Dowrich,SD Hope,TS Roland-Jones,0,0,,,,,,caught,SO Dowrich
ball,3,48.4,West Indies,JO Holder,SD Hope,TS Roland-Jones,1,0,,,,,,"",""
ball,3,48.5,West Indies,SD Hope,JO Holder,TS Roland-Jones,1,0,,,,,,"",""
ball,3,48.6,West Indies,JO Holder,SD Hope,TS Roland-Jones,0,0,,,,,,"",""
ball,3,49.1,West Indies,SD Hope,JO Holder,BA Stokes,0,0,,,,,,"",""
ball,3,49.2,West Indies,SD Hope,JO Holder,BA Stokes,0,0,,,,,,"",""
ball,3,49.3,West Indies,SD Hope,JO Holder,BA Stokes,0,4,,,,4,,"",""
ball,3,49.4,West Indies,SD Hope,JO Holder,BA Stokes,0,0,,,,,,"",""
ball,3,49.5,West Indies,SD Hope,JO Holder,BA Stokes,0,0,,,,,,"",""
ball,3,49.6,West Indies,SD Hope,JO Holder,BA Stokes,0,0,,,,,,"",""
ball,3,50.1,West Indies,JO Holder,SD Hope,TS Roland-Jones,0,0,,,,,,"",""
ball,3,50.2,West Indies,JO Holder,SD Hope,TS Roland-Jones,0,0,,,,,,"",""
ball,3,50.3,West Indies,JO Holder,SD Hope,TS Roland-Jones,0,0,,,,,,"",""
ball,3,50.4,West Indies,JO Holder,SD Hope,TS Roland-Jones,0,0,,,,,,"",""
ball,3,50.5,West Indies,JO Holder,SD Hope,TS Roland-Jones,0,0,,,,,,"",""
ball,3,50.6,West Indies,JO Holder,SD Hope,TS Roland-Jones,0,0,,,,,,"",""
ball,3,51.1,West Indies,SD Hope,JO Holder,BA Stokes,0,0,,,,,,"",""
ball,3,51.2,West Indies,SD Hope,JO Holder,BA Stokes,0,0,,,,,,"",""
ball,3,51.3,West Indies,SD Hope,JO Holder,BA Stokes,4,0,,,,,,"",""
ball,3,51.4,West Indies,SD Hope,JO Holder,BA Stokes,1,0,,,,,,"",""
ball,3,51.5,West Indies,JO Holder,SD Hope,BA Stokes,0,0,,,,,,"",""
ball,3,51.6,West Indies,JO Holder,SD Hope,BA Stokes,0,0,,,,,,"",""
ball,3,52.1,West Indies,SD Hope,JO Holder,TS Roland-Jones,4,0,,,,,,"",""
ball,3,52.2,West Indies,SD Hope,JO Holder,TS Roland-Jones,0,0,,,,,,"",""
ball,3,52.3,West Indies,SD Hope,JO Holder,TS Roland-Jones,4,0,,,,,,"",""
ball,3,52.4,West Indies,SD Hope,JO Holder,TS Roland-Jones,0,0,,,,,,"",""
ball,3,52.5,West Indies,SD Hope,JO Holder,TS Roland-Jones,0,0,,,,,,"",""
ball,3,52.6,West Indies,SD Hope,JO Holder,TS Roland-Jones,0,0,,,,,,"",""
ball,3,53.1,West Indies,JO Holder,SD Hope,MM Ali,0,0,,,,,,"",""
ball,3,53.2,West Indies,JO Holder,SD Hope,MM Ali,4,0,,,,,,"",""
ball,3,53.3,West Indies,JO Holder,SD Hope,MM Ali,0,0,,,,,,"",""
ball,3,53.4,West Indies,JO Holder,SD Hope,MM Ali,0,0,,,,,,"",""
ball,3,53.5,West Indies,JO Holder,SD Hope,MM Ali,1,0,,,,,,"",""
ball,3,53.6,West Indies,SD Hope,JO Holder,MM Ali,0,0,,,,,,"",""
ball,3,54.1,West Indies,JO Holder,SD Hope,TS Roland-Jones,0,0,,,,,,"",""
ball,3,54.2,West Indies,JO Holder,SD Hope,TS Roland-Jones,0,0,,,,,,"",""
ball,3,54.3,West Indies,JO Holder,SD Hope,TS Roland-Jones,0,0,,,,,,"",""
ball,3,54.4,West Indies,JO Holder,SD Hope,TS Roland-Jones,0,0,,,,,,"",""
ball,3,54.5,West Indies,JO Holder,SD Hope,TS Roland-Jones,0,0,,,,,,"",""
ball,3,54.6,West Indies,JO Holder,SD Hope,TS Roland-Jones,0,0,,,,,,"",""
ball,3,55.1,West Indies,SD Hope,JO Holder,MM Ali,0,0,,,,,,"",""
ball,3,55.2,West Indies,SD Hope,JO Holder,MM Ali,0,0,,,,,,"",""
ball,3,55.3,West Indies,SD Hope,JO Holder,MM Ali,0,0,,,,,,"",""
ball,3,55.4,West Indies,SD Hope,JO Holder,MM Ali,1,0,,,,,,"",""
ball,3,55.5,West Indies,JO Holder,SD Hope,MM Ali,0,0,,,,,,"",""
ball,3,55.6,West Indies,JO Holder,SD Hope,MM Ali,0,0,,,,,,"",""
ball,3,56.1,West Indies,SD Hope,JO Holder,JE Root,2,0,,,,,,"",""
ball,3,56.2,West Indies,SD Hope,JO Holder,JE Root,0,0,,,,,,"",""
ball,3,56.3,West Indies,SD Hope,JO Holder,JE Root,1,0,,,,,,"",""
ball,3,56.4,West Indies,JO Holder,SD Hope,JE Root,0,0,,,,,,"",""
ball,3,56.5,West Indies,JO Holder,SD Hope,JE Root,0,0,,,,,,"",""
ball,3,56.6,West Indies,JO Holder,SD Hope,JE Root,2,0,,,,,,"",""
ball,3,57.1,West Indies,SD Hope,JO Holder,JM Anderson,0,0,,,,,,"",""
ball,3,57.2,West Indies,SD Hope,JO Holder,JM Anderson,1,0,,,,,,"",""
ball,3,57.3,West Indies,JO Holder,SD Hope,JM Anderson,0,0,,,,,,"",""
ball,3,57.4,West Indies,JO Holder,SD Hope,JM Anderson,0,0,,,,,,"",""
ball,3,57.5,West Indies,JO Holder,SD Hope,JM Anderson,0,0,,,,,,"",""
ball,3,57.6,West Indies,JO Holder,SD Hope,JM Anderson,0,0,,,,,,"",""
ball,3,58.1,West Indies,SD Hope,JO Holder,SCJ Broad,1,0,,,,,,"",""
ball,3,58.2,West Indies,JO Holder,SD Hope,SCJ Broad,0,0,,,,,,"",""
ball,3,58.3,West Indies,JO Holder,SD Hope,SCJ Broad,0,0,,,,,,"",""
ball,3,58.4,West Indies,JO Holder,SD Hope,SCJ Broad,0,0,,,,,,"",""
ball,3,58.5,West Indies,JO Holder,SD Hope,SCJ Broad,0,0,,,,,,"",""
ball,3,58.6,West Indies,JO Holder,SD Hope,SCJ Broad,0,0,,,,,,"",""
ball,3,59.1,West Indies,SD Hope,JO Holder,JM Anderson,0,0,,,,,,caught,SD Hope
ball,3,59.2,West Indies,D Bishoo,JO Holder,JM Anderson,0,0,,,,,,"",""
ball,3,59.3,West Indies,D Bishoo,JO Holder,JM Anderson,0,0,,,,,,bowled,D Bishoo
ball,3,59.4,West Indies,KAJ Roach,JO Holder,JM Anderson,1,0,,,,,,"",""
ball,3,59.5,West Indies,JO Holder,KAJ Roach,JM Anderson,4,0,,,,,,"",""
ball,3,59.6,West Indies,JO Holder,KAJ Roach,JM Anderson,0,0,,,,,,"",""
ball,3,60.1,West Indies,KAJ Roach,JO Holder,SCJ Broad,1,0,,,,,,"",""
ball,3,60.2,West Indies,JO Holder,KAJ Roach,SCJ Broad,0,0,,,,,,"",""
ball,3,60.3,West Indies,JO Holder,KAJ Roach,SCJ Broad,4,0,,,,,,"",""
ball,3,60.4,West Indies,JO Holder,KAJ Roach,SCJ Broad,0,0,,,,,,"",""
ball,3,60.5,West Indies,JO Holder,KAJ Roach,SCJ Broad,1,0,,,,,,"",""
ball,3,60.6,West Indies,KAJ Roach,JO Holder,SCJ Broad,0,0,,,,,,"",""
ball,3,61.1,West Indies,JO Holder,KAJ Roach,JM Anderson,0,0,,,,,,"",""
ball,3,61.2,West Indies,JO Holder,KAJ Roach,JM Anderson,0,0,,,,,,"",""
ball,3,61.3,West Indies,JO Holder,KAJ Roach,JM Anderson,0,0,,,,,,"",""
ball,3,61.4,West Indies,JO Holder,KAJ Roach,JM Anderson,1,0,,,,,,"",""
ball,3,61.5,West Indies,KAJ Roach,JO Holder,JM Anderson,1,0,,,,,,"",""
ball,3,61.6,West Indies,JO Holder,KAJ Roach,JM Anderson,0,0,,,,,,"",""
ball,3,62.1,West Indies,KAJ Roach,JO Holder,SCJ Broad,0,0,,,,,,"",""
ball,3,62.2,West Indies,KAJ Roach,JO Holder,SCJ Broad,0,4,,,,4,,"",""
ball,3,62.3,West Indies,KAJ Roach,JO Holder,SCJ Broad,0,0,,,,,,"",""
ball,3,62.4,West Indies,KAJ Roach,JO Holder,SCJ Broad,0,0,,,,,,"",""
ball,3,62.5,West Indies,KAJ Roach,JO Holder,SCJ Broad,0,0,,,,,,"",""
ball,3,62.6,West Indies,KAJ Roach,JO Holder,SCJ Broad,0,0,,,,,,"",""
ball,3,63.1,West Indies,JO Holder,KAJ Roach,JM Anderson,0,0,,,,,,"",""
ball,3,63.2,West Indies,JO Holder,KAJ Roach,JM Anderson,0,0,,,,,,"",""
ball,3,63.3,West Indies,JO Holder,KAJ Roach,JM Anderson,4,0,,,,,,"",""
ball,3,63.4,West Indies,JO Holder,KAJ Roach,JM Anderson,0,0,,,,,,"",""
ball,3,63.5,West Indies,JO Holder,KAJ Roach,JM Anderson,0,0,,,,,,"",""
ball,3,63.6,West Indies,JO Holder,KAJ Roach,JM Anderson,1,0,,,,,,"",""
ball,3,64.1,West Indies,JO Holder,KAJ Roach,SCJ Broad,0,0,,,,,,caught,JO Holder
ball,3,64.2,West Indies,ST Gabriel,KAJ Roach,SCJ Broad,0,0,,,,,,"",""
ball,3,64.3,West Indies,ST Gabriel,KAJ Roach,SCJ Broad,0,0,,,,,,"",""
ball,3,64.4,West Indies,ST Gabriel,KAJ Roach,SCJ Broad,0,0,,,,,,"",""
ball,3,64.5,West Indies,ST Gabriel,KAJ Roach,SCJ Broad,0,0,,,,,,"",""
ball,3,64.6,West Indies,ST Gabriel,KAJ Roach,SCJ Broad,0,0,,,,,,"",""
ball,3,65.1,West Indies,KAJ Roach,ST Gabriel,JM Anderson,0,0,,,,,,bowled,KAJ Roach
ball,4,0.1,England,AN Cook,MD Stoneman,ST Gabriel,0,4,,,4,,,"",""
ball,4,0.2,England,AN Cook,MD Stoneman,ST Gabriel,0,1,,,,1,,"",""
ball,4,0.3,England,MD Stoneman,AN Cook,ST Gabriel,4,0,,,,,,"",""
ball,4,0.4,England,MD Stoneman,AN Cook,ST Gabriel,0,0,,,,,,"",""
ball,4,0.5,England,MD Stoneman,AN Cook,ST Gabriel,0,0,,,,,,"",""
ball,4,0.6,England,MD Stoneman,AN Cook,ST Gabriel,3,0,,,,,,"",""
ball,4,1.1,England,MD Stoneman,AN Cook,KAJ Roach,4,0,,,,,,"",""
ball,4,1.2,England,MD Stoneman,AN Cook,KAJ Roach,0,0,,,,,,"",""
ball,4,1.3,England,MD Stoneman,AN Cook,KAJ Roach,0,0,,,,,,"",""
ball,4,1.4,England,MD Stoneman,AN Cook,KAJ Roach,0,0,,,,,,"",""
ball,4,1.5,England,MD Stoneman,AN Cook,KAJ Roach,0,0,,,,,,"",""
ball,4,1.6,England,MD Stoneman,AN Cook,KAJ Roach,0,0,,,,,,"",""
ball,4,2.1,England,AN Cook,MD Stoneman,ST Gabriel,2,0,,,,,,"",""
ball,4,2.2,England,AN Cook,MD Stoneman,ST Gabriel,4,0,,,,,,"",""
ball,4,2.3,England,AN Cook,MD Stoneman,ST Gabriel,1,0,,,,,,"",""
ball,4,2.4,England,MD Stoneman,AN Cook,ST Gabriel,0,0,,,,,,"",""
ball,4,2.5,England,MD Stoneman,AN Cook,ST Gabriel,0,0,,,,,,"",""
ball,4,2.6,England,MD Stoneman,AN Cook,ST Gabriel,0,0,,,,,,"",""
ball,4,3.1,England,AN Cook,MD Stoneman,JO Holder,0,0,,,,,,"",""
ball,4,3.2,England,AN Cook,MD Stoneman,JO Holder,1,0,,,,,,"",""
ball,4,3.3,England,MD Stoneman,AN Cook,JO Holder,1,0,,,,,,"",""
ball,4,3.4,England,AN Cook,MD Stoneman,JO Holder,0,0,,,,,,"",""
ball,4,3.5,England,AN Cook,MD Stoneman,JO Holder,2,0,,,,,,"",""
ball,4,3.6,England,AN Cook,MD Stoneman,JO Holder,0,0,,,,,,"",""
ball,4,4.1,England,MD Stoneman,AN Cook,ST Gabriel,1,0,,,,,,"",""
ball,4,4.2,England,AN Cook,MD Stoneman,ST Gabriel,0,0,,,,,,"",""
ball,4,4.3,England,AN Cook,MD Stoneman,ST Gabriel,0,0,,,,,,"",""
ball,4,4.4,England,AN Cook,MD Stoneman,ST Gabriel,0,0,,,,,,"",""
ball,4,4.5,England,AN Cook,MD Stoneman,ST Gabriel,1,0,,,,,,"",""
ball,4,4.6,England,MD Stoneman,AN Cook,ST Gabriel,0,0,,,,,,"",""
ball,4,5.1,England,AN Cook,MD Stoneman,JO Holder,3,0,,,,,,"",""
ball,4,5.2,England,MD Stoneman,AN Cook,JO Holder,0,0,,,,,,"",""
ball,4,5.3,England,MD Stoneman,AN Cook,JO Holder,0,0,,,,,,"",""
ball,4,5.4,England,MD Stoneman,AN Cook,JO Holder,0,0,,,,,,"",""
ball,4,5.5,England,MD Stoneman,AN Cook,JO Holder,0,0,,,,,,"",""
ball,4,5.6,England,MD Stoneman,AN Cook,JO Holder,0,0,,,,,,"",""
ball,4,6.1,England,AN Cook,MD Stoneman,ST Gabriel,0,0,,,,,,"",""
ball,4,6.2,England,AN Cook,MD Stoneman,ST Gabriel,0,0,,,,,,"",""
ball,4,6.3,England,AN Cook,MD Stoneman,ST Gabriel,2,0,,,,,,"",""
ball,4,6.4,England,AN Cook,MD Stoneman,ST Gabriel,0,0,,,,,,"",""
ball,4,6.5,England,AN Cook,MD Stoneman,ST Gabriel,0,0,,,,,,"",""
ball,4,6.6,England,AN Cook,MD Stoneman,ST Gabriel,1,0,,,,,,"",""
ball,4,7.1,England,AN Cook,MD Stoneman,D Bishoo,0,0,,,,,,lbw,AN Cook
ball,4,7.2,England,T Westley,MD Stoneman,D Bishoo,2,0,,,,,,"",""
ball,4,7.3,England,T Westley,MD Stoneman,D Bishoo,0,0,,,,,,"",""
ball,4,7.4,England,T Westley,MD Stoneman,D Bishoo,0,0,,,,,,"",""
ball,4,7.5,England,T Westley,MD Stoneman,D Bishoo,0,0,,,,,,"",""
ball,4,7.6,England,T Westley,MD Stoneman,D Bishoo,0,0,,,,,,"",""
ball,4,8.1,England,MD Stoneman,T Westley,ST Gabriel,1,0,,,,,,"",""
ball,4,8.2,England,T Westley,MD Stoneman,ST Gabriel,0,0,,,,,,"",""
ball,4,8.3,England,T Westley,MD Stoneman,ST Gabriel,0,0,,,,,,"",""
ball,4,8.4,England,T Westley,MD Stoneman,ST Gabriel,0,0,,,,,,"",""
ball,4,8.5,England,T Westley,MD Stoneman,ST Gabriel,0,0,,,,,,"",""
ball,4,8.6,England,T Westley,MD Stoneman,ST Gabriel,2,0,,,,,,"",""
ball,4,9.1,England,MD Stoneman,T Westley,D Bishoo,3,0,,,,,,"",""
ball,4,9.2,England,T Westley,MD Stoneman,D Bishoo,4,0,,,,,,"",""
ball,4,9.3,England,T Westley,MD Stoneman,D Bishoo,0,0,,,,,,"",""
ball,4,9.4,England,T Westley,MD Stoneman,D Bishoo,0,0,,,,,,"",""
ball,4,9.5,England,T Westley,MD Stoneman,D Bishoo,0,0,,,,,,"",""
ball,4,9.6,England,T Westley,MD Stoneman,D Bishoo,0,0,,,,,,"",""
ball,4,10.1,England,MD Stoneman,T Westley,JO Holder,0,0,,,,,,"",""
ball,4,10.2,England,MD Stoneman,T Westley,JO Holder,0,0,,,,,,"",""
ball,4,10.3,England,MD Stoneman,T Westley,JO Holder,4,0,,,,,,"",""
ball,4,10.4,England,MD Stoneman,T Westley,JO Holder,0,0,,,,,,"",""
ball,4,10.5,England,MD Stoneman,T Westley,JO Holder,0,0,,,,,,"",""
ball,4,10.6,England,MD Stoneman,T Westley,JO Holder,0,0,,,,,,"",""
ball,4,11.1,England,T Westley,MD Stoneman,D Bishoo,1,0,,,,,,"",""
ball,4,11.2,England,MD Stoneman,T Westley,D Bishoo,0,0,,,,,,"",""
ball,4,11.3,England,MD Stoneman,T Westley,D Bishoo,0,0,,,,,,"",""
ball,4,11.4,England,MD Stoneman,T Westley,D Bishoo,1,0,,,,,,"",""
ball,4,11.5,England,T Westley,MD Stoneman,D Bishoo,2,0,,,,,,"",""
ball,4,11.6,England,T Westley,MD Stoneman,D Bishoo,0,0,,,,,,"",""
ball,4,12.1,England,MD Stoneman,T Westley,JO Holder,0,0,,,,,,"",""
ball,4,12.2,England,MD Stoneman,T Westley,JO Holder,0,0,,,,,,"",""
ball,4,12.3,England,MD Stoneman,T Westley,JO Holder,0,0,,,,,,"",""
ball,4,12.4,England,MD Stoneman,T Westley,JO Holder,0,0,,,,,,"",""
ball,4,12.5,England,MD Stoneman,T Westley,JO Holder,0,0,,,,,,"",""
ball,4,12.6,England,MD Stoneman,T Westley,JO Holder,0,0,,,,,,"",""
ball,4,13.1,England,T Westley,MD Stoneman,D Bishoo,0,0,,,,,,"",""
ball,4,13.2,England,T Westley,MD Stoneman,D Bishoo,0,0,,,,,,"",""
ball,4,13.3,England,T Westley,MD Stoneman,D Bishoo,0,0,,,,,,"",""
ball,4,13.4,England,T Westley,MD Stoneman,D Bishoo,0,0,,,,,,"",""
ball,4,13.5,England,T Westley,MD Stoneman,D Bishoo,0,0,,,,,,"",""
ball,4,13.6,England,T Westley,MD Stoneman,D Bishoo,1,0,,,,,,"",""
ball,4,14.1,England,T Westley,MD Stoneman,JO Holder,0,0,,,,,,"",""
ball,4,14.2,England,T Westley,MD Stoneman,JO Holder,0,0,,,,,,"",""
ball,4,14.3,England,T Westley,MD Stoneman,JO Holder,0,1,1,,,,,"",""
ball,4,14.4,England,T Westley,MD Stoneman,JO Holder,0,0,,,,,,"",""
ball,4,14.5,England,T Westley,MD Stoneman,JO Holder,0,0,,,,,,"",""
ball,4,14.6,England,T Westley,MD Stoneman,JO Holder,0,0,,,,,,"",""
ball,4,14.7,England,T Westley,MD Stoneman,JO Holder,0,0,,,,,,"",""
ball,4,15.1,England,MD Stoneman,T Westley,D Bishoo,0,0,,,,,,"",""
ball,4,15.2,England,MD Stoneman,T Westley,D Bishoo,4,0,,,,,,"",""
ball,4,15.3,England,MD Stoneman,T Westley,D Bishoo,4,0,,,,,,"",""
ball,4,15.4,England,MD Stoneman,T Westley,D Bishoo,0,0,,,,,,"",""
ball,4,15.5,England,MD Stoneman,T Westley,D Bishoo,0,0,,,,,,"",""
ball,4,15.6,England,MD Stoneman,T Westley,D Bishoo,0,0,,,,,,"",""
ball,4,16.1,England,T Westley,MD Stoneman,JO Holder,0,0,,,,,,"",""
ball,4,16.2,England,T Westley,MD Stoneman,JO Holder,0,0,,,,,,"",""
ball,4,16.3,England,T Westley,MD Stoneman,JO Holder,0,0,,,,,,"",""
ball,4,16.4,England,T Westley,MD Stoneman,JO Holder,0,0,,,,,,"",""
ball,4,16.5,England,T Westley,MD Stoneman,JO Holder,4,0,,,,,,"",""
ball,4,16.6,England,T Westley,MD Stoneman,JO Holder,0,0,,,,,,"",""
ball,4,17.1,England,MD Stoneman,T Westley,D Bishoo,0,0,,,,,,"",""
ball,4,17.2,England,MD Stoneman,T Westley,D Bishoo,0,0,,,,,,"",""
ball,4,17.3,England,MD Stoneman,T Westley,D Bishoo,0,0,,,,,,"",""
ball,4,17.4,England,MD Stoneman,T Westley,D Bishoo,0,0,,,,,,"",""
ball,4,17.5,England,MD Stoneman,T Westley,D Bishoo,0,0,,,,,,"",""
ball,4,17.6,England,MD Stoneman,T Westley,D Bishoo,0,0,,,,,,"",""
ball,4,18.1,England,T Westley,MD Stoneman,RL Chase,0,0,,,,,,"",""
ball,4,18.2,England,T Westley,MD Stoneman,RL Chase,0,0,,,,,,"",""
ball,4,18.3,England,T Westley,MD Stoneman,RL Chase,4,0,,,,,,"",""
ball,4,18.4,England,T Westley,MD Stoneman,RL Chase,0,0,,,,,,"",""
ball,4,18.5,England,T Westley,MD Stoneman,RL Chase,0,0,,,,,,"",""
ball,4,18.6,England,T Westley,MD Stoneman,RL Chase,1,0,,,,,,"",""
ball,4,19.1,England,T Westley,MD Stoneman,D Bishoo,1,0,,,,,,"",""
ball,4,19.2,England,MD Stoneman,T Westley,D Bishoo,1,0,,,,,,"",""
ball,4,19.3,England,T Westley,MD Stoneman,D Bishoo,0,0,,,,,,"",""
ball,4,19.4,England,T Westley,MD Stoneman,D Bishoo,0,0,,,,,,"",""
ball,4,19.5,England,T Westley,MD Stoneman,D Bishoo,1,0,,,,,,"",""
ball,4,19.6,England,MD Stoneman,T Westley,D Bishoo,1,0,,,,,,"",""
ball,4,20.1,England,MD Stoneman,T Westley,RL Chase,0,0,,,,,,"",""
ball,4,20.2,England,MD Stoneman,T Westley,RL Chase,0,0,,,,,,"",""
ball,4,20.3,England,MD Stoneman,T Westley,RL Chase,0,0,,,,,,"",""
ball,4,20.4,England,MD Stoneman,T Westley,RL Chase,0,0,,,,,,"",""
ball,4,20.5,England,MD Stoneman,T Westley,RL Chase,2,0,,,,,,"",""
ball,4,20.6,England,MD Stoneman,T Westley,RL Chase,0,0,,,,,,"",""
ball,4,21.1,England,T Westley,MD Stoneman,D Bishoo,0,0,,,,,,"",""
ball,4,21.2,England,T Westley,MD Stoneman,D Bishoo,0,0,,,,,,"",""
ball,4,21.3,England,T Westley,MD Stoneman,D Bishoo,0,0,,,,,,"",""
ball,4,21.4,England,T Westley,MD Stoneman,D Bishoo,0,0,,,,,,"",""
ball,4,21.5,England,T Westley,MD Stoneman,D Bishoo,0,0,,,,,,"",""
ball,4,21.6,England,T Westley,MD Stoneman,D Bishoo,0,0,,,,,,"",""
ball,4,22.1,England,MD Stoneman,T Westley,RL Chase,2,0,,,,,,"",""
ball,4,22.2,England,MD Stoneman,T Westley,RL Chase,0,0,,,,,,"",""
ball,4,22.3,England,MD Stoneman,T Westley,RL Chase,0,0,,,,,,"",""
ball,4,22.4,England,MD Stoneman,T Westley,RL Chase,1,0,,,,,,"",""
ball,4,22.5,England,T Westley,MD Stoneman,RL Chase,4,0,,,,,,"",""
ball,4,22.6,England,T Westley,MD Stoneman,RL Chase,1,0,,,,,,"",""
ball,4,23.1,England,T Westley,MD Stoneman,D Bishoo,0,0,,,,,,"",""
ball,4,23.2,England,T Westley,MD Stoneman,D Bishoo,0,0,,,,,,"",""
ball,4,23.3,England,T Westley,MD Stoneman,D Bishoo,0,0,,,,,,"",""
ball,4,23.4,England,T Westley,MD Stoneman,D Bishoo,4,0,,,,,,"",""
ball,4,23.5,England,T Westley,MD Stoneman,D Bishoo,0,0,,,,,,"",""
ball,4,23.6,England,T Westley,MD Stoneman,D Bishoo,0,0,,,,,,"",""
ball,4,24.1,England,MD Stoneman,T Westley,RL Chase,0,0,,,,,,"",""
ball,4,24.2,England,MD Stoneman,T Westley,RL Chase,0,0,,,,,,"",""
ball,4,24.3,England,MD Stoneman,T Westley,RL Chase,0,0,,,,,,"",""
ball,4,24.4,England,MD Stoneman,T Westley,RL Chase,0,0,,,,,,"",""
ball,4,24.5,England,MD Stoneman,T Westley,RL Chase,0,0,,,,,,"",""
ball,4,24.6,England,MD Stoneman,T Westley,RL Chase,0,0,,,,,,"",""
ball,4,25.1,England,T Westley,MD Stoneman,D Bishoo,0,0,,,,,,"",""
ball,4,25.2,England,T Westley,MD Stoneman,D Bishoo,0,0,,,,,,"",""
ball,4,25.3,England,T Westley,MD Stoneman,D Bishoo,1,0,,,,,,"",""
ball,4,25.4,England,MD Stoneman,T Westley,D Bishoo,0,0,,,,,,"",""
ball,4,25.5,England,MD Stoneman,T Westley,D Bishoo,0,0,,,,,,"",""
ball,4,25.6,England,MD Stoneman,T Westley,D Bishoo,0,0,,,,,,"",""
ball,4,26.1,England,T Westley,MD Stoneman,RL Chase,4,0,,,,,,"",""
ball,4,26.2,England,T Westley,MD Stoneman,RL Chase,0,0,,,,,,"",""
ball,4,26.3,England,T Westley,MD Stoneman,RL Chase,0,0,,,,,,"",""
ball,4,26.4,England,T Westley,MD Stoneman,RL Chase,2,0,,,,,,"",""
ball,4,26.5,England,T Westley,MD Stoneman,RL Chase,4,0,,,,,,"",""
ball,4,26.6,England,T Westley,MD Stoneman,RL Chase,0,0,,,,,,"",""
ball,4,27.1,England,MD Stoneman,T Westley,D Bishoo,0,0,,,,,,"",""
ball,4,27.2,England,MD Stoneman,T Westley,D Bishoo,1,0,,,,,,"",""
ball,4,27.3,England,T Westley,MD Stoneman,D Bishoo,0,0,,,,,,"",""
ball,4,27.4,England,T Westley,MD Stoneman,D Bishoo,0,0,,,,,,"",""
ball,4,27.5,England,T Westley,MD Stoneman,D Bishoo,1,0,,,,,,"",""
ball,4,27.6,England,MD Stoneman,T Westley,D Bishoo,2,0,,,,,,"",""
