version,1.6.0
info,balls_per_over,6
info,team,India
info,team,England
info,gender,male
info,season,2016/17
info,date,2017/01/19
info,event,England in India ODI Series
info,match_number,2
info,venue,Barabati Stadium
info,city,Cuttack
info,toss_winner,England
info,toss_decision,field
info,player_of_match,Yuvraj Singh
info,umpire,AK Chaudhary
info,umpire,RSA Palliyaguruge
info,reserve_umpire,Nitin Menon
info,tv_umpire,HDPK Dharmasena
info,match_referee,AJ Pycroft
info,winner,India
info,winner_runs,15
info,player,England,JJ Roy
info,player,England,AD Hales
info,player,England,JE Root
info,player,England,EJG Morgan
info,player,England,BA Stokes
info,player,England,JC Buttler
info,player,England,MM Ali
info,player,England,CR Woakes
info,player,England,LE Plunkett
info,player,England,DJ Willey
info,player,England,JT Ball
info,player,India,KL Rahul
info,player,India,S Dhawan
info,player,India,V Kohli
info,player,India,Yuvraj Singh
info,player,India,MS Dhoni
info,player,India,KM Jadhav
info,player,India,HH Pandya
info,player,India,RA Jadeja
info,player,India,R Ashwin
info,player,India,JJ Bumrah
info,player,India,B Kumar
info,registry,people,AD Hales,92aeac25
info,registry,people,AJ Pycroft,685d3f80
info,registry,people,AK Chaudhary,fdcc6236
info,registry,people,B Kumar,2e81a32d
info,registry,people,BA Stokes,e087956b
info,registry,people,CR Woakes,4c5d73db
info,registry,people,DJ Willey,7f048519
info,registry,people,EJG Morgan,d2a6c0e6
info,registry,people,HDPK Dharmasena,323e4c16
info,registry,people,HH Pandya,dbe50b21
info,registry,people,JC Buttler,99b75528
info,registry,people,JE Root,a343262c
info,registry,people,JJ Bumrah,462411b3
info,registry,people,JJ Roy,d1c36f5c
info,registry,people,JT Ball,3d0ed2f9
info,registry,people,KL Rahul,b17e2f24
info,registry,people,KM Jadhav,99d63244
info,registry,people,LE Plunkett,9a963804
info,registry,people,MM Ali,bb351c23
info,registry,people,MS Dhoni,4a8a2e3b
info,registry,people,Nitin Menon,e1d41d9e
info,registry,people,R Ashwin,495d42a5
info,registry,people,RA Jadeja,fe93fd9d
info,registry,people,RSA Palliyaguruge,4339c19d
info,registry,people,S Dhawan,0a476045
info,registry,people,V Kohli,ba607b88
info,registry,people,Yuvraj Singh,1c914163
ball,1,0.1,India,KL Rahul,S Dhawan,CR Woakes,4,0,,,,,,"",""
ball,1,0.2,India,KL Rahul,S Dhawan,CR Woakes,0,0,,,,,,"",""
ball,1,0.3,India,KL Rahul,S Dhawan,CR Woakes,1,0,,,,,,"",""
ball,1,0.4,India,S Dhawan,KL Rahul,CR Woakes,0,0,,,,,,"",""
ball,1,0.5,India,S Dhawan,KL Rahul,CR Woakes,1,0,,,,,,"",""
ball,1,0.6,India,KL Rahul,S Dhawan,CR Woakes,0,0,,,,,,"",""
ball,1,1.1,India,S Dhawan,KL Rahul,DJ Willey,0,0,,,,,,"",""
ball,1,1.2,India,S Dhawan,KL Rahul,DJ Willey,0,0,,,,,,"",""
ball,1,1.3,India,S Dhawan,KL Rahul,DJ Willey,4,0,,,,,,"",""
ball,1,1.4,India,S Dhawan,KL Rahul,DJ Willey,4,0,,,,,,"",""
ball,1,1.5,India,S Dhawan,KL Rahul,DJ Willey,0,0,,,,,,"",""
ball,1,1.6,India,S Dhawan,KL Rahul,DJ Willey,0,0,,,,,,"",""
ball,1,2.1,India,KL Rahul,S Dhawan,CR Woakes,0,0,,,,,,caught,KL Rahul
ball,1,2.2,India,V Kohli,S Dhawan,CR Woakes,4,0,,,,,,"",""
ball,1,2.3,India,V Kohli,S Dhawan,CR Woakes,0,0,,,,,,"",""
ball,1,2.4,India,V Kohli,S Dhawan,CR Woakes,4,0,,,,,,"",""
ball,1,2.5,India,V Kohli,S Dhawan,CR Woakes,0,0,,,,,,"",""
ball,1,2.6,India,V Kohli,S Dhawan,CR Woakes,0,0,,,,,,caught,V Kohli
ball,1,3.1,India,S Dhawan,Yuvraj Singh,DJ Willey,0,0,,,,,,"",""
ball,1,3.2,India,S Dhawan,Yuvraj Singh,DJ Willey,1,0,,,,,,"",""
ball,1,3.3,India,Yuvraj Singh,S Dhawan,DJ Willey,0,0,,,,,,"",""
ball,1,3.4,India,Yuvraj Singh,S Dhawan,DJ Willey,0,0,,,,,,"",""
ball,1,3.5,India,Yuvraj Singh,S Dhawan,DJ Willey,1,0,,,,,,"",""
ball,1,3.6,India,S Dhawan,Yuvraj Singh,DJ Willey,1,0,,,,,,"",""
ball,1,4.1,India,S Dhawan,Yuvraj Singh,CR Woakes,0,0,,,,,,"",""
ball,1,4.2,India,S Dhawan,Yuvraj Singh,CR Woakes,0,0,,,,,,"",""
ball,1,4.3,India,S Dhawan,Yuvraj Singh,CR Woakes,0,0,,,,,,"",""
ball,1,4.4,India,S Dhawan,Yuvraj Singh,CR Woakes,0,0,,,,,,bowled,S Dhawan
ball,1,4.5,India,MS Dhoni,Yuvraj Singh,CR Woakes,0,0,,,,,,"",""
ball,1,4.6,India,MS Dhoni,Yuvraj Singh,CR Woakes,0,0,,,,,,"",""
ball,1,5.1,India,Yuvraj Singh,MS Dhoni,DJ Willey,0,0,,,,,,"",""
ball,1,5.2,India,Yuvraj Singh,MS Dhoni,DJ Willey,0,0,,,,,,"",""
ball,1,5.3,India,Yuvraj Singh,MS Dhoni,DJ Willey,0,0,,,,,,"",""
ball,1,5.4,India,Yuvraj Singh,MS Dhoni,DJ Willey,0,0,,,,,,"",""
ball,1,5.5,India,Yuvraj Singh,MS Dhoni,DJ Willey,1,0,,,,,,"",""
ball,1,5.6,India,MS Dhoni,Yuvraj Singh,DJ Willey,1,0,,,,,,"",""
ball,1,6.1,India,MS Dhoni,Yuvraj Singh,CR Woakes,0,0,,,,,,"",""
ball,1,6.2,India,MS Dhoni,Yuvraj Singh,CR Woakes,0,0,,,,,,"",""
ball,1,6.3,India,MS Dhoni,Yuvraj Singh,CR Woakes,0,0,,,,,,"",""
ball,1,6.4,India,MS Dhoni,Yuvraj Singh,CR Woakes,0,0,,,,,,"",""
ball,1,6.5,India,MS Dhoni,Yuvraj Singh,CR Woakes,0,0,,,,,,"",""
ball,1,6.6,India,MS Dhoni,Yuvraj Singh,CR Woakes,0,0,,,,,,"",""
ball,1,7.1,India,Yuvraj Singh,MS Dhoni,JT Ball,4,0,,,,,,"",""
ball,1,7.2,India,Yuvraj Singh,MS Dhoni,JT Ball,0,0,,,,,,"",""
ball,1,7.3,India,Yuvraj Singh,MS Dhoni,JT Ball,0,0,,,,,,"",""
ball,1,7.4,India,Yuvraj Singh,MS Dhoni,JT Ball,4,0,,,,,,"",""
ball,1,7.5,India,Yuvraj Singh,MS Dhoni,JT Ball,0,0,,,,,,"",""
ball,1,7.6,India,Yuvraj Singh,MS Dhoni,JT Ball,4,0,,,,,,"",""
ball,1,8.1,India,MS Dhoni,Yuvraj Singh,CR Woakes,0,0,,,,,,"",""
ball,1,8.2,India,MS Dhoni,Yuvraj Singh,CR Woakes,0,0,,,,,,"",""
ball,1,8.3,India,MS Dhoni,Yuvraj Singh,CR Woakes,0,0,,,,,,"",""
ball,1,8.4,India,MS Dhoni,Yuvraj Singh,CR Woakes,0,0,,,,,,"",""
ball,1,8.5,India,MS Dhoni,Yuvraj Singh,CR Woakes,0,0,,,,,,"",""
ball,1,8.6,India,MS Dhoni,Yuvraj Singh,CR Woakes,0,0,,,,,,"",""
ball,1,9.1,India,Yuvraj Singh,MS Dhoni,JT Ball,0,0,,,,,,"",""
ball,1,9.2,India,Yuvraj Singh,MS Dhoni,JT Ball,0,0,,,,,,"",""
ball,1,9.3,India,Yuvraj Singh,MS Dhoni,JT Ball,0,0,,,,,,"",""
ball,1,9.4,India,Yuvraj Singh,MS Dhoni,JT Ball,4,0,,,,,,"",""
ball,1,9.5,India,Yuvraj Singh,MS Dhoni,JT Ball,0,0,,,,,,"",""
ball,1,9.6,India,Yuvraj Singh,MS Dhoni,JT Ball,0,0,,,,,,"",""
ball,1,10.1,India,MS Dhoni,Yuvraj Singh,LE Plunkett,2,0,,,,,,"",""
ball,1,10.2,India,MS Dhoni,Yuvraj Singh,LE Plunkett,1,0,,,,,,"",""
ball,1,10.3,India,Yuvraj Singh,MS Dhoni,LE Plunkett,4,0,,,,,,"",""
ball,1,10.4,India,Yuvraj Singh,MS Dhoni,LE Plunkett,0,0,,,,,,"",""
ball,1,10.5,India,Yuvraj Singh,MS Dhoni,LE Plunkett,4,0,,,,,,"",""
ball,1,10.6,India,Yuvraj Singh,MS Dhoni,LE Plunkett,1,0,,,,,,"",""
ball,1,11.1,India,Yuvraj Singh,MS Dhoni,JT Ball,1,0,,,,,,"",""
ball,1,11.2,India,MS Dhoni,Yuvraj Singh,JT Ball,0,0,,,,,,"",""
ball,1,11.3,India,MS Dhoni,Yuvraj Singh,JT Ball,0,0,,,,,,"",""
ball,1,11.4,India,MS Dhoni,Yuvraj Singh,JT Ball,2,0,,,,,,"",""
ball,1,11.5,India,MS Dhoni,Yuvraj Singh,JT Ball,0,0,,,,,,"",""
ball,1,11.6,India,MS Dhoni,Yuvraj Singh,JT Ball,0,0,,,,,,"",""
ball,1,12.1,India,Yuvraj Singh,MS Dhoni,LE Plunkett,0,0,,,,,,"",""
ball,1,12.2,India,Yuvraj Singh,MS Dhoni,LE Plunkett,0,0,,,,,,"",""
ball,1,12.3,India,Yuvraj Singh,MS Dhoni,LE Plunkett,0,0,,,,,,"",""
ball,1,12.4,India,Yuvraj Singh,MS Dhoni,LE Plunkett,0,0,,,,,,"",""
ball,1,12.5,India,Yuvraj Singh,MS Dhoni,LE Plunkett,0,0,,,,,,"",""
ball,1,12.6,India,Yuvraj Singh,MS Dhoni,LE Plunkett,0,0,,,,,,"",""
ball,1,13.1,India,MS Dhoni,Yuvraj Singh,JT Ball,4,0,,,,,,"",""
ball,1,13.2,India,MS Dhoni,Yuvraj Singh,JT Ball,0,0,,,,,,"",""
ball,1,13.3,India,MS Dhoni,Yuvraj Singh,JT Ball,1,0,,,,,,"",""
ball,1,13.4,India,Yuvraj Singh,MS Dhoni,JT Ball,0,0,,,,,,"",""
ball,1,13.5,India,Yuvraj Singh,MS Dhoni,JT Ball,1,0,,,,,,"",""
ball,1,13.6,India,MS Dhoni,Yuvraj Singh,JT Ball,0,0,,,,,,"",""
ball,1,14.1,India,Yuvraj Singh,MS Dhoni,LE Plunkett,1,0,,,,,,"",""
ball,1,14.2,India,MS Dhoni,Yuvraj Singh,LE Plunkett,4,0,,,,,,"",""
ball,1,14.3,India,MS Dhoni,Yuvraj Singh,LE Plunkett,0,0,,,,,,"",""
ball,1,14.4,India,MS Dhoni,Yuvraj Singh,LE Plunkett,0,0,,,,,,"",""
ball,1,14.5,India,MS Dhoni,Yuvraj Singh,LE Plunkett,0,0,,,,,,"",""
ball,1,14.6,India,MS Dhoni,Yuvraj Singh,LE Plunkett,0,0,,,,,,"",""
ball,1,15.1,India,Yuvraj Singh,MS Dhoni,JT Ball,0,0,,,,,,"",""
ball,1,15.2,India,Yuvraj Singh,MS Dhoni,JT Ball,0,0,,,,,,"",""
ball,1,15.3,India,Yuvraj Singh,MS Dhoni,JT Ball,0,0,,,,,,"",""
ball,1,15.4,India,Yuvraj Singh,MS Dhoni,JT Ball,0,0,,,,,,"",""
ball,1,15.5,India,Yuvraj Singh,MS Dhoni,JT Ball,4,0,,,,,,"",""
ball,1,15.6,India,Yuvraj Singh,MS Dhoni,JT Ball,1,0,,,,,,"",""
ball,1,16.1,India,Yuvraj Singh,MS Dhoni,BA Stokes,1,0,,,,,,"",""
ball,1,16.2,India,MS Dhoni,Yuvraj Singh,BA Stokes,0,0,,,,,,"",""
ball,1,16.3,India,MS Dhoni,Yuvraj Singh,BA Stokes,1,0,,,,,,"",""
ball,1,16.4,India,Yuvraj Singh,MS Dhoni,BA Stokes,4,0,,,,,,"",""
ball,1,16.5,India,Yuvraj Singh,MS Dhoni,BA Stokes,0,0,,,,,,"",""
ball,1,16.6,India,Yuvraj Singh,MS Dhoni,BA Stokes,1,0,,,,,,"",""
ball,1,17.1,India,Yuvraj Singh,MS Dhoni,MM Ali,0,0,,,,,,"",""
ball,1,17.2,India,Yuvraj Singh,MS Dhoni,MM Ali,2,0,,,,,,"",""
ball,1,17.3,India,Yuvraj Singh,MS Dhoni,MM Ali,1,0,,,,,,"",""
ball,1,17.4,India,MS Dhoni,Yuvraj Singh,MM Ali,0,0,,,,,,"",""
ball,1,17.5,India,MS Dhoni,Yuvraj Singh,MM Ali,1,0,,,,,,"",""
ball,1,17.6,India,Yuvraj Singh,MS Dhoni,MM Ali,1,0,,,,,,"",""
ball,1,18.1,India,Yuvraj Singh,MS Dhoni,BA Stokes,0,0,,,,,,"",""
ball,1,18.2,India,Yuvraj Singh,MS Dhoni,BA Stokes,0,0,,,,,,"",""
ball,1,18.3,India,Yuvraj Singh,MS Dhoni,BA Stokes,0,0,,,,,,"",""
ball,1,18.4,India,Yuvraj Singh,MS Dhoni,BA Stokes,0,0,,,,,,"",""
ball,1,18.5,India,Yuvraj Singh,MS Dhoni,BA Stokes,1,0,,,,,,"",""
ball,1,18.6,India,MS Dhoni,Yuvraj Singh,BA Stokes,1,0,,,,,,"",""
ball,1,19.1,India,MS Dhoni,Yuvraj Singh,MM Ali,2,0,,,,,,"",""
ball,1,19.2,India,MS Dhoni,Yuvraj Singh,MM Ali,0,0,,,,,,"",""
ball,1,19.3,India,MS Dhoni,Yuvraj Singh,MM Ali,0,0,,,,,,"",""
ball,1,19.4,India,MS Dhoni,Yuvraj Singh,MM Ali,0,0,,,,,,"",""
ball,1,19.5,India,MS Dhoni,Yuvraj Singh,MM Ali,1,0,,,,,,"",""
ball,1,19.6,India,Yuvraj Singh,MS Dhoni,MM Ali,1,0,,,,,,"",""
ball,1,20.1,India,Yuvraj Singh,MS Dhoni,BA Stokes,2,0,,,,,,"",""
ball,1,20.2,India,Yuvraj Singh,MS Dhoni,BA Stokes,1,0,,,,,,"",""
ball,1,20.3,India,MS Dhoni,Yuvraj Singh,BA Stokes,0,0,,,,,,"",""
ball,1,20.4,India,MS Dhoni,Yuvraj Singh,BA Stokes,0,0,,,,,,"",""
ball,1,20.5,India,MS Dhoni,Yuvraj Singh,BA Stokes,0,0,,,,,,"",""
ball,1,20.6,India,MS Dhoni,Yuvraj Singh,BA Stokes,0,0,,,,,,"",""
ball,1,21.1,India,Yuvraj Singh,MS Dhoni,MM Ali,4,0,,,,,,"",""
ball,1,21.2,India,Yuvraj Singh,MS Dhoni,MM Ali,0,0,,,,,,"",""
ball,1,21.3,India,Yuvraj Singh,MS Dhoni,MM Ali,1,0,,,,,,"",""
ball,1,21.4,India,MS Dhoni,Yuvraj Singh,MM Ali,4,0,,,,,,"",""
ball,1,21.5,India,MS Dhoni,Yuvraj Singh,MM Ali,0,0,,,,,,"",""
ball,1,21.6,India,MS Dhoni,Yuvraj Singh,MM Ali,0,0,,,,,,"",""
ball,1,22.1,India,Yuvraj Singh,MS Dhoni,BA Stokes,6,0,,,,,,"",""
ball,1,22.2,India,Yuvraj Singh,MS Dhoni,BA Stokes,1,0,,,,,,"",""
ball,1,22.3,India,MS Dhoni,Yuvraj Singh,BA Stokes,0,1,,,,1,,"",""
ball,1,22.4,India,Yuvraj Singh,MS Dhoni,BA Stokes,4,0,,,,,,"",""
ball,1,22.5,India,Yuvraj Singh,MS Dhoni,BA Stokes,0,0,,,,,,"",""
ball,1,22.6,India,Yuvraj Singh,MS Dhoni,BA Stokes,1,0,,,,,,"",""
ball,1,23.1,India,Yuvraj Singh,MS Dhoni,MM Ali,0,0,,,,,,"",""
ball,1,23.2,India,Yuvraj Singh,MS Dhoni,MM Ali,1,0,,,,,,"",""
ball,1,23.3,India,MS Dhoni,Yuvraj Singh,MM Ali,1,0,,,,,,"",""
ball,1,23.4,India,Yuvraj Singh,MS Dhoni,MM Ali,0,0,,,,,,"",""
ball,1,23.5,India,Yuvraj Singh,MS Dhoni,MM Ali,0,0,,,,,,"",""
ball,1,23.6,India,Yuvraj Singh,MS Dhoni,MM Ali,1,0,,,,,,"",""
ball,1,24.1,India,Yuvraj Singh,MS Dhoni,DJ Willey,4,0,,,,,,"",""
ball,1,24.2,India,Yuvraj Singh,MS Dhoni,DJ Willey,1,0,,,,,,"",""
ball,1,24.3,India,MS Dhoni,Yuvraj Singh,DJ Willey,0,1,1,,,,,"",""
ball,1,24.4,India,MS Dhoni,Yuvraj Singh,DJ Willey,0,0,,,,,,"",""
ball,1,24.5,India,MS Dhoni,Yuvraj Singh,DJ Willey,4,0,,,,,,"",""
ball,1,24.6,India,MS Dhoni,Yuvraj Singh,DJ Willey,1,0,,,,,,"",""
ball,1,24.7,India,Yuvraj Singh,MS Dhoni,DJ Willey,1,0,,,,,,"",""
ball,1,25.1,India,Yuvraj Singh,MS Dhoni,MM Ali,0,0,,,,,,"",""
ball,1,25.2,India,Yuvraj Singh,MS Dhoni,MM Ali,0,0,,,,,,"",""
ball,1,25.3,India,Yuvraj Singh,MS Dhoni,MM Ali,0,0,,,,,,"",""
ball,1,25.4,India,Yuvraj Singh,MS Dhoni,MM Ali,0,0,,,,,,"",""
ball,1,25.5,India,Yuvraj Singh,MS Dhoni,MM Ali,1,0,,,,,,"",""
ball,1,25.6,India,MS Dhoni,Yuvraj Singh,MM Ali,1,0,,,,,,"",""
ball,1,26.1,India,MS Dhoni,Yuvraj Singh,DJ Willey,1,0,,,,,,"",""
ball,1,26.2,India,Yuvraj Singh,MS Dhoni,DJ Willey,0,0,,,,,,"",""
ball,1,26.3,India,Yuvraj Singh,MS Dhoni,DJ Willey,4,0,,,,,,"",""
ball,1,26.4,India,Yuvraj Singh,MS Dhoni,DJ Willey,0,0,,,,,,"",""
ball,1,26.5,India,Yuvraj Singh,MS Dhoni,DJ Willey,1,0,,,,,,"",""
ball,1,26.6,India,MS Dhoni,Yuvraj Singh,DJ Willey,1,0,,,,,,"",""
ball,1,27.1,India,MS Dhoni,Yuvraj Singh,MM Ali,0,0,,,,,,"",""
ball,1,27.2,India,MS Dhoni,Yuvraj Singh,MM Ali,2,0,,,,,,"",""
ball,1,27.3,India,MS Dhoni,Yuvraj Singh,MM Ali,0,0,,,,,,"",""
ball,1,27.4,India,MS Dhoni,Yuvraj Singh,MM Ali,0,0,,,,,,"",""
ball,1,27.5,India,MS Dhoni,Yuvraj Singh,MM Ali,0,1,1,,,,,"",""
ball,1,27.6,India,MS Dhoni,Yuvraj Singh,MM Ali,6,0,,,,,,"",""
ball,1,27.7,India,MS Dhoni,Yuvraj Singh,MM Ali,1,0,,,,,,"",""
ball,1,28.1,India,MS Dhoni,Yuvraj Singh,LE Plunkett,0,0,,,,,,"",""
ball,1,28.2,India,MS Dhoni,Yuvraj Singh,LE Plunkett,4,0,,,,,,"",""
ball,1,28.3,India,MS Dhoni,Yuvraj Singh,LE Plunkett,1,0,,,,,,"",""
ball,1,28.4,India,Yuvraj Singh,MS Dhoni,LE Plunkett,0,0,,,,,,"",""
ball,1,28.5,India,Yuvraj Singh,MS Dhoni,LE Plunkett,0,0,,,,,,"",""
ball,1,28.6,India,Yuvraj Singh,MS Dhoni,LE Plunkett,0,0,,,,,,"",""
ball,1,29.1,India,MS Dhoni,Yuvraj Singh,BA Stokes,0,0,,,,,,"",""
ball,1,29.2,India,MS Dhoni,Yuvraj Singh,BA Stokes,1,0,,,,,,"",""
ball,1,29.3,India,Yuvraj Singh,MS Dhoni,BA Stokes,1,0,,,,,,"",""
ball,1,29.4,India,MS Dhoni,Yuvraj Singh,BA Stokes,4,0,,,,,,"",""
ball,1,29.5,India,MS Dhoni,Yuvraj Singh,BA Stokes,4,0,,,,,,"",""
ball,1,29.6,India,MS Dhoni,Yuvraj Singh,BA Stokes,1,0,,,,,,"",""
ball,1,30.1,India,MS Dhoni,Yuvraj Singh,LE Plunkett,0,1,1,,,,,"",""
ball,1,30.2,India,MS Dhoni,Yuvraj Singh,LE Plunkett,2,0,,,,,,"",""
ball,1,30.3,India,MS Dhoni,Yuvraj Singh,LE Plunkett,0,0,,,,,,"",""
ball,1,30.4,India,MS Dhoni,Yuvraj Singh,LE Plunkett,0,0,,,,,,"",""
ball,1,30.5,India,MS Dhoni,Yuvraj Singh,LE Plunkett,1,0,,,,,,"",""
ball,1,30.6,India,Yuvraj Singh,MS Dhoni,LE Plunkett,0,0,,,,,,"",""
ball,1,30.7,India,Yuvraj Singh,MS Dhoni,LE Plunkett,1,0,,,,,,"",""
ball,1,31.1,India,Yuvraj Singh,MS Dhoni,BA Stokes,0,0,,,,,,"",""
ball,1,31.2,India,Yuvraj Singh,MS Dhoni,BA Stokes,4,0,,,,,,"",""
ball,1,31.3,India,Yuvraj Singh,MS Dhoni,BA Stokes,1,0,,,,,,"",""
ball,1,31.4,India,MS Dhoni,Yuvraj Singh,BA Stokes,1,0,,,,,,"",""
ball,1,31.5,India,Yuvraj Singh,MS Dhoni,BA Stokes,4,0,,,,,,"",""
ball,1,31.6,India,Yuvraj Singh,MS Dhoni,BA Stokes,1,0,,,,,,"",""
ball,1,32.1,India,Yuvraj Singh,MS Dhoni,LE Plunkett,0,0,,,,,,"",""
ball,1,32.2,India,Yuvraj Singh,MS Dhoni,LE Plunkett,2,0,,,,,,"",""
ball,1,32.3,India,Yuvraj Singh,MS Dhoni,LE Plunkett,4,0,,,,,,"",""
ball,1,32.4,India,Yuvraj Singh,MS Dhoni,LE Plunkett,0,0,,,,,,"",""
ball,1,32.5,India,Yuvraj Singh,MS Dhoni,LE Plunkett,0,0,,,,,,"",""
ball,1,32.6,India,Yuvraj Singh,MS Dhoni,LE Plunkett,1,0,,,,,,"",""
ball,1,33.1,India,Yuvraj Singh,MS Dhoni,JT Ball,1,0,,,,,,"",""
ball,1,33.2,India,MS Dhoni,Yuvraj Singh,JT Ball,1,0,,,,,,"",""
ball,1,33.3,India,Yuvraj Singh,MS Dhoni,JT Ball,0,1,1,,,,,"",""
ball,1,33.4,India,Yuvraj Singh,MS Dhoni,JT Ball,1,0,,,,,,"",""
ball,1,33.5,India,MS Dhoni,Yuvraj Singh,JT Ball,1,0,,,,,,"",""
ball,1,33.6,India,Yuvraj Singh,MS Dhoni,JT Ball,1,0,,,,,,"",""
ball,1,33.7,India,MS Dhoni,Yuvraj Singh,JT Ball,1,0,,,,,,"",""
ball,1,34.1,India,MS Dhoni,Yuvraj Singh,LE Plunkett,4,0,,,,,,"",""
ball,1,34.2,India,MS Dhoni,Yuvraj Singh,LE Plunkett,1,0,,,,,,"",""
ball,1,34.3,India,Yuvraj Singh,MS Dhoni,LE Plunkett,0,0,,,,,,"",""
ball,1,34.4,India,Yuvraj Singh,MS Dhoni,LE Plunkett,1,0,,,,,,"",""
ball,1,34.5,India,MS Dhoni,Yuvraj Singh,LE Plunkett,0,1,,,,1,,"",""
ball,1,34.6,India,Yuvraj Singh,MS Dhoni,LE Plunkett,4,0,,,,,,"",""
ball,1,35.1,India,MS Dhoni,Yuvraj Singh,JT Ball,0,0,,,,,,"",""
ball,1,35.2,India,MS Dhoni,Yuvraj Singh,JT Ball,0,0,,,,,,"",""
ball,1,35.3,India,MS Dhoni,Yuvraj Singh,JT Ball,1,0,,,,,,"",""
ball,1,35.4,India,Yuvraj Singh,MS Dhoni,JT Ball,4,0,,,,,,"",""
ball,1,35.5,India,Yuvraj Singh,MS Dhoni,JT Ball,0,0,,,,,,"",""
ball,1,35.6,India,Yuvraj Singh,MS Dhoni,JT Ball,4,0,,,,,,"",""
ball,1,36.1,India,MS Dhoni,Yuvraj Singh,CR Woakes,0,0,,,,,,"",""
ball,1,36.2,India,MS Dhoni,Yuvraj Singh,CR Woakes,1,0,,,,,,"",""
ball,1,36.3,India,Yuvraj Singh,MS Dhoni,CR Woakes,1,0,,,,,,"",""
ball,1,36.4,India,MS Dhoni,Yuvraj Singh,CR Woakes,0,0,,,,,,"",""
ball,1,36.5,India,MS Dhoni,Yuvraj Singh,CR Woakes,6,0,,,,,,"",""
ball,1,36.6,India,MS Dhoni,Yuvraj Singh,CR Woakes,1,0,,,,,,"",""
ball,1,37.1,India,MS Dhoni,Yuvraj Singh,JT Ball,1,0,,,,,,"",""
ball,1,37.2,India,Yuvraj Singh,MS Dhoni,JT Ball,0,0,,,,,,"",""
ball,1,37.3,India,Yuvraj Singh,MS Dhoni,JT Ball,1,0,,,,,,"",""
ball,1,37.4,India,MS Dhoni,Yuvraj Singh,JT Ball,1,0,,,,,,"",""
ball,1,37.5,India,Yuvraj Singh,MS Dhoni,JT Ball,4,0,,,,,,"",""
ball,1,37.6,India,Yuvraj Singh,MS Dhoni,JT Ball,4,0,,,,,,"",""
ball,1,38.1,India,MS Dhoni,Yuvraj Singh,CR Woakes,1,0,,,,,,"",""
ball,1,38.2,India,Yuvraj Singh,MS Dhoni,CR Woakes,6,0,,,,,,"",""
ball,1,38.3,India,Yuvraj Singh,MS Dhoni,CR Woakes,0,0,,,,,,"",""
ball,1,38.4,India,Yuvraj Singh,MS Dhoni,CR Woakes,1,0,,,,,,"",""
ball,1,38.5,India,MS Dhoni,Yuvraj Singh,CR Woakes,0,0,,,,,,"",""
ball,1,38.6,India,MS Dhoni,Yuvraj Singh,CR Woakes,1,0,,,,,,"",""
ball,1,39.1,India,MS Dhoni,Yuvraj Singh,BA Stokes,1,0,,,,,,"",""
ball,1,39.2,India,Yuvraj Singh,MS Dhoni,BA Stokes,4,0,,,,,,"",""
ball,1,39.3,India,Yuvraj Singh,MS Dhoni,BA Stokes,0,1,1,,,,,"",""
ball,1,39.4,India,Yuvraj Singh,MS Dhoni,BA Stokes,6,0,,,,,,"",""
ball,1,39.5,India,Yuvraj Singh,MS Dhoni,BA Stokes,1,0,,,,,,"",""
ball,1,39.6,India,MS Dhoni,Yuvraj Singh,BA Stokes,1,0,,,,,,"",""
ball,1,39.7,India,Yuvraj Singh,MS Dhoni,BA Stokes,1,0,,,,,,"",""
ball,1,40.1,India,Yuvraj Singh,MS Dhoni,CR Woakes,0,0,,,,,,"",""
ball,1,40.2,India,Yuvraj Singh,MS Dhoni,CR Woakes,1,0,,,,,,"",""
ball,1,40.3,India,MS Dhoni,Yuvraj Singh,CR Woakes,4,0,,,,,,"",""
ball,1,40.4,India,MS Dhoni,Yuvraj Singh,CR Woakes,1,0,,,,,,"",""
ball,1,40.5,India,Yuvraj Singh,MS Dhoni,CR Woakes,0,0,,,,,,"",""
ball,1,40.6,India,Yuvraj Singh,MS Dhoni,CR Woakes,1,0,,,,,,"",""
ball,1,41.1,India,Yuvraj Singh,MS Dhoni,BA Stokes,1,0,,,,,,"",""
ball,1,41.2,India,MS Dhoni,Yuvraj Singh,BA Stokes,1,0,,,,,,"",""
ball,1,41.3,India,Yuvraj Singh,MS Dhoni,BA Stokes,1,0,,,,,,"",""
ball,1,41.4,India,MS Dhoni,Yuvraj Singh,BA Stokes,1,0,,,,,,"",""
ball,1,41.5,India,Yuvraj Singh,MS Dhoni,BA Stokes,1,0,,,,,,"",""
ball,1,41.6,India,MS Dhoni,Yuvraj Singh,BA Stokes,1,0,,,,,,"",""
ball,1,42.1,India,MS Dhoni,Yuvraj Singh,CR Woakes,0,0,,,,,,"",""
ball,1,42.2,India,MS Dhoni,Yuvraj Singh,CR Woakes,6,0,,,,,,"",""
ball,1,42.3,India,MS Dhoni,Yuvraj Singh,CR Woakes,0,0,,,,,,"",""
ball,1,42.4,India,MS Dhoni,Yuvraj Singh,CR Woakes,0,0,,,,,,"",""
ball,1,42.5,India,MS Dhoni,Yuvraj Singh,CR Woakes,1,0,,,,,,"",""
ball,1,42.6,India,Yuvraj Singh,MS Dhoni,CR Woakes,0,0,,,,,,caught,Yuvraj Singh
ball,1,43.1,India,MS Dhoni,KM Jadhav,LE Plunkett,1,0,,,,,,"",""
ball,1,43.2,India,KM Jadhav,MS Dhoni,LE Plunkett,1,0,,,,,,"",""
ball,1,43.3,India,MS Dhoni,KM Jadhav,LE Plunkett,2,1,,1,,,,"",""
ball,1,43.4,India,MS Dhoni,KM Jadhav,LE Plunkett,0,4,,,4,,,"",""
ball,1,43.5,India,MS Dhoni,KM Jadhav,LE Plunkett,0,1,1,,,,,"",""
ball,1,43.6,India,MS Dhoni,KM Jadhav,LE Plunkett,1,0,,,,,,"",""
ball,1,43.7,India,KM Jadhav,MS Dhoni,LE Plunkett,0,0,,,,,,"",""
ball,1,43.8,India,KM Jadhav,MS Dhoni,LE Plunkett,4,0,,,,,,"",""
ball,1,44.1,India,MS Dhoni,KM Jadhav,BA Stokes,1,0,,,,,,"",""
ball,1,44.2,India,KM Jadhav,MS Dhoni,BA Stokes,1,0,,,,,,"",""
ball,1,44.3,India,MS Dhoni,KM Jadhav,BA Stokes,4,0,,,,,,"",""
ball,1,44.4,India,MS Dhoni,KM Jadhav,BA Stokes,1,0,,,,,,"",""
ball,1,44.5,India,KM Jadhav,MS Dhoni,BA Stokes,4,0,,,,,,"",""
ball,1,44.6,India,KM Jadhav,MS Dhoni,BA Stokes,1,0,,,,,,"",""
ball,1,45.1,India,KM Jadhav,MS Dhoni,LE Plunkett,1,0,,,,,,"",""
ball,1,45.2,India,MS Dhoni,KM Jadhav,LE Plunkett,2,0,,,,,,"",""
ball,1,45.3,India,MS Dhoni,KM Jadhav,LE Plunkett,0,1,1,,,,,"",""
ball,1,45.4,India,MS Dhoni,KM Jadhav,LE Plunkett,1,0,,,,,,"",""
ball,1,45.5,India,KM Jadhav,MS Dhoni,LE Plunkett,6,0,,,,,,"",""
ball,1,45.6,India,KM Jadhav,MS Dhoni,LE Plunkett,4,0,,,,,,"",""
ball,1,45.7,India,KM Jadhav,MS Dhoni,LE Plunkett,0,0,,,,,,caught,KM Jadhav
ball,1,46.1,India,MS Dhoni,HH Pandya,JT Ball,1,0,,,,,,"",""
ball,1,46.2,India,HH Pandya,MS Dhoni,JT Ball,4,0,,,,,,"",""
ball,1,46.3,India,HH Pandya,MS Dhoni,JT Ball,6,0,,,,,,"",""
ball,1,46.4,India,HH Pandya,MS Dhoni,JT Ball,0,0,,,,,,"",""
ball,1,46.5,India,HH Pandya,MS Dhoni,JT Ball,0,1,1,,,,,"",""
ball,1,46.6,India,HH Pandya,MS Dhoni,JT Ball,1,0,,,,,,"",""
ball,1,46.7,India,MS Dhoni,HH Pandya,JT Ball,1,0,,,,,,"",""
ball,1,47.1,India,MS Dhoni,HH Pandya,LE Plunkett,6,0,,,,,,"",""
ball,1,47.2,India,MS Dhoni,HH Pandya,LE Plunkett,1,0,,,,,,"",""
ball,1,47.3,India,HH Pandya,MS Dhoni,LE Plunkett,1,0,,,,,,"",""
ball,1,47.4,India,MS Dhoni,HH Pandya,LE Plunkett,6,0,,,,,,"",""
ball,1,47.5,India,MS Dhoni,HH Pandya,LE Plunkett,0,1,1,,,,,"",""
ball,1,47.6,India,MS Dhoni,HH Pandya,LE Plunkett,6,0,,,,,,"",""
ball,1,47.7,India,MS Dhoni,HH Pandya,LE Plunkett,0,0,,,,,,caught,MS Dhoni
ball,1,48.1,India,RA Jadeja,HH Pandya,JT Ball,1,0,,,,,,"",""
ball,1,48.2,India,HH Pandya,RA Jadeja,JT Ball,4,0,,,,,,"",""
ball,1,48.3,India,HH Pandya,RA Jadeja,JT Ball,1,0,,,,,,"",""
ball,1,48.4,India,RA Jadeja,HH Pandya,JT Ball,1,0,,,,,,"",""
ball,1,48.5,India,HH Pandya,RA Jadeja,JT Ball,1,0,,,,,,"",""
ball,1,48.6,India,RA Jadeja,HH Pandya,JT Ball,1,0,,,,,,"",""
ball,1,49.1,India,RA Jadeja,HH Pandya,CR Woakes,2,0,,,,,,"",""
ball,1,49.2,India,RA Jadeja,HH Pandya,CR Woakes,1,0,,,,,,"",""
ball,1,49.3,India,HH Pandya,RA Jadeja,CR Woakes,1,0,,,,,,"",""
ball,1,49.4,India,RA Jadeja,HH Pandya,CR Woakes,4,0,,,,,,"",""
ball,1,49.5,India,RA Jadeja,HH Pandya,CR Woakes,6,0,,,,,,"",""
ball,1,49.6,India,RA Jadeja,HH Pandya,CR Woakes,0,0,,,,,,"",""
ball,2,0.1,England,JJ Roy,AD Hales,B Kumar,0,0,,,,,,"",""
ball,2,0.2,England,JJ Roy,AD Hales,B Kumar,0,0,,,,,,"",""
ball,2,0.3,England,JJ Roy,AD Hales,B Kumar,0,0,,,,,,"",""
ball,2,0.4,England,JJ Roy,AD Hales,B Kumar,0,0,,,,,,"",""
ball,2,0.5,England,JJ Roy,AD Hales,B Kumar,0,0,,,,,,"",""
ball,2,0.6,England,JJ Roy,AD Hales,B Kumar,0,0,,,,,,"",""
ball,2,1.1,England,AD Hales,JJ Roy,JJ Bumrah,4,0,,,,,,"",""
ball,2,1.2,England,AD Hales,JJ Roy,JJ Bumrah,0,0,,,,,,"",""
ball,2,1.3,England,AD Hales,JJ Roy,JJ Bumrah,0,1,,1,,,,"",""
ball,2,1.4,England,AD Hales,JJ Roy,JJ Bumrah,0,4,,,,4,,"",""
ball,2,1.5,England,AD Hales,JJ Roy,JJ Bumrah,0,0,,,,,,"",""
ball,2,1.6,England,AD Hales,JJ Roy,JJ Bumrah,0,0,,,,,,"",""
ball,2,1.7,England,AD Hales,JJ Roy,JJ Bumrah,0,0,,,,,,"",""
ball,2,2.1,England,JJ Roy,AD Hales,B Kumar,0,0,,,,,,"",""
ball,2,2.2,England,JJ Roy,AD Hales,B Kumar,1,0,,,,,,"",""
ball,2,2.3,England,AD Hales,JJ Roy,B Kumar,4,0,,,,,,"",""
ball,2,2.4,England,AD Hales,JJ Roy,B Kumar,0,0,,,,,,"",""
ball,2,2.5,England,AD Hales,JJ Roy,B Kumar,2,0,,,,,,"",""
ball,2,2.6,England,AD Hales,JJ Roy,B Kumar,4,0,,,,,,"",""
ball,2,3.1,England,JJ Roy,AD Hales,JJ Bumrah,0,1,1,,,,,"",""
ball,2,3.2,England,JJ Roy,AD Hales,JJ Bumrah,0,2,,,,2,,"",""
ball,2,3.3,England,JJ Roy,AD Hales,JJ Bumrah,4,0,,,,,,"",""
ball,2,3.4,England,JJ Roy,AD Hales,JJ Bumrah,0,0,,,,,,"",""
ball,2,3.5,England,JJ Roy,AD Hales,JJ Bumrah,1,0,,,,,,"",""
ball,2,3.6,England,AD Hales,JJ Roy,JJ Bumrah,0,0,,,,,,caught,AD Hales
ball,2,3.7,England,JE Root,JJ Roy,JJ Bumrah,4,0,,,,,,"",""
ball,2,4.1,England,JJ Roy,JE Root,B Kumar,0,0,,,,,,"",""
ball,2,4.2,England,JJ Roy,JE Root,B Kumar,0,0,,,,,,"",""
ball,2,4.3,England,JJ Roy,JE Root,B Kumar,1,0,,,,,,"",""
ball,2,4.4,England,JE Root,JJ Roy,B Kumar,0,0,,,,,,"",""
ball,2,4.5,England,JE Root,JJ Roy,B Kumar,0,0,,,,,,"",""
ball,2,4.6,England,JE Root,JJ Roy,B Kumar,1,0,,,,,,"",""
ball,2,5.1,England,JE Root,JJ Roy,JJ Bumrah,0,0,,,,,,"",""
ball,2,5.2,England,JE Root,JJ Roy,JJ Bumrah,4,0,,,,,,"",""
ball,2,5.3,England,JE Root,JJ Roy,JJ Bumrah,1,0,,,,,,"",""
ball,2,5.4,England,JJ Roy,JE Root,JJ Bumrah,0,0,,,,,,"",""
ball,2,5.5,England,JJ Roy,JE Root,JJ Bumrah,4,0,,,,,,"",""
ball,2,5.6,England,JJ Roy,JE Root,JJ Bumrah,1,0,,,,,,"",""
ball,2,6.1,England,JJ Roy,JE Root,B Kumar,1,0,,,,,,"",""
ball,2,6.2,England,JE Root,JJ Roy,B Kumar,0,0,,,,,,"",""
ball,2,6.3,England,JE Root,JJ Roy,B Kumar,0,0,,,,,,"",""
ball,2,6.4,England,JE Root,JJ Roy,B Kumar,0,0,,,,,,"",""
ball,2,6.5,England,JE Root,JJ Roy,B Kumar,1,0,,,,,,"",""
ball,2,6.6,England,JJ Roy,JE Root,B Kumar,0,0,,,,,,"",""
ball,2,7.1,England,JE Root,JJ Roy,JJ Bumrah,0,0,,,,,,"",""
ball,2,7.2,England,JE Root,JJ Roy,JJ Bumrah,4,0,,,,,,"",""
ball,2,7.3,England,JE Root,JJ Roy,JJ Bumrah,0,0,,,,,,"",""
ball,2,7.4,England,JE Root,JJ Roy,JJ Bumrah,0,0,,,,,,"",""
ball,2,7.5,England,JE Root,JJ Roy,JJ Bumrah,0,0,,,,,,"",""
ball,2,7.6,England,JE Root,JJ Roy,JJ Bumrah,1,0,,,,,,"",""
ball,2,8.1,England,JE Root,JJ Roy,B Kumar,0,0,,,,,,"",""
ball,2,8.2,England,JE Root,JJ Roy,B Kumar,0,0,,,,,,"",""
ball,2,8.3,England,JE Root,JJ Roy,B Kumar,0,0,,,,,,"",""
ball,2,8.4,England,JE Root,JJ Roy,B Kumar,4,0,,,,,,"",""
ball,2,8.5,England,JE Root,JJ Roy,B Kumar,0,0,,,,,,"",""
ball,2,8.6,England,JE Root,JJ Roy,B Kumar,4,0,,,,,,"",""
ball,2,9.1,England,JJ Roy,JE Root,JJ Bumrah,1,0,,,,,,"",""
ball,2,9.2,England,JE Root,JJ Roy,JJ Bumrah,0,0,,,,,,"",""
ball,2,9.3,England,JE Root,JJ Roy,JJ Bumrah,1,0,,,,,,"",""
ball,2,9.4,England,JJ Roy,JE Root,JJ Bumrah,0,0,,,,,,"",""
ball,2,9.5,England,JJ Roy,JE Root,JJ Bumrah,4,0,,,,,,"",""
ball,2,9.6,England,JJ Roy,JE Root,JJ Bumrah,1,0,,,,,,"",""
ball,2,10.1,England,JJ Roy,JE Root,RA Jadeja,1,0,,,,,,"",""
ball,2,10.2,England,JE Root,JJ Roy,RA Jadeja,0,0,,,,,,"",""
ball,2,10.3,England,JE Root,JJ Roy,RA Jadeja,1,0,,,,,,"",""
ball,2,10.4,England,JJ Roy,JE Root,RA Jadeja,0,0,,,,,,"",""
ball,2,10.5,England,JJ Roy,JE Root,RA Jadeja,1,0,,,,,,"",""
ball,2,10.6,England,JE Root,JJ Roy,RA Jadeja,1,0,,,,,,"",""
ball,2,11.1,England,JE Root,JJ Roy,HH Pandya,0,0,,,,,,"",""
ball,2,11.2,England,JE Root,JJ Roy,HH Pandya,0,0,,,,,,"",""
ball,2,11.3,England,JE Root,JJ Roy,HH Pandya,0,0,,,,,,"",""
ball,2,11.4,England,JE Root,JJ Roy,HH Pandya,1,0,,,,,,"",""
ball,2,11.5,England,JJ Roy,JE Root,HH Pandya,0,0,,,,,,"",""
ball,2,11.6,England,JJ Roy,JE Root,HH Pandya,4,0,,,,,,"",""
ball,2,12.1,England,JE Root,JJ Roy,RA Jadeja,1,0,,,,,,"",""
ball,2,12.2,England,JJ Roy,JE Root,RA Jadeja,4,0,,,,,,"",""
ball,2,12.3,England,JJ Roy,JE Root,RA Jadeja,0,0,,,,,,"",""
ball,2,12.4,England,JJ Roy,JE Root,RA Jadeja,0,0,,,,,,"",""
ball,2,12.5,England,JJ Roy,JE Root,RA Jadeja,1,0,,,,,,"",""
ball,2,12.6,England,JE Root,JJ Roy,RA Jadeja,0,0,,,,,,"",""
ball,2,13.1,England,JJ Roy,JE Root,HH Pandya,0,0,,,,,,"",""
ball,2,13.2,England,JJ Roy,JE Root,HH Pandya,6,0,,,,,,"",""
ball,2,13.3,England,JJ Roy,JE Root,HH Pandya,1,0,,,,,,"",""
ball,2,13.4,England,JE Root,JJ Roy,HH Pandya,1,0,,,,,,"",""
ball,2,13.5,England,JJ Roy,JE Root,HH Pandya,0,0,,,,,,"",""
ball,2,13.6,England,JJ Roy,JE Root,HH Pandya,0,0,,,,,,"",""
ball,2,14.1,England,JE Root,JJ Roy,RA Jadeja,1,0,,,,,,"",""
ball,2,14.2,England,JJ Roy,JE Root,RA Jadeja,0,0,,,,,,"",""
ball,2,14.3,England,JJ Roy,JE Root,RA Jadeja,1,0,,,,,,"",""
ball,2,14.4,England,JE Root,JJ Roy,RA Jadeja,2,0,,,,,,"",""
ball,2,14.5,England,JE Root,JJ Roy,RA Jadeja,1,0,,,,,,"",""
ball,2,14.6,England,JJ Roy,JE Root,RA Jadeja,0,0,,,,,,"",""
ball,2,15.1,England,JE Root,JJ Roy,HH Pandya,0,0,,,,,,"",""
ball,2,15.2,England,JE Root,JJ Roy,HH Pandya,4,0,,,,,,"",""
ball,2,15.3,England,JE Root,JJ Roy,HH Pandya,1,0,,,,,,"",""
ball,2,15.4,England,JJ Roy,JE Root,HH Pandya,4,0,,,,,,"",""
ball,2,15.5,England,JJ Roy,JE Root,HH Pandya,1,0,,,,,,"",""
ball,2,15.6,England,JE Root,JJ Roy,HH Pandya,1,0,,,,,,"",""
ball,2,16.1,England,JE Root,JJ Roy,RA Jadeja,0,0,,,,,,"",""
ball,2,16.2,England,JE Root,JJ Roy,RA Jadeja,1,0,,,,,,"",""
ball,2,16.3,England,JJ Roy,JE Root,RA Jadeja,0,0,,,,,,"",""
ball,2,16.4,England,JJ Roy,JE Root,RA Jadeja,0,0,,,,,,"",""
ball,2,16.5,England,JJ Roy,JE Root,RA Jadeja,1,0,,,,,,"",""
ball,2,16.6,England,JE Root,JJ Roy,RA Jadeja,1,0,,,,,,"",""
ball,2,17.1,England,JE Root,JJ Roy,HH Pandya,4,0,,,,,,"",""
ball,2,17.2,England,JE Root,JJ Roy,HH Pandya,1,0,,,,,,"",""
ball,2,17.3,England,JJ Roy,JE Root,HH Pandya,4,0,,,,,,"",""
ball,2,17.4,England,JJ Roy,JE Root,HH Pandya,1,0,,,,,,"",""
ball,2,17.5,England,JE Root,JJ Roy,HH Pandya,1,0,,,,,,"",""
ball,2,17.6,England,JJ Roy,JE Root,HH Pandya,0,0,,,,,,"",""
ball,2,18.1,England,JE Root,JJ Roy,RA Jadeja,0,0,,,,,,"",""
ball,2,18.2,England,JE Root,JJ Roy,RA Jadeja,0,0,,,,,,"",""
ball,2,18.3,England,JE Root,JJ Roy,RA Jadeja,1,0,,,,,,"",""
ball,2,18.4,England,JJ Roy,JE Root,RA Jadeja,0,0,,,,,,"",""
ball,2,18.5,England,JJ Roy,JE Root,RA Jadeja,0,1,,,,1,,"",""
ball,2,18.6,England,JE Root,JJ Roy,RA Jadeja,0,0,,,,,,"",""
ball,2,19.1,England,JJ Roy,JE Root,R Ashwin,1,0,,,,,,"",""
ball,2,19.2,England,JE Root,JJ Roy,R Ashwin,4,0,,,,,,"",""
ball,2,19.3,England,JE Root,JJ Roy,R Ashwin,1,0,,,,,,"",""
ball,2,19.4,England,JJ Roy,JE Root,R Ashwin,1,0,,,,,,"",""
ball,2,19.5,England,JE Root,JJ Roy,R Ashwin,0,0,,,,,,caught,JE Root
ball,2,19.6,England,JJ Roy,EJG Morgan,R Ashwin,0,0,,,,,,"",""
ball,2,20.1,England,EJG Morgan,JJ Roy,RA Jadeja,1,0,,,,,,"",""
ball,2,20.2,England,JJ Roy,EJG Morgan,RA Jadeja,1,0,,,,,,"",""
ball,2,20.3,England,EJG Morgan,JJ Roy,RA Jadeja,1,0,,,,,,"",""
ball,2,20.4,England,JJ Roy,EJG Morgan,RA Jadeja,2,0,,,,,,"",""
ball,2,20.5,England,JJ Roy,EJG Morgan,RA Jadeja,4,0,,,,,,"",""
ball,2,20.6,England,JJ Roy,EJG Morgan,RA Jadeja,1,0,,,,,,"",""
ball,2,21.1,England,JJ Roy,EJG Morgan,R Ashwin,0,0,,,,,,"",""
ball,2,21.2,England,JJ Roy,EJG Morgan,R Ashwin,1,0,,,,,,"",""
ball,2,21.3,England,EJG Morgan,JJ Roy,R Ashwin,0,0,,,,,,"",""
ball,2,21.4,England,EJG Morgan,JJ Roy,R Ashwin,0,0,,,,,,"",""
ball,2,21.5,England,EJG Morgan,JJ Roy,R Ashwin,0,0,,,,,,"",""
ball,2,21.6,England,EJG Morgan,JJ Roy,R Ashwin,0,0,,,,,,"",""
ball,2,22.1,England,JJ Roy,EJG Morgan,RA Jadeja,1,0,,,,,,"",""
ball,2,22.2,England,EJG Morgan,JJ Roy,RA Jadeja,0,0,,,,,,"",""
ball,2,22.3,England,EJG Morgan,JJ Roy,RA Jadeja,1,0,,,,,,"",""
ball,2,22.4,England,JJ Roy,EJG Morgan,RA Jadeja,1,0,,,,,,"",""
ball,2,22.5,England,EJG Morgan,JJ Roy,RA Jadeja,1,0,,,,,,"",""
ball,2,22.6,England,JJ Roy,EJG Morgan,RA Jadeja,2,0,,,,,,"",""
ball,2,23.1,England,EJG Morgan,JJ Roy,R Ashwin,1,0,,,,,,"",""
ball,2,23.2,England,JJ Roy,EJG Morgan,R Ashwin,2,0,,,,,,"",""
ball,2,23.3,England,JJ Roy,EJG Morgan,R Ashwin,1,0,,,,,,"",""
ball,2,23.4,England,EJG Morgan,JJ Roy,R Ashwin,1,0,,,,,,"",""
ball,2,23.5,England,JJ Roy,EJG Morgan,R Ashwin,0,1,1,,,,,"",""
ball,2,23.6,England,JJ Roy,EJG Morgan,R Ashwin,6,0,,,,,,"",""
ball,2,23.7,England,JJ Roy,EJG Morgan,R Ashwin,1,0,,,,,,"",""
ball,2,24.1,England,JJ Roy,EJG Morgan,RA Jadeja,1,0,,,,,,"",""
ball,2,24.2,England,EJG Morgan,JJ Roy,RA Jadeja,1,0,,,,,,"",""
ball,2,24.3,England,JJ Roy,EJG Morgan,RA Jadeja,1,0,,,,,,"",""
ball,2,24.4,England,EJG Morgan,JJ Roy,RA Jadeja,0,0,,,,,,"",""
ball,2,24.5,England,EJG Morgan,JJ Roy,RA Jadeja,0,0,,,,,,"",""
ball,2,24.6,England,EJG Morgan,JJ Roy,RA Jadeja,1,0,,,,,,"",""
ball,2,25.1,England,EJG Morgan,JJ Roy,R Ashwin,0,0,,,,,,"",""
ball,2,25.2,England,EJG Morgan,JJ Roy,R Ashwin,1,0,,,,,,"",""
ball,2,25.3,England,JJ Roy,EJG Morgan,R Ashwin,1,0,,,,,,"",""
ball,2,25.4,England,EJG Morgan,JJ Roy,R Ashwin,1,0,,,,,,"",""
ball,2,25.5,England,JJ Roy,EJG Morgan,R Ashwin,4,0,,,,,,"",""
ball,2,25.6,England,JJ Roy,EJG Morgan,R Ashwin,1,0,,,,,,"",""
ball,2,26.1,England,JJ Roy,EJG Morgan,RA Jadeja,0,0,,,,,,bowled,JJ Roy
ball,2,26.2,England,BA Stokes,EJG Morgan,RA Jadeja,0,0,,,,,,"",""
ball,2,26.3,England,BA Stokes,EJG Morgan,RA Jadeja,1,0,,,,,,"",""
ball,2,26.4,England,EJG Morgan,BA Stokes,RA Jadeja,0,0,,,,,,"",""
ball,2,26.5,England,EJG Morgan,BA Stokes,RA Jadeja,0,0,,,,,,"",""
ball,2,26.6,England,EJG Morgan,BA Stokes,RA Jadeja,1,0,,,,,,"",""
ball,2,27.1,England,EJG Morgan,BA Stokes,R Ashwin,1,0,,,,,,"",""
ball,2,27.2,England,BA Stokes,EJG Morgan,R Ashwin,0,0,,,,,,bowled,BA Stokes
ball,2,27.3,England,JC Buttler,EJG Morgan,R Ashwin,1,0,,,,,,"",""
ball,2,27.4,England,EJG Morgan,JC Buttler,R Ashwin,1,0,,,,,,"",""
ball,2,27.5,England,JC Buttler,EJG Morgan,R Ashwin,0,0,,,,,,"",""
ball,2,27.6,England,JC Buttler,EJG Morgan,R Ashwin,4,0,,,,,,"",""
ball,2,28.1,England,EJG Morgan,JC Buttler,RA Jadeja,1,0,,,,,,"",""
ball,2,28.2,England,JC Buttler,EJG Morgan,RA Jadeja,0,0,,,,,,"",""
ball,2,28.3,England,JC Buttler,EJG Morgan,RA Jadeja,1,0,,,,,,"",""
ball,2,28.4,England,EJG Morgan,JC Buttler,RA Jadeja,1,0,,,,,,"",""
ball,2,28.5,England,JC Buttler,EJG Morgan,RA Jadeja,0,0,,,,,,"",""
ball,2,28.6,England,JC Buttler,EJG Morgan,RA Jadeja,1,0,,,,,,"",""
ball,2,29.1,England,JC Buttler,EJG Morgan,R Ashwin,1,0,,,,,,"",""
ball,2,29.2,England,EJG Morgan,JC Buttler,R Ashwin,0,0,,,,,,"",""
ball,2,29.3,England,EJG Morgan,JC Buttler,R Ashwin,0,0,,,,,,"",""
ball,2,29.4,England,EJG Morgan,JC Buttler,R Ashwin,6,0,,,,,,"",""
ball,2,29.5,England,EJG Morgan,JC Buttler,R Ashwin,1,0,,,,,,"",""
ball,2,29.6,England,JC Buttler,EJG Morgan,R Ashwin,2,0,,,,,,"",""
ball,2,30.1,England,EJG Morgan,JC Buttler,HH Pandya,2,0,,,,,,"",""
ball,2,30.2,England,EJG Morgan,JC Buttler,HH Pandya,2,0,,,,,,"",""
ball,2,30.3,England,EJG Morgan,JC Buttler,HH Pandya,0,0,,,,,,"",""
ball,2,30.4,England,EJG Morgan,JC Buttler,HH Pandya,0,0,,,,,,"",""
ball,2,30.5,England,EJG Morgan,JC Buttler,HH Pandya,6,0,,,,,,"",""
ball,2,30.6,England,EJG Morgan,JC Buttler,HH Pandya,1,0,,,,,,"",""
ball,2,31.1,England,EJG Morgan,JC Buttler,R Ashwin,0,0,,,,,,"",""
ball,2,31.2,England,EJG Morgan,JC Buttler,R Ashwin,1,0,,,,,,"",""
ball,2,31.3,England,JC Buttler,EJG Morgan,R Ashwin,0,1,1,,,,,stumped,JC Buttler
ball,2,31.4,England,MM Ali,EJG Morgan,R Ashwin,1,0,,,,,,"",""
ball,2,31.5,England,EJG Morgan,MM Ali,R Ashwin,0,0,,,,,,"",""
ball,2,31.6,England,EJG Morgan,MM Ali,R Ashwin,6,0,,,,,,"",""
ball,2,31.7,England,EJG Morgan,MM Ali,R Ashwin,1,0,,,,,,"",""
ball,2,32.1,England,EJG Morgan,MM Ali,KM Jadhav,1,0,,,,,,"",""
ball,2,32.2,England,MM Ali,EJG Morgan,KM Jadhav,4,0,,,,,,"",""
ball,2,32.3,England,MM Ali,EJG Morgan,KM Jadhav,1,0,,,,,,"",""
ball,2,32.4,England,EJG Morgan,MM Ali,KM Jadhav,1,0,,,,,,"",""
ball,2,32.5,England,MM Ali,EJG Morgan,KM Jadhav,0,0,,,,,,"",""
ball,2,32.6,England,MM Ali,EJG Morgan,KM Jadhav,1,0,,,,,,"",""
ball,2,33.1,England,MM Ali,EJG Morgan,R Ashwin,0,0,,,,,,"",""
ball,2,33.2,England,MM Ali,EJG Morgan,R Ashwin,2,0,,,,,,"",""
ball,2,33.3,England,MM Ali,EJG Morgan,R Ashwin,1,0,,,,,,"",""
ball,2,33.4,England,EJG Morgan,MM Ali,R Ashwin,1,0,,,,,,"",""
ball,2,33.5,England,MM Ali,EJG Morgan,R Ashwin,0,0,,,,,,"",""
ball,2,33.6,England,MM Ali,EJG Morgan,R Ashwin,1,0,,,,,,"",""
ball,2,34.1,England,MM Ali,EJG Morgan,KM Jadhav,1,0,,,,,,"",""
ball,2,34.2,England,EJG Morgan,MM Ali,KM Jadhav,1,0,,,,,,"",""
ball,2,34.3,England,MM Ali,EJG Morgan,KM Jadhav,1,0,,,,,,"",""
ball,2,34.4,England,EJG Morgan,MM Ali,KM Jadhav,1,0,,,,,,"",""
ball,2,34.5,England,MM Ali,EJG Morgan,KM Jadhav,4,0,,,,,,"",""
ball,2,34.6,England,MM Ali,EJG Morgan,KM Jadhav,1,0,,,,,,"",""
ball,2,35.1,England,MM Ali,EJG Morgan,R Ashwin,0,0,,,,,,"",""
ball,2,35.2,England,MM Ali,EJG Morgan,R Ashwin,0,0,,,,,,"",""
ball,2,35.3,England,MM Ali,EJG Morgan,R Ashwin,1,0,,,,,,"",""
ball,2,35.4,England,EJG Morgan,MM Ali,R Ashwin,0,0,,,,,,"",""
ball,2,35.5,England,EJG Morgan,MM Ali,R Ashwin,0,0,,,,,,"",""
ball,2,35.6,England,EJG Morgan,MM Ali,R Ashwin,0,0,,,,,,"",""
ball,2,36.1,England,MM Ali,EJG Morgan,KM Jadhav,4,0,,,,,,"",""
ball,2,36.2,England,MM Ali,EJG Morgan,KM Jadhav,1,0,,,,,,"",""
ball,2,36.3,England,EJG Morgan,MM Ali,KM Jadhav,1,0,,,,,,"",""
ball,2,36.4,England,MM Ali,EJG Morgan,KM Jadhav,1,0,,,,,,"",""
ball,2,36.5,England,EJG Morgan,MM Ali,KM Jadhav,0,0,,,,,,"",""
ball,2,36.6,England,EJG Morgan,MM Ali,KM Jadhav,1,0,,,,,,"",""
ball,2,37.1,England,EJG Morgan,MM Ali,JJ Bumrah,1,0,,,,,,"",""
ball,2,37.2,England,MM Ali,EJG Morgan,JJ Bumrah,4,0,,,,,,"",""
ball,2,37.3,England,MM Ali,EJG Morgan,JJ Bumrah,1,0,,,,,,"",""
ball,2,37.4,England,EJG Morgan,MM Ali,JJ Bumrah,1,0,,,,,,"",""
ball,2,37.5,England,MM Ali,EJG Morgan,JJ Bumrah,0,0,,,,,,"",""
ball,2,37.6,England,MM Ali,EJG Morgan,JJ Bumrah,0,0,,,,,,"",""
ball,2,38.1,England,EJG Morgan,MM Ali,HH Pandya,6,0,,,,,,"",""
ball,2,38.2,England,EJG Morgan,MM Ali,HH Pandya,4,0,,,,,,"",""
ball,2,38.3,England,EJG Morgan,MM Ali,HH Pandya,1,0,,,,,,"",""
ball,2,38.4,England,MM Ali,EJG Morgan,HH Pandya,1,0,,,,,,"",""
ball,2,38.5,England,EJG Morgan,MM Ali,HH Pandya,1,0,,,,,,"",""
ball,2,38.6,England,MM Ali,EJG Morgan,HH Pandya,1,0,,,,,,"",""
ball,2,39.1,England,MM Ali,EJG Morgan,R Ashwin,1,0,,,,,,"",""
ball,2,39.2,England,EJG Morgan,MM Ali,R Ashwin,1,0,,,,,,"",""
ball,2,39.3,England,MM Ali,EJG Morgan,R Ashwin,1,0,,,,,,"",""
ball,2,39.4,England,EJG Morgan,MM Ali,R Ashwin,0,0,,,,,,"",""
ball,2,39.5,England,EJG Morgan,MM Ali,R Ashwin,0,0,,,,,,"",""
ball,2,39.6,England,EJG Morgan,MM Ali,R Ashwin,0,0,,,,,,"",""
ball,2,40.1,England,MM Ali,EJG Morgan,KM Jadhav,0,0,,,,,,"",""
ball,2,40.2,England,MM Ali,EJG Morgan,KM Jadhav,1,0,,,,,,"",""
ball,2,40.3,England,EJG Morgan,MM Ali,KM Jadhav,1,0,,,,,,"",""
ball,2,40.4,England,MM Ali,EJG Morgan,KM Jadhav,1,0,,,,,,"",""
ball,2,40.5,England,EJG Morgan,MM Ali,KM Jadhav,1,0,,,,,,"",""
ball,2,40.6,England,MM Ali,EJG Morgan,KM Jadhav,1,0,,,,,,"",""
ball,2,41.1,England,MM Ali,EJG Morgan,B Kumar,0,0,,,,,,"",""
ball,2,41.2,England,MM Ali,EJG Morgan,B Kumar,2,0,,,,,,"",""
ball,2,41.3,England,MM Ali,EJG Morgan,B Kumar,2,0,,,,,,"",""
ball,2,41.4,England,MM Ali,EJG Morgan,B Kumar,0,0,,,,,,"",""
ball,2,41.5,England,MM Ali,EJG Morgan,B Kumar,2,0,,,,,,"",""
ball,2,41.6,England,MM Ali,EJG Morgan,B Kumar,2,0,,,,,,"",""
ball,2,42.1,England,EJG Morgan,MM Ali,KM Jadhav,0,0,,,,,,"",""
ball,2,42.2,England,EJG Morgan,MM Ali,KM Jadhav,4,0,,,,,,"",""
ball,2,42.3,England,EJG Morgan,MM Ali,KM Jadhav,1,0,,,,,,"",""
ball,2,42.4,England,MM Ali,EJG Morgan,KM Jadhav,0,1,1,,,,,"",""
ball,2,42.5,England,MM Ali,EJG Morgan,KM Jadhav,4,0,,,,,,"",""
ball,2,42.6,England,MM Ali,EJG Morgan,KM Jadhav,4,0,,,,,,"",""
ball,2,42.7,England,MM Ali,EJG Morgan,KM Jadhav,1,0,,,,,,"",""
ball,2,43.1,England,MM Ali,EJG Morgan,B Kumar,1,0,,,,,,"",""
ball,2,43.2,England,EJG Morgan,MM Ali,B Kumar,1,0,,,,,,"",""
ball,2,43.3,England,MM Ali,EJG Morgan,B Kumar,0,0,,,,,,bowled,MM Ali
ball,2,43.4,England,CR Woakes,EJG Morgan,B Kumar,0,0,,,,,,"",""
ball,2,43.5,England,CR Woakes,EJG Morgan,B Kumar,1,0,,,,,,"",""
ball,2,43.6,England,EJG Morgan,CR Woakes,B Kumar,0,0,,,,,,"",""
ball,2,44.1,England,CR Woakes,EJG Morgan,JJ Bumrah,4,0,,,,,,"",""
ball,2,44.2,England,CR Woakes,EJG Morgan,JJ Bumrah,0,0,,,,,,bowled,CR Woakes
ball,2,44.3,England,LE Plunkett,EJG Morgan,JJ Bumrah,0,0,,,,,,"",""
ball,2,44.4,England,LE Plunkett,EJG Morgan,JJ Bumrah,4,0,,,,,,"",""
ball,2,44.5,England,LE Plunkett,EJG Morgan,JJ Bumrah,1,0,,,,,,"",""
ball,2,44.6,England,EJG Morgan,LE Plunkett,JJ Bumrah,0,0,,,,,,"",""
ball,2,45.1,England,LE Plunkett,EJG Morgan,B Kumar,0,0,,,,,,"",""
ball,2,45.2,England,LE Plunkett,EJG Morgan,B Kumar,0,0,,,,,,"",""
ball,2,45.3,England,LE Plunkett,EJG Morgan,B Kumar,1,0,,,,,,"",""
ball,2,45.4,England,EJG Morgan,LE Plunkett,B Kumar,4,0,,,,,,"",""
ball,2,45.5,England,EJG Morgan,LE Plunkett,B Kumar,1,0,,,,,,"",""
ball,2,45.6,England,LE Plunkett,EJG Morgan,B Kumar,4,0,,,,,,"",""
ball,2,46.1,England,EJG Morgan,LE Plunkett,JJ Bumrah,2,0,,,,,,"",""
ball,2,46.2,England,EJG Morgan,LE Plunkett,JJ Bumrah,6,0,,,,,,"",""
ball,2,46.3,England,EJG Morgan,LE Plunkett,JJ Bumrah,1,0,,,,,,"",""
ball,2,46.4,England,LE Plunkett,EJG Morgan,JJ Bumrah,0,0,,,,,,"",""
ball,2,46.5,England,LE Plunkett,EJG Morgan,JJ Bumrah,4,0,,,,,,"",""
ball,2,46.6,England,LE Plunkett,EJG Morgan,JJ Bumrah,4,0,,,,,,"",""
ball,2,47.1,England,EJG Morgan,LE Plunkett,B Kumar,2,0,,,,,,"",""
ball,2,47.2,England,EJG Morgan,LE Plunkett,B Kumar,4,0,,,,,,"",""
ball,2,47.3,England,EJG Morgan,LE Plunkett,B Kumar,4,0,,,,,,"",""
ball,2,47.4,England,EJG Morgan,LE Plunkett,B Kumar,1,0,,,,,,"",""
ball,2,47.5,England,LE Plunkett,EJG Morgan,B Kumar,1,0,,,,,,"",""
ball,2,47.6,England,EJG Morgan,LE Plunkett,B Kumar,1,0,,,,,,"",""
ball,2,48.1,England,EJG Morgan,LE Plunkett,JJ Bumrah,4,0,,,,,,"",""
ball,2,48.2,England,EJG Morgan,LE Plunkett,JJ Bumrah,1,0,,,,,,"",""
ball,2,48.3,England,LE Plunkett,EJG Morgan,JJ Bumrah,0,0,,,,,,run out,EJG Morgan
ball,2,48.4,England,LE Plunkett,DJ Willey,JJ Bumrah,1,0,,,,,,"",""
ball,2,48.5,England,DJ Willey,LE Plunkett,JJ Bumrah,1,0,,,,,,"",""
ball,2,48.6,England,LE Plunkett,DJ Willey,JJ Bumrah,4,0,,,,,,"",""
ball,2,49.1,England,DJ Willey,LE Plunkett,B Kumar,1,0,,,,,,"",""
ball,2,49.2,England,LE Plunkett,DJ Willey,B Kumar,1,0,,,,,,"",""
ball,2,49.3,England,DJ Willey,LE Plunkett,B Kumar,2,0,,,,,,"",""
ball,2,49.4,England,DJ Willey,LE Plunkett,B Kumar,1,0,,,,,,"",""
ball,2,49.5,England,LE Plunkett,DJ Willey,B Kumar,0,0,,,,,,"",""
ball,2,49.6,England,LE Plunkett,DJ Willey,B Kumar,1,0,,,,,,"",""
