version,1.6.0
info,balls_per_over,6
info,team,Sri Lanka
info,team,Australia
info,gender,female
info,season,2016
info,date,2016/09/27
info,venue,Sinhalese Sports Club Ground
info,city,Colombo
info,toss_winner,Australia
info,toss_decision,field
info,player_of_match,KM Beams
info,umpire,JWHD Boteju
info,umpire,ID Gunawardene
info,reserve_umpire,SPD Jayamahamudali
info,match_referee,M Pethiyagoda
info,winner,Australia
info,winner_wickets,10
info,player,Australia,BL Mooney
info,player,Australia,EJ Villani
info,player,Australia,AJ Blackwell
info,player,Australia,RM Farrell
info,player,Australia,AJ Healy
info,player,Australia,JL Jonassen
info,player,Australia,NE Bolton
info,player,Australia,EA Osborne
info,player,Australia,EA Perry
info,player,Australia,ML Schutt
info,player,Australia,KM Beams
info,player,Sri Lanka,GWHM Perera
info,player,Sri Lanka,HML Madushani
info,player,Sri Lanka,AC Jayangani
info,player,Sri Lanka,MADD Surangika
info,player,Sri Lanka,PM Weerakkody
info,player,Sri Lanka,MGMCP Gunawardene
info,player,Sri Lanka,LE Kaushalya
info,player,Sri Lanka,KADA Kanchana
info,player,Sri Lanka,KDU Prabodhani
info,player,Sri Lanka,I Ranaweera
info,player,Sri Lanka,BMSM Kumari
info,registry,people,AC Jayangani,ac56b5a7
info,registry,people,AJ Blackwell,b9164a9b
info,registry,people,AJ Healy,321644de
info,registry,people,BL Mooney,52d1dbc8
info,registry,people,BMSM Kumari,b55fb828
info,registry,people,EA Osborne,fe731c62
info,registry,people,EA Perry,be150fc8
info,registry,people,EJ Villani,cde96d97
info,registry,people,GWHM Perera,53068b45
info,registry,people,HML Madushani,07485bb9
info,registry,people,I Ranaweera,a61850e6
info,registry,people,ID Gunawardene,63841782
info,registry,people,JL Jonassen,0475a86b
info,registry,people,JWHD Boteju,7934d6fb
info,registry,people,KADA Kanchana,4ac6664d
info,registry,people,KDU Prabodhani,a0fdf513
info,registry,people,KM Beams,fa8f9dc3
info,registry,people,LE Kaushalya,8b552293
info,registry,people,M Pethiyagoda,2fa2647c
info,registry,people,MADD Surangika,3f440bd6
info,registry,people,MGMCP Gunawardene,b37b035c
info,registry,people,ML Schutt,17608a6f
info,registry,people,NE Bolton,dd883071
info,registry,people,PM Weerakkody,1b3718d2
info,registry,people,RM Farrell,4ed7d23f
info,registry,people,SPD Jayamahamudali,e5609932
ball,1,0.1,Sri Lanka,GWHM Perera,HML Madushani,ML Schutt,0,0,,,,,,"",""
ball,1,0.2,Sri Lanka,GWHM Perera,HML Madushani,ML Schutt,1,0,,,,,,"",""
ball,1,0.3,Sri Lanka,HML Madushani,GWHM Perera,ML Schutt,4,0,,,,,,"",""
ball,1,0.4,Sri Lanka,HML Madushani,GWHM Perera,ML Schutt,0,0,,,,,,"",""
ball,1,0.5,Sri Lanka,HML Madushani,GWHM Perera,ML Schutt,0,0,,,,,,"",""
ball,1,0.6,Sri Lanka,HML Madushani,GWHM Perera,ML Schutt,0,0,,,,,,"",""
ball,1,1.1,Sri Lanka,GWHM Perera,HML Madushani,EA Perry,0,0,,,,,,"",""
ball,1,1.2,Sri Lanka,GWHM Perera,HML Madushani,EA Perry,2,0,,,,,,"",""
ball,1,1.3,Sri Lanka,GWHM Perera,HML Madushani,EA Perry,0,0,,,,,,"",""
ball,1,1.4,Sri Lanka,GWHM Perera,HML Madushani,EA Perry,0,0,,,,,,"",""
ball,1,1.5,Sri Lanka,GWHM Perera,HML Madushani,EA Perry,0,0,,,,,,"",""
ball,1,1.6,Sri Lanka,GWHM Perera,HML Madushani,EA Perry,0,0,,,,,,caught,GWHM Perera
ball,1,2.1,Sri Lanka,HML Madushani,AC Jayangani,ML Schutt,0,1,1,,,,,"",""
ball,1,2.2,Sri Lanka,HML Madushani,AC Jayangani,ML Schutt,0,0,,,,,,"",""
ball,1,2.3,Sri Lanka,HML Madushani,AC Jayangani,ML Schutt,0,0,,,,,,"",""
ball,1,2.4,Sri Lanka,HML Madushani,AC Jayangani,ML Schutt,0,0,,,,,,"",""
ball,1,2.5,Sri Lanka,HML Madushani,AC Jayangani,ML Schutt,0,0,,,,,,"",""
ball,1,2.6,Sri Lanka,HML Madushani,AC Jayangani,ML Schutt,1,0,,,,,,"",""
ball,1,2.7,Sri Lanka,AC Jayangani,HML Madushani,ML Schutt,0,0,,,,,,"",""
ball,1,3.1,Sri Lanka,HML Madushani,AC Jayangani,EA Perry,1,0,,,,,,"",""
ball,1,3.2,Sri Lanka,AC Jayangani,HML Madushani,EA Perry,0,0,,,,,,"",""
ball,1,3.3,Sri Lanka,AC Jayangani,HML Madushani,EA Perry,0,0,,,,,,"",""
ball,1,3.4,Sri Lanka,AC Jayangani,HML Madushani,EA Perry,0,0,,,,,,"",""
ball,1,3.5,Sri Lanka,AC Jayangani,HML Madushani,EA Perry,0,0,,,,,,"",""
ball,1,3.6,Sri Lanka,AC Jayangani,HML Madushani,EA Perry,0,0,,,,,,"",""
ball,1,4.1,Sri Lanka,HML Madushani,AC Jayangani,RM Farrell,0,0,,,,,,"",""
ball,1,4.2,Sri Lanka,HML Madushani,AC Jayangani,RM Farrell,0,1,1,,,,,"",""
ball,1,4.3,Sri Lanka,HML Madushani,AC Jayangani,RM Farrell,0,0,,,,,,"",""
ball,1,4.4,Sri Lanka,HML Madushani,AC Jayangani,RM Farrell,1,0,,,,,,"",""
ball,1,4.5,Sri Lanka,AC Jayangani,HML Madushani,RM Farrell,4,0,,,,,,"",""
ball,1,4.6,Sri Lanka,AC Jayangani,HML Madushani,RM Farrell,0,0,,,,,,"",""
ball,1,4.7,Sri Lanka,AC Jayangani,HML Madushani,RM Farrell,0,0,,,,,,"",""
ball,1,5.1,Sri Lanka,HML Madushani,AC Jayangani,JL Jonassen,0,0,,,,,,"",""
ball,1,5.2,Sri Lanka,HML Madushani,AC Jayangani,JL Jonassen,0,0,,,,,,"",""
ball,1,5.3,Sri Lanka,HML Madushani,AC Jayangani,JL Jonassen,0,0,,,,,,"",""
ball,1,5.4,Sri Lanka,HML Madushani,AC Jayangani,JL Jonassen,0,0,,,,,,"",""
ball,1,5.5,Sri Lanka,HML Madushani,AC Jayangani,JL Jonassen,1,0,,,,,,"",""
ball,1,5.6,Sri Lanka,AC Jayangani,HML Madushani,JL Jonassen,0,0,,,,,,run out,AC Jayangani
ball,1,6.1,Sri Lanka,HML Madushani,MADD Surangika,RM Farrell,4,0,,,,,,"",""
ball,1,6.2,Sri Lanka,HML Madushani,MADD Surangika,RM Farrell,1,0,,,,,,"",""
ball,1,6.3,Sri Lanka,MADD Surangika,HML Madushani,RM Farrell,1,0,,,,,,"",""
ball,1,6.4,Sri Lanka,HML Madushani,MADD Surangika,RM Farrell,2,0,,,,,,"",""
ball,1,6.5,Sri Lanka,HML Madushani,MADD Surangika,RM Farrell,2,0,,,,,,"",""
ball,1,6.6,Sri Lanka,HML Madushani,MADD Surangika,RM Farrell,0,0,,,,,,"",""
ball,1,7.1,Sri Lanka,MADD Surangika,HML Madushani,JL Jonassen,1,0,,,,,,"",""
ball,1,7.2,Sri Lanka,HML Madushani,MADD Surangika,JL Jonassen,0,0,,,,,,"",""
ball,1,7.3,Sri Lanka,HML Madushani,MADD Surangika,JL Jonassen,0,0,,,,,,bowled,HML Madushani
ball,1,7.4,Sri Lanka,PM Weerakkody,MADD Surangika,JL Jonassen,0,0,,,,,,"",""
ball,1,7.5,Sri Lanka,PM Weerakkody,MADD Surangika,JL Jonassen,0,0,,,,,,"",""
ball,1,7.6,Sri Lanka,PM Weerakkody,MADD Surangika,JL Jonassen,0,0,,,,,,"",""
ball,1,8.1,Sri Lanka,MADD Surangika,PM Weerakkody,KM Beams,1,0,,,,,,"",""
ball,1,8.2,Sri Lanka,PM Weerakkody,MADD Surangika,KM Beams,0,0,,,,,,"",""
ball,1,8.3,Sri Lanka,PM Weerakkody,MADD Surangika,KM Beams,0,0,,,,,,"",""
ball,1,8.4,Sri Lanka,PM Weerakkody,MADD Surangika,KM Beams,4,0,,,,,,"",""
ball,1,8.5,Sri Lanka,PM Weerakkody,MADD Surangika,KM Beams,1,0,,,,,,"",""
ball,1,8.6,Sri Lanka,MADD Surangika,PM Weerakkody,KM Beams,0,0,,,,,,"",""
ball,1,9.1,Sri Lanka,PM Weerakkody,MADD Surangika,JL Jonassen,0,0,,,,,,"",""
ball,1,9.2,Sri Lanka,PM Weerakkody,MADD Surangika,JL Jonassen,0,0,,,,,,"",""
ball,1,9.3,Sri Lanka,PM Weerakkody,MADD Surangika,JL Jonassen,1,0,,,,,,"",""
ball,1,9.4,Sri Lanka,MADD Surangika,PM Weerakkody,JL Jonassen,0,0,,,,,,"",""
ball,1,9.5,Sri Lanka,MADD Surangika,PM Weerakkody,JL Jonassen,1,0,,,,,,"",""
ball,1,9.6,Sri Lanka,PM Weerakkody,MADD Surangika,JL Jonassen,1,0,,,,,,"",""
ball,1,10.1,Sri Lanka,PM Weerakkody,MADD Surangika,KM Beams,0,0,,,,,,"",""
ball,1,10.2,Sri Lanka,PM Weerakkody,MADD Surangika,KM Beams,0,0,,,,,,caught,PM Weerakkody
ball,1,10.3,Sri Lanka,MADD Surangika,MGMCP Gunawardene,KM Beams,0,0,,,,,,"",""
ball,1,10.4,Sri Lanka,MADD Surangika,MGMCP Gunawardene,KM Beams,0,0,,,,,,"",""
ball,1,10.5,Sri Lanka,MADD Surangika,MGMCP Gunawardene,KM Beams,1,0,,,,,,"",""
ball,1,10.6,Sri Lanka,MGMCP Gunawardene,MADD Surangika,KM Beams,0,0,,,,,,"",""
ball,1,11.1,Sri Lanka,MADD Surangika,MGMCP Gunawardene,JL Jonassen,1,0,,,,,,"",""
ball,1,11.2,Sri Lanka,MGMCP Gunawardene,MADD Surangika,JL Jonassen,0,0,,,,,,"",""
ball,1,11.3,Sri Lanka,MGMCP Gunawardene,MADD Surangika,JL Jonassen,0,0,,,,,,"",""
ball,1,11.4,Sri Lanka,MGMCP Gunawardene,MADD Surangika,JL Jonassen,1,0,,,,,,"",""
ball,1,11.5,Sri Lanka,MADD Surangika,MGMCP Gunawardene,JL Jonassen,0,0,,,,,,run out,MGMCP Gunawardene
ball,1,11.6,Sri Lanka,LE Kaushalya,MADD Surangika,JL Jonassen,1,0,,,,,,"",""
ball,1,12.1,Sri Lanka,LE Kaushalya,MADD Surangika,KM Beams,0,0,,,,,,"",""
ball,1,12.2,Sri Lanka,LE Kaushalya,MADD Surangika,KM Beams,0,0,,,,,,"",""
ball,1,12.3,Sri Lanka,LE Kaushalya,MADD Surangika,KM Beams,4,0,,,,,,"",""
ball,1,12.4,Sri Lanka,LE Kaushalya,MADD Surangika,KM Beams,0,0,,,,,,caught,LE Kaushalya
ball,1,12.5,Sri Lanka,KADA Kanchana,MADD Surangika,KM Beams,0,0,,,,,,lbw,KADA Kanchana
ball,1,12.6,Sri Lanka,KDU Prabodhani,MADD Surangika,KM Beams,0,0,,,,,,"",""
ball,1,13.1,Sri Lanka,MADD Surangika,KDU Prabodhani,EA Osborne,0,0,,,,,,caught and bowled,MADD Surangika
ball,1,13.2,Sri Lanka,I Ranaweera,KDU Prabodhani,EA Osborne,1,0,,,,,,"",""
ball,1,13.3,Sri Lanka,KDU Prabodhani,I Ranaweera,EA Osborne,0,0,,,,,,"",""
ball,1,13.4,Sri Lanka,KDU Prabodhani,I Ranaweera,EA Osborne,1,0,,,,,,"",""
ball,1,13.5,Sri Lanka,I Ranaweera,KDU Prabodhani,EA Osborne,0,0,,,,,,"",""
ball,1,13.6,Sri Lanka,I Ranaweera,KDU Prabodhani,EA Osborne,0,0,,,,,,"",""
ball,1,14.1,Sri Lanka,KDU Prabodhani,I Ranaweera,KM Beams,0,0,,,,,,"",""
ball,1,14.2,Sri Lanka,KDU Prabodhani,I Ranaweera,KM Beams,0,0,,,,,,"",""
ball,1,14.3,Sri Lanka,KDU Prabodhani,I Ranaweera,KM Beams,0,0,,,,,,"",""
ball,1,14.4,Sri Lanka,KDU Prabodhani,I Ranaweera,KM Beams,0,0,,,,,,"",""
ball,1,14.5,Sri Lanka,KDU Prabodhani,I Ranaweera,KM Beams,0,0,,,,,,"",""
ball,1,14.6,Sri Lanka,KDU Prabodhani,I Ranaweera,KM Beams,0,0,,,,,,"",""
ball,1,15.1,Sri Lanka,I Ranaweera,KDU Prabodhani,EA Osborne,1,0,,,,,,"",""
ball,1,15.2,Sri Lanka,KDU Prabodhani,I Ranaweera,EA Osborne,0,0,,,,,,"",""
ball,1,15.3,Sri Lanka,KDU Prabodhani,I Ranaweera,EA Osborne,0,0,,,,,,"",""
ball,1,15.4,Sri Lanka,KDU Prabodhani,I Ranaweera,EA Osborne,0,0,,,,,,"",""
ball,1,15.5,Sri Lanka,KDU Prabodhani,I Ranaweera,EA Osborne,0,0,,,,,,"",""
ball,1,15.6,Sri Lanka,KDU Prabodhani,I Ranaweera,EA Osborne,0,0,,,,,,"",""
ball,1,16.1,Sri Lanka,I Ranaweera,KDU Prabodhani,EA Perry,1,0,,,,,,"",""
ball,1,16.2,Sri Lanka,KDU Prabodhani,I Ranaweera,EA Perry,0,0,,,,,,"",""
ball,1,16.3,Sri Lanka,KDU Prabodhani,I Ranaweera,EA Perry,1,0,,,,,,"",""
ball,1,16.4,Sri Lanka,I Ranaweera,KDU Prabodhani,EA Perry,0,0,,,,,,"",""
ball,1,16.5,Sri Lanka,I Ranaweera,KDU Prabodhani,EA Perry,1,0,,,,,,"",""
ball,1,16.6,Sri Lanka,KDU Prabodhani,I Ranaweera,EA Perry,0,0,,,,,,"",""
ball,1,17.1,Sri Lanka,I Ranaweera,KDU Prabodhani,EA Osborne,0,0,,,,,,"",""
ball,1,17.2,Sri Lanka,I Ranaweera,KDU Prabodhani,EA Osborne,0,0,,,,,,"",""
ball,1,17.3,Sri Lanka,I Ranaweera,KDU Prabodhani,EA Osborne,0,0,,,,,,"",""
ball,1,17.4,Sri Lanka,I Ranaweera,KDU Prabodhani,EA Osborne,1,0,,,,,,"",""
ball,1,17.5,Sri Lanka,KDU Prabodhani,I Ranaweera,EA Osborne,0,0,,,,,,"",""
ball,1,17.6,Sri Lanka,KDU Prabodhani,I Ranaweera,EA Osborne,1,0,,,,,,"",""
ball,1,18.1,Sri Lanka,KDU Prabodhani,I Ranaweera,EA Perry,0,0,,,,,,"",""
ball,1,18.2,Sri Lanka,KDU Prabodhani,I Ranaweera,EA Perry,1,0,,,,,,"",""
ball,1,18.3,Sri Lanka,I Ranaweera,KDU Prabodhani,EA Perry,0,0,,,,,,"",""
ball,1,18.4,Sri Lanka,I Ranaweera,KDU Prabodhani,EA Perry,0,0,,,,,,"",""
ball,1,18.5,Sri Lanka,I Ranaweera,KDU Prabodhani,EA Perry,0,0,,,,,,"",""
ball,1,18.6,Sri Lanka,I Ranaweera,KDU Prabodhani,EA Perry,1,0,,,,,,"",""
ball,1,19.1,Sri Lanka,I Ranaweera,KDU Prabodhani,EA Osborne,1,0,,,,,,"",""
ball,1,19.2,Sri Lanka,KDU Prabodhani,I Ranaweera,EA Osborne,0,0,,,,,,"",""
ball,1,19.3,Sri Lanka,KDU Prabodhani,I Ranaweera,EA Osborne,0,0,,,,,,"",""
ball,1,19.4,Sri Lanka,KDU Prabodhani,I Ranaweera,EA Osborne,1,0,,,,,,"",""
ball,1,19.5,Sri Lanka,I Ranaweera,KDU Prabodhani,EA Osborne,1,0,,,,,,"",""
ball,1,19.6,Sri Lanka,KDU Prabodhani,I Ranaweera,EA Osborne,1,0,,,,,,"",""
ball,2,0.1,Australia,BL Mooney,EJ Villani,KDU Prabodhani,0,0,,,,,,"",""
ball,2,0.2,Australia,BL Mooney,EJ Villani,KDU Prabodhani,2,0,,,,,,"",""
ball,2,0.3,Australia,BL Mooney,EJ Villani,KDU Prabodhani,2,0,,,,,,"",""
ball,2,0.4,Australia,BL Mooney,EJ Villani,KDU Prabodhani,0,0,,,,,,"",""
ball,2,0.5,Australia,BL Mooney,EJ Villani,KDU Prabodhani,0,0,,,,,,"",""
ball,2,0.6,Australia,BL Mooney,EJ Villani,KDU Prabodhani,0,0,,,,,,"",""
ball,2,1.1,Australia,EJ Villani,BL Mooney,AC Jayangani,1,0,,,,,,"",""
ball,2,1.2,Australia,BL Mooney,EJ Villani,AC Jayangani,0,0,,,,,,"",""
ball,2,1.3,Australia,BL Mooney,EJ Villani,AC Jayangani,4,0,,,,,,"",""
ball,2,1.4,Australia,BL Mooney,EJ Villani,AC Jayangani,0,0,,,,,,"",""
ball,2,1.5,Australia,BL Mooney,EJ Villani,AC Jayangani,1,0,,,,,,"",""
ball,2,1.6,Australia,EJ Villani,BL Mooney,AC Jayangani,0,0,,,,,,"",""
ball,2,2.1,Australia,BL Mooney,EJ Villani,BMSM Kumari,1,0,,,,,,"",""
ball,2,2.2,Australia,EJ Villani,BL Mooney,BMSM Kumari,1,0,,,,,,"",""
ball,2,2.3,Australia,BL Mooney,EJ Villani,BMSM Kumari,0,0,,,,,,"",""
ball,2,2.4,Australia,BL Mooney,EJ Villani,BMSM Kumari,0,0,,,,,,"",""
ball,2,2.5,Australia,BL Mooney,EJ Villani,BMSM Kumari,4,0,,,,,,"",""
ball,2,2.6,Australia,BL Mooney,EJ Villani,BMSM Kumari,1,0,,,,,,"",""
ball,2,3.1,Australia,BL Mooney,EJ Villani,MGMCP Gunawardene,3,0,,,,,,"",""
ball,2,3.2,Australia,EJ Villani,BL Mooney,MGMCP Gunawardene,4,0,,,,,,"",""
ball,2,3.3,Australia,EJ Villani,BL Mooney,MGMCP Gunawardene,0,0,,,,,,"",""
ball,2,3.4,Australia,EJ Villani,BL Mooney,MGMCP Gunawardene,4,0,,,,,,"",""
ball,2,3.5,Australia,EJ Villani,BL Mooney,MGMCP Gunawardene,1,0,,,,,,"",""
ball,2,3.6,Australia,BL Mooney,EJ Villani,MGMCP Gunawardene,2,0,,,,,,"",""
ball,2,4.1,Australia,EJ Villani,BL Mooney,I Ranaweera,2,0,,,,,,"",""
ball,2,4.2,Australia,EJ Villani,BL Mooney,I Ranaweera,4,0,,,,,,"",""
ball,2,4.3,Australia,EJ Villani,BL Mooney,I Ranaweera,0,0,,,,,,"",""
ball,2,4.4,Australia,EJ Villani,BL Mooney,I Ranaweera,0,0,,,,,,"",""
ball,2,4.5,Australia,EJ Villani,BL Mooney,I Ranaweera,6,0,,,,,,"",""
ball,2,4.6,Australia,EJ Villani,BL Mooney,I Ranaweera,0,0,,,,,,"",""
ball,2,5.1,Australia,BL Mooney,EJ Villani,LE Kaushalya,0,0,,,,,,"",""
ball,2,5.2,Australia,BL Mooney,EJ Villani,LE Kaushalya,4,0,,,,,,"",""
ball,2,5.3,Australia,BL Mooney,EJ Villani,LE Kaushalya,2,0,,,,,,"",""
ball,2,5.4,Australia,BL Mooney,EJ Villani,LE Kaushalya,1,0,,,,,,"",""
ball,2,5.5,Australia,EJ Villani,BL Mooney,LE Kaushalya,4,0,,,,,,"",""
ball,2,5.6,Australia,EJ Villani,BL Mooney,LE Kaushalya,1,0,,,,,,"",""
ball,2,6.1,Australia,EJ Villani,BL Mooney,AC Jayangani,0,0,,,,,,"",""
ball,2,6.2,Australia,EJ Villani,BL Mooney,AC Jayangani,0,0,,,,,,"",""
ball,2,6.3,Australia,EJ Villani,BL Mooney,AC Jayangani,0,0,,,,,,"",""
ball,2,6.4,Australia,EJ Villani,BL Mooney,AC Jayangani,0,0,,,,,,"",""
ball,2,6.5,Australia,EJ Villani,BL Mooney,AC Jayangani,0,0,,,,,,"",""
ball,2,6.6,Australia,EJ Villani,BL Mooney,AC Jayangani,0,0,,,,,,"",""
ball,2,7.1,Australia,BL Mooney,EJ Villani,BMSM Kumari,0,0,,,,,,"",""
ball,2,7.2,Australia,BL Mooney,EJ Villani,BMSM Kumari,1,0,,,,,,"",""
ball,2,7.3,Australia,EJ Villani,BL Mooney,BMSM Kumari,0,0,,,,,,"",""
ball,2,7.4,Australia,EJ Villani,BL Mooney,BMSM Kumari,1,0,,,,,,"",""
ball,2,7.5,Australia,BL Mooney,EJ Villani,BMSM Kumari,1,0,,,,,,"",""
ball,2,7.6,Australia,EJ Villani,BL Mooney,BMSM Kumari,1,0,,,,,,"",""
ball,2,8.1,Australia,EJ Villani,BL Mooney,AC Jayangani,4,0,,,,,,"",""
