version,1.6.0
info,balls_per_over,6
info,team,New Zealand
info,team,Pakistan
info,gender,female
info,season,2016/17
info,date,2016/11/13
info,event,ICC Women's Championship
info,venue,Bert Sutcliffe Oval
info,city,Lincoln
info,toss_winner,Pakistan
info,toss_decision,bat
info,umpire,K Cross
info,umpire,ED Sanders
info,match_referee,SR Bernard
info,winner,New Zealand
info,winner_wickets,8
info,player,New Zealand,SW Bates
info,player,New Zealand,RH Priest
info,player,New Zealand,AE Satterthwaite
info,player,New Zealand,KJ Martin
info,player,New Zealand,SFM Devine
info,player,New Zealand,EC Perry
info,player,New Zealand,SRH Curtis
info,player,New Zealand,TMM Newton
info,player,New Zealand,HM Rowe
info,player,New Zealand,LMM Tahuhu
info,player,New Zealand,MJG Nielsen
info,player,Pakistan,Ayesha Zafar
info,player,Pakistan,Nahida Khan
info,player,Pakistan,Javeria Khan
info,player,Pakistan,Bismah Maroof
info,player,Pakistan,Nida Dar
info,player,Pakistan,Nain Abidi
info,player,Pakistan,Asmavia Iqbal
info,player,Pakistan,Aliya Riaz
info,player,Pakistan,Sana Mir
info,player,Pakistan,Sidra Nawaz
info,player,Pakistan,Sadia Yousuf
info,registry,people,AE Satterthwaite,72b7ed1e
info,registry,people,Aliya Riaz,2904b4b6
info,registry,people,Asmavia Iqbal,98dfe425
info,registry,people,Ayesha Zafar,e15f4fa4
info,registry,people,Bismah Maroof,3b770527
info,registry,people,EC Perry,0de3060f
info,registry,people,ED Sanders,25c6d6af
info,registry,people,HM Rowe,8ca1f93a
info,registry,people,Javeria Khan,d921449d
info,registry,people,K Cross,d59c5855
info,registry,people,KJ Martin,cf75a839
info,registry,people,LMM Tahuhu,60471339
info,registry,people,MJG Nielsen,e2410b5e
info,registry,people,Nahida Khan,3e7c0b1e
info,registry,people,Nain Abidi,5486d41f
info,registry,people,Nida Dar,ed840f44
info,registry,people,RH Priest,e6f0408a
info,registry,people,SFM Devine,de69af96
info,registry,people,SR Bernard,800187dc
info,registry,people,SRH Curtis,aa89a853
info,registry,people,SW Bates,89bbc67a
info,registry,people,Sadia Yousuf,3cfbddce
info,registry,people,Sana Mir,b287e7b1
info,registry,people,Sidra Nawaz,ca3ded6f
info,registry,people,TMM Newton,93fe473e
ball,1,0.1,Pakistan,Ayesha Zafar,Nahida Khan,LMM Tahuhu,0,0,,,,,,"",""
ball,1,0.2,Pakistan,Ayesha Zafar,Nahida Khan,LMM Tahuhu,0,0,,,,,,"",""
ball,1,0.3,Pakistan,Ayesha Zafar,Nahida Khan,LMM Tahuhu,0,0,,,,,,"",""
ball,1,0.4,Pakistan,Ayesha Zafar,Nahida Khan,LMM Tahuhu,1,0,,,,,,"",""
ball,1,0.5,Pakistan,Nahida Khan,Ayesha Zafar,LMM Tahuhu,0,0,,,,,,"",""
ball,1,0.6,Pakistan,Nahida Khan,Ayesha Zafar,LMM Tahuhu,0,0,,,,,,"",""
ball,1,1.1,Pakistan,Ayesha Zafar,Nahida Khan,HM Rowe,0,0,,,,,,"",""
ball,1,1.2,Pakistan,Ayesha Zafar,Nahida Khan,HM Rowe,0,0,,,,,,"",""
ball,1,1.3,Pakistan,Ayesha Zafar,Nahida Khan,HM Rowe,4,0,,,,,,"",""
ball,1,1.4,Pakistan,Ayesha Zafar,Nahida Khan,HM Rowe,0,1,1,,,,,"",""
ball,1,1.5,Pakistan,Ayesha Zafar,Nahida Khan,HM Rowe,0,0,,,,,,"",""
ball,1,1.6,Pakistan,Ayesha Zafar,Nahida Khan,HM Rowe,4,0,,,,,,"",""
ball,1,1.7,Pakistan,Ayesha Zafar,Nahida Khan,HM Rowe,0,0,,,,,,"",""
ball,1,2.1,Pakistan,Nahida Khan,Ayesha Zafar,LMM Tahuhu,3,0,,,,,,"",""
ball,1,2.2,Pakistan,Ayesha Zafar,Nahida Khan,LMM Tahuhu,0,0,,,,,,"",""
ball,1,2.3,Pakistan,Ayesha Zafar,Nahida Khan,LMM Tahuhu,0,0,,,,,,"",""
ball,1,2.4,Pakistan,Ayesha Zafar,Nahida Khan,LMM Tahuhu,0,0,,,,,,"",""
ball,1,2.5,Pakistan,Ayesha Zafar,Nahida Khan,LMM Tahuhu,0,0,,,,,,"",""
ball,1,2.6,Pakistan,Ayesha Zafar,Nahida Khan,LMM Tahuhu,0,0,,,,,,"",""
ball,1,3.1,Pakistan,Nahida Khan,Ayesha Zafar,HM Rowe,3,0,,,,,,"",""
ball,1,3.2,Pakistan,Ayesha Zafar,Nahida Khan,HM Rowe,0,0,,,,,,"",""
ball,1,3.3,Pakistan,Ayesha Zafar,Nahida Khan,HM Rowe,0,0,,,,,,"",""
ball,1,3.4,Pakistan,Ayesha Zafar,Nahida Khan,HM Rowe,4,0,,,,,,"",""
ball,1,3.5,Pakistan,Ayesha Zafar,Nahida Khan,HM Rowe,0,0,,,,,,"",""
ball,1,3.6,Pakistan,Ayesha Zafar,Nahida Khan,HM Rowe,4,0,,,,,,"",""
ball,1,4.1,Pakistan,Nahida Khan,Ayesha Zafar,LMM Tahuhu,0,0,,,,,,"",""
ball,1,4.2,Pakistan,Nahida Khan,Ayesha Zafar,LMM Tahuhu,2,0,,,,,,"",""
ball,1,4.3,Pakistan,Nahida Khan,Ayesha Zafar,LMM Tahuhu,0,0,,,,,,"",""
ball,1,4.4,Pakistan,Nahida Khan,Ayesha Zafar,LMM Tahuhu,0,0,,,,,,"",""
ball,1,4.5,Pakistan,Nahida Khan,Ayesha Zafar,LMM Tahuhu,0,0,,,,,,"",""
ball,1,4.6,Pakistan,Nahida Khan,Ayesha Zafar,LMM Tahuhu,0,0,,,,,,"",""
ball,1,5.1,Pakistan,Ayesha Zafar,Nahida Khan,MJG Nielsen,0,0,,,,,,"",""
ball,1,5.2,Pakistan,Ayesha Zafar,Nahida Khan,MJG Nielsen,1,0,,,,,,"",""
ball,1,5.3,Pakistan,Nahida Khan,Ayesha Zafar,MJG Nielsen,0,1,,,,1,,"",""
ball,1,5.4,Pakistan,Ayesha Zafar,Nahida Khan,MJG Nielsen,0,0,,,,,,"",""
ball,1,5.5,Pakistan,Ayesha Zafar,Nahida Khan,MJG Nielsen,1,0,,,,,,"",""
ball,1,5.6,Pakistan,Nahida Khan,Ayesha Zafar,MJG Nielsen,0,0,,,,,,"",""
ball,1,6.1,Pakistan,Ayesha Zafar,Nahida Khan,LMM Tahuhu,0,0,,,,,,"",""
ball,1,6.2,Pakistan,Ayesha Zafar,Nahida Khan,LMM Tahuhu,1,0,,,,,,"",""
ball,1,6.3,Pakistan,Nahida Khan,Ayesha Zafar,LMM Tahuhu,1,0,,,,,,"",""
ball,1,6.4,Pakistan,Ayesha Zafar,Nahida Khan,LMM Tahuhu,1,0,,,,,,"",""
ball,1,6.5,Pakistan,Nahida Khan,Ayesha Zafar,LMM Tahuhu,0,0,,,,,,"",""
ball,1,6.6,Pakistan,Nahida Khan,Ayesha Zafar,LMM Tahuhu,1,0,,,,,,"",""
ball,1,7.1,Pakistan,Nahida Khan,Ayesha Zafar,MJG Nielsen,0,0,,,,,,"",""
ball,1,7.2,Pakistan,Nahida Khan,Ayesha Zafar,MJG Nielsen,2,0,,,,,,"",""
ball,1,7.3,Pakistan,Nahida Khan,Ayesha Zafar,MJG Nielsen,0,2,2,,,,,"",""
ball,1,7.4,Pakistan,Ayesha Zafar,Nahida Khan,MJG Nielsen,0,0,,,,,,"",""
ball,1,7.5,Pakistan,Ayesha Zafar,Nahida Khan,MJG Nielsen,0,1,1,,,,,"",""
ball,1,7.6,Pakistan,Ayesha Zafar,Nahida Khan,MJG Nielsen,4,0,,,,,,"",""
ball,1,7.7,Pakistan,Ayesha Zafar,Nahida Khan,MJG Nielsen,0,0,,,,,,"",""
ball,1,7.8,Pakistan,Ayesha Zafar,Nahida Khan,MJG Nielsen,0,0,,,,,,"",""
ball,1,8.1,Pakistan,Nahida Khan,Ayesha Zafar,LMM Tahuhu,0,0,,,,,,"",""
ball,1,8.2,Pakistan,Nahida Khan,Ayesha Zafar,LMM Tahuhu,1,0,,,,,,"",""
ball,1,8.3,Pakistan,Ayesha Zafar,Nahida Khan,LMM Tahuhu,0,0,,,,,,"",""
ball,1,8.4,Pakistan,Ayesha Zafar,Nahida Khan,LMM Tahuhu,1,0,,,,,,"",""
ball,1,8.5,Pakistan,Nahida Khan,Ayesha Zafar,LMM Tahuhu,0,0,,,,,,"",""
ball,1,8.6,Pakistan,Nahida Khan,Ayesha Zafar,LMM Tahuhu,0,0,,,,,,"",""
ball,1,9.1,Pakistan,Ayesha Zafar,Nahida Khan,MJG Nielsen,0,0,,,,,,"",""
ball,1,9.2,Pakistan,Ayesha Zafar,Nahida Khan,MJG Nielsen,0,0,,,,,,"",""
ball,1,9.3,Pakistan,Ayesha Zafar,Nahida Khan,MJG Nielsen,1,0,,,,,,"",""
ball,1,9.4,Pakistan,Nahida Khan,Ayesha Zafar,MJG Nielsen,2,0,,,,,,"",""
ball,1,9.5,Pakistan,Nahida Khan,Ayesha Zafar,MJG Nielsen,1,0,,,,,,"",""
ball,1,9.6,Pakistan,Ayesha Zafar,Nahida Khan,MJG Nielsen,2,0,,,,,,"",""
ball,1,10.1,Pakistan,Nahida Khan,Ayesha Zafar,SW Bates,0,0,,,,,,"",""
ball,1,10.2,Pakistan,Nahida Khan,Ayesha Zafar,SW Bates,0,0,,,,,,"",""
ball,1,10.3,Pakistan,Nahida Khan,Ayesha Zafar,SW Bates,0,0,,,,,,"",""
ball,1,10.4,Pakistan,Nahida Khan,Ayesha Zafar,SW Bates,0,0,,,,,,"",""
ball,1,10.5,Pakistan,Nahida Khan,Ayesha Zafar,SW Bates,0,0,,,,,,"",""
ball,1,10.6,Pakistan,Nahida Khan,Ayesha Zafar,SW Bates,0,0,,,,,,"",""
ball,1,11.1,Pakistan,Ayesha Zafar,Nahida Khan,TMM Newton,0,0,,,,,,"",""
ball,1,11.2,Pakistan,Ayesha Zafar,Nahida Khan,TMM Newton,1,0,,,,,,"",""
ball,1,11.3,Pakistan,Nahida Khan,Ayesha Zafar,TMM Newton,0,1,1,,,,,"",""
ball,1,11.4,Pakistan,Nahida Khan,Ayesha Zafar,TMM Newton,1,0,,,,,,"",""
ball,1,11.5,Pakistan,Ayesha Zafar,Nahida Khan,TMM Newton,0,1,1,,,,,"",""
ball,1,11.6,Pakistan,Ayesha Zafar,Nahida Khan,TMM Newton,0,0,,,,,,"",""
ball,1,11.7,Pakistan,Ayesha Zafar,Nahida Khan,TMM Newton,0,1,1,,,,,"",""
ball,1,11.8,Pakistan,Ayesha Zafar,Nahida Khan,TMM Newton,0,0,,,,,,caught,Ayesha Zafar
ball,1,11.9,Pakistan,Nahida Khan,Javeria Khan,TMM Newton,0,0,,,,,,"",""
ball,1,12.1,Pakistan,Javeria Khan,Nahida Khan,SW Bates,0,0,,,,,,"",""
ball,1,12.2,Pakistan,Javeria Khan,Nahida Khan,SW Bates,2,0,,,,,,"",""
ball,1,12.3,Pakistan,Javeria Khan,Nahida Khan,SW Bates,1,0,,,,,,"",""
ball,1,12.4,Pakistan,Nahida Khan,Javeria Khan,SW Bates,1,0,,,,,,"",""
ball,1,12.5,Pakistan,Javeria Khan,Nahida Khan,SW Bates,0,0,,,,,,"",""
ball,1,12.6,Pakistan,Javeria Khan,Nahida Khan,SW Bates,0,0,,,,,,"",""
ball,1,13.1,Pakistan,Nahida Khan,Javeria Khan,TMM Newton,0,0,,,,,,"",""
ball,1,13.2,Pakistan,Nahida Khan,Javeria Khan,TMM Newton,1,0,,,,,,"",""
ball,1,13.3,Pakistan,Javeria Khan,Nahida Khan,TMM Newton,0,0,,,,,,"",""
ball,1,13.4,Pakistan,Javeria Khan,Nahida Khan,TMM Newton,0,0,,,,,,"",""
ball,1,13.5,Pakistan,Javeria Khan,Nahida Khan,TMM Newton,0,0,,,,,,"",""
ball,1,13.6,Pakistan,Javeria Khan,Nahida Khan,TMM Newton,1,0,,,,,,"",""
ball,1,14.1,Pakistan,Javeria Khan,Nahida Khan,SW Bates,0,0,,,,,,"",""
ball,1,14.2,Pakistan,Javeria Khan,Nahida Khan,SW Bates,0,0,,,,,,"",""
ball,1,14.3,Pakistan,Javeria Khan,Nahida Khan,SW Bates,0,0,,,,,,"",""
ball,1,14.4,Pakistan,Javeria Khan,Nahida Khan,SW Bates,0,0,,,,,,"",""
ball,1,14.5,Pakistan,Javeria Khan,Nahida Khan,SW Bates,1,0,,,,,,"",""
ball,1,14.6,Pakistan,Nahida Khan,Javeria Khan,SW Bates,0,0,,,,,,"",""
ball,1,15.1,Pakistan,Javeria Khan,Nahida Khan,TMM Newton,0,0,,,,,,"",""
ball,1,15.2,Pakistan,Javeria Khan,Nahida Khan,TMM Newton,4,0,,,,,,"",""
ball,1,15.3,Pakistan,Javeria Khan,Nahida Khan,TMM Newton,2,0,,,,,,"",""
ball,1,15.4,Pakistan,Javeria Khan,Nahida Khan,TMM Newton,0,0,,,,,,"",""
ball,1,15.5,Pakistan,Javeria Khan,Nahida Khan,TMM Newton,0,0,,,,,,"",""
ball,1,15.6,Pakistan,Javeria Khan,Nahida Khan,TMM Newton,1,0,,,,,,"",""
ball,1,16.1,Pakistan,Javeria Khan,Nahida Khan,SW Bates,0,0,,,,,,"",""
ball,1,16.2,Pakistan,Javeria Khan,Nahida Khan,SW Bates,0,0,,,,,,"",""
ball,1,16.3,Pakistan,Javeria Khan,Nahida Khan,SW Bates,1,0,,,,,,"",""
ball,1,16.4,Pakistan,Nahida Khan,Javeria Khan,SW Bates,2,0,,,,,,"",""
ball,1,16.5,Pakistan,Nahida Khan,Javeria Khan,SW Bates,0,2,2,,,,,"",""
ball,1,16.6,Pakistan,Javeria Khan,Nahida Khan,SW Bates,0,0,,,,,,"",""
ball,1,16.7,Pakistan,Javeria Khan,Nahida Khan,SW Bates,1,0,,,,,,"",""
ball,1,17.1,Pakistan,Javeria Khan,Nahida Khan,AE Satterthwaite,0,0,,,,,,"",""
ball,1,17.2,Pakistan,Javeria Khan,Nahida Khan,AE Satterthwaite,1,0,,,,,,"",""
ball,1,17.3,Pakistan,Nahida Khan,Javeria Khan,AE Satterthwaite,1,0,,,,,,"",""
ball,1,17.4,Pakistan,Javeria Khan,Nahida Khan,AE Satterthwaite,3,0,,,,,,"",""
ball,1,17.5,Pakistan,Nahida Khan,Javeria Khan,AE Satterthwaite,2,0,,,,,,"",""
ball,1,17.6,Pakistan,Nahida Khan,Javeria Khan,AE Satterthwaite,1,0,,,,,,"",""
ball,1,18.1,Pakistan,Nahida Khan,Javeria Khan,SW Bates,0,0,,,,,,run out,Nahida Khan
ball,1,18.2,Pakistan,Bismah Maroof,Javeria Khan,SW Bates,0,0,,,,,,"",""
ball,1,18.3,Pakistan,Bismah Maroof,Javeria Khan,SW Bates,0,0,,,,,,"",""
ball,1,18.4,Pakistan,Bismah Maroof,Javeria Khan,SW Bates,0,0,,,,,,"",""
ball,1,18.5,Pakistan,Bismah Maroof,Javeria Khan,SW Bates,0,0,,,,,,"",""
ball,1,18.6,Pakistan,Bismah Maroof,Javeria Khan,SW Bates,0,0,,,,,,"",""
ball,1,19.1,Pakistan,Javeria Khan,Bismah Maroof,AE Satterthwaite,0,0,,,,,,"",""
ball,1,19.2,Pakistan,Javeria Khan,Bismah Maroof,AE Satterthwaite,1,0,,,,,,"",""
ball,1,19.3,Pakistan,Bismah Maroof,Javeria Khan,AE Satterthwaite,1,0,,,,,,"",""
ball,1,19.4,Pakistan,Javeria Khan,Bismah Maroof,AE Satterthwaite,1,0,,,,,,"",""
ball,1,19.5,Pakistan,Bismah Maroof,Javeria Khan,AE Satterthwaite,0,0,,,,,,"",""
ball,1,19.6,Pakistan,Bismah Maroof,Javeria Khan,AE Satterthwaite,1,0,,,,,,"",""
ball,1,20.1,Pakistan,Bismah Maroof,Javeria Khan,LMM Tahuhu,0,0,,,,,,"",""
ball,1,20.2,Pakistan,Bismah Maroof,Javeria Khan,LMM Tahuhu,0,0,,,,,,"",""
ball,1,20.3,Pakistan,Bismah Maroof,Javeria Khan,LMM Tahuhu,0,0,,,,,,"",""
ball,1,20.4,Pakistan,Bismah Maroof,Javeria Khan,LMM Tahuhu,0,0,,,,,,"",""
ball,1,20.5,Pakistan,Bismah Maroof,Javeria Khan,LMM Tahuhu,0,0,,,,,,"",""
ball,1,20.6,Pakistan,Bismah Maroof,Javeria Khan,LMM Tahuhu,4,0,,,,,,"",""
ball,1,21.1,Pakistan,Javeria Khan,Bismah Maroof,AE Satterthwaite,2,0,,,,,,"",""
ball,1,21.2,Pakistan,Javeria Khan,Bismah Maroof,AE Satterthwaite,1,0,,,,,,"",""
ball,1,21.3,Pakistan,Bismah Maroof,Javeria Khan,AE Satterthwaite,1,0,,,,,,"",""
ball,1,21.4,Pakistan,Javeria Khan,Bismah Maroof,AE Satterthwaite,1,0,,,,,,"",""
ball,1,21.5,Pakistan,Bismah Maroof,Javeria Khan,AE Satterthwaite,1,0,,,,,,"",""
ball,1,21.6,Pakistan,Javeria Khan,Bismah Maroof,AE Satterthwaite,0,0,,,,,,"",""
ball,1,22.1,Pakistan,Bismah Maroof,Javeria Khan,LMM Tahuhu,1,0,,,,,,"",""
ball,1,22.2,Pakistan,Javeria Khan,Bismah Maroof,LMM Tahuhu,1,0,,,,,,"",""
ball,1,22.3,Pakistan,Bismah Maroof,Javeria Khan,LMM Tahuhu,0,0,,,,,,"",""
ball,1,22.4,Pakistan,Bismah Maroof,Javeria Khan,LMM Tahuhu,0,0,,,,,,"",""
ball,1,22.5,Pakistan,Bismah Maroof,Javeria Khan,LMM Tahuhu,1,0,,,,,,"",""
ball,1,22.6,Pakistan,Javeria Khan,Bismah Maroof,LMM Tahuhu,0,0,,,,,,"",""
ball,1,23.1,Pakistan,Bismah Maroof,Javeria Khan,AE Satterthwaite,2,0,,,,,,"",""
ball,1,23.2,Pakistan,Bismah Maroof,Javeria Khan,AE Satterthwaite,0,0,,,,,,"",""
ball,1,23.3,Pakistan,Bismah Maroof,Javeria Khan,AE Satterthwaite,0,0,,,,,,"",""
ball,1,23.4,Pakistan,Bismah Maroof,Javeria Khan,AE Satterthwaite,0,0,,,,,,"",""
ball,1,23.5,Pakistan,Bismah Maroof,Javeria Khan,AE Satterthwaite,0,0,,,,,,"",""
ball,1,23.6,Pakistan,Bismah Maroof,Javeria Khan,AE Satterthwaite,0,0,,,,,,"",""
ball,1,24.1,Pakistan,Javeria Khan,Bismah Maroof,LMM Tahuhu,0,0,,,,,,"",""
ball,1,24.2,Pakistan,Javeria Khan,Bismah Maroof,LMM Tahuhu,0,0,,,,,,"",""
ball,1,24.3,Pakistan,Javeria Khan,Bismah Maroof,LMM Tahuhu,0,1,,1,,,,"",""
ball,1,24.4,Pakistan,Javeria Khan,Bismah Maroof,LMM Tahuhu,0,0,,,,,,"",""
ball,1,24.5,Pakistan,Javeria Khan,Bismah Maroof,LMM Tahuhu,1,0,,,,,,"",""
ball,1,24.6,Pakistan,Bismah Maroof,Javeria Khan,LMM Tahuhu,0,0,,,,,,"",""
ball,1,24.7,Pakistan,Bismah Maroof,Javeria Khan,LMM Tahuhu,0,0,,,,,,"",""
ball,1,25.1,Pakistan,Javeria Khan,Bismah Maroof,AE Satterthwaite,2,0,,,,,,"",""
ball,1,25.2,Pakistan,Javeria Khan,Bismah Maroof,AE Satterthwaite,1,0,,,,,,"",""
ball,1,25.3,Pakistan,Bismah Maroof,Javeria Khan,AE Satterthwaite,4,0,,,,,,"",""
ball,1,25.4,Pakistan,Bismah Maroof,Javeria Khan,AE Satterthwaite,1,0,,,,,,"",""
ball,1,25.5,Pakistan,Javeria Khan,Bismah Maroof,AE Satterthwaite,2,0,,,,,,"",""
ball,1,25.6,Pakistan,Javeria Khan,Bismah Maroof,AE Satterthwaite,1,0,,,,,,"",""
ball,1,26.1,Pakistan,Javeria Khan,Bismah Maroof,SW Bates,3,0,,,,,,"",""
ball,1,26.2,Pakistan,Bismah Maroof,Javeria Khan,SW Bates,0,0,,,,,,"",""
ball,1,26.3,Pakistan,Bismah Maroof,Javeria Khan,SW Bates,0,0,,,,,,"",""
ball,1,26.4,Pakistan,Bismah Maroof,Javeria Khan,SW Bates,0,0,,,,,,"",""
ball,1,26.5,Pakistan,Bismah Maroof,Javeria Khan,SW Bates,0,0,,,,,,"",""
ball,1,26.6,Pakistan,Bismah Maroof,Javeria Khan,SW Bates,0,0,,,,,,"",""
ball,1,27.1,Pakistan,Javeria Khan,Bismah Maroof,SFM Devine,2,0,,,,,,"",""
ball,1,27.2,Pakistan,Javeria Khan,Bismah Maroof,SFM Devine,0,1,1,,,,,"",""
ball,1,27.3,Pakistan,Javeria Khan,Bismah Maroof,SFM Devine,0,0,,,,,,"",""
ball,1,27.4,Pakistan,Javeria Khan,Bismah Maroof,SFM Devine,3,0,,,,,,"",""
ball,1,27.5,Pakistan,Bismah Maroof,Javeria Khan,SFM Devine,0,0,,,,,,"",""
ball,1,27.6,Pakistan,Bismah Maroof,Javeria Khan,SFM Devine,0,1,1,,,,,"",""
ball,1,27.7,Pakistan,Bismah Maroof,Javeria Khan,SFM Devine,1,0,,,,,,"",""
ball,1,27.8,Pakistan,Javeria Khan,Bismah Maroof,SFM Devine,0,1,1,,,,,"",""
ball,1,27.9,Pakistan,Javeria Khan,Bismah Maroof,SFM Devine,1,0,,,,,,"",""
ball,1,28.1,Pakistan,Javeria Khan,Bismah Maroof,SW Bates,0,0,,,,,,"",""
ball,1,28.2,Pakistan,Javeria Khan,Bismah Maroof,SW Bates,0,0,,,,,,"",""
ball,1,28.3,Pakistan,Javeria Khan,Bismah Maroof,SW Bates,0,0,,,,,,"",""
ball,1,28.4,Pakistan,Javeria Khan,Bismah Maroof,SW Bates,0,0,,,,,,"",""
ball,1,28.5,Pakistan,Javeria Khan,Bismah Maroof,SW Bates,0,0,,,,,,"",""
ball,1,28.6,Pakistan,Javeria Khan,Bismah Maroof,SW Bates,4,0,,,,,,"",""
ball,1,29.1,Pakistan,Bismah Maroof,Javeria Khan,SFM Devine,1,0,,,,,,"",""
ball,1,29.2,Pakistan,Javeria Khan,Bismah Maroof,SFM Devine,0,1,1,,,,,"",""
ball,1,29.3,Pakistan,Javeria Khan,Bismah Maroof,SFM Devine,1,0,,,,,,"",""
ball,1,29.4,Pakistan,Bismah Maroof,Javeria Khan,SFM Devine,1,0,,,,,,"",""
ball,1,29.5,Pakistan,Javeria Khan,Bismah Maroof,SFM Devine,1,0,,,,,,"",""
ball,1,29.6,Pakistan,Bismah Maroof,Javeria Khan,SFM Devine,1,0,,,,,,"",""
ball,1,29.7,Pakistan,Javeria Khan,Bismah Maroof,SFM Devine,1,0,,,,,,"",""
ball,1,30.1,Pakistan,Javeria Khan,Bismah Maroof,SW Bates,0,0,,,,,,"",""
ball,1,30.2,Pakistan,Javeria Khan,Bismah Maroof,SW Bates,0,0,,,,,,"",""
ball,1,30.3,Pakistan,Javeria Khan,Bismah Maroof,SW Bates,0,0,,,,,,"",""
ball,1,30.4,Pakistan,Javeria Khan,Bismah Maroof,SW Bates,1,0,,,,,,"",""
ball,1,30.5,Pakistan,Bismah Maroof,Javeria Khan,SW Bates,0,1,1,,,,,"",""
ball,1,30.6,Pakistan,Bismah Maroof,Javeria Khan,SW Bates,0,0,,,,,,"",""
ball,1,30.7,Pakistan,Bismah Maroof,Javeria Khan,SW Bates,0,0,,,,,,"",""
ball,1,31.1,Pakistan,Javeria Khan,Bismah Maroof,MJG Nielsen,0,0,,,,,,"",""
ball,1,31.2,Pakistan,Javeria Khan,Bismah Maroof,MJG Nielsen,1,0,,,,,,"",""
ball,1,31.3,Pakistan,Bismah Maroof,Javeria Khan,MJG Nielsen,1,0,,,,,,"",""
ball,1,31.4,Pakistan,Javeria Khan,Bismah Maroof,MJG Nielsen,1,0,,,,,,"",""
ball,1,31.5,Pakistan,Bismah Maroof,Javeria Khan,MJG Nielsen,0,0,,,,,,"",""
ball,1,31.6,Pakistan,Bismah Maroof,Javeria Khan,MJG Nielsen,4,0,,,,,,"",""
ball,1,32.1,Pakistan,Javeria Khan,Bismah Maroof,HM Rowe,1,0,,,,,,"",""
ball,1,32.2,Pakistan,Bismah Maroof,Javeria Khan,HM Rowe,1,0,,,,,,"",""
ball,1,32.3,Pakistan,Javeria Khan,Bismah Maroof,HM Rowe,0,0,,,,,,"",""
ball,1,32.4,Pakistan,Javeria Khan,Bismah Maroof,HM Rowe,2,0,,,,,,"",""
ball,1,32.5,Pakistan,Javeria Khan,Bismah Maroof,HM Rowe,0,0,,,,,,"",""
ball,1,32.6,Pakistan,Javeria Khan,Bismah Maroof,HM Rowe,4,0,,,,,,"",""
ball,1,33.1,Pakistan,Bismah Maroof,Javeria Khan,MJG Nielsen,2,0,,,,,,"",""
ball,1,33.2,Pakistan,Bismah Maroof,Javeria Khan,MJG Nielsen,1,0,,,,,,"",""
ball,1,33.3,Pakistan,Javeria Khan,Bismah Maroof,MJG Nielsen,2,0,,,,,,"",""
ball,1,33.4,Pakistan,Javeria Khan,Bismah Maroof,MJG Nielsen,1,0,,,,,,"",""
ball,1,33.5,Pakistan,Bismah Maroof,Javeria Khan,MJG Nielsen,1,0,,,,,,"",""
ball,1,33.6,Pakistan,Javeria Khan,Bismah Maroof,MJG Nielsen,1,0,,,,,,"",""
ball,1,34.1,Pakistan,Javeria Khan,Bismah Maroof,TMM Newton,1,0,,,,,,"",""
ball,1,34.2,Pakistan,Bismah Maroof,Javeria Khan,TMM Newton,0,0,,,,,,"",""
ball,1,34.3,Pakistan,Bismah Maroof,Javeria Khan,TMM Newton,2,0,,,,,,"",""
ball,1,34.4,Pakistan,Bismah Maroof,Javeria Khan,TMM Newton,0,0,,,,,,"",""
ball,1,34.5,Pakistan,Bismah Maroof,Javeria Khan,TMM Newton,4,0,,,,,,"",""
ball,1,34.6,Pakistan,Bismah Maroof,Javeria Khan,TMM Newton,1,0,,,,,,"",""
ball,1,35.1,Pakistan,Bismah Maroof,Javeria Khan,AE Satterthwaite,1,0,,,,,,"",""
ball,1,35.2,Pakistan,Javeria Khan,Bismah Maroof,AE Satterthwaite,0,0,,,,,,"",""
ball,1,35.3,Pakistan,Javeria Khan,Bismah Maroof,AE Satterthwaite,0,0,,,,,,"",""
ball,1,35.4,Pakistan,Javeria Khan,Bismah Maroof,AE Satterthwaite,1,0,,,,,,"",""
ball,1,35.5,Pakistan,Bismah Maroof,Javeria Khan,AE Satterthwaite,1,0,,,,,,"",""
ball,1,35.6,Pakistan,Javeria Khan,Bismah Maroof,AE Satterthwaite,0,0,,,,,,"",""
ball,1,36.1,Pakistan,Bismah Maroof,Javeria Khan,TMM Newton,0,0,,,,,,"",""
ball,1,36.2,Pakistan,Bismah Maroof,Javeria Khan,TMM Newton,0,1,1,,,,,"",""
ball,1,36.3,Pakistan,Bismah Maroof,Javeria Khan,TMM Newton,2,0,,,,,,"",""
ball,1,36.4,Pakistan,Bismah Maroof,Javeria Khan,TMM Newton,1,0,,,,,,"",""
ball,1,36.5,Pakistan,Javeria Khan,Bismah Maroof,TMM Newton,1,0,,,,,,"",""
ball,1,36.6,Pakistan,Bismah Maroof,Javeria Khan,TMM Newton,1,0,,,,,,"",""
ball,1,36.7,Pakistan,Javeria Khan,Bismah Maroof,TMM Newton,0,0,,,,,,"",""
ball,1,37.1,Pakistan,Bismah Maroof,Javeria Khan,AE Satterthwaite,2,0,,,,,,"",""
ball,1,37.2,Pakistan,Bismah Maroof,Javeria Khan,AE Satterthwaite,3,0,,,,,,"",""
ball,1,37.3,Pakistan,Javeria Khan,Bismah Maroof,AE Satterthwaite,1,0,,,,,,"",""
ball,1,37.4,Pakistan,Bismah Maroof,Javeria Khan,AE Satterthwaite,3,0,,,,,,"",""
ball,1,37.5,Pakistan,Javeria Khan,Bismah Maroof,AE Satterthwaite,1,0,,,,,,"",""
ball,1,37.6,Pakistan,Bismah Maroof,Javeria Khan,AE Satterthwaite,0,0,,,,,,"",""
ball,1,38.1,Pakistan,Javeria Khan,Bismah Maroof,TMM Newton,0,0,,,,,,"",""
ball,1,38.2,Pakistan,Javeria Khan,Bismah Maroof,TMM Newton,0,0,,,,,,"",""
ball,1,38.3,Pakistan,Javeria Khan,Bismah Maroof,TMM Newton,1,0,,,,,,"",""
ball,1,38.4,Pakistan,Bismah Maroof,Javeria Khan,TMM Newton,1,0,,,,,,"",""
ball,1,38.5,Pakistan,Javeria Khan,Bismah Maroof,TMM Newton,1,0,,,,,,"",""
ball,1,38.6,Pakistan,Bismah Maroof,Javeria Khan,TMM Newton,0,1,,,,1,,"",""
ball,1,39.1,Pakistan,Bismah Maroof,Javeria Khan,AE Satterthwaite,1,0,,,,,,"",""
ball,1,39.2,Pakistan,Javeria Khan,Bismah Maroof,AE Satterthwaite,2,0,,,,,,"",""
ball,1,39.3,Pakistan,Javeria Khan,Bismah Maroof,AE Satterthwaite,2,0,,,,,,"",""
ball,1,39.4,Pakistan,Javeria Khan,Bismah Maroof,AE Satterthwaite,0,0,,,,,,caught,Javeria Khan
ball,1,39.5,Pakistan,Bismah Maroof,Nida Dar,AE Satterthwaite,4,0,,,,,,"",""
ball,1,39.6,Pakistan,Bismah Maroof,Nida Dar,AE Satterthwaite,0,0,,,,,,"",""
ball,1,40.1,Pakistan,Nida Dar,Bismah Maroof,LMM Tahuhu,0,0,,,,,,"",""
ball,1,40.2,Pakistan,Nida Dar,Bismah Maroof,LMM Tahuhu,0,0,,,,,,caught,Nida Dar
ball,1,40.3,Pakistan,Bismah Maroof,Nain Abidi,LMM Tahuhu,2,0,,,,,,"",""
ball,1,40.4,Pakistan,Bismah Maroof,Nain Abidi,LMM Tahuhu,1,0,,,,,,"",""
ball,1,40.5,Pakistan,Nain Abidi,Bismah Maroof,LMM Tahuhu,0,0,,,,,,"",""
ball,1,40.6,Pakistan,Nain Abidi,Bismah Maroof,LMM Tahuhu,1,0,,,,,,"",""
ball,1,41.1,Pakistan,Nain Abidi,Bismah Maroof,TMM Newton,2,0,,,,,,"",""
ball,1,41.2,Pakistan,Nain Abidi,Bismah Maroof,TMM Newton,1,0,,,,,,"",""
ball,1,41.3,Pakistan,Bismah Maroof,Nain Abidi,TMM Newton,1,0,,,,,,"",""
ball,1,41.4,Pakistan,Nain Abidi,Bismah Maroof,TMM Newton,1,0,,,,,,"",""
ball,1,41.5,Pakistan,Bismah Maroof,Nain Abidi,TMM Newton,1,0,,,,,,"",""
ball,1,41.6,Pakistan,Nain Abidi,Bismah Maroof,TMM Newton,1,0,,,,,,"",""
ball,1,42.1,Pakistan,Nain Abidi,Bismah Maroof,LMM Tahuhu,1,0,,,,,,"",""
ball,1,42.2,Pakistan,Bismah Maroof,Nain Abidi,LMM Tahuhu,1,0,,,,,,"",""
ball,1,42.3,Pakistan,Nain Abidi,Bismah Maroof,LMM Tahuhu,1,0,,,,,,"",""
ball,1,42.4,Pakistan,Bismah Maroof,Nain Abidi,LMM Tahuhu,1,0,,,,,,"",""
ball,1,42.5,Pakistan,Nain Abidi,Bismah Maroof,LMM Tahuhu,1,0,,,,,,"",""
ball,1,42.6,Pakistan,Bismah Maroof,Nain Abidi,LMM Tahuhu,0,0,,,,,,"",""
ball,1,43.1,Pakistan,Nain Abidi,Bismah Maroof,TMM Newton,0,0,,,,,,"",""
ball,1,43.2,Pakistan,Nain Abidi,Bismah Maroof,TMM Newton,0,0,,,,,,"",""
ball,1,43.3,Pakistan,Nain Abidi,Bismah Maroof,TMM Newton,0,0,,,,,,"",""
ball,1,43.4,Pakistan,Nain Abidi,Bismah Maroof,TMM Newton,1,0,,,,,,"",""
ball,1,43.5,Pakistan,Bismah Maroof,Nain Abidi,TMM Newton,1,0,,,,,,"",""
ball,1,43.6,Pakistan,Nain Abidi,Bismah Maroof,TMM Newton,1,0,,,,,,"",""
ball,1,44.1,Pakistan,Nain Abidi,Bismah Maroof,AE Satterthwaite,0,1,,,,1,,"",""
ball,1,44.2,Pakistan,Bismah Maroof,Nain Abidi,AE Satterthwaite,4,0,,,,,,"",""
ball,1,44.3,Pakistan,Bismah Maroof,Nain Abidi,AE Satterthwaite,0,0,,,,,,run out,Nain Abidi
ball,1,44.4,Pakistan,Asmavia Iqbal,Bismah Maroof,AE Satterthwaite,1,0,,,,,,"",""
ball,1,44.5,Pakistan,Bismah Maroof,Asmavia Iqbal,AE Satterthwaite,0,0,,,,,,"",""
ball,1,44.6,Pakistan,Bismah Maroof,Asmavia Iqbal,AE Satterthwaite,1,0,,,,,,"",""
ball,1,45.1,Pakistan,Bismah Maroof,Asmavia Iqbal,TMM Newton,2,0,,,,,,"",""
ball,1,45.2,Pakistan,Bismah Maroof,Asmavia Iqbal,TMM Newton,1,0,,,,,,"",""
ball,1,45.3,Pakistan,Asmavia Iqbal,Bismah Maroof,TMM Newton,1,0,,,,,,"",""
ball,1,45.4,Pakistan,Bismah Maroof,Asmavia Iqbal,TMM Newton,0,0,,,,,,"",""
ball,1,45.5,Pakistan,Bismah Maroof,Asmavia Iqbal,TMM Newton,4,0,,,,,,"",""
ball,1,45.6,Pakistan,Bismah Maroof,Asmavia Iqbal,TMM Newton,1,0,,,,,,"",""
ball,1,46.1,Pakistan,Bismah Maroof,Asmavia Iqbal,SW Bates,0,0,,,,,,"",""
ball,1,46.2,Pakistan,Bismah Maroof,Asmavia Iqbal,SW Bates,1,0,,,,,,"",""
ball,1,46.3,Pakistan,Asmavia Iqbal,Bismah Maroof,SW Bates,4,0,,,,,,"",""
ball,1,46.4,Pakistan,Asmavia Iqbal,Bismah Maroof,SW Bates,1,0,,,,,,"",""
ball,1,46.5,Pakistan,Bismah Maroof,Asmavia Iqbal,SW Bates,0,0,,,,,,"",""
ball,1,46.6,Pakistan,Bismah Maroof,Asmavia Iqbal,SW Bates,2,0,,,,,,"",""
ball,1,47.1,Pakistan,Asmavia Iqbal,Bismah Maroof,AE Satterthwaite,0,0,,,,,,caught,Asmavia Iqbal
ball,1,47.2,Pakistan,Bismah Maroof,Aliya Riaz,AE Satterthwaite,1,0,,,,,,"",""
ball,1,47.3,Pakistan,Aliya Riaz,Bismah Maroof,AE Satterthwaite,1,0,,,,,,"",""
ball,1,47.4,Pakistan,Bismah Maroof,Aliya Riaz,AE Satterthwaite,1,0,,,,,,"",""
ball,1,47.5,Pakistan,Aliya Riaz,Bismah Maroof,AE Satterthwaite,1,0,,,,,,"",""
ball,1,47.6,Pakistan,Bismah Maroof,Aliya Riaz,AE Satterthwaite,2,0,,,,,,"",""
ball,1,48.1,Pakistan,Aliya Riaz,Bismah Maroof,SW Bates,0,0,,,,,,"",""
ball,1,48.2,Pakistan,Aliya Riaz,Bismah Maroof,SW Bates,1,0,,,,,,"",""
ball,1,48.3,Pakistan,Bismah Maroof,Aliya Riaz,SW Bates,0,0,,,,,,"",""
ball,1,48.4,Pakistan,Bismah Maroof,Aliya Riaz,SW Bates,1,0,,,,,,"",""
ball,1,48.5,Pakistan,Aliya Riaz,Bismah Maroof,SW Bates,0,0,,,,,,"",""
ball,1,48.6,Pakistan,Aliya Riaz,Bismah Maroof,SW Bates,1,0,,,,,,"",""
ball,1,49.1,Pakistan,Aliya Riaz,Bismah Maroof,TMM Newton,1,0,,,,,,"",""
ball,1,49.2,Pakistan,Bismah Maroof,Aliya Riaz,TMM Newton,1,0,,,,,,"",""
ball,1,49.3,Pakistan,Aliya Riaz,Bismah Maroof,TMM Newton,1,0,,,,,,"",""
ball,1,49.4,Pakistan,Bismah Maroof,Aliya Riaz,TMM Newton,1,0,,,,,,"",""
ball,1,49.5,Pakistan,Aliya Riaz,Bismah Maroof,TMM Newton,1,0,,,,,,"",""
ball,1,49.6,Pakistan,Bismah Maroof,Aliya Riaz,TMM Newton,2,0,,,,,,"",""
ball,2,0.1,New Zealand,SW Bates,RH Priest,Asmavia Iqbal,0,0,,,,,,"",""
ball,2,0.2,New Zealand,SW Bates,RH Priest,Asmavia Iqbal,1,0,,,,,,"",""
ball,2,0.3,New Zealand,RH Priest,SW Bates,Asmavia Iqbal,0,0,,,,,,"",""
ball,2,0.4,New Zealand,RH Priest,SW Bates,Asmavia Iqbal,0,0,,,,,,"",""
ball,2,0.5,New Zealand,RH Priest,SW Bates,Asmavia Iqbal,0,0,,,,,,"",""
ball,2,0.6,New Zealand,RH Priest,SW Bates,Asmavia Iqbal,4,0,,,,,,"",""
ball,2,1.1,New Zealand,SW Bates,RH Priest,Aliya Riaz,4,0,,,,,,"",""
ball,2,1.2,New Zealand,SW Bates,RH Priest,Aliya Riaz,0,0,,,,,,"",""
ball,2,1.3,New Zealand,SW Bates,RH Priest,Aliya Riaz,0,0,,,,,,"",""
ball,2,1.4,New Zealand,SW Bates,RH Priest,Aliya Riaz,0,0,,,,,,"",""
ball,2,1.5,New Zealand,SW Bates,RH Priest,Aliya Riaz,0,0,,,,,,"",""
ball,2,1.6,New Zealand,SW Bates,RH Priest,Aliya Riaz,0,0,,,,,,"",""
ball,2,2.1,New Zealand,RH Priest,SW Bates,Asmavia Iqbal,0,0,,,,,,"",""
ball,2,2.2,New Zealand,RH Priest,SW Bates,Asmavia Iqbal,0,0,,,,,,"",""
ball,2,2.3,New Zealand,RH Priest,SW Bates,Asmavia Iqbal,0,0,,,,,,"",""
ball,2,2.4,New Zealand,RH Priest,SW Bates,Asmavia Iqbal,0,0,,,,,,"",""
ball,2,2.5,New Zealand,RH Priest,SW Bates,Asmavia Iqbal,3,0,,,,,,"",""
ball,2,2.6,New Zealand,SW Bates,RH Priest,Asmavia Iqbal,1,0,,,,,,"",""
ball,2,3.1,New Zealand,SW Bates,RH Priest,Aliya Riaz,1,0,,,,,,"",""
ball,2,3.2,New Zealand,RH Priest,SW Bates,Aliya Riaz,0,0,,,,,,"",""
ball,2,3.3,New Zealand,RH Priest,SW Bates,Aliya Riaz,1,0,,,,,,"",""
ball,2,3.4,New Zealand,SW Bates,RH Priest,Aliya Riaz,0,0,,,,,,"",""
ball,2,3.5,New Zealand,SW Bates,RH Priest,Aliya Riaz,0,0,,,,,,"",""
ball,2,3.6,New Zealand,SW Bates,RH Priest,Aliya Riaz,1,0,,,,,,"",""
ball,2,4.1,New Zealand,SW Bates,RH Priest,Asmavia Iqbal,0,0,,,,,,"",""
ball,2,4.2,New Zealand,SW Bates,RH Priest,Asmavia Iqbal,0,0,,,,,,"",""
ball,2,4.3,New Zealand,SW Bates,RH Priest,Asmavia Iqbal,0,0,,,,,,"",""
ball,2,4.4,New Zealand,SW Bates,RH Priest,Asmavia Iqbal,0,0,,,,,,"",""
ball,2,4.5,New Zealand,SW Bates,RH Priest,Asmavia Iqbal,1,0,,,,,,"",""
ball,2,4.6,New Zealand,RH Priest,SW Bates,Asmavia Iqbal,0,0,,,,,,"",""
ball,2,5.1,New Zealand,SW Bates,RH Priest,Aliya Riaz,4,0,,,,,,"",""
ball,2,5.2,New Zealand,SW Bates,RH Priest,Aliya Riaz,4,0,,,,,,"",""
ball,2,5.3,New Zealand,SW Bates,RH Priest,Aliya Riaz,0,0,,,,,,"",""
ball,2,5.4,New Zealand,SW Bates,RH Priest,Aliya Riaz,0,0,,,,,,"",""
ball,2,5.5,New Zealand,SW Bates,RH Priest,Aliya Riaz,0,0,,,,,,"",""
ball,2,5.6,New Zealand,SW Bates,RH Priest,Aliya Riaz,1,0,,,,,,"",""
ball,2,6.1,New Zealand,SW Bates,RH Priest,Asmavia Iqbal,4,0,,,,,,"",""
ball,2,6.2,New Zealand,SW Bates,RH Priest,Asmavia Iqbal,0,0,,,,,,"",""
ball,2,6.3,New Zealand,SW Bates,RH Priest,Asmavia Iqbal,0,0,,,,,,"",""
ball,2,6.4,New Zealand,SW Bates,RH Priest,Asmavia Iqbal,0,0,,,,,,"",""
ball,2,6.5,New Zealand,SW Bates,RH Priest,Asmavia Iqbal,0,0,,,,,,"",""
ball,2,6.6,New Zealand,SW Bates,RH Priest,Asmavia Iqbal,0,0,,,,,,"",""
ball,2,7.1,New Zealand,RH Priest,SW Bates,Aliya Riaz,0,0,,,,,,"",""
ball,2,7.2,New Zealand,RH Priest,SW Bates,Aliya Riaz,0,1,1,,,,,"",""
ball,2,7.3,New Zealand,RH Priest,SW Bates,Aliya Riaz,0,1,1,,,,,"",""
ball,2,7.4,New Zealand,RH Priest,SW Bates,Aliya Riaz,0,0,,,,,,"",""
ball,2,7.5,New Zealand,RH Priest,SW Bates,Aliya Riaz,3,0,,,,,,"",""
ball,2,7.6,New Zealand,SW Bates,RH Priest,Aliya Riaz,1,0,,,,,,"",""
ball,2,7.7,New Zealand,RH Priest,SW Bates,Aliya Riaz,0,0,,,,,,"",""
ball,2,7.8,New Zealand,RH Priest,SW Bates,Aliya Riaz,1,0,,,,,,"",""
ball,2,8.1,New Zealand,RH Priest,SW Bates,Asmavia Iqbal,0,0,,,,,,"",""
ball,2,8.2,New Zealand,RH Priest,SW Bates,Asmavia Iqbal,2,0,,,,,,"",""
ball,2,8.3,New Zealand,RH Priest,SW Bates,Asmavia Iqbal,1,0,,,,,,"",""
ball,2,8.4,New Zealand,SW Bates,RH Priest,Asmavia Iqbal,0,0,,,,,,"",""
ball,2,8.5,New Zealand,SW Bates,RH Priest,Asmavia Iqbal,4,0,,,,,,"",""
ball,2,8.6,New Zealand,SW Bates,RH Priest,Asmavia Iqbal,0,0,,,,,,"",""
ball,2,9.1,New Zealand,RH Priest,SW Bates,Sana Mir,1,0,,,,,,"",""
ball,2,9.2,New Zealand,SW Bates,RH Priest,Sana Mir,0,0,,,,,,"",""
ball,2,9.3,New Zealand,SW Bates,RH Priest,Sana Mir,0,0,,,,,,"",""
ball,2,9.4,New Zealand,SW Bates,RH Priest,Sana Mir,0,0,,,,,,"",""
ball,2,9.5,New Zealand,SW Bates,RH Priest,Sana Mir,0,0,,,,,,"",""
ball,2,9.6,New Zealand,SW Bates,RH Priest,Sana Mir,1,0,,,,,,"",""
ball,2,10.1,New Zealand,SW Bates,RH Priest,Sadia Yousuf,0,0,,,,,,"",""
ball,2,10.2,New Zealand,SW Bates,RH Priest,Sadia Yousuf,0,0,,,,,,"",""
ball,2,10.3,New Zealand,SW Bates,RH Priest,Sadia Yousuf,1,0,,,,,,"",""
ball,2,10.4,New Zealand,RH Priest,SW Bates,Sadia Yousuf,0,0,,,,,,"",""
ball,2,10.5,New Zealand,RH Priest,SW Bates,Sadia Yousuf,0,0,,,,,,"",""
ball,2,10.6,New Zealand,RH Priest,SW Bates,Sadia Yousuf,0,0,,,,,,"",""
ball,2,11.1,New Zealand,SW Bates,RH Priest,Sana Mir,0,0,,,,,,"",""
ball,2,11.2,New Zealand,SW Bates,RH Priest,Sana Mir,1,0,,,,,,"",""
ball,2,11.3,New Zealand,RH Priest,SW Bates,Sana Mir,4,0,,,,,,"",""
ball,2,11.4,New Zealand,RH Priest,SW Bates,Sana Mir,1,0,,,,,,"",""
ball,2,11.5,New Zealand,SW Bates,RH Priest,Sana Mir,1,0,,,,,,"",""
ball,2,11.6,New Zealand,RH Priest,SW Bates,Sana Mir,0,0,,,,,,"",""
ball,2,12.1,New Zealand,SW Bates,RH Priest,Sadia Yousuf,2,0,,,,,,"",""
ball,2,12.2,New Zealand,SW Bates,RH Priest,Sadia Yousuf,0,0,,,,,,"",""
ball,2,12.3,New Zealand,SW Bates,RH Priest,Sadia Yousuf,1,0,,,,,,"",""
ball,2,12.4,New Zealand,RH Priest,SW Bates,Sadia Yousuf,1,0,,,,,,"",""
ball,2,12.5,New Zealand,SW Bates,RH Priest,Sadia Yousuf,1,0,,,,,,"",""
ball,2,12.6,New Zealand,RH Priest,SW Bates,Sadia Yousuf,0,0,,,,,,"",""
ball,2,13.1,New Zealand,SW Bates,RH Priest,Sana Mir,1,0,,,,,,"",""
ball,2,13.2,New Zealand,RH Priest,SW Bates,Sana Mir,0,0,,,,,,"",""
ball,2,13.3,New Zealand,RH Priest,SW Bates,Sana Mir,0,0,,,,,,"",""
ball,2,13.4,New Zealand,RH Priest,SW Bates,Sana Mir,0,0,,,,,,caught,RH Priest
ball,2,13.5,New Zealand,AE Satterthwaite,SW Bates,Sana Mir,0,0,,,,,,"",""
ball,2,13.6,New Zealand,AE Satterthwaite,SW Bates,Sana Mir,0,0,,,,,,"",""
ball,2,14.1,New Zealand,SW Bates,AE Satterthwaite,Sadia Yousuf,1,0,,,,,,"",""
ball,2,14.2,New Zealand,AE Satterthwaite,SW Bates,Sadia Yousuf,0,0,,,,,,"",""
ball,2,14.3,New Zealand,AE Satterthwaite,SW Bates,Sadia Yousuf,0,0,,,,,,"",""
ball,2,14.4,New Zealand,AE Satterthwaite,SW Bates,Sadia Yousuf,1,0,,,,,,"",""
ball,2,14.5,New Zealand,SW Bates,AE Satterthwaite,Sadia Yousuf,1,0,,,,,,"",""
ball,2,14.6,New Zealand,AE Satterthwaite,SW Bates,Sadia Yousuf,1,0,,,,,,"",""
ball,2,15.1,New Zealand,AE Satterthwaite,SW Bates,Sana Mir,0,0,,,,,,"",""
ball,2,15.2,New Zealand,AE Satterthwaite,SW Bates,Sana Mir,1,0,,,,,,"",""
ball,2,15.3,New Zealand,SW Bates,AE Satterthwaite,Sana Mir,1,0,,,,,,"",""
ball,2,15.4,New Zealand,AE Satterthwaite,SW Bates,Sana Mir,0,0,,,,,,"",""
ball,2,15.5,New Zealand,AE Satterthwaite,SW Bates,Sana Mir,0,0,,,,,,"",""
ball,2,15.6,New Zealand,AE Satterthwaite,SW Bates,Sana Mir,2,0,,,,,,"",""
ball,2,16.1,New Zealand,SW Bates,AE Satterthwaite,Sadia Yousuf,1,0,,,,,,"",""
ball,2,16.2,New Zealand,AE Satterthwaite,SW Bates,Sadia Yousuf,0,0,,,,,,"",""
ball,2,16.3,New Zealand,AE Satterthwaite,SW Bates,Sadia Yousuf,1,0,,,,,,"",""
ball,2,16.4,New Zealand,SW Bates,AE Satterthwaite,Sadia Yousuf,1,0,,,,,,"",""
ball,2,16.5,New Zealand,AE Satterthwaite,SW Bates,Sadia Yousuf,0,0,,,,,,"",""
ball,2,16.6,New Zealand,AE Satterthwaite,SW Bates,Sadia Yousuf,1,0,,,,,,"",""
ball,2,17.1,New Zealand,AE Satterthwaite,SW Bates,Sana Mir,1,0,,,,,,"",""
ball,2,17.2,New Zealand,SW Bates,AE Satterthwaite,Sana Mir,0,0,,,,,,"",""
ball,2,17.3,New Zealand,SW Bates,AE Satterthwaite,Sana Mir,1,0,,,,,,"",""
ball,2,17.4,New Zealand,AE Satterthwaite,SW Bates,Sana Mir,1,0,,,,,,"",""
ball,2,17.5,New Zealand,SW Bates,AE Satterthwaite,Sana Mir,1,0,,,,,,"",""
ball,2,17.6,New Zealand,AE Satterthwaite,SW Bates,Sana Mir,0,0,,,,,,"",""
ball,2,18.1,New Zealand,SW Bates,AE Satterthwaite,Sadia Yousuf,1,0,,,,,,"",""
ball,2,18.2,New Zealand,AE Satterthwaite,SW Bates,Sadia Yousuf,1,0,,,,,,"",""
ball,2,18.3,New Zealand,SW Bates,AE Satterthwaite,Sadia Yousuf,0,0,,,,,,"",""
ball,2,18.4,New Zealand,SW Bates,AE Satterthwaite,Sadia Yousuf,1,0,,,,,,"",""
ball,2,18.5,New Zealand,AE Satterthwaite,SW Bates,Sadia Yousuf,2,0,,,,,,"",""
ball,2,18.6,New Zealand,AE Satterthwaite,SW Bates,Sadia Yousuf,0,0,,,,,,"",""
ball,2,19.1,New Zealand,SW Bates,AE Satterthwaite,Nida Dar,1,0,,,,,,"",""
ball,2,19.2,New Zealand,AE Satterthwaite,SW Bates,Nida Dar,0,0,,,,,,"",""
ball,2,19.3,New Zealand,AE Satterthwaite,SW Bates,Nida Dar,0,0,,,,,,"",""
ball,2,19.4,New Zealand,AE Satterthwaite,SW Bates,Nida Dar,1,0,,,,,,"",""
ball,2,19.5,New Zealand,SW Bates,AE Satterthwaite,Nida Dar,0,0,,,,,,"",""
ball,2,19.6,New Zealand,SW Bates,AE Satterthwaite,Nida Dar,1,0,,,,,,"",""
ball,2,20.1,New Zealand,SW Bates,AE Satterthwaite,Javeria Khan,0,0,,,,,,"",""
ball,2,20.2,New Zealand,SW Bates,AE Satterthwaite,Javeria Khan,1,0,,,,,,"",""
ball,2,20.3,New Zealand,AE Satterthwaite,SW Bates,Javeria Khan,1,0,,,,,,"",""
ball,2,20.4,New Zealand,SW Bates,AE Satterthwaite,Javeria Khan,2,0,,,,,,"",""
ball,2,20.5,New Zealand,SW Bates,AE Satterthwaite,Javeria Khan,1,0,,,,,,"",""
ball,2,20.6,New Zealand,AE Satterthwaite,SW Bates,Javeria Khan,1,0,,,,,,"",""
ball,2,21.1,New Zealand,AE Satterthwaite,SW Bates,Nida Dar,1,0,,,,,,"",""
ball,2,21.2,New Zealand,SW Bates,AE Satterthwaite,Nida Dar,1,0,,,,,,"",""
ball,2,21.3,New Zealand,AE Satterthwaite,SW Bates,Nida Dar,0,0,,,,,,"",""
ball,2,21.4,New Zealand,AE Satterthwaite,SW Bates,Nida Dar,4,0,,,,,,"",""
ball,2,21.5,New Zealand,AE Satterthwaite,SW Bates,Nida Dar,1,0,,,,,,"",""
ball,2,21.6,New Zealand,SW Bates,AE Satterthwaite,Nida Dar,2,0,,,,,,"",""
ball,2,22.1,New Zealand,AE Satterthwaite,SW Bates,Bismah Maroof,0,0,,,,,,"",""
ball,2,22.2,New Zealand,AE Satterthwaite,SW Bates,Bismah Maroof,1,0,,,,,,"",""
ball,2,22.3,New Zealand,SW Bates,AE Satterthwaite,Bismah Maroof,1,0,,,,,,"",""
ball,2,22.4,New Zealand,AE Satterthwaite,SW Bates,Bismah Maroof,1,0,,,,,,"",""
ball,2,22.5,New Zealand,SW Bates,AE Satterthwaite,Bismah Maroof,4,0,,,,,,"",""
ball,2,22.6,New Zealand,SW Bates,AE Satterthwaite,Bismah Maroof,0,0,,,,,,"",""
ball,2,23.1,New Zealand,AE Satterthwaite,SW Bates,Nida Dar,1,0,,,,,,"",""
ball,2,23.2,New Zealand,SW Bates,AE Satterthwaite,Nida Dar,1,0,,,,,,"",""
ball,2,23.3,New Zealand,AE Satterthwaite,SW Bates,Nida Dar,4,0,,,,,,"",""
ball,2,23.4,New Zealand,AE Satterthwaite,SW Bates,Nida Dar,4,0,,,,,,"",""
ball,2,23.5,New Zealand,AE Satterthwaite,SW Bates,Nida Dar,0,0,,,,,,"",""
ball,2,23.6,New Zealand,AE Satterthwaite,SW Bates,Nida Dar,1,0,,,,,,"",""
ball,2,24.1,New Zealand,AE Satterthwaite,SW Bates,Asmavia Iqbal,1,0,,,,,,"",""
ball,2,24.2,New Zealand,SW Bates,AE Satterthwaite,Asmavia Iqbal,1,0,,,,,,"",""
ball,2,24.3,New Zealand,AE Satterthwaite,SW Bates,Asmavia Iqbal,1,0,,,,,,"",""
ball,2,24.4,New Zealand,SW Bates,AE Satterthwaite,Asmavia Iqbal,1,0,,,,,,"",""
ball,2,24.5,New Zealand,AE Satterthwaite,SW Bates,Asmavia Iqbal,4,0,,,,,,"",""
ball,2,24.6,New Zealand,AE Satterthwaite,SW Bates,Asmavia Iqbal,1,0,,,,,,"",""
ball,2,25.1,New Zealand,AE Satterthwaite,SW Bates,Sana Mir,0,0,,,,,,"",""
ball,2,25.2,New Zealand,AE Satterthwaite,SW Bates,Sana Mir,4,0,,,,,,"",""
ball,2,25.3,New Zealand,AE Satterthwaite,SW Bates,Sana Mir,1,0,,,,,,"",""
ball,2,25.4,New Zealand,SW Bates,AE Satterthwaite,Sana Mir,1,0,,,,,,"",""
ball,2,25.5,New Zealand,AE Satterthwaite,SW Bates,Sana Mir,0,0,,,,,,"",""
ball,2,25.6,New Zealand,AE Satterthwaite,SW Bates,Sana Mir,4,0,,,,,,"",""
ball,2,26.1,New Zealand,SW Bates,AE Satterthwaite,Asmavia Iqbal,0,0,,,,,,"",""
ball,2,26.2,New Zealand,SW Bates,AE Satterthwaite,Asmavia Iqbal,1,0,,,,,,"",""
ball,2,26.3,New Zealand,AE Satterthwaite,SW Bates,Asmavia Iqbal,1,0,,,,,,"",""
ball,2,26.4,New Zealand,SW Bates,AE Satterthwaite,Asmavia Iqbal,1,0,,,,,,"",""
ball,2,26.5,New Zealand,AE Satterthwaite,SW Bates,Asmavia Iqbal,0,0,,,,,,"",""
ball,2,26.6,New Zealand,AE Satterthwaite,SW Bates,Asmavia Iqbal,2,0,,,,,,"",""
ball,2,27.1,New Zealand,SW Bates,AE Satterthwaite,Sadia Yousuf,0,0,,,,,,"",""
ball,2,27.2,New Zealand,SW Bates,AE Satterthwaite,Sadia Yousuf,1,0,,,,,,"",""
ball,2,27.3,New Zealand,AE Satterthwaite,SW Bates,Sadia Yousuf,1,0,,,,,,"",""
ball,2,27.4,New Zealand,SW Bates,AE Satterthwaite,Sadia Yousuf,1,0,,,,,,"",""
ball,2,27.5,New Zealand,AE Satterthwaite,SW Bates,Sadia Yousuf,1,0,,,,,,"",""
ball,2,27.6,New Zealand,SW Bates,AE Satterthwaite,Sadia Yousuf,1,0,,,,,,"",""
ball,2,28.1,New Zealand,SW Bates,AE Satterthwaite,Nida Dar,1,0,,,,,,"",""
ball,2,28.2,New Zealand,AE Satterthwaite,SW Bates,Nida Dar,0,0,,,,,,"",""
ball,2,28.3,New Zealand,AE Satterthwaite,SW Bates,Nida Dar,1,0,,,,,,"",""
ball,2,28.4,New Zealand,SW Bates,AE Satterthwaite,Nida Dar,1,0,,,,,,"",""
ball,2,28.5,New Zealand,AE Satterthwaite,SW Bates,Nida Dar,0,0,,,,,,"",""
ball,2,28.6,New Zealand,AE Satterthwaite,SW Bates,Nida Dar,1,0,,,,,,"",""
ball,2,29.1,New Zealand,AE Satterthwaite,SW Bates,Sadia Yousuf,2,0,,,,,,"",""
ball,2,29.2,New Zealand,AE Satterthwaite,SW Bates,Sadia Yousuf,2,0,,,,,,"",""
ball,2,29.3,New Zealand,AE Satterthwaite,SW Bates,Sadia Yousuf,0,0,,,,,,"",""
ball,2,29.4,New Zealand,AE Satterthwaite,SW Bates,Sadia Yousuf,2,0,,,,,,"",""
ball,2,29.5,New Zealand,AE Satterthwaite,SW Bates,Sadia Yousuf,1,0,,,,,,"",""
ball,2,29.6,New Zealand,SW Bates,AE Satterthwaite,Sadia Yousuf,4,0,,,,,,"",""
ball,2,30.1,New Zealand,AE Satterthwaite,SW Bates,Sana Mir,1,0,,,,,,"",""
ball,2,30.2,New Zealand,SW Bates,AE Satterthwaite,Sana Mir,0,0,,,,,,caught,SW Bates
ball,2,30.3,New Zealand,KJ Martin,AE Satterthwaite,Sana Mir,0,0,,,,,,"",""
ball,2,30.4,New Zealand,KJ Martin,AE Satterthwaite,Sana Mir,1,0,,,,,,"",""
ball,2,30.5,New Zealand,AE Satterthwaite,KJ Martin,Sana Mir,1,0,,,,,,"",""
ball,2,30.6,New Zealand,KJ Martin,AE Satterthwaite,Sana Mir,1,0,,,,,,"",""
ball,2,31.1,New Zealand,KJ Martin,AE Satterthwaite,Sadia Yousuf,3,0,,,,,,"",""
ball,2,31.2,New Zealand,AE Satterthwaite,KJ Martin,Sadia Yousuf,1,0,,,,,,"",""
ball,2,31.3,New Zealand,KJ Martin,AE Satterthwaite,Sadia Yousuf,1,0,,,,,,"",""
ball,2,31.4,New Zealand,AE Satterthwaite,KJ Martin,Sadia Yousuf,0,1,1,,,,,"",""
ball,2,31.5,New Zealand,AE Satterthwaite,KJ Martin,Sadia Yousuf,0,0,,,,,,"",""
ball,2,31.6,New Zealand,AE Satterthwaite,KJ Martin,Sadia Yousuf,1,0,,,,,,"",""
ball,2,31.7,New Zealand,KJ Martin,AE Satterthwaite,Sadia Yousuf,1,0,,,,,,"",""
ball,2,32.1,New Zealand,KJ Martin,AE Satterthwaite,Nida Dar,0,1,1,,,,,"",""
ball,2,32.2,New Zealand,KJ Martin,AE Satterthwaite,Nida Dar,4,0,,,,,,"",""
ball,2,32.3,New Zealand,KJ Martin,AE Satterthwaite,Nida Dar,1,0,,,,,,"",""
ball,2,32.4,New Zealand,AE Satterthwaite,KJ Martin,Nida Dar,1,0,,,,,,"",""
ball,2,32.5,New Zealand,KJ Martin,AE Satterthwaite,Nida Dar,1,0,,,,,,"",""
ball,2,32.6,New Zealand,AE Satterthwaite,KJ Martin,Nida Dar,1,0,,,,,,"",""
ball,2,32.7,New Zealand,KJ Martin,AE Satterthwaite,Nida Dar,0,0,,,,,,"",""
ball,2,33.1,New Zealand,AE Satterthwaite,KJ Martin,Sana Mir,1,0,,,,,,"",""
ball,2,33.2,New Zealand,KJ Martin,AE Satterthwaite,Sana Mir,0,0,,,,,,"",""
ball,2,33.3,New Zealand,KJ Martin,AE Satterthwaite,Sana Mir,0,0,,,,,,"",""
ball,2,33.4,New Zealand,KJ Martin,AE Satterthwaite,Sana Mir,0,0,,,,,,"",""
ball,2,33.5,New Zealand,KJ Martin,AE Satterthwaite,Sana Mir,1,0,,,,,,"",""
ball,2,33.6,New Zealand,AE Satterthwaite,KJ Martin,Sana Mir,1,0,,,,,,"",""
ball,2,34.1,New Zealand,AE Satterthwaite,KJ Martin,Nida Dar,2,0,,,,,,"",""
ball,2,34.2,New Zealand,AE Satterthwaite,KJ Martin,Nida Dar,0,0,,,,,,"",""
ball,2,34.3,New Zealand,AE Satterthwaite,KJ Martin,Nida Dar,0,0,,,,,,"",""
ball,2,34.4,New Zealand,AE Satterthwaite,KJ Martin,Nida Dar,1,0,,,,,,"",""
ball,2,34.5,New Zealand,KJ Martin,AE Satterthwaite,Nida Dar,2,0,,,,,,"",""
ball,2,34.6,New Zealand,KJ Martin,AE Satterthwaite,Nida Dar,0,0,,,,,,"",""
ball,2,35.1,New Zealand,AE Satterthwaite,KJ Martin,Aliya Riaz,1,0,,,,,,"",""
ball,2,35.2,New Zealand,KJ Martin,AE Satterthwaite,Aliya Riaz,2,0,,,,,,"",""
ball,2,35.3,New Zealand,KJ Martin,AE Satterthwaite,Aliya Riaz,0,0,,,,,,"",""
ball,2,35.4,New Zealand,KJ Martin,AE Satterthwaite,Aliya Riaz,1,0,,,,,,"",""
ball,2,35.5,New Zealand,AE Satterthwaite,KJ Martin,Aliya Riaz,3,0,,,,,,"",""
ball,2,35.6,New Zealand,KJ Martin,AE Satterthwaite,Aliya Riaz,4,0,,,,,,"",""
ball,2,36.1,New Zealand,AE Satterthwaite,KJ Martin,Nida Dar,1,0,,,,,,"",""
ball,2,36.2,New Zealand,KJ Martin,AE Satterthwaite,Nida Dar,1,0,,,,,,"",""
ball,2,36.3,New Zealand,AE Satterthwaite,KJ Martin,Nida Dar,1,0,,,,,,"",""
ball,2,36.4,New Zealand,KJ Martin,AE Satterthwaite,Nida Dar,4,0,,,,,,"",""
ball,2,36.5,New Zealand,KJ Martin,AE Satterthwaite,Nida Dar,0,0,,,,,,"",""
ball,2,36.6,New Zealand,KJ Martin,AE Satterthwaite,Nida Dar,4,0,,,,,,"",""
ball,2,37.1,New Zealand,AE Satterthwaite,KJ Martin,Sadia Yousuf,1,0,,,,,,"",""
ball,2,37.2,New Zealand,KJ Martin,AE Satterthwaite,Sadia Yousuf,1,0,,,,,,"",""
ball,2,37.3,New Zealand,AE Satterthwaite,KJ Martin,Sadia Yousuf,2,0,,,,,,"",""
ball,2,37.4,New Zealand,AE Satterthwaite,KJ Martin,Sadia Yousuf,1,0,,,,,,"",""
ball,2,37.5,New Zealand,KJ Martin,AE Satterthwaite,Sadia Yousuf,1,0,,,,,,"",""
ball,2,37.6,New Zealand,AE Satterthwaite,KJ Martin,Sadia Yousuf,1,0,,,,,,"",""
ball,2,38.1,New Zealand,AE Satterthwaite,KJ Martin,Asmavia Iqbal,1,0,,,,,,"",""
ball,2,38.2,New Zealand,KJ Martin,AE Satterthwaite,Asmavia Iqbal,1,0,,,,,,"",""
ball,2,38.3,New Zealand,AE Satterthwaite,KJ Martin,Asmavia Iqbal,4,0,,,,,,"",""
ball,2,38.4,New Zealand,AE Satterthwaite,KJ Martin,Asmavia Iqbal,1,0,,,,,,"",""
ball,2,38.5,New Zealand,KJ Martin,AE Satterthwaite,Asmavia Iqbal,1,0,,,,,,"",""
ball,2,38.6,New Zealand,AE Satterthwaite,KJ Martin,Asmavia Iqbal,4,0,,,,,,"",""
ball,2,39.1,New Zealand,KJ Martin,AE Satterthwaite,Sana Mir,0,0,,,,,,"",""
ball,2,39.2,New Zealand,KJ Martin,AE Satterthwaite,Sana Mir,0,0,,,,,,"",""
ball,2,39.3,New Zealand,KJ Martin,AE Satterthwaite,Sana Mir,0,1,1,,,,,"",""
ball,2,39.4,New Zealand,KJ Martin,AE Satterthwaite,Sana Mir,0,0,,,,,,"",""
ball,2,39.5,New Zealand,KJ Martin,AE Satterthwaite,Sana Mir,1,0,,,,,,"",""
ball,2,39.6,New Zealand,AE Satterthwaite,KJ Martin,Sana Mir,1,0,,,,,,"",""
ball,2,39.7,New Zealand,KJ Martin,AE Satterthwaite,Sana Mir,1,0,,,,,,"",""
ball,2,40.1,New Zealand,KJ Martin,AE Satterthwaite,Sadia Yousuf,1,0,,,,,,"",""
ball,2,40.2,New Zealand,AE Satterthwaite,KJ Martin,Sadia Yousuf,0,0,,,,,,"",""
ball,2,40.3,New Zealand,AE Satterthwaite,KJ Martin,Sadia Yousuf,0,0,,,,,,"",""
ball,2,40.4,New Zealand,AE Satterthwaite,KJ Martin,Sadia Yousuf,1,0,,,,,,"",""
ball,2,40.5,New Zealand,KJ Martin,AE Satterthwaite,Sadia Yousuf,4,0,,,,,,"",""
ball,2,40.6,New Zealand,KJ Martin,AE Satterthwaite,Sadia Yousuf,0,0,,,,,,"",""
ball,2,41.1,New Zealand,AE Satterthwaite,KJ Martin,Sana Mir,1,0,,,,,,"",""
ball,2,41.2,New Zealand,KJ Martin,AE Satterthwaite,Sana Mir,0,0,,,,,,"",""
ball,2,41.3,New Zealand,KJ Martin,AE Satterthwaite,Sana Mir,1,0,,,,,,"",""
ball,2,41.4,New Zealand,AE Satterthwaite,KJ Martin,Sana Mir,1,0,,,,,,"",""
ball,2,41.5,New Zealand,KJ Martin,AE Satterthwaite,Sana Mir,0,0,,,,,,"",""
ball,2,41.6,New Zealand,KJ Martin,AE Satterthwaite,Sana Mir,1,0,,,,,,"",""
ball,2,42.1,New Zealand,KJ Martin,AE Satterthwaite,Asmavia Iqbal,0,0,,,,,,"",""
ball,2,42.2,New Zealand,KJ Martin,AE Satterthwaite,Asmavia Iqbal,2,0,,,,,,"",""
ball,2,42.3,New Zealand,KJ Martin,AE Satterthwaite,Asmavia Iqbal,0,1,1,,,,,"",""
ball,2,42.4,New Zealand,KJ Martin,AE Satterthwaite,Asmavia Iqbal,1,0,,,,,,"",""
ball,2,42.5,New Zealand,AE Satterthwaite,KJ Martin,Asmavia Iqbal,0,0,,,,,,"",""
ball,2,42.6,New Zealand,AE Satterthwaite,KJ Martin,Asmavia Iqbal,0,0,,,,,,"",""
ball,2,42.7,New Zealand,AE Satterthwaite,KJ Martin,Asmavia Iqbal,2,0,,,,,,"",""
ball,2,43.1,New Zealand,KJ Martin,AE Satterthwaite,Nida Dar,1,0,,,,,,"",""
ball,2,43.2,New Zealand,AE Satterthwaite,KJ Martin,Nida Dar,0,0,,,,,,"",""
ball,2,43.3,New Zealand,AE Satterthwaite,KJ Martin,Nida Dar,1,0,,,,,,"",""
ball,2,43.4,New Zealand,KJ Martin,AE Satterthwaite,Nida Dar,1,0,,,,,,"",""
ball,2,43.5,New Zealand,AE Satterthwaite,KJ Martin,Nida Dar,4,0,,,,,,"",""
ball,2,43.6,New Zealand,AE Satterthwaite,KJ Martin,Nida Dar,1,0,,,,,,"",""
ball,2,44.1,New Zealand,AE Satterthwaite,KJ Martin,Asmavia Iqbal,4,0,,,,,,"",""
ball,2,44.2,New Zealand,AE Satterthwaite,KJ Martin,Asmavia Iqbal,4,0,,,,,,"",""
