version,1.6.0
info,balls_per_over,6
info,team,Pakistan
info,team,West Indies
info,gender,male
info,season,2016/17
info,date,2016/09/30
info,event,Pakistan v West Indies ODI Series
info,match_number,1
info,venue,Sharjah Cricket Stadium
info,city,
info,neutralvenue,true
info,toss_winner,West Indies
info,toss_decision,field
info,player_of_match,Babar Azam
info,umpire,Ahsan Raza
info,umpire,RSA Palliyaguruge
info,reserve_umpire,Shozab Raza
info,tv_umpire,S Ravi
info,match_referee,AJ Pycroft
info,winner,Pakistan
info,winner_runs,111
info,method,D/L
info,player,Pakistan,Azhar Ali
info,player,Pakistan,Sharjeel Khan
info,player,Pakistan,Babar Azam
info,player,Pakistan,Shoaib Malik
info,player,Pakistan,Sarfraz Ahmed
info,player,Pakistan,Mohammad Rizwan
info,player,Pakistan,Imad Wasim
info,player,Pakistan,Mohammad Nawaz (3)
info,player,Pakistan,Wahab Riaz
info,player,Pakistan,Mohammad Amir
info,player,Pakistan,Hasan Ali
info,player,West Indies,J Charles
info,player,West Indies,KC Brathwaite
info,player,West Indies,DM Bravo
info,player,West Indies,MN Samuels
info,player,West Indies,D Ramdin
info,player,West Indies,KA Pollard
info,player,West Indies,JO Holder
info,player,West Indies,CR Brathwaite
info,player,West Indies,SP Narine
info,player,West Indies,SJ Benn
info,player,West Indies,ST Gabriel
info,registry,people,AJ Pycroft,685d3f80
info,registry,people,Ahsan Raza,e0e5b209
info,registry,people,Azhar Ali,211de69f
info,registry,people,Babar Azam,8a75e999
info,registry,people,CR Brathwaite,e342e5fb
info,registry,people,D Ramdin,d1523761
info,registry,people,DM Bravo,14b14cd8
info,registry,people,Hasan Ali,2911de16
info,registry,people,Imad Wasim,9cb8d7a6
info,registry,people,J Charles,09a9d073
info,registry,people,JO Holder,0f721006
info,registry,people,KA Pollard,a757b0d8
info,registry,people,KC Brathwaite,7d5af2ea
info,registry,people,MN Samuels,f846de6a
info,registry,people,Mohammad Amir,e174dadd
info,registry,people,Mohammad Nawaz (3),3086f7a4
info,registry,people,Mohammad Rizwan,2f26ac1a
info,registry,people,RSA Palliyaguruge,4339c19d
info,registry,people,S Ravi,9b9ee0df
info,registry,people,SJ Benn,364ee2cf
info,registry,people,SP Narine,9d430b40
info,registry,people,ST Gabriel,d9609443
info,registry,people,Sarfraz Ahmed,2254ab79
info,registry,people,Sharjeel Khan,193ef196
info,registry,people,Shoaib Malik,64c34cd0
info,registry,people,Shozab Raza,153c67dc
info,registry,people,Wahab Riaz,b3118300
ball,1,0.1,Pakistan,Azhar Ali,Sharjeel Khan,ST Gabriel,0,0,,,,,,caught,Azhar Ali
ball,1,0.2,Pakistan,Babar Azam,Sharjeel Khan,ST Gabriel,0,0,,,,,,"",""
ball,1,0.3,Pakistan,Babar Azam,Sharjeel Khan,ST Gabriel,1,0,,,,,,"",""
ball,1,0.4,Pakistan,Sharjeel Khan,Babar Azam,ST Gabriel,0,0,,,,,,"",""
ball,1,0.5,Pakistan,Sharjeel Khan,Babar Azam,ST Gabriel,0,1,1,,,,,"",""
ball,1,0.6,Pakistan,Sharjeel Khan,Babar Azam,ST Gabriel,1,0,,,,,,"",""
ball,1,0.7,Pakistan,Babar Azam,Sharjeel Khan,ST Gabriel,0,0,,,,,,"",""
ball,1,1.1,Pakistan,Sharjeel Khan,Babar Azam,JO Holder,0,0,,,,,,"",""
ball,1,1.2,Pakistan,Sharjeel Khan,Babar Azam,JO Holder,0,0,,,,,,"",""
ball,1,1.3,Pakistan,Sharjeel Khan,Babar Azam,JO Holder,4,0,,,,,,"",""
ball,1,1.4,Pakistan,Sharjeel Khan,Babar Azam,JO Holder,0,0,,,,,,"",""
ball,1,1.5,Pakistan,Sharjeel Khan,Babar Azam,JO Holder,0,0,,,,,,"",""
ball,1,1.6,Pakistan,Sharjeel Khan,Babar Azam,JO Holder,0,0,,,,,,"",""
ball,1,2.1,Pakistan,Babar Azam,Sharjeel Khan,ST Gabriel,0,0,,,,,,"",""
ball,1,2.2,Pakistan,Babar Azam,Sharjeel Khan,ST Gabriel,0,0,,,,,,"",""
ball,1,2.3,Pakistan,Babar Azam,Sharjeel Khan,ST Gabriel,0,0,,,,,,"",""
ball,1,2.4,Pakistan,Babar Azam,Sharjeel Khan,ST Gabriel,0,0,,,,,,"",""
ball,1,2.5,Pakistan,Babar Azam,Sharjeel Khan,ST Gabriel,1,0,,,,,,"",""
ball,1,2.6,Pakistan,Sharjeel Khan,Babar Azam,ST Gabriel,0,0,,,,,,"",""
ball,1,3.1,Pakistan,Babar Azam,Sharjeel Khan,JO Holder,0,0,,,,,,"",""
ball,1,3.2,Pakistan,Babar Azam,Sharjeel Khan,JO Holder,0,0,,,,,,"",""
ball,1,3.3,Pakistan,Babar Azam,Sharjeel Khan,JO Holder,2,0,,,,,,"",""
ball,1,3.4,Pakistan,Babar Azam,Sharjeel Khan,JO Holder,0,0,,,,,,"",""
ball,1,3.5,Pakistan,Babar Azam,Sharjeel Khan,JO Holder,0,0,,,,,,"",""
ball,1,3.6,Pakistan,Babar Azam,Sharjeel Khan,JO Holder,0,0,,,,,,"",""
ball,1,4.1,Pakistan,Sharjeel Khan,Babar Azam,ST Gabriel,0,0,,,,,,"",""
ball,1,4.2,Pakistan,Sharjeel Khan,Babar Azam,ST Gabriel,0,0,,,,,,"",""
ball,1,4.3,Pakistan,Sharjeel Khan,Babar Azam,ST Gabriel,0,0,,,,,,"",""
ball,1,4.4,Pakistan,Sharjeel Khan,Babar Azam,ST Gabriel,4,0,,,,,,"",""
ball,1,4.5,Pakistan,Sharjeel Khan,Babar Azam,ST Gabriel,2,0,,,,,,"",""
ball,1,4.6,Pakistan,Sharjeel Khan,Babar Azam,ST Gabriel,4,0,,,,,,"",""
ball,1,5.1,Pakistan,Babar Azam,Sharjeel Khan,JO Holder,0,0,,,,,,"",""
ball,1,5.2,Pakistan,Babar Azam,Sharjeel Khan,JO Holder,0,0,,,,,,"",""
ball,1,5.3,Pakistan,Babar Azam,Sharjeel Khan,JO Holder,2,0,,,,,,"",""
ball,1,5.4,Pakistan,Babar Azam,Sharjeel Khan,JO Holder,2,0,,,,,,"",""
ball,1,5.5,Pakistan,Babar Azam,Sharjeel Khan,JO Holder,1,0,,,,,,"",""
ball,1,5.6,Pakistan,Sharjeel Khan,Babar Azam,JO Holder,0,0,,,,,,"",""
ball,1,6.1,Pakistan,Babar Azam,Sharjeel Khan,CR Brathwaite,0,0,,,,,,"",""
ball,1,6.2,Pakistan,Babar Azam,Sharjeel Khan,CR Brathwaite,1,0,,,,,,"",""
ball,1,6.3,Pakistan,Sharjeel Khan,Babar Azam,CR Brathwaite,4,0,,,,,,"",""
ball,1,6.4,Pakistan,Sharjeel Khan,Babar Azam,CR Brathwaite,1,0,,,,,,"",""
ball,1,6.5,Pakistan,Babar Azam,Sharjeel Khan,CR Brathwaite,0,0,,,,,,"",""
ball,1,6.6,Pakistan,Babar Azam,Sharjeel Khan,CR Brathwaite,4,0,,,,,,"",""
ball,1,7.1,Pakistan,Sharjeel Khan,Babar Azam,JO Holder,0,0,,,,,,"",""
ball,1,7.2,Pakistan,Sharjeel Khan,Babar Azam,JO Holder,0,0,,,,,,"",""
ball,1,7.3,Pakistan,Sharjeel Khan,Babar Azam,JO Holder,0,0,,,,,,"",""
ball,1,7.4,Pakistan,Sharjeel Khan,Babar Azam,JO Holder,1,0,,,,,,"",""
ball,1,7.5,Pakistan,Babar Azam,Sharjeel Khan,JO Holder,0,0,,,,,,"",""
ball,1,7.6,Pakistan,Babar Azam,Sharjeel Khan,JO Holder,0,0,,,,,,"",""
ball,1,8.1,Pakistan,Sharjeel Khan,Babar Azam,CR Brathwaite,0,0,,,,,,"",""
ball,1,8.2,Pakistan,Sharjeel Khan,Babar Azam,CR Brathwaite,0,0,,,,,,"",""
ball,1,8.3,Pakistan,Sharjeel Khan,Babar Azam,CR Brathwaite,4,0,,,,,,"",""
ball,1,8.4,Pakistan,Sharjeel Khan,Babar Azam,CR Brathwaite,0,0,,,,,,"",""
ball,1,8.5,Pakistan,Sharjeel Khan,Babar Azam,CR Brathwaite,2,0,,,,,,"",""
ball,1,8.6,Pakistan,Sharjeel Khan,Babar Azam,CR Brathwaite,6,0,,,,,,"",""
ball,1,9.1,Pakistan,Babar Azam,Sharjeel Khan,JO Holder,1,0,,,,,,"",""
ball,1,9.2,Pakistan,Sharjeel Khan,Babar Azam,JO Holder,4,0,,,,,,"",""
ball,1,9.3,Pakistan,Sharjeel Khan,Babar Azam,JO Holder,0,0,,,,,,"",""
ball,1,9.4,Pakistan,Sharjeel Khan,Babar Azam,JO Holder,6,0,,,,,,"",""
ball,1,9.5,Pakistan,Sharjeel Khan,Babar Azam,JO Holder,0,0,,,,,,"",""
ball,1,9.6,Pakistan,Sharjeel Khan,Babar Azam,JO Holder,1,0,,,,,,"",""
ball,1,10.1,Pakistan,Sharjeel Khan,Babar Azam,SJ Benn,1,0,,,,,,"",""
ball,1,10.2,Pakistan,Babar Azam,Sharjeel Khan,SJ Benn,1,0,,,,,,"",""
ball,1,10.3,Pakistan,Sharjeel Khan,Babar Azam,SJ Benn,1,0,,,,,,"",""
ball,1,10.4,Pakistan,Babar Azam,Sharjeel Khan,SJ Benn,2,0,,,,,,"",""
ball,1,10.5,Pakistan,Babar Azam,Sharjeel Khan,SJ Benn,1,0,,,,,,"",""
ball,1,10.6,Pakistan,Sharjeel Khan,Babar Azam,SJ Benn,0,0,,,,,,"",""
ball,1,11.1,Pakistan,Babar Azam,Sharjeel Khan,SP Narine,0,0,,,,,,"",""
ball,1,11.2,Pakistan,Babar Azam,Sharjeel Khan,SP Narine,0,0,,,,,,"",""
ball,1,11.3,Pakistan,Babar Azam,Sharjeel Khan,SP Narine,0,0,,,,,,"",""
ball,1,11.4,Pakistan,Babar Azam,Sharjeel Khan,SP Narine,2,0,,,,,,"",""
ball,1,11.5,Pakistan,Babar Azam,Sharjeel Khan,SP Narine,0,0,,,,,,"",""
ball,1,11.6,Pakistan,Babar Azam,Sharjeel Khan,SP Narine,1,0,,,,,,"",""
ball,1,12.1,Pakistan,Babar Azam,Sharjeel Khan,SJ Benn,0,0,,,,,,"",""
ball,1,12.2,Pakistan,Babar Azam,Sharjeel Khan,SJ Benn,0,0,,,,,,"",""
ball,1,12.3,Pakistan,Babar Azam,Sharjeel Khan,SJ Benn,1,0,,,,,,"",""
ball,1,12.4,Pakistan,Sharjeel Khan,Babar Azam,SJ Benn,0,0,,,,,,"",""
ball,1,12.5,Pakistan,Sharjeel Khan,Babar Azam,SJ Benn,1,0,,,,,,"",""
ball,1,12.6,Pakistan,Babar Azam,Sharjeel Khan,SJ Benn,1,0,,,,,,"",""
ball,1,13.1,Pakistan,Babar Azam,Sharjeel Khan,SP Narine,1,0,,,,,,"",""
ball,1,13.2,Pakistan,Sharjeel Khan,Babar Azam,SP Narine,0,0,,,,,,"",""
ball,1,13.3,Pakistan,Sharjeel Khan,Babar Azam,SP Narine,1,0,,,,,,"",""
ball,1,13.4,Pakistan,Babar Azam,Sharjeel Khan,SP Narine,1,0,,,,,,"",""
ball,1,13.5,Pakistan,Sharjeel Khan,Babar Azam,SP Narine,0,0,,,,,,"",""
ball,1,13.6,Pakistan,Sharjeel Khan,Babar Azam,SP Narine,6,0,,,,,,"",""
ball,1,14.1,Pakistan,Babar Azam,Sharjeel Khan,SJ Benn,1,0,,,,,,"",""
ball,1,14.2,Pakistan,Sharjeel Khan,Babar Azam,SJ Benn,0,0,,,,,,caught,Sharjeel Khan
ball,1,14.3,Pakistan,Shoaib Malik,Babar Azam,SJ Benn,0,0,,,,,,"",""
ball,1,14.4,Pakistan,Shoaib Malik,Babar Azam,SJ Benn,1,0,,,,,,"",""
ball,1,14.5,Pakistan,Babar Azam,Shoaib Malik,SJ Benn,0,0,,,,,,"",""
ball,1,14.6,Pakistan,Babar Azam,Shoaib Malik,SJ Benn,0,0,,,,,,"",""
ball,1,15.1,Pakistan,Shoaib Malik,Babar Azam,SP Narine,0,0,,,,,,"",""
ball,1,15.2,Pakistan,Shoaib Malik,Babar Azam,SP Narine,0,0,,,,,,"",""
ball,1,15.3,Pakistan,Shoaib Malik,Babar Azam,SP Narine,1,0,,,,,,"",""
ball,1,15.4,Pakistan,Babar Azam,Shoaib Malik,SP Narine,1,0,,,,,,"",""
ball,1,15.5,Pakistan,Shoaib Malik,Babar Azam,SP Narine,0,0,,,,,,"",""
ball,1,15.6,Pakistan,Shoaib Malik,Babar Azam,SP Narine,1,0,,,,,,"",""
ball,1,16.1,Pakistan,Shoaib Malik,Babar Azam,SJ Benn,0,0,,,,,,"",""
ball,1,16.2,Pakistan,Shoaib Malik,Babar Azam,SJ Benn,1,0,,,,,,"",""
ball,1,16.3,Pakistan,Babar Azam,Shoaib Malik,SJ Benn,1,0,,,,,,"",""
ball,1,16.4,Pakistan,Shoaib Malik,Babar Azam,SJ Benn,1,0,,,,,,"",""
ball,1,16.5,Pakistan,Babar Azam,Shoaib Malik,SJ Benn,0,0,,,,,,"",""
ball,1,16.6,Pakistan,Babar Azam,Shoaib Malik,SJ Benn,1,0,,,,,,"",""
ball,1,17.1,Pakistan,Babar Azam,Shoaib Malik,SP Narine,1,0,,,,,,"",""
ball,1,17.2,Pakistan,Shoaib Malik,Babar Azam,SP Narine,1,0,,,,,,"",""
ball,1,17.3,Pakistan,Babar Azam,Shoaib Malik,SP Narine,1,0,,,,,,"",""
ball,1,17.4,Pakistan,Shoaib Malik,Babar Azam,SP Narine,0,0,,,,,,caught,Shoaib Malik
ball,1,17.5,Pakistan,Sarfraz Ahmed,Babar Azam,SP Narine,0,0,,,,,,"",""
ball,1,17.6,Pakistan,Sarfraz Ahmed,Babar Azam,SP Narine,0,0,,,,,,"",""
ball,1,18.1,Pakistan,Babar Azam,Sarfraz Ahmed,SJ Benn,1,0,,,,,,"",""
ball,1,18.2,Pakistan,Sarfraz Ahmed,Babar Azam,SJ Benn,0,0,,,,,,"",""
ball,1,18.3,Pakistan,Sarfraz Ahmed,Babar Azam,SJ Benn,1,0,,,,,,"",""
ball,1,18.4,Pakistan,Babar Azam,Sarfraz Ahmed,SJ Benn,0,0,,,,,,"",""
ball,1,18.5,Pakistan,Babar Azam,Sarfraz Ahmed,SJ Benn,0,0,,,,,,"",""
ball,1,18.6,Pakistan,Babar Azam,Sarfraz Ahmed,SJ Benn,0,0,,,,,,"",""
ball,1,19.1,Pakistan,Sarfraz Ahmed,Babar Azam,SP Narine,0,0,,,,,,"",""
ball,1,19.2,Pakistan,Sarfraz Ahmed,Babar Azam,SP Narine,3,0,,,,,,"",""
ball,1,19.3,Pakistan,Babar Azam,Sarfraz Ahmed,SP Narine,4,0,,,,,,"",""
ball,1,19.4,Pakistan,Babar Azam,Sarfraz Ahmed,SP Narine,1,0,,,,,,"",""
ball,1,19.5,Pakistan,Sarfraz Ahmed,Babar Azam,SP Narine,0,0,,,,,,"",""
ball,1,19.6,Pakistan,Sarfraz Ahmed,Babar Azam,SP Narine,0,1,1,,,,,"",""
ball,1,19.7,Pakistan,Sarfraz Ahmed,Babar Azam,SP Narine,1,0,,,,,,"",""
ball,1,20.1,Pakistan,Sarfraz Ahmed,Babar Azam,SJ Benn,0,0,,,,,,"",""
ball,1,20.2,Pakistan,Sarfraz Ahmed,Babar Azam,SJ Benn,0,0,,,,,,"",""
ball,1,20.3,Pakistan,Sarfraz Ahmed,Babar Azam,SJ Benn,0,0,,,,,,"",""
ball,1,20.4,Pakistan,Sarfraz Ahmed,Babar Azam,SJ Benn,1,0,,,,,,"",""
ball,1,20.5,Pakistan,Babar Azam,Sarfraz Ahmed,SJ Benn,0,0,,,,,,"",""
ball,1,20.6,Pakistan,Babar Azam,Sarfraz Ahmed,SJ Benn,0,0,,,,,,"",""
ball,1,21.1,Pakistan,Sarfraz Ahmed,Babar Azam,ST Gabriel,1,0,,,,,,"",""
ball,1,21.2,Pakistan,Babar Azam,Sarfraz Ahmed,ST Gabriel,4,0,,,,,,"",""
ball,1,21.3,Pakistan,Babar Azam,Sarfraz Ahmed,ST Gabriel,0,0,,,,,,"",""
ball,1,21.4,Pakistan,Babar Azam,Sarfraz Ahmed,ST Gabriel,0,0,,,,,,"",""
ball,1,21.5,Pakistan,Babar Azam,Sarfraz Ahmed,ST Gabriel,1,0,,,,,,"",""
ball,1,21.6,Pakistan,Sarfraz Ahmed,Babar Azam,ST Gabriel,0,0,,,,,,"",""
ball,1,22.1,Pakistan,Babar Azam,Sarfraz Ahmed,SJ Benn,0,0,,,,,,"",""
ball,1,22.2,Pakistan,Babar Azam,Sarfraz Ahmed,SJ Benn,0,0,,,,,,"",""
ball,1,22.3,Pakistan,Babar Azam,Sarfraz Ahmed,SJ Benn,1,0,,,,,,"",""
ball,1,22.4,Pakistan,Sarfraz Ahmed,Babar Azam,SJ Benn,1,0,,,,,,"",""
ball,1,22.5,Pakistan,Babar Azam,Sarfraz Ahmed,SJ Benn,0,0,,,,,,"",""
ball,1,22.6,Pakistan,Babar Azam,Sarfraz Ahmed,SJ Benn,0,0,,,,,,"",""
ball,1,23.1,Pakistan,Sarfraz Ahmed,Babar Azam,ST Gabriel,2,0,,,,,,"",""
ball,1,23.2,Pakistan,Sarfraz Ahmed,Babar Azam,ST Gabriel,0,0,,,,,,"",""
ball,1,23.3,Pakistan,Sarfraz Ahmed,Babar Azam,ST Gabriel,1,0,,,,,,"",""
ball,1,23.4,Pakistan,Babar Azam,Sarfraz Ahmed,ST Gabriel,0,0,,,,,,"",""
ball,1,23.5,Pakistan,Babar Azam,Sarfraz Ahmed,ST Gabriel,1,0,,,,,,"",""
ball,1,23.6,Pakistan,Sarfraz Ahmed,Babar Azam,ST Gabriel,1,0,,,,,,"",""
ball,1,24.1,Pakistan,Sarfraz Ahmed,Babar Azam,SJ Benn,1,0,,,,,,"",""
ball,1,24.2,Pakistan,Babar Azam,Sarfraz Ahmed,SJ Benn,0,0,,,,,,"",""
ball,1,24.3,Pakistan,Babar Azam,Sarfraz Ahmed,SJ Benn,2,0,,,,,,"",""
ball,1,24.4,Pakistan,Babar Azam,Sarfraz Ahmed,SJ Benn,2,0,,,,,,"",""
ball,1,24.5,Pakistan,Babar Azam,Sarfraz Ahmed,SJ Benn,0,0,,,,,,"",""
ball,1,24.6,Pakistan,Babar Azam,Sarfraz Ahmed,SJ Benn,1,0,,,,,,"",""
ball,1,25.1,Pakistan,Babar Azam,Sarfraz Ahmed,CR Brathwaite,4,0,,,,,,"",""
ball,1,25.2,Pakistan,Babar Azam,Sarfraz Ahmed,CR Brathwaite,1,0,,,,,,"",""
ball,1,25.3,Pakistan,Sarfraz Ahmed,Babar Azam,CR Brathwaite,1,0,,,,,,"",""
ball,1,25.4,Pakistan,Babar Azam,Sarfraz Ahmed,CR Brathwaite,0,0,,,,,,"",""
ball,1,25.5,Pakistan,Babar Azam,Sarfraz Ahmed,CR Brathwaite,0,0,,,,,,"",""
ball,1,25.6,Pakistan,Babar Azam,Sarfraz Ahmed,CR Brathwaite,1,0,,,,,,"",""
ball,1,26.1,Pakistan,Babar Azam,Sarfraz Ahmed,KA Pollard,0,0,,,,,,"",""
ball,1,26.2,Pakistan,Babar Azam,Sarfraz Ahmed,KA Pollard,0,0,,,,,,"",""
ball,1,26.3,Pakistan,Babar Azam,Sarfraz Ahmed,KA Pollard,2,0,,,,,,"",""
ball,1,26.4,Pakistan,Babar Azam,Sarfraz Ahmed,KA Pollard,1,0,,,,,,"",""
ball,1,26.5,Pakistan,Sarfraz Ahmed,Babar Azam,KA Pollard,1,0,,,,,,"",""
ball,1,26.6,Pakistan,Babar Azam,Sarfraz Ahmed,KA Pollard,4,0,,,,,,"",""
ball,1,27.1,Pakistan,Sarfraz Ahmed,Babar Azam,CR Brathwaite,0,0,,,,,,"",""
ball,1,27.2,Pakistan,Sarfraz Ahmed,Babar Azam,CR Brathwaite,1,0,,,,,,"",""
ball,1,27.3,Pakistan,Babar Azam,Sarfraz Ahmed,CR Brathwaite,0,0,,,,,,"",""
ball,1,27.4,Pakistan,Babar Azam,Sarfraz Ahmed,CR Brathwaite,4,0,,,,,,"",""
ball,1,27.5,Pakistan,Babar Azam,Sarfraz Ahmed,CR Brathwaite,0,0,,,,,,"",""
ball,1,27.6,Pakistan,Babar Azam,Sarfraz Ahmed,CR Brathwaite,0,0,,,,,,"",""
ball,1,28.1,Pakistan,Sarfraz Ahmed,Babar Azam,KA Pollard,1,0,,,,,,"",""
ball,1,28.2,Pakistan,Babar Azam,Sarfraz Ahmed,KA Pollard,0,0,,,,,,"",""
ball,1,28.3,Pakistan,Babar Azam,Sarfraz Ahmed,KA Pollard,1,0,,,,,,"",""
ball,1,28.4,Pakistan,Sarfraz Ahmed,Babar Azam,KA Pollard,1,0,,,,,,"",""
ball,1,28.5,Pakistan,Babar Azam,Sarfraz Ahmed,KA Pollard,1,0,,,,,,"",""
ball,1,28.6,Pakistan,Sarfraz Ahmed,Babar Azam,KA Pollard,0,0,,,,,,"",""
ball,1,29.1,Pakistan,Babar Azam,Sarfraz Ahmed,CR Brathwaite,0,0,,,,,,"",""
ball,1,29.2,Pakistan,Babar Azam,Sarfraz Ahmed,CR Brathwaite,0,0,,,,,,"",""
ball,1,29.3,Pakistan,Babar Azam,Sarfraz Ahmed,CR Brathwaite,1,0,,,,,,"",""
ball,1,29.4,Pakistan,Sarfraz Ahmed,Babar Azam,CR Brathwaite,0,0,,,,,,"",""
ball,1,29.5,Pakistan,Sarfraz Ahmed,Babar Azam,CR Brathwaite,0,0,,,,,,"",""
ball,1,29.6,Pakistan,Sarfraz Ahmed,Babar Azam,CR Brathwaite,0,0,,,,,,"",""
ball,1,30.1,Pakistan,Babar Azam,Sarfraz Ahmed,KA Pollard,1,0,,,,,,"",""
ball,1,30.2,Pakistan,Sarfraz Ahmed,Babar Azam,KA Pollard,1,0,,,,,,"",""
ball,1,30.3,Pakistan,Babar Azam,Sarfraz Ahmed,KA Pollard,1,0,,,,,,"",""
ball,1,30.4,Pakistan,Sarfraz Ahmed,Babar Azam,KA Pollard,0,2,2,,,,,"",""
ball,1,30.5,Pakistan,Babar Azam,Sarfraz Ahmed,KA Pollard,2,0,,,,,,"",""
ball,1,30.6,Pakistan,Babar Azam,Sarfraz Ahmed,KA Pollard,1,0,,,,,,"",""
ball,1,30.7,Pakistan,Sarfraz Ahmed,Babar Azam,KA Pollard,1,0,,,,,,"",""
ball,1,31.1,Pakistan,Sarfraz Ahmed,Babar Azam,CR Brathwaite,1,0,,,,,,"",""
ball,1,31.2,Pakistan,Babar Azam,Sarfraz Ahmed,CR Brathwaite,0,0,,,,,,"",""
ball,1,31.3,Pakistan,Babar Azam,Sarfraz Ahmed,CR Brathwaite,1,0,,,,,,"",""
ball,1,31.4,Pakistan,Sarfraz Ahmed,Babar Azam,CR Brathwaite,0,0,,,,,,"",""
ball,1,31.5,Pakistan,Sarfraz Ahmed,Babar Azam,CR Brathwaite,1,0,,,,,,"",""
ball,1,31.6,Pakistan,Babar Azam,Sarfraz Ahmed,CR Brathwaite,2,0,,,,,,"",""
ball,1,32.1,Pakistan,Sarfraz Ahmed,Babar Azam,KA Pollard,1,0,,,,,,"",""
ball,1,32.2,Pakistan,Babar Azam,Sarfraz Ahmed,KA Pollard,0,0,,,,,,"",""
ball,1,32.3,Pakistan,Babar Azam,Sarfraz Ahmed,KA Pollard,6,0,,,,,,"",""
ball,1,32.4,Pakistan,Babar Azam,Sarfraz Ahmed,KA Pollard,4,0,,,,,,"",""
ball,1,32.5,Pakistan,Babar Azam,Sarfraz Ahmed,KA Pollard,1,0,,,,,,"",""
ball,1,32.6,Pakistan,Sarfraz Ahmed,Babar Azam,KA Pollard,1,0,,,,,,"",""
ball,1,33.1,Pakistan,Sarfraz Ahmed,Babar Azam,SP Narine,1,0,,,,,,"",""
ball,1,33.2,Pakistan,Babar Azam,Sarfraz Ahmed,SP Narine,1,0,,,,,,"",""
ball,1,33.3,Pakistan,Sarfraz Ahmed,Babar Azam,SP Narine,4,0,,,,,,"",""
ball,1,33.4,Pakistan,Sarfraz Ahmed,Babar Azam,SP Narine,1,0,,,,,,"",""
ball,1,33.5,Pakistan,Babar Azam,Sarfraz Ahmed,SP Narine,1,0,,,,,,"",""
ball,1,33.6,Pakistan,Sarfraz Ahmed,Babar Azam,SP Narine,1,0,,,,,,"",""
ball,1,34.1,Pakistan,Sarfraz Ahmed,Babar Azam,JO Holder,1,0,,,,,,"",""
ball,1,34.2,Pakistan,Babar Azam,Sarfraz Ahmed,JO Holder,1,0,,,,,,"",""
ball,1,34.3,Pakistan,Sarfraz Ahmed,Babar Azam,JO Holder,1,0,,,,,,"",""
ball,1,34.4,Pakistan,Babar Azam,Sarfraz Ahmed,JO Holder,1,0,,,,,,"",""
ball,1,34.5,Pakistan,Sarfraz Ahmed,Babar Azam,JO Holder,2,0,,,,,,"",""
ball,1,34.6,Pakistan,Sarfraz Ahmed,Babar Azam,JO Holder,0,0,,,,,,caught,Sarfraz Ahmed
ball,1,35.1,Pakistan,Babar Azam,Mohammad Rizwan,SP Narine,1,0,,,,,,"",""
ball,1,35.2,Pakistan,Mohammad Rizwan,Babar Azam,SP Narine,1,0,,,,,,"",""
ball,1,35.3,Pakistan,Babar Azam,Mohammad Rizwan,SP Narine,0,0,,,,,,"",""
ball,1,35.4,Pakistan,Babar Azam,Mohammad Rizwan,SP Narine,0,0,,,,,,"",""
ball,1,35.5,Pakistan,Babar Azam,Mohammad Rizwan,SP Narine,1,0,,,,,,"",""
ball,1,35.6,Pakistan,Mohammad Rizwan,Babar Azam,SP Narine,0,0,,,,,,"",""
ball,1,36.1,Pakistan,Babar Azam,Mohammad Rizwan,JO Holder,0,0,,,,,,"",""
ball,1,36.2,Pakistan,Babar Azam,Mohammad Rizwan,JO Holder,1,0,,,,,,"",""
ball,1,36.3,Pakistan,Mohammad Rizwan,Babar Azam,JO Holder,1,0,,,,,,"",""
ball,1,36.4,Pakistan,Babar Azam,Mohammad Rizwan,JO Holder,1,0,,,,,,"",""
ball,1,36.5,Pakistan,Mohammad Rizwan,Babar Azam,JO Holder,1,0,,,,,,"",""
ball,1,36.6,Pakistan,Babar Azam,Mohammad Rizwan,JO Holder,1,0,,,,,,"",""
ball,1,37.1,Pakistan,Babar Azam,Mohammad Rizwan,SP Narine,1,0,,,,,,"",""
ball,1,37.2,Pakistan,Mohammad Rizwan,Babar Azam,SP Narine,0,0,,,,,,"",""
ball,1,37.3,Pakistan,Mohammad Rizwan,Babar Azam,SP Narine,1,0,,,,,,"",""
ball,1,37.4,Pakistan,Babar Azam,Mohammad Rizwan,SP Narine,1,0,,,,,,"",""
ball,1,37.5,Pakistan,Mohammad Rizwan,Babar Azam,SP Narine,1,0,,,,,,"",""
ball,1,37.6,Pakistan,Babar Azam,Mohammad Rizwan,SP Narine,0,0,,,,,,"",""
ball,1,38.1,Pakistan,Mohammad Rizwan,Babar Azam,SJ Benn,1,0,,,,,,"",""
ball,1,38.2,Pakistan,Babar Azam,Mohammad Rizwan,SJ Benn,0,0,,,,,,"",""
ball,1,38.3,Pakistan,Babar Azam,Mohammad Rizwan,SJ Benn,1,0,,,,,,"",""
ball,1,38.4,Pakistan,Mohammad Rizwan,Babar Azam,SJ Benn,4,0,,,,,,"",""
ball,1,38.5,Pakistan,Mohammad Rizwan,Babar Azam,SJ Benn,0,0,,,,,,"",""
ball,1,38.6,Pakistan,Mohammad Rizwan,Babar Azam,SJ Benn,1,0,,,,,,"",""
ball,1,39.1,Pakistan,Mohammad Rizwan,Babar Azam,SP Narine,0,0,,,,,,run out,Mohammad Rizwan
ball,1,39.2,Pakistan,Imad Wasim,Babar Azam,SP Narine,0,0,,,,,,"",""
ball,1,39.3,Pakistan,Imad Wasim,Babar Azam,SP Narine,1,0,,,,,,"",""
ball,1,39.4,Pakistan,Babar Azam,Imad Wasim,SP Narine,1,0,,,,,,"",""
ball,1,39.5,Pakistan,Imad Wasim,Babar Azam,SP Narine,2,0,,,,,,"",""
ball,1,39.6,Pakistan,Imad Wasim,Babar Azam,SP Narine,2,0,,,,,,"",""
ball,1,40.1,Pakistan,Babar Azam,Imad Wasim,SJ Benn,4,0,,,,,,"",""
ball,1,40.2,Pakistan,Babar Azam,Imad Wasim,SJ Benn,0,1,,,1,,,"",""
ball,1,40.3,Pakistan,Imad Wasim,Babar Azam,SJ Benn,1,0,,,,,,"",""
ball,1,40.4,Pakistan,Babar Azam,Imad Wasim,SJ Benn,6,0,,,,,,"",""
ball,1,40.5,Pakistan,Babar Azam,Imad Wasim,SJ Benn,1,0,,,,,,"",""
ball,1,40.6,Pakistan,Imad Wasim,Babar Azam,SJ Benn,1,0,,,,,,"",""
ball,1,41.1,Pakistan,Imad Wasim,Babar Azam,SP Narine,0,0,,,,,,"",""
ball,1,41.2,Pakistan,Imad Wasim,Babar Azam,SP Narine,1,0,,,,,,"",""
ball,1,41.3,Pakistan,Babar Azam,Imad Wasim,SP Narine,0,0,,,,,,"",""
ball,1,41.4,Pakistan,Babar Azam,Imad Wasim,SP Narine,6,0,,,,,,"",""
ball,1,41.5,Pakistan,Babar Azam,Imad Wasim,SP Narine,1,0,,,,,,"",""
ball,1,41.6,Pakistan,Imad Wasim,Babar Azam,SP Narine,0,0,,,,,,"",""
ball,1,42.1,Pakistan,Babar Azam,Imad Wasim,CR Brathwaite,0,0,,,,,,caught,Babar Azam
ball,1,42.2,Pakistan,Imad Wasim,Mohammad Nawaz (3),CR Brathwaite,1,0,,,,,,"",""
ball,1,42.3,Pakistan,Mohammad Nawaz (3),Imad Wasim,CR Brathwaite,1,0,,,,,,"",""
ball,1,42.4,Pakistan,Imad Wasim,Mohammad Nawaz (3),CR Brathwaite,1,0,,,,,,"",""
ball,1,42.5,Pakistan,Mohammad Nawaz (3),Imad Wasim,CR Brathwaite,1,0,,,,,,"",""
ball,1,42.6,Pakistan,Imad Wasim,Mohammad Nawaz (3),CR Brathwaite,0,0,,,,,,"",""
ball,1,43.1,Pakistan,Mohammad Nawaz (3),Imad Wasim,ST Gabriel,1,0,,,,,,"",""
ball,1,43.2,Pakistan,Imad Wasim,Mohammad Nawaz (3),ST Gabriel,0,0,,,,,,"",""
ball,1,43.3,Pakistan,Imad Wasim,Mohammad Nawaz (3),ST Gabriel,4,1,,1,,,,"",""
ball,1,43.4,Pakistan,Imad Wasim,Mohammad Nawaz (3),ST Gabriel,4,0,,,,,,"",""
ball,1,43.5,Pakistan,Imad Wasim,Mohammad Nawaz (3),ST Gabriel,0,1,,,,1,,"",""
ball,1,43.6,Pakistan,Mohammad Nawaz (3),Imad Wasim,ST Gabriel,1,0,,,,,,"",""
ball,1,43.7,Pakistan,Imad Wasim,Mohammad Nawaz (3),ST Gabriel,1,0,,,,,,"",""
ball,1,44.1,Pakistan,Imad Wasim,Mohammad Nawaz (3),CR Brathwaite,2,0,,,,,,"",""
ball,1,44.2,Pakistan,Imad Wasim,Mohammad Nawaz (3),CR Brathwaite,0,1,,,,1,,"",""
ball,1,44.3,Pakistan,Mohammad Nawaz (3),Imad Wasim,CR Brathwaite,1,0,,,,,,"",""
ball,1,44.4,Pakistan,Imad Wasim,Mohammad Nawaz (3),CR Brathwaite,1,0,,,,,,"",""
ball,1,44.5,Pakistan,Mohammad Nawaz (3),Imad Wasim,CR Brathwaite,0,0,,,,,,"",""
ball,1,44.6,Pakistan,Mohammad Nawaz (3),Imad Wasim,CR Brathwaite,1,0,,,,,,"",""
ball,1,45.1,Pakistan,Mohammad Nawaz (3),Imad Wasim,ST Gabriel,0,1,1,,,,,"",""
ball,1,45.2,Pakistan,Mohammad Nawaz (3),Imad Wasim,ST Gabriel,1,0,,,,,,"",""
ball,1,45.3,Pakistan,Imad Wasim,Mohammad Nawaz (3),ST Gabriel,1,0,,,,,,"",""
ball,1,45.4,Pakistan,Mohammad Nawaz (3),Imad Wasim,ST Gabriel,0,0,,,,,,"",""
ball,1,45.5,Pakistan,Mohammad Nawaz (3),Imad Wasim,ST Gabriel,1,0,,,,,,"",""
ball,1,45.6,Pakistan,Imad Wasim,Mohammad Nawaz (3),ST Gabriel,1,0,,,,,,"",""
ball,1,45.7,Pakistan,Mohammad Nawaz (3),Imad Wasim,ST Gabriel,0,0,,,,,,"",""
ball,1,46.1,Pakistan,Imad Wasim,Mohammad Nawaz (3),CR Brathwaite,0,1,,,,1,,"",""
ball,1,46.2,Pakistan,Mohammad Nawaz (3),Imad Wasim,CR Brathwaite,1,0,,,,,,"",""
ball,1,46.3,Pakistan,Imad Wasim,Mohammad Nawaz (3),CR Brathwaite,0,0,,,,,,bowled,Imad Wasim
ball,1,46.4,Pakistan,Wahab Riaz,Mohammad Nawaz (3),CR Brathwaite,0,0,,,,,,run out,Wahab Riaz
ball,1,46.5,Pakistan,Mohammad Nawaz (3),Mohammad Amir,CR Brathwaite,0,0,,,,,,"",""
ball,1,46.6,Pakistan,Mohammad Nawaz (3),Mohammad Amir,CR Brathwaite,1,0,,,,,,"",""
ball,1,47.1,Pakistan,Mohammad Nawaz (3),Mohammad Amir,ST Gabriel,1,0,,,,,,"",""
ball,1,47.2,Pakistan,Mohammad Amir,Mohammad Nawaz (3),ST Gabriel,1,0,,,,,,"",""
ball,1,47.3,Pakistan,Mohammad Nawaz (3),Mohammad Amir,ST Gabriel,6,0,,,,,,"",""
ball,1,47.4,Pakistan,Mohammad Nawaz (3),Mohammad Amir,ST Gabriel,1,0,,,,,,"",""
ball,1,47.5,Pakistan,Mohammad Amir,Mohammad Nawaz (3),ST Gabriel,1,0,,,,,,"",""
ball,1,47.6,Pakistan,Mohammad Nawaz (3),Mohammad Amir,ST Gabriel,1,0,,,,,,"",""
ball,1,48.1,Pakistan,Mohammad Nawaz (3),Mohammad Amir,CR Brathwaite,0,0,,,,,,caught,Mohammad Nawaz (3)
ball,1,48.2,Pakistan,Hasan Ali,Mohammad Amir,CR Brathwaite,1,0,,,,,,"",""
ball,1,48.3,Pakistan,Mohammad Amir,Hasan Ali,CR Brathwaite,0,0,,,,,,"",""
ball,1,48.4,Pakistan,Mohammad Amir,Hasan Ali,CR Brathwaite,1,0,,,,,,"",""
ball,1,48.5,Pakistan,Hasan Ali,Mohammad Amir,CR Brathwaite,0,0,,,,,,"",""
ball,1,48.6,Pakistan,Hasan Ali,Mohammad Amir,CR Brathwaite,1,0,,,,,,"",""
ball,2,0.1,West Indies,J Charles,KC Brathwaite,Imad Wasim,1,0,,,,,,"",""
ball,2,0.2,West Indies,KC Brathwaite,J Charles,Imad Wasim,1,0,,,,,,"",""
ball,2,0.3,West Indies,J Charles,KC Brathwaite,Imad Wasim,0,0,,,,,,"",""
ball,2,0.4,West Indies,J Charles,KC Brathwaite,Imad Wasim,0,0,,,,,,"",""
ball,2,0.5,West Indies,J Charles,KC Brathwaite,Imad Wasim,1,0,,,,,,"",""
ball,2,0.6,West Indies,KC Brathwaite,J Charles,Imad Wasim,0,0,,,,,,"",""
ball,2,1.1,West Indies,J Charles,KC Brathwaite,Mohammad Amir,0,1,,,,1,,"",""
ball,2,1.2,West Indies,KC Brathwaite,J Charles,Mohammad Amir,0,0,,,,,,"",""
ball,2,1.3,West Indies,KC Brathwaite,J Charles,Mohammad Amir,1,0,,,,,,"",""
ball,2,1.4,West Indies,J Charles,KC Brathwaite,Mohammad Amir,1,0,,,,,,"",""
ball,2,1.5,West Indies,KC Brathwaite,J Charles,Mohammad Amir,0,0,,,,,,"",""
ball,2,1.6,West Indies,KC Brathwaite,J Charles,Mohammad Amir,0,0,,,,,,"",""
ball,2,2.1,West Indies,J Charles,KC Brathwaite,Imad Wasim,1,0,,,,,,"",""
ball,2,2.2,West Indies,KC Brathwaite,J Charles,Imad Wasim,0,0,,,,,,"",""
ball,2,2.3,West Indies,KC Brathwaite,J Charles,Imad Wasim,0,0,,,,,,"",""
ball,2,2.4,West Indies,KC Brathwaite,J Charles,Imad Wasim,0,0,,,,,,"",""
ball,2,2.5,West Indies,KC Brathwaite,J Charles,Imad Wasim,1,0,,,,,,"",""
ball,2,2.6,West Indies,J Charles,KC Brathwaite,Imad Wasim,6,0,,,,,,"",""
ball,2,3.1,West Indies,KC Brathwaite,J Charles,Mohammad Amir,0,0,,,,,,"",""
ball,2,3.2,West Indies,KC Brathwaite,J Charles,Mohammad Amir,0,0,,,,,,"",""
ball,2,3.3,West Indies,KC Brathwaite,J Charles,Mohammad Amir,0,0,,,,,,"",""
ball,2,3.4,West Indies,KC Brathwaite,J Charles,Mohammad Amir,0,0,,,,,,"",""
ball,2,3.5,West Indies,KC Brathwaite,J Charles,Mohammad Amir,0,0,,,,,,"",""
ball,2,3.6,West Indies,KC Brathwaite,J Charles,Mohammad Amir,0,0,,,,,,"",""
ball,2,4.1,West Indies,J Charles,KC Brathwaite,Imad Wasim,0,0,,,,,,"",""
ball,2,4.2,West Indies,J Charles,KC Brathwaite,Imad Wasim,1,0,,,,,,"",""
ball,2,4.3,West Indies,KC Brathwaite,J Charles,Imad Wasim,0,0,,,,,,"",""
ball,2,4.4,West Indies,KC Brathwaite,J Charles,Imad Wasim,0,0,,,,,,"",""
ball,2,4.5,West Indies,KC Brathwaite,J Charles,Imad Wasim,0,0,,,,,,"",""
ball,2,4.6,West Indies,KC Brathwaite,J Charles,Imad Wasim,0,0,,,,,,"",""
ball,2,5.1,West Indies,J Charles,KC Brathwaite,Mohammad Amir,0,0,,,,,,"",""
ball,2,5.2,West Indies,J Charles,KC Brathwaite,Mohammad Amir,1,0,,,,,,"",""
ball,2,5.3,West Indies,KC Brathwaite,J Charles,Mohammad Amir,0,0,,,,,,"",""
ball,2,5.4,West Indies,KC Brathwaite,J Charles,Mohammad Amir,1,0,,,,,,"",""
ball,2,5.5,West Indies,J Charles,KC Brathwaite,Mohammad Amir,1,0,,,,,,"",""
ball,2,5.6,West Indies,KC Brathwaite,J Charles,Mohammad Amir,0,0,,,,,,"",""
ball,2,6.1,West Indies,J Charles,KC Brathwaite,Imad Wasim,1,0,,,,,,"",""
ball,2,6.2,West Indies,KC Brathwaite,J Charles,Imad Wasim,1,0,,,,,,"",""
ball,2,6.3,West Indies,J Charles,KC Brathwaite,Imad Wasim,4,0,,,,,,"",""
ball,2,6.4,West Indies,J Charles,KC Brathwaite,Imad Wasim,0,0,,,,,,"",""
ball,2,6.5,West Indies,J Charles,KC Brathwaite,Imad Wasim,0,0,,,,,,"",""
ball,2,6.6,West Indies,J Charles,KC Brathwaite,Imad Wasim,1,0,,,,,,"",""
ball,2,7.1,West Indies,J Charles,KC Brathwaite,Mohammad Amir,1,0,,,,,,"",""
ball,2,7.2,West Indies,KC Brathwaite,J Charles,Mohammad Amir,1,0,,,,,,"",""
ball,2,7.3,West Indies,J Charles,KC Brathwaite,Mohammad Amir,0,0,,,,,,"",""
ball,2,7.4,West Indies,J Charles,KC Brathwaite,Mohammad Amir,0,0,,,,,,caught,J Charles
ball,2,7.5,West Indies,DM Bravo,KC Brathwaite,Mohammad Amir,0,0,,,,,,"",""
ball,2,7.6,West Indies,DM Bravo,KC Brathwaite,Mohammad Amir,0,0,,,,,,"",""
ball,2,8.1,West Indies,KC Brathwaite,DM Bravo,Hasan Ali,0,0,,,,,,"",""
ball,2,8.2,West Indies,KC Brathwaite,DM Bravo,Hasan Ali,0,0,,,,,,"",""
ball,2,8.3,West Indies,KC Brathwaite,DM Bravo,Hasan Ali,0,0,,,,,,"",""
ball,2,8.4,West Indies,KC Brathwaite,DM Bravo,Hasan Ali,1,0,,,,,,"",""
ball,2,8.5,West Indies,DM Bravo,KC Brathwaite,Hasan Ali,0,0,,,,,,"",""
ball,2,8.6,West Indies,DM Bravo,KC Brathwaite,Hasan Ali,1,0,,,,,,"",""
ball,2,9.1,West Indies,DM Bravo,KC Brathwaite,Wahab Riaz,0,0,,,,,,"",""
ball,2,9.2,West Indies,DM Bravo,KC Brathwaite,Wahab Riaz,0,0,,,,,,"",""
ball,2,9.3,West Indies,DM Bravo,KC Brathwaite,Wahab Riaz,0,0,,,,,,"",""
ball,2,9.4,West Indies,DM Bravo,KC Brathwaite,Wahab Riaz,0,0,,,,,,"",""
ball,2,9.5,West Indies,DM Bravo,KC Brathwaite,Wahab Riaz,0,0,,,,,,"",""
ball,2,9.6,West Indies,DM Bravo,KC Brathwaite,Wahab Riaz,1,0,,,,,,"",""
ball,2,10.1,West Indies,DM Bravo,KC Brathwaite,Hasan Ali,0,0,,,,,,"",""
ball,2,10.2,West Indies,DM Bravo,KC Brathwaite,Hasan Ali,2,0,,,,,,"",""
ball,2,10.3,West Indies,DM Bravo,KC Brathwaite,Hasan Ali,1,0,,,,,,"",""
ball,2,10.4,West Indies,KC Brathwaite,DM Bravo,Hasan Ali,0,0,,,,,,"",""
ball,2,10.5,West Indies,KC Brathwaite,DM Bravo,Hasan Ali,1,0,,,,,,"",""
ball,2,10.6,West Indies,DM Bravo,KC Brathwaite,Hasan Ali,0,0,,,,,,"",""
ball,2,11.1,West Indies,KC Brathwaite,DM Bravo,Wahab Riaz,0,0,,,,,,"",""
ball,2,11.2,West Indies,KC Brathwaite,DM Bravo,Wahab Riaz,0,0,,,,,,"",""
ball,2,11.3,West Indies,KC Brathwaite,DM Bravo,Wahab Riaz,4,0,,,,,,"",""
ball,2,11.4,West Indies,KC Brathwaite,DM Bravo,Wahab Riaz,1,0,,,,,,"",""
ball,2,11.5,West Indies,DM Bravo,KC Brathwaite,Wahab Riaz,1,0,,,,,,"",""
ball,2,11.6,West Indies,KC Brathwaite,DM Bravo,Wahab Riaz,1,0,,,,,,"",""
ball,2,12.1,West Indies,KC Brathwaite,DM Bravo,Hasan Ali,0,0,,,,,,"",""
ball,2,12.2,West Indies,KC Brathwaite,DM Bravo,Hasan Ali,0,0,,,,,,caught,KC Brathwaite
ball,2,12.3,West Indies,MN Samuels,DM Bravo,Hasan Ali,1,0,,,,,,"",""
ball,2,12.4,West Indies,DM Bravo,MN Samuels,Hasan Ali,1,0,,,,,,"",""
ball,2,12.5,West Indies,MN Samuels,DM Bravo,Hasan Ali,0,0,,,,,,"",""
ball,2,12.6,West Indies,MN Samuels,DM Bravo,Hasan Ali,0,0,,,,,,"",""
ball,2,13.1,West Indies,DM Bravo,MN Samuels,Wahab Riaz,0,0,,,,,,"",""
ball,2,13.2,West Indies,DM Bravo,MN Samuels,Wahab Riaz,1,0,,,,,,"",""
ball,2,13.3,West Indies,MN Samuels,DM Bravo,Wahab Riaz,0,0,,,,,,"",""
ball,2,13.4,West Indies,MN Samuels,DM Bravo,Wahab Riaz,2,0,,,,,,"",""
ball,2,13.5,West Indies,MN Samuels,DM Bravo,Wahab Riaz,0,0,,,,,,"",""
ball,2,13.6,West Indies,MN Samuels,DM Bravo,Wahab Riaz,0,0,,,,,,"",""
ball,2,14.1,West Indies,DM Bravo,MN Samuels,Hasan Ali,1,0,,,,,,"",""
ball,2,14.2,West Indies,MN Samuels,DM Bravo,Hasan Ali,0,0,,,,,,"",""
ball,2,14.3,West Indies,MN Samuels,DM Bravo,Hasan Ali,1,0,,,,,,"",""
ball,2,14.4,West Indies,DM Bravo,MN Samuels,Hasan Ali,0,0,,,,,,"",""
ball,2,14.5,West Indies,DM Bravo,MN Samuels,Hasan Ali,0,0,,,,,,"",""
ball,2,14.6,West Indies,DM Bravo,MN Samuels,Hasan Ali,0,0,,,,,,"",""
ball,2,15.1,West Indies,MN Samuels,DM Bravo,Shoaib Malik,0,0,,,,,,"",""
ball,2,15.2,West Indies,MN Samuels,DM Bravo,Shoaib Malik,1,0,,,,,,"",""
ball,2,15.3,West Indies,DM Bravo,MN Samuels,Shoaib Malik,1,0,,,,,,"",""
ball,2,15.4,West Indies,MN Samuels,DM Bravo,Shoaib Malik,0,0,,,,,,"",""
ball,2,15.5,West Indies,MN Samuels,DM Bravo,Shoaib Malik,1,0,,,,,,"",""
ball,2,15.6,West Indies,DM Bravo,MN Samuels,Shoaib Malik,1,0,,,,,,"",""
ball,2,16.1,West Indies,DM Bravo,MN Samuels,Mohammad Nawaz (3),0,0,,,,,,"",""
ball,2,16.2,West Indies,DM Bravo,MN Samuels,Mohammad Nawaz (3),1,0,,,,,,"",""
ball,2,16.3,West Indies,MN Samuels,DM Bravo,Mohammad Nawaz (3),0,0,,,,,,"",""
ball,2,16.4,West Indies,MN Samuels,DM Bravo,Mohammad Nawaz (3),1,0,,,,,,"",""
ball,2,16.5,West Indies,DM Bravo,MN Samuels,Mohammad Nawaz (3),0,0,,,,,,"",""
ball,2,16.6,West Indies,DM Bravo,MN Samuels,Mohammad Nawaz (3),0,0,,,,,,bowled,DM Bravo
ball,2,17.1,West Indies,MN Samuels,D Ramdin,Shoaib Malik,0,0,,,,,,"",""
ball,2,17.2,West Indies,MN Samuels,D Ramdin,Shoaib Malik,1,0,,,,,,"",""
ball,2,17.3,West Indies,D Ramdin,MN Samuels,Shoaib Malik,1,0,,,,,,"",""
ball,2,17.4,West Indies,MN Samuels,D Ramdin,Shoaib Malik,0,0,,,,,,"",""
ball,2,17.5,West Indies,MN Samuels,D Ramdin,Shoaib Malik,0,0,,,,,,"",""
ball,2,17.6,West Indies,MN Samuels,D Ramdin,Shoaib Malik,0,0,,,,,,"",""
ball,2,18.1,West Indies,D Ramdin,MN Samuels,Mohammad Nawaz (3),0,0,,,,,,"",""
ball,2,18.2,West Indies,D Ramdin,MN Samuels,Mohammad Nawaz (3),0,0,,,,,,"",""
ball,2,18.3,West Indies,D Ramdin,MN Samuels,Mohammad Nawaz (3),1,0,,,,,,"",""
ball,2,18.4,West Indies,MN Samuels,D Ramdin,Mohammad Nawaz (3),1,0,,,,,,"",""
ball,2,18.5,West Indies,D Ramdin,MN Samuels,Mohammad Nawaz (3),0,0,,,,,,"",""
ball,2,18.6,West Indies,D Ramdin,MN Samuels,Mohammad Nawaz (3),0,0,,,,,,"",""
ball,2,19.1,West Indies,MN Samuels,D Ramdin,Shoaib Malik,2,0,,,,,,"",""
ball,2,19.2,West Indies,MN Samuels,D Ramdin,Shoaib Malik,2,0,,,,,,"",""
ball,2,19.3,West Indies,MN Samuels,D Ramdin,Shoaib Malik,0,0,,,,,,"",""
ball,2,19.4,West Indies,MN Samuels,D Ramdin,Shoaib Malik,0,1,1,,,,,"",""
ball,2,19.5,West Indies,MN Samuels,D Ramdin,Shoaib Malik,0,0,,,,,,"",""
ball,2,19.6,West Indies,MN Samuels,D Ramdin,Shoaib Malik,0,0,,,,,,"",""
ball,2,19.7,West Indies,MN Samuels,D Ramdin,Shoaib Malik,1,0,,,,,,"",""
ball,2,20.1,West Indies,MN Samuels,D Ramdin,Mohammad Nawaz (3),0,0,,,,,,"",""
ball,2,20.2,West Indies,MN Samuels,D Ramdin,Mohammad Nawaz (3),0,0,,,,,,"",""
ball,2,20.3,West Indies,MN Samuels,D Ramdin,Mohammad Nawaz (3),1,0,,,,,,"",""
ball,2,20.4,West Indies,D Ramdin,MN Samuels,Mohammad Nawaz (3),0,0,,,,,,"",""
ball,2,20.5,West Indies,D Ramdin,MN Samuels,Mohammad Nawaz (3),0,0,,,,,,"",""
ball,2,20.6,West Indies,D Ramdin,MN Samuels,Mohammad Nawaz (3),0,0,,,,,,"",""
ball,2,21.1,West Indies,MN Samuels,D Ramdin,Shoaib Malik,0,1,1,,,,,"",""
ball,2,21.2,West Indies,MN Samuels,D Ramdin,Shoaib Malik,6,0,,,,,,"",""
ball,2,21.3,West Indies,MN Samuels,D Ramdin,Shoaib Malik,1,0,,,,,,"",""
ball,2,21.4,West Indies,D Ramdin,MN Samuels,Shoaib Malik,1,0,,,,,,"",""
ball,2,21.5,West Indies,MN Samuels,D Ramdin,Shoaib Malik,0,0,,,,,,"",""
ball,2,21.6,West Indies,MN Samuels,D Ramdin,Shoaib Malik,2,0,,,,,,"",""
ball,2,21.7,West Indies,MN Samuels,D Ramdin,Shoaib Malik,6,0,,,,,,"",""
ball,2,22.1,West Indies,D Ramdin,MN Samuels,Imad Wasim,1,0,,,,,,"",""
ball,2,22.2,West Indies,MN Samuels,D Ramdin,Imad Wasim,1,0,,,,,,"",""
ball,2,22.3,West Indies,D Ramdin,MN Samuels,Imad Wasim,0,0,,,,,,"",""
ball,2,22.4,West Indies,D Ramdin,MN Samuels,Imad Wasim,0,0,,,,,,"",""
ball,2,22.5,West Indies,D Ramdin,MN Samuels,Imad Wasim,0,0,,,,,,"",""
ball,2,22.6,West Indies,D Ramdin,MN Samuels,Imad Wasim,4,0,,,,,,"",""
ball,2,23.1,West Indies,MN Samuels,D Ramdin,Mohammad Nawaz (3),1,0,,,,,,"",""
ball,2,23.2,West Indies,D Ramdin,MN Samuels,Mohammad Nawaz (3),0,0,,,,,,caught,D Ramdin
ball,2,23.3,West Indies,KA Pollard,MN Samuels,Mohammad Nawaz (3),0,0,,,,,,"",""
ball,2,23.4,West Indies,KA Pollard,MN Samuels,Mohammad Nawaz (3),1,0,,,,,,"",""
ball,2,23.5,West Indies,MN Samuels,KA Pollard,Mohammad Nawaz (3),0,0,,,,,,"",""
ball,2,23.6,West Indies,MN Samuels,KA Pollard,Mohammad Nawaz (3),0,0,,,,,,"",""
ball,2,24.1,West Indies,KA Pollard,MN Samuels,Imad Wasim,6,0,,,,,,"",""
ball,2,24.2,West Indies,KA Pollard,MN Samuels,Imad Wasim,0,0,,,,,,"",""
ball,2,24.3,West Indies,KA Pollard,MN Samuels,Imad Wasim,1,0,,,,,,"",""
ball,2,24.4,West Indies,MN Samuels,KA Pollard,Imad Wasim,1,0,,,,,,"",""
ball,2,24.5,West Indies,KA Pollard,MN Samuels,Imad Wasim,1,0,,,,,,"",""
ball,2,24.6,West Indies,MN Samuels,KA Pollard,Imad Wasim,0,0,,,,,,"",""
ball,2,25.1,West Indies,KA Pollard,MN Samuels,Mohammad Nawaz (3),0,0,,,,,,caught,KA Pollard
ball,2,25.2,West Indies,MN Samuels,JO Holder,Mohammad Nawaz (3),1,0,,,,,,"",""
ball,2,25.3,West Indies,JO Holder,MN Samuels,Mohammad Nawaz (3),1,0,,,,,,"",""
ball,2,25.4,West Indies,MN Samuels,JO Holder,Mohammad Nawaz (3),0,0,,,,,,"",""
ball,2,25.5,West Indies,MN Samuels,JO Holder,Mohammad Nawaz (3),1,0,,,,,,"",""
ball,2,25.6,West Indies,JO Holder,MN Samuels,Mohammad Nawaz (3),0,0,,,,,,"",""
ball,2,26.1,West Indies,MN Samuels,JO Holder,Imad Wasim,0,0,,,,,,"",""
ball,2,26.2,West Indies,MN Samuels,JO Holder,Imad Wasim,1,0,,,,,,"",""
ball,2,26.3,West Indies,JO Holder,MN Samuels,Imad Wasim,0,0,,,,,,"",""
ball,2,26.4,West Indies,JO Holder,MN Samuels,Imad Wasim,0,0,,,,,,"",""
ball,2,26.5,West Indies,JO Holder,MN Samuels,Imad Wasim,0,0,,,,,,bowled,JO Holder
ball,2,26.6,West Indies,CR Brathwaite,MN Samuels,Imad Wasim,0,0,,,,,,"",""
ball,2,27.1,West Indies,MN Samuels,CR Brathwaite,Mohammad Nawaz (3),1,0,,,,,,"",""
ball,2,27.2,West Indies,CR Brathwaite,MN Samuels,Mohammad Nawaz (3),0,0,,,,,,"",""
ball,2,27.3,West Indies,CR Brathwaite,MN Samuels,Mohammad Nawaz (3),0,0,,,,,,"",""
ball,2,27.4,West Indies,CR Brathwaite,MN Samuels,Mohammad Nawaz (3),0,0,,,,,,"",""
ball,2,27.5,West Indies,CR Brathwaite,MN Samuels,Mohammad Nawaz (3),1,0,,,,,,"",""
ball,2,27.6,West Indies,MN Samuels,CR Brathwaite,Mohammad Nawaz (3),0,0,,,,,,"",""
ball,2,28.1,West Indies,CR Brathwaite,MN Samuels,Imad Wasim,0,0,,,,,,"",""
ball,2,28.2,West Indies,CR Brathwaite,MN Samuels,Imad Wasim,0,0,,,,,,"",""
ball,2,28.3,West Indies,CR Brathwaite,MN Samuels,Imad Wasim,0,0,,,,,,"",""
ball,2,28.4,West Indies,CR Brathwaite,MN Samuels,Imad Wasim,0,0,,,,,,"",""
ball,2,28.5,West Indies,CR Brathwaite,MN Samuels,Imad Wasim,1,0,,,,,,"",""
ball,2,28.6,West Indies,MN Samuels,CR Brathwaite,Imad Wasim,0,0,,,,,,"",""
ball,2,29.1,West Indies,CR Brathwaite,MN Samuels,Mohammad Amir,0,0,,,,,,"",""
ball,2,29.2,West Indies,CR Brathwaite,MN Samuels,Mohammad Amir,6,0,,,,,,"",""
ball,2,29.3,West Indies,CR Brathwaite,MN Samuels,Mohammad Amir,1,0,,,,,,"",""
ball,2,29.4,West Indies,MN Samuels,CR Brathwaite,Mohammad Amir,1,0,,,,,,"",""
ball,2,29.5,West Indies,CR Brathwaite,MN Samuels,Mohammad Amir,0,0,,,,,,"",""
ball,2,29.6,West Indies,CR Brathwaite,MN Samuels,Mohammad Amir,6,0,,,,,,"",""
ball,2,30.1,West Indies,MN Samuels,CR Brathwaite,Mohammad Nawaz (3),0,0,,,,,,"",""
ball,2,30.2,West Indies,MN Samuels,CR Brathwaite,Mohammad Nawaz (3),4,0,,,,,,"",""
ball,2,30.3,West Indies,MN Samuels,CR Brathwaite,Mohammad Nawaz (3),1,0,,,,,,"",""
ball,2,30.4,West Indies,CR Brathwaite,MN Samuels,Mohammad Nawaz (3),0,0,,,,,,bowled,CR Brathwaite
ball,2,30.5,West Indies,SP Narine,MN Samuels,Mohammad Nawaz (3),0,0,,,,,,"",""
ball,2,30.6,West Indies,SP Narine,MN Samuels,Mohammad Nawaz (3),6,0,,,,,,"",""
ball,2,31.1,West Indies,MN Samuels,SP Narine,Wahab Riaz,1,0,,,,,,"",""
ball,2,31.2,West Indies,SP Narine,MN Samuels,Wahab Riaz,0,0,,,,,,"",""
ball,2,31.3,West Indies,SP Narine,MN Samuels,Wahab Riaz,0,0,,,,,,"",""
ball,2,31.4,West Indies,SP Narine,MN Samuels,Wahab Riaz,0,0,,,,,,"",""
ball,2,31.5,West Indies,SP Narine,MN Samuels,Wahab Riaz,0,0,,,,,,"",""
ball,2,31.6,West Indies,SP Narine,MN Samuels,Wahab Riaz,0,0,,,,,,"",""
ball,2,32.1,West Indies,MN Samuels,SP Narine,Mohammad Nawaz (3),1,0,,,,,,"",""
ball,2,32.2,West Indies,SP Narine,MN Samuels,Mohammad Nawaz (3),1,0,,,,,,"",""
ball,2,32.3,West Indies,MN Samuels,SP Narine,Mohammad Nawaz (3),0,0,,,,,,"",""
ball,2,32.4,West Indies,MN Samuels,SP Narine,Mohammad Nawaz (3),0,0,,,,,,"",""
ball,2,32.5,West Indies,MN Samuels,SP Narine,Mohammad Nawaz (3),1,0,,,,,,"",""
ball,2,32.6,West Indies,SP Narine,MN Samuels,Mohammad Nawaz (3),0,0,,,,,,"",""
ball,2,33.1,West Indies,MN Samuels,SP Narine,Wahab Riaz,0,0,,,,,,bowled,MN Samuels
ball,2,33.2,West Indies,SJ Benn,SP Narine,Wahab Riaz,0,0,,,,,,"",""
ball,2,33.3,West Indies,SJ Benn,SP Narine,Wahab Riaz,0,0,,,,,,"",""
ball,2,33.4,West Indies,SJ Benn,SP Narine,Wahab Riaz,0,0,,,,,,"",""
ball,2,33.5,West Indies,SJ Benn,SP Narine,Wahab Riaz,4,0,,,,,,"",""
ball,2,33.6,West Indies,SJ Benn,SP Narine,Wahab Riaz,0,0,,,,,,"",""
ball,2,34.1,West Indies,SP Narine,SJ Benn,Mohammad Nawaz (3),0,1,,,,1,,"",""
ball,2,34.2,West Indies,SJ Benn,SP Narine,Mohammad Nawaz (3),2,0,,,,,,"",""
ball,2,34.3,West Indies,SJ Benn,SP Narine,Mohammad Nawaz (3),4,0,,,,,,"",""
ball,2,34.4,West Indies,SJ Benn,SP Narine,Mohammad Nawaz (3),1,0,,,,,,"",""
ball,2,34.5,West Indies,SP Narine,SJ Benn,Mohammad Nawaz (3),6,0,,,,,,"",""
ball,2,34.6,West Indies,SP Narine,SJ Benn,Mohammad Nawaz (3),1,0,,,,,,"",""
ball,2,35.1,West Indies,SP Narine,SJ Benn,Wahab Riaz,1,0,,,,,,"",""
ball,2,35.2,West Indies,SJ Benn,SP Narine,Wahab Riaz,0,0,,,,,,"",""
ball,2,35.3,West Indies,SJ Benn,SP Narine,Wahab Riaz,0,1,,1,,,,"",""
ball,2,35.4,West Indies,SJ Benn,SP Narine,Wahab Riaz,0,0,,,,,,"",""
ball,2,35.5,West Indies,SJ Benn,SP Narine,Wahab Riaz,1,0,,,,,,"",""
ball,2,35.6,West Indies,SP Narine,SJ Benn,Wahab Riaz,4,0,,,,,,"",""
ball,2,35.7,West Indies,SP Narine,SJ Benn,Wahab Riaz,4,0,,,,,,"",""
ball,2,36.1,West Indies,SJ Benn,SP Narine,Hasan Ali,1,0,,,,,,"",""
ball,2,36.2,West Indies,SP Narine,SJ Benn,Hasan Ali,0,0,,,,,,caught,SP Narine
ball,2,36.3,West Indies,SJ Benn,ST Gabriel,Hasan Ali,0,4,,,,4,,"",""
ball,2,36.4,West Indies,SJ Benn,ST Gabriel,Hasan Ali,1,0,,,,,,"",""
ball,2,36.5,West Indies,ST Gabriel,SJ Benn,Hasan Ali,0,0,,,,,,"",""
ball,2,36.6,West Indies,ST Gabriel,SJ Benn,Hasan Ali,1,0,,,,,,"",""
ball,2,37.1,West Indies,ST Gabriel,SJ Benn,Mohammad Nawaz (3),0,0,,,,,,"",""
ball,2,37.2,West Indies,ST Gabriel,SJ Benn,Mohammad Nawaz (3),0,0,,,,,,"",""
ball,2,37.3,West Indies,ST Gabriel,SJ Benn,Mohammad Nawaz (3),1,0,,,,,,"",""
ball,2,37.4,West Indies,SJ Benn,ST Gabriel,Mohammad Nawaz (3),0,0,,,,,,"",""
ball,2,37.5,West Indies,SJ Benn,ST Gabriel,Mohammad Nawaz (3),0,0,,,,,,"",""
ball,2,37.6,West Indies,SJ Benn,ST Gabriel,Mohammad Nawaz (3),1,0,,,,,,"",""
ball,2,38.1,West Indies,SJ Benn,ST Gabriel,Hasan Ali,1,0,,,,,,"",""
ball,2,38.2,West Indies,ST Gabriel,SJ Benn,Hasan Ali,0,0,,,,,,"",""
ball,2,38.3,West Indies,ST Gabriel,SJ Benn,Hasan Ali,0,0,,,,,,"",""
ball,2,38.4,West Indies,ST Gabriel,SJ Benn,Hasan Ali,0,0,,,,,,bowled,ST Gabriel
