version,1.6.0
info,balls_per_over,6
info,team,Pakistan
info,team,West Indies
info,gender,male
info,season,2016/17
info,date,2016/09/23
info,event,Pakistan v West Indies T20I Series
info,match_number,1
info,venue,Dubai International Cricket Stadium
info,city,
info,neutralvenue,true
info,toss_winner,Pakistan
info,toss_decision,field
info,player_of_match,Imad Wasim
info,umpire,Ahsan Raza
info,umpire,Shozab Raza
info,reserve_umpire,Khalid Mahmood
info,tv_umpire,Ahmed Shahab
info,match_referee,AJ Pycroft
info,winner,Pakistan
info,winner_wickets,9
info,player,Pakistan,Sharjeel Khan
info,player,Pakistan,Khalid Latif
info,player,Pakistan,Babar Azam
info,player,Pakistan,Shoaib Malik
info,player,Pakistan,Umar Akmal
info,player,Pakistan,Sarfraz Ahmed
info,player,Pakistan,Mohammad Nawaz (3)
info,player,Pakistan,Imad Wasim
info,player,Pakistan,Wahab Riaz
info,player,Pakistan,Sohail Tanvir
info,player,Pakistan,Hasan Ali
info,player,West Indies,J Charles
info,player,West Indies,E Lewis
info,player,West Indies,ADS Fletcher
info,player,West Indies,MN Samuels
info,player,West Indies,DJ Bravo
info,player,West Indies,N Pooran
info,player,West Indies,KA Pollard
info,player,West Indies,CR Brathwaite
info,player,West Indies,SP Narine
info,player,West Indies,JE Taylor
info,player,West Indies,S Badree
info,registry,people,ADS Fletcher,1bae756b
info,registry,people,AJ Pycroft,685d3f80
info,registry,people,Ahmed Shahab,86a1918c
info,registry,people,Ahsan Raza,e0e5b209
info,registry,people,Babar Azam,8a75e999
info,registry,people,CR Brathwaite,e342e5fb
info,registry,people,DJ Bravo,87e562a9
info,registry,people,E Lewis,0ebfb1ad
info,registry,people,Hasan Ali,2911de16
info,registry,people,Imad Wasim,9cb8d7a6
info,registry,people,J Charles,09a9d073
info,registry,people,JE Taylor,4180d897
info,registry,people,KA Pollard,a757b0d8
info,registry,people,Khalid Latif,5eea345c
info,registry,people,Khalid Mahmood,0b06b921
info,registry,people,MN Samuels,f846de6a
info,registry,people,Mohammad Nawaz (3),3086f7a4
info,registry,people,N Pooran,3241e3fd
info,registry,people,S Badree,76388dc8
info,registry,people,SP Narine,9d430b40
info,registry,people,Sarfraz Ahmed,2254ab79
info,registry,people,Sharjeel Khan,193ef196
info,registry,people,Shoaib Malik,64c34cd0
info,registry,people,Shozab Raza,153c67dc
info,registry,people,Sohail Tanvir,64d43928
info,registry,people,Umar Akmal,fd2bf2a0
info,registry,people,Wahab Riaz,b3118300
ball,1,0.1,West Indies,J Charles,E Lewis,Imad Wasim,1,0,,,,,,"",""
ball,1,0.2,West Indies,E Lewis,J Charles,Imad Wasim,1,0,,,,,,"",""
ball,1,0.3,West Indies,J Charles,E Lewis,Imad Wasim,1,0,,,,,,"",""
ball,1,0.4,West Indies,E Lewis,J Charles,Imad Wasim,0,0,,,,,,"",""
ball,1,0.5,West Indies,E Lewis,J Charles,Imad Wasim,0,0,,,,,,caught,E Lewis
ball,1,0.6,West Indies,J Charles,ADS Fletcher,Imad Wasim,0,0,,,,,,"",""
ball,1,1.1,West Indies,ADS Fletcher,J Charles,Sohail Tanvir,1,0,,,,,,"",""
ball,1,1.2,West Indies,J Charles,ADS Fletcher,Sohail Tanvir,1,0,,,,,,"",""
ball,1,1.3,West Indies,ADS Fletcher,J Charles,Sohail Tanvir,0,0,,,,,,"",""
ball,1,1.4,West Indies,ADS Fletcher,J Charles,Sohail Tanvir,0,0,,,,,,"",""
ball,1,1.5,West Indies,ADS Fletcher,J Charles,Sohail Tanvir,0,1,1,,,,,"",""
ball,1,1.6,West Indies,ADS Fletcher,J Charles,Sohail Tanvir,1,0,,,,,,"",""
ball,1,1.7,West Indies,J Charles,ADS Fletcher,Sohail Tanvir,4,0,,,,,,"",""
ball,1,2.1,West Indies,ADS Fletcher,J Charles,Imad Wasim,0,0,,,,,,"",""
ball,1,2.2,West Indies,ADS Fletcher,J Charles,Imad Wasim,0,0,,,,,,bowled,ADS Fletcher
ball,1,2.3,West Indies,MN Samuels,J Charles,Imad Wasim,4,0,,,,,,"",""
ball,1,2.4,West Indies,MN Samuels,J Charles,Imad Wasim,0,0,,,,,,lbw,MN Samuels
ball,1,2.5,West Indies,DJ Bravo,J Charles,Imad Wasim,0,0,,,,,,"",""
ball,1,2.6,West Indies,DJ Bravo,J Charles,Imad Wasim,1,0,,,,,,"",""
ball,1,3.1,West Indies,DJ Bravo,J Charles,Mohammad Nawaz (3),0,0,,,,,,"",""
ball,1,3.2,West Indies,DJ Bravo,J Charles,Mohammad Nawaz (3),1,0,,,,,,"",""
ball,1,3.3,West Indies,J Charles,DJ Bravo,Mohammad Nawaz (3),0,0,,,,,,"",""
ball,1,3.4,West Indies,J Charles,DJ Bravo,Mohammad Nawaz (3),0,0,,,,,,bowled,J Charles
ball,1,3.5,West Indies,N Pooran,DJ Bravo,Mohammad Nawaz (3),1,0,,,,,,"",""
ball,1,3.6,West Indies,DJ Bravo,N Pooran,Mohammad Nawaz (3),0,0,,,,,,"",""
ball,1,4.1,West Indies,N Pooran,DJ Bravo,Hasan Ali,0,0,,,,,,"",""
ball,1,4.2,West Indies,N Pooran,DJ Bravo,Hasan Ali,4,0,,,,,,"",""
ball,1,4.3,West Indies,N Pooran,DJ Bravo,Hasan Ali,0,0,,,,,,caught,N Pooran
ball,1,4.4,West Indies,KA Pollard,DJ Bravo,Hasan Ali,0,0,,,,,,"",""
ball,1,4.5,West Indies,KA Pollard,DJ Bravo,Hasan Ali,0,0,,,,,,"",""
ball,1,4.6,West Indies,KA Pollard,DJ Bravo,Hasan Ali,0,0,,,,,,"",""
ball,1,5.1,West Indies,DJ Bravo,KA Pollard,Mohammad Nawaz (3),0,0,,,,,,"",""
ball,1,5.2,West Indies,DJ Bravo,KA Pollard,Mohammad Nawaz (3),0,0,,,,,,"",""
ball,1,5.3,West Indies,DJ Bravo,KA Pollard,Mohammad Nawaz (3),1,0,,,,,,"",""
ball,1,5.4,West Indies,KA Pollard,DJ Bravo,Mohammad Nawaz (3),1,0,,,,,,"",""
ball,1,5.5,West Indies,DJ Bravo,KA Pollard,Mohammad Nawaz (3),0,0,,,,,,"",""
ball,1,5.6,West Indies,DJ Bravo,KA Pollard,Mohammad Nawaz (3),1,0,,,,,,"",""
ball,1,6.1,West Indies,DJ Bravo,KA Pollard,Shoaib Malik,0,0,,,,,,"",""
ball,1,6.2,West Indies,DJ Bravo,KA Pollard,Shoaib Malik,0,1,1,,,,,"",""
ball,1,6.3,West Indies,DJ Bravo,KA Pollard,Shoaib Malik,0,0,,,,,,"",""
ball,1,6.4,West Indies,DJ Bravo,KA Pollard,Shoaib Malik,1,0,,,,,,"",""
ball,1,6.5,West Indies,KA Pollard,DJ Bravo,Shoaib Malik,1,0,,,,,,"",""
ball,1,6.6,West Indies,DJ Bravo,KA Pollard,Shoaib Malik,1,0,,,,,,"",""
ball,1,6.7,West Indies,KA Pollard,DJ Bravo,Shoaib Malik,1,0,,,,,,"",""
ball,1,7.1,West Indies,KA Pollard,DJ Bravo,Hasan Ali,1,0,,,,,,"",""
ball,1,7.2,West Indies,DJ Bravo,KA Pollard,Hasan Ali,4,0,,,,,,"",""
ball,1,7.3,West Indies,DJ Bravo,KA Pollard,Hasan Ali,1,0,,,,,,"",""
ball,1,7.4,West Indies,KA Pollard,DJ Bravo,Hasan Ali,1,0,,,,,,"",""
ball,1,7.5,West Indies,DJ Bravo,KA Pollard,Hasan Ali,1,0,,,,,,"",""
ball,1,7.6,West Indies,KA Pollard,DJ Bravo,Hasan Ali,1,0,,,,,,"",""
ball,1,8.1,West Indies,KA Pollard,DJ Bravo,Imad Wasim,0,0,,,,,,"",""
ball,1,8.2,West Indies,KA Pollard,DJ Bravo,Imad Wasim,0,0,,,,,,"",""
ball,1,8.3,West Indies,KA Pollard,DJ Bravo,Imad Wasim,1,0,,,,,,"",""
ball,1,8.4,West Indies,DJ Bravo,KA Pollard,Imad Wasim,1,0,,,,,,"",""
ball,1,8.5,West Indies,KA Pollard,DJ Bravo,Imad Wasim,1,0,,,,,,"",""
ball,1,8.6,West Indies,DJ Bravo,KA Pollard,Imad Wasim,1,0,,,,,,"",""
ball,1,9.1,West Indies,DJ Bravo,KA Pollard,Mohammad Nawaz (3),0,0,,,,,,"",""
ball,1,9.2,West Indies,DJ Bravo,KA Pollard,Mohammad Nawaz (3),1,0,,,,,,"",""
ball,1,9.3,West Indies,KA Pollard,DJ Bravo,Mohammad Nawaz (3),0,0,,,,,,"",""
ball,1,9.4,West Indies,KA Pollard,DJ Bravo,Mohammad Nawaz (3),1,0,,,,,,"",""
ball,1,9.5,West Indies,DJ Bravo,KA Pollard,Mohammad Nawaz (3),1,0,,,,,,"",""
ball,1,9.6,West Indies,KA Pollard,DJ Bravo,Mohammad Nawaz (3),0,0,,,,,,"",""
ball,1,10.1,West Indies,DJ Bravo,KA Pollard,Imad Wasim,0,0,,,,,,"",""
ball,1,10.2,West Indies,DJ Bravo,KA Pollard,Imad Wasim,1,0,,,,,,"",""
ball,1,10.3,West Indies,KA Pollard,DJ Bravo,Imad Wasim,0,0,,,,,,bowled,KA Pollard
ball,1,10.4,West Indies,CR Brathwaite,DJ Bravo,Imad Wasim,0,0,,,,,,"",""
ball,1,10.5,West Indies,CR Brathwaite,DJ Bravo,Imad Wasim,0,0,,,,,,caught,CR Brathwaite
ball,1,10.6,West Indies,SP Narine,DJ Bravo,Imad Wasim,1,0,,,,,,"",""
ball,1,11.1,West Indies,SP Narine,DJ Bravo,Wahab Riaz,0,0,,,,,,"",""
ball,1,11.2,West Indies,SP Narine,DJ Bravo,Wahab Riaz,0,0,,,,,,"",""
ball,1,11.3,West Indies,SP Narine,DJ Bravo,Wahab Riaz,0,0,,,,,,run out,SP Narine
ball,1,11.4,West Indies,DJ Bravo,JE Taylor,Wahab Riaz,0,0,,,,,,"",""
ball,1,11.5,West Indies,DJ Bravo,JE Taylor,Wahab Riaz,0,0,,,,,,"",""
ball,1,11.6,West Indies,DJ Bravo,JE Taylor,Wahab Riaz,0,0,,,,,,"",""
ball,1,12.1,West Indies,JE Taylor,DJ Bravo,Mohammad Nawaz (3),1,0,,,,,,"",""
ball,1,12.2,West Indies,DJ Bravo,JE Taylor,Mohammad Nawaz (3),0,0,,,,,,"",""
ball,1,12.3,West Indies,DJ Bravo,JE Taylor,Mohammad Nawaz (3),1,0,,,,,,"",""
ball,1,12.4,West Indies,JE Taylor,DJ Bravo,Mohammad Nawaz (3),0,0,,,,,,"",""
ball,1,12.5,West Indies,JE Taylor,DJ Bravo,Mohammad Nawaz (3),6,0,,,,,,"",""
ball,1,12.6,West Indies,JE Taylor,DJ Bravo,Mohammad Nawaz (3),0,0,,,,,,"",""
ball,1,13.1,West Indies,DJ Bravo,JE Taylor,Wahab Riaz,0,0,,,,,,"",""
ball,1,13.2,West Indies,DJ Bravo,JE Taylor,Wahab Riaz,0,0,,,,,,"",""
ball,1,13.3,West Indies,DJ Bravo,JE Taylor,Wahab Riaz,0,1,,,,1,,"",""
ball,1,13.4,West Indies,JE Taylor,DJ Bravo,Wahab Riaz,0,0,,,,,,"",""
ball,1,13.5,West Indies,JE Taylor,DJ Bravo,Wahab Riaz,0,1,1,,,,,"",""
ball,1,13.6,West Indies,JE Taylor,DJ Bravo,Wahab Riaz,0,0,,,,,,"",""
ball,1,13.7,West Indies,JE Taylor,DJ Bravo,Wahab Riaz,0,0,,,,,,"",""
ball,1,14.1,West Indies,DJ Bravo,JE Taylor,Sohail Tanvir,6,0,,,,,,"",""
ball,1,14.2,West Indies,DJ Bravo,JE Taylor,Sohail Tanvir,1,0,,,,,,"",""
ball,1,14.3,West Indies,JE Taylor,DJ Bravo,Sohail Tanvir,0,1,,,,1,,"",""
ball,1,14.4,West Indies,DJ Bravo,JE Taylor,Sohail Tanvir,4,0,,,,,,"",""
ball,1,14.5,West Indies,DJ Bravo,JE Taylor,Sohail Tanvir,0,0,,,,,,"",""
ball,1,14.6,West Indies,DJ Bravo,JE Taylor,Sohail Tanvir,1,0,,,,,,"",""
ball,1,15.1,West Indies,DJ Bravo,JE Taylor,Hasan Ali,2,0,,,,,,"",""
ball,1,15.2,West Indies,DJ Bravo,JE Taylor,Hasan Ali,0,1,1,,,,,"",""
ball,1,15.3,West Indies,DJ Bravo,JE Taylor,Hasan Ali,4,0,,,,,,"",""
ball,1,15.4,West Indies,DJ Bravo,JE Taylor,Hasan Ali,1,0,,,,,,"",""
ball,1,15.5,West Indies,JE Taylor,DJ Bravo,Hasan Ali,1,0,,,,,,"",""
ball,1,15.6,West Indies,DJ Bravo,JE Taylor,Hasan Ali,4,0,,,,,,"",""
ball,1,15.7,West Indies,DJ Bravo,JE Taylor,Hasan Ali,1,1,,1,,,,"",""
ball,1,15.8,West Indies,JE Taylor,DJ Bravo,Hasan Ali,4,0,,,,,,"",""
ball,1,16.1,West Indies,DJ Bravo,JE Taylor,Wahab Riaz,1,1,,1,,,,"",""
ball,1,16.2,West Indies,JE Taylor,DJ Bravo,Wahab Riaz,4,0,,,,,,"",""
ball,1,16.3,West Indies,JE Taylor,DJ Bravo,Wahab Riaz,0,0,,,,,,"",""
ball,1,16.4,West Indies,JE Taylor,DJ Bravo,Wahab Riaz,0,0,,,,,,"",""
ball,1,16.5,West Indies,JE Taylor,DJ Bravo,Wahab Riaz,0,0,,,,,,"",""
ball,1,16.6,West Indies,JE Taylor,DJ Bravo,Wahab Riaz,2,0,,,,,,"",""
ball,1,16.7,West Indies,JE Taylor,DJ Bravo,Wahab Riaz,0,0,,,,,,"",""
ball,1,17.1,West Indies,DJ Bravo,JE Taylor,Sohail Tanvir,1,0,,,,,,"",""
ball,1,17.2,West Indies,JE Taylor,DJ Bravo,Sohail Tanvir,0,0,,,,,,"",""
ball,1,17.3,West Indies,JE Taylor,DJ Bravo,Sohail Tanvir,0,0,,,,,,"",""
ball,1,17.4,West Indies,JE Taylor,DJ Bravo,Sohail Tanvir,1,0,,,,,,"",""
ball,1,17.5,West Indies,DJ Bravo,JE Taylor,Sohail Tanvir,0,0,,,,,,"",""
ball,1,17.6,West Indies,DJ Bravo,JE Taylor,Sohail Tanvir,1,0,,,,,,"",""
ball,1,18.1,West Indies,DJ Bravo,JE Taylor,Wahab Riaz,2,0,,,,,,"",""
ball,1,18.2,West Indies,DJ Bravo,JE Taylor,Wahab Riaz,0,0,,,,,,"",""
ball,1,18.3,West Indies,DJ Bravo,JE Taylor,Wahab Riaz,0,0,,,,,,"",""
ball,1,18.4,West Indies,DJ Bravo,JE Taylor,Wahab Riaz,6,0,,,,,,"",""
ball,1,18.5,West Indies,DJ Bravo,JE Taylor,Wahab Riaz,1,0,,,,,,"",""
ball,1,18.6,West Indies,JE Taylor,DJ Bravo,Wahab Riaz,2,0,,,,,,"",""
ball,1,19.1,West Indies,DJ Bravo,JE Taylor,Sohail Tanvir,0,1,1,,,,,"",""
ball,1,19.2,West Indies,DJ Bravo,JE Taylor,Sohail Tanvir,1,0,,,,,,"",""
ball,1,19.3,West Indies,JE Taylor,DJ Bravo,Sohail Tanvir,0,0,,,,,,bowled,JE Taylor
ball,1,19.4,West Indies,S Badree,DJ Bravo,Sohail Tanvir,1,0,,,,,,"",""
ball,1,19.5,West Indies,DJ Bravo,S Badree,Sohail Tanvir,0,0,,,,,,"",""
ball,1,19.6,West Indies,DJ Bravo,S Badree,Sohail Tanvir,0,0,,,,,,caught,DJ Bravo
ball,2,0.1,Pakistan,Sharjeel Khan,Khalid Latif,S Badree,0,0,,,,,,"",""
ball,2,0.2,Pakistan,Sharjeel Khan,Khalid Latif,S Badree,4,0,,,,,,"",""
ball,2,0.3,Pakistan,Sharjeel Khan,Khalid Latif,S Badree,0,1,1,,,,,"",""
ball,2,0.4,Pakistan,Sharjeel Khan,Khalid Latif,S Badree,1,0,,,,,,"",""
ball,2,0.5,Pakistan,Khalid Latif,Sharjeel Khan,S Badree,0,0,,,,,,"",""
ball,2,0.6,Pakistan,Khalid Latif,Sharjeel Khan,S Badree,0,0,,,,,,"",""
ball,2,0.7,Pakistan,Khalid Latif,Sharjeel Khan,S Badree,0,0,,,,,,"",""
ball,2,1.1,Pakistan,Sharjeel Khan,Khalid Latif,JE Taylor,4,0,,,,,,"",""
ball,2,1.2,Pakistan,Sharjeel Khan,Khalid Latif,JE Taylor,0,0,,,,,,"",""
ball,2,1.3,Pakistan,Sharjeel Khan,Khalid Latif,JE Taylor,0,0,,,,,,"",""
ball,2,1.4,Pakistan,Sharjeel Khan,Khalid Latif,JE Taylor,0,0,,,,,,"",""
ball,2,1.5,Pakistan,Sharjeel Khan,Khalid Latif,JE Taylor,0,1,,,,1,,"",""
ball,2,1.6,Pakistan,Khalid Latif,Sharjeel Khan,JE Taylor,4,0,,,,,,"",""
ball,2,2.1,Pakistan,Sharjeel Khan,Khalid Latif,SP Narine,0,0,,,,,,"",""
ball,2,2.2,Pakistan,Sharjeel Khan,Khalid Latif,SP Narine,0,0,,,,,,"",""
ball,2,2.3,Pakistan,Sharjeel Khan,Khalid Latif,SP Narine,0,0,,,,,,"",""
ball,2,2.4,Pakistan,Sharjeel Khan,Khalid Latif,SP Narine,0,0,,,,,,"",""
ball,2,2.5,Pakistan,Sharjeel Khan,Khalid Latif,SP Narine,1,0,,,,,,"",""
ball,2,2.6,Pakistan,Khalid Latif,Sharjeel Khan,SP Narine,0,0,,,,,,"",""
ball,2,3.1,Pakistan,Sharjeel Khan,Khalid Latif,S Badree,4,0,,,,,,"",""
ball,2,3.2,Pakistan,Sharjeel Khan,Khalid Latif,S Badree,2,0,,,,,,"",""
ball,2,3.3,Pakistan,Sharjeel Khan,Khalid Latif,S Badree,6,0,,,,,,"",""
ball,2,3.4,Pakistan,Sharjeel Khan,Khalid Latif,S Badree,0,0,,,,,,"",""
ball,2,3.5,Pakistan,Sharjeel Khan,Khalid Latif,S Badree,0,0,,,,,,bowled,Sharjeel Khan
ball,2,3.6,Pakistan,Babar Azam,Khalid Latif,S Badree,0,0,,,,,,"",""
ball,2,4.1,Pakistan,Khalid Latif,Babar Azam,DJ Bravo,0,1,1,,,,,"",""
ball,2,4.2,Pakistan,Khalid Latif,Babar Azam,DJ Bravo,0,0,,,,,,"",""
ball,2,4.3,Pakistan,Khalid Latif,Babar Azam,DJ Bravo,1,0,,,,,,"",""
ball,2,4.4,Pakistan,Babar Azam,Khalid Latif,DJ Bravo,1,0,,,,,,"",""
ball,2,4.5,Pakistan,Khalid Latif,Babar Azam,DJ Bravo,0,0,,,,,,"",""
ball,2,4.6,Pakistan,Khalid Latif,Babar Azam,DJ Bravo,1,0,,,,,,"",""
ball,2,4.7,Pakistan,Babar Azam,Khalid Latif,DJ Bravo,1,0,,,,,,"",""
ball,2,5.1,Pakistan,Babar Azam,Khalid Latif,S Badree,4,0,,,,,,"",""
ball,2,5.2,Pakistan,Babar Azam,Khalid Latif,S Badree,0,0,,,,,,"",""
ball,2,5.3,Pakistan,Babar Azam,Khalid Latif,S Badree,1,0,,,,,,"",""
ball,2,5.4,Pakistan,Khalid Latif,Babar Azam,S Badree,0,0,,,,,,"",""
ball,2,5.5,Pakistan,Khalid Latif,Babar Azam,S Badree,0,0,,,,,,"",""
ball,2,5.6,Pakistan,Khalid Latif,Babar Azam,S Badree,0,0,,,,,,"",""
ball,2,6.1,Pakistan,Babar Azam,Khalid Latif,CR Brathwaite,0,0,,,,,,"",""
ball,2,6.2,Pakistan,Babar Azam,Khalid Latif,CR Brathwaite,1,0,,,,,,"",""
ball,2,6.3,Pakistan,Khalid Latif,Babar Azam,CR Brathwaite,0,0,,,,,,"",""
ball,2,6.4,Pakistan,Khalid Latif,Babar Azam,CR Brathwaite,1,0,,,,,,"",""
ball,2,6.5,Pakistan,Babar Azam,Khalid Latif,CR Brathwaite,0,0,,,,,,"",""
ball,2,6.6,Pakistan,Babar Azam,Khalid Latif,CR Brathwaite,0,0,,,,,,"",""
ball,2,7.1,Pakistan,Khalid Latif,Babar Azam,S Badree,1,0,,,,,,"",""
ball,2,7.2,Pakistan,Babar Azam,Khalid Latif,S Badree,0,0,,,,,,"",""
ball,2,7.3,Pakistan,Babar Azam,Khalid Latif,S Badree,2,0,,,,,,"",""
ball,2,7.4,Pakistan,Babar Azam,Khalid Latif,S Badree,0,0,,,,,,"",""
ball,2,7.5,Pakistan,Babar Azam,Khalid Latif,S Badree,1,0,,,,,,"",""
ball,2,7.6,Pakistan,Khalid Latif,Babar Azam,S Badree,0,0,,,,,,"",""
ball,2,8.1,Pakistan,Babar Azam,Khalid Latif,CR Brathwaite,0,0,,,,,,"",""
ball,2,8.2,Pakistan,Babar Azam,Khalid Latif,CR Brathwaite,1,0,,,,,,"",""
ball,2,8.3,Pakistan,Khalid Latif,Babar Azam,CR Brathwaite,1,0,,,,,,"",""
ball,2,8.4,Pakistan,Babar Azam,Khalid Latif,CR Brathwaite,6,0,,,,,,"",""
ball,2,8.5,Pakistan,Babar Azam,Khalid Latif,CR Brathwaite,0,0,,,,,,"",""
ball,2,8.6,Pakistan,Babar Azam,Khalid Latif,CR Brathwaite,4,1,,1,,,,"",""
ball,2,8.7,Pakistan,Babar Azam,Khalid Latif,CR Brathwaite,6,0,,,,,,"",""
ball,2,9.1,Pakistan,Khalid Latif,Babar Azam,KA Pollard,1,0,,,,,,"",""
ball,2,9.2,Pakistan,Babar Azam,Khalid Latif,KA Pollard,1,0,,,,,,"",""
ball,2,9.3,Pakistan,Khalid Latif,Babar Azam,KA Pollard,1,0,,,,,,"",""
ball,2,9.4,Pakistan,Babar Azam,Khalid Latif,KA Pollard,4,0,,,,,,"",""
ball,2,9.5,Pakistan,Babar Azam,Khalid Latif,KA Pollard,0,0,,,,,,"",""
ball,2,9.6,Pakistan,Babar Azam,Khalid Latif,KA Pollard,1,0,,,,,,"",""
ball,2,10.1,Pakistan,Babar Azam,Khalid Latif,SP Narine,1,0,,,,,,"",""
ball,2,10.2,Pakistan,Khalid Latif,Babar Azam,SP Narine,1,0,,,,,,"",""
ball,2,10.3,Pakistan,Babar Azam,Khalid Latif,SP Narine,1,0,,,,,,"",""
ball,2,10.4,Pakistan,Khalid Latif,Babar Azam,SP Narine,4,0,,,,,,"",""
ball,2,10.5,Pakistan,Khalid Latif,Babar Azam,SP Narine,1,0,,,,,,"",""
ball,2,10.6,Pakistan,Babar Azam,Khalid Latif,SP Narine,1,0,,,,,,"",""
ball,2,11.1,Pakistan,Babar Azam,Khalid Latif,KA Pollard,1,0,,,,,,"",""
ball,2,11.2,Pakistan,Khalid Latif,Babar Azam,KA Pollard,0,1,1,,,,,"",""
ball,2,11.3,Pakistan,Khalid Latif,Babar Azam,KA Pollard,0,0,,,,,,"",""
ball,2,11.4,Pakistan,Khalid Latif,Babar Azam,KA Pollard,1,0,,,,,,"",""
ball,2,11.5,Pakistan,Babar Azam,Khalid Latif,KA Pollard,1,0,,,,,,"",""
ball,2,11.6,Pakistan,Khalid Latif,Babar Azam,KA Pollard,1,0,,,,,,"",""
ball,2,11.7,Pakistan,Babar Azam,Khalid Latif,KA Pollard,1,0,,,,,,"",""
ball,2,12.1,Pakistan,Babar Azam,Khalid Latif,DJ Bravo,4,0,,,,,,"",""
ball,2,12.2,Pakistan,Babar Azam,Khalid Latif,DJ Bravo,1,0,,,,,,"",""
ball,2,12.3,Pakistan,Khalid Latif,Babar Azam,DJ Bravo,4,0,,,,,,"",""
ball,2,12.4,Pakistan,Khalid Latif,Babar Azam,DJ Bravo,0,0,,,,,,"",""
ball,2,12.5,Pakistan,Khalid Latif,Babar Azam,DJ Bravo,1,0,,,,,,"",""
ball,2,12.6,Pakistan,Babar Azam,Khalid Latif,DJ Bravo,1,0,,,,,,"",""
ball,2,13.1,Pakistan,Babar Azam,Khalid Latif,SP Narine,0,0,,,,,,"",""
ball,2,13.2,Pakistan,Babar Azam,Khalid Latif,SP Narine,1,0,,,,,,"",""
ball,2,13.3,Pakistan,Khalid Latif,Babar Azam,SP Narine,4,0,,,,,,"",""
ball,2,13.4,Pakistan,Khalid Latif,Babar Azam,SP Narine,0,0,,,,,,"",""
ball,2,13.5,Pakistan,Khalid Latif,Babar Azam,SP Narine,6,0,,,,,,"",""
ball,2,13.6,Pakistan,Khalid Latif,Babar Azam,SP Narine,0,0,,,,,,"",""
ball,2,14.1,Pakistan,Babar Azam,Khalid Latif,CR Brathwaite,4,0,,,,,,"",""
ball,2,14.2,Pakistan,Babar Azam,Khalid Latif,CR Brathwaite,4,0,,,,,,"",""
