version,1.6.0
info,balls_per_over,6
info,team,Pakistan
info,team,West Indies
info,gender,male
info,season,2016/17
info,date,2016/10/05
info,event,Pakistan v West Indies ODI Series
info,match_number,3
info,venue,Sheikh Zayed Stadium
info,city,Abu Dhabi
info,neutralvenue,true
info,toss_winner,Pakistan
info,toss_decision,bat
info,player_of_match,Babar Azam
info,umpire,Ahsan Raza
info,umpire,RSA Palliyaguruge
info,reserve_umpire,Shozab Raza
info,tv_umpire,S Ravi
info,match_referee,AJ Pycroft
info,winner,Pakistan
info,winner_runs,136
info,player,Pakistan,Azhar Ali
info,player,Pakistan,Sharjeel Khan
info,player,Pakistan,Babar Azam
info,player,Pakistan,Shoaib Malik
info,player,Pakistan,Sarfraz Ahmed
info,player,Pakistan,Mohammad Rizwan
info,player,Pakistan,Imad Wasim
info,player,Pakistan,Mohammad Nawaz (3)
info,player,Pakistan,Sohail Khan
info,player,Pakistan,Wahab Riaz
info,player,Pakistan,Hasan Ali
info,player,West Indies,KC Brathwaite
info,player,West Indies,E Lewis
info,player,West Indies,DM Bravo
info,player,West Indies,MN Samuels
info,player,West Indies,D Ramdin
info,player,West Indies,KA Pollard
info,player,West Indies,JO Holder
info,player,West Indies,SP Narine
info,player,West Indies,SJ Benn
info,player,West Indies,AS Joseph
info,player,West Indies,ST Gabriel
info,registry,people,AJ Pycroft,685d3f80
info,registry,people,AS Joseph,b0946605
info,registry,people,Ahsan Raza,e0e5b209
info,registry,people,Azhar Ali,211de69f
info,registry,people,Babar Azam,8a75e999
info,registry,people,D Ramdin,d1523761
info,registry,people,DM Bravo,14b14cd8
info,registry,people,E Lewis,0ebfb1ad
info,registry,people,Hasan Ali,2911de16
info,registry,people,Imad Wasim,9cb8d7a6
info,registry,people,JO Holder,0f721006
info,registry,people,KA Pollard,a757b0d8
info,registry,people,KC Brathwaite,7d5af2ea
info,registry,people,MN Samuels,f846de6a
info,registry,people,Mohammad Nawaz (3),3086f7a4
info,registry,people,Mohammad Rizwan,2f26ac1a
info,registry,people,RSA Palliyaguruge,4339c19d
info,registry,people,S Ravi,9b9ee0df
info,registry,people,SJ Benn,364ee2cf
info,registry,people,SP Narine,9d430b40
info,registry,people,ST Gabriel,d9609443
info,registry,people,Sarfraz Ahmed,2254ab79
info,registry,people,Sharjeel Khan,193ef196
info,registry,people,Shoaib Malik,64c34cd0
info,registry,people,Shozab Raza,153c67dc
info,registry,people,Sohail Khan,5af743d0
info,registry,people,Wahab Riaz,b3118300
ball,1,0.1,Pakistan,Azhar Ali,Sharjeel Khan,AS Joseph,2,0,,,,,,"",""
ball,1,0.2,Pakistan,Azhar Ali,Sharjeel Khan,AS Joseph,0,0,,,,,,"",""
ball,1,0.3,Pakistan,Azhar Ali,Sharjeel Khan,AS Joseph,2,0,,,,,,"",""
ball,1,0.4,Pakistan,Azhar Ali,Sharjeel Khan,AS Joseph,0,0,,,,,,"",""
ball,1,0.5,Pakistan,Azhar Ali,Sharjeel Khan,AS Joseph,0,0,,,,,,"",""
ball,1,0.6,Pakistan,Azhar Ali,Sharjeel Khan,AS Joseph,4,0,,,,,,"",""
ball,1,1.1,Pakistan,Sharjeel Khan,Azhar Ali,ST Gabriel,4,0,,,,,,"",""
ball,1,1.2,Pakistan,Sharjeel Khan,Azhar Ali,ST Gabriel,0,0,,,,,,"",""
ball,1,1.3,Pakistan,Sharjeel Khan,Azhar Ali,ST Gabriel,1,0,,,,,,"",""
ball,1,1.4,Pakistan,Azhar Ali,Sharjeel Khan,ST Gabriel,4,0,,,,,,"",""
ball,1,1.5,Pakistan,Azhar Ali,Sharjeel Khan,ST Gabriel,0,0,,,,,,"",""
ball,1,1.6,Pakistan,Azhar Ali,Sharjeel Khan,ST Gabriel,0,0,,,,,,"",""
ball,1,2.1,Pakistan,Sharjeel Khan,Azhar Ali,AS Joseph,2,0,,,,,,"",""
ball,1,2.2,Pakistan,Sharjeel Khan,Azhar Ali,AS Joseph,0,0,,,,,,"",""
ball,1,2.3,Pakistan,Sharjeel Khan,Azhar Ali,AS Joseph,0,0,,,,,,"",""
ball,1,2.4,Pakistan,Sharjeel Khan,Azhar Ali,AS Joseph,0,0,,,,,,"",""
ball,1,2.5,Pakistan,Sharjeel Khan,Azhar Ali,AS Joseph,0,0,,,,,,"",""
ball,1,2.6,Pakistan,Sharjeel Khan,Azhar Ali,AS Joseph,4,0,,,,,,"",""
ball,1,3.1,Pakistan,Azhar Ali,Sharjeel Khan,ST Gabriel,4,0,,,,,,"",""
ball,1,3.2,Pakistan,Azhar Ali,Sharjeel Khan,ST Gabriel,0,4,,,,4,,"",""
ball,1,3.3,Pakistan,Azhar Ali,Sharjeel Khan,ST Gabriel,1,0,,,,,,"",""
ball,1,3.4,Pakistan,Sharjeel Khan,Azhar Ali,ST Gabriel,0,0,,,,,,"",""
ball,1,3.5,Pakistan,Sharjeel Khan,Azhar Ali,ST Gabriel,0,0,,,,,,"",""
ball,1,3.6,Pakistan,Sharjeel Khan,Azhar Ali,ST Gabriel,4,0,,,,,,"",""
ball,1,4.1,Pakistan,Azhar Ali,Sharjeel Khan,KC Brathwaite,1,0,,,,,,"",""
ball,1,4.2,Pakistan,Sharjeel Khan,Azhar Ali,KC Brathwaite,1,0,,,,,,"",""
ball,1,4.3,Pakistan,Azhar Ali,Sharjeel Khan,KC Brathwaite,0,0,,,,,,"",""
ball,1,4.4,Pakistan,Azhar Ali,Sharjeel Khan,KC Brathwaite,1,0,,,,,,"",""
ball,1,4.5,Pakistan,Sharjeel Khan,Azhar Ali,KC Brathwaite,0,0,,,,,,"",""
ball,1,4.6,Pakistan,Sharjeel Khan,Azhar Ali,KC Brathwaite,4,0,,,,,,"",""
ball,1,5.1,Pakistan,Azhar Ali,Sharjeel Khan,JO Holder,1,0,,,,,,"",""
ball,1,5.2,Pakistan,Sharjeel Khan,Azhar Ali,JO Holder,1,0,,,,,,"",""
ball,1,5.3,Pakistan,Azhar Ali,Sharjeel Khan,JO Holder,0,0,,,,,,"",""
ball,1,5.4,Pakistan,Azhar Ali,Sharjeel Khan,JO Holder,0,0,,,,,,"",""
ball,1,5.5,Pakistan,Azhar Ali,Sharjeel Khan,JO Holder,1,0,,,,,,"",""
ball,1,5.6,Pakistan,Sharjeel Khan,Azhar Ali,JO Holder,4,0,,,,,,"",""
ball,1,6.1,Pakistan,Azhar Ali,Sharjeel Khan,KC Brathwaite,0,0,,,,,,"",""
ball,1,6.2,Pakistan,Azhar Ali,Sharjeel Khan,KC Brathwaite,0,0,,,,,,"",""
ball,1,6.3,Pakistan,Azhar Ali,Sharjeel Khan,KC Brathwaite,0,0,,,,,,"",""
ball,1,6.4,Pakistan,Azhar Ali,Sharjeel Khan,KC Brathwaite,1,0,,,,,,"",""
ball,1,6.5,Pakistan,Sharjeel Khan,Azhar Ali,KC Brathwaite,0,0,,,,,,"",""
ball,1,6.6,Pakistan,Sharjeel Khan,Azhar Ali,KC Brathwaite,1,0,,,,,,"",""
ball,1,7.1,Pakistan,Sharjeel Khan,Azhar Ali,JO Holder,1,0,,,,,,"",""
ball,1,7.2,Pakistan,Azhar Ali,Sharjeel Khan,JO Holder,0,0,,,,,,"",""
ball,1,7.3,Pakistan,Azhar Ali,Sharjeel Khan,JO Holder,0,0,,,,,,"",""
ball,1,7.4,Pakistan,Azhar Ali,Sharjeel Khan,JO Holder,0,0,,,,,,"",""
ball,1,7.5,Pakistan,Azhar Ali,Sharjeel Khan,JO Holder,0,0,,,,,,"",""
ball,1,7.6,Pakistan,Azhar Ali,Sharjeel Khan,JO Holder,0,0,,,,,,"",""
ball,1,8.1,Pakistan,Sharjeel Khan,Azhar Ali,KC Brathwaite,0,0,,,,,,"",""
ball,1,8.2,Pakistan,Sharjeel Khan,Azhar Ali,KC Brathwaite,0,0,,,,,,"",""
ball,1,8.3,Pakistan,Sharjeel Khan,Azhar Ali,KC Brathwaite,1,0,,,,,,"",""
ball,1,8.4,Pakistan,Azhar Ali,Sharjeel Khan,KC Brathwaite,2,0,,,,,,"",""
ball,1,8.5,Pakistan,Azhar Ali,Sharjeel Khan,KC Brathwaite,1,0,,,,,,"",""
ball,1,8.6,Pakistan,Sharjeel Khan,Azhar Ali,KC Brathwaite,1,0,,,,,,"",""
ball,1,9.1,Pakistan,Sharjeel Khan,Azhar Ali,JO Holder,0,0,,,,,,"",""
ball,1,9.2,Pakistan,Sharjeel Khan,Azhar Ali,JO Holder,1,0,,,,,,"",""
ball,1,9.3,Pakistan,Azhar Ali,Sharjeel Khan,JO Holder,1,0,,,,,,"",""
ball,1,9.4,Pakistan,Sharjeel Khan,Azhar Ali,JO Holder,0,1,,,,1,,"",""
ball,1,9.5,Pakistan,Azhar Ali,Sharjeel Khan,JO Holder,4,0,,,,,,"",""
ball,1,9.6,Pakistan,Azhar Ali,Sharjeel Khan,JO Holder,1,0,,,,,,"",""
ball,1,10.1,Pakistan,Azhar Ali,Sharjeel Khan,KC Brathwaite,1,0,,,,,,"",""
ball,1,10.2,Pakistan,Sharjeel Khan,Azhar Ali,KC Brathwaite,1,0,,,,,,"",""
ball,1,10.3,Pakistan,Azhar Ali,Sharjeel Khan,KC Brathwaite,0,0,,,,,,"",""
ball,1,10.4,Pakistan,Azhar Ali,Sharjeel Khan,KC Brathwaite,1,0,,,,,,"",""
ball,1,10.5,Pakistan,Sharjeel Khan,Azhar Ali,KC Brathwaite,1,0,,,,,,"",""
ball,1,10.6,Pakistan,Azhar Ali,Sharjeel Khan,KC Brathwaite,4,0,,,,,,"",""
ball,1,11.1,Pakistan,Sharjeel Khan,Azhar Ali,SP Narine,1,0,,,,,,"",""
ball,1,11.2,Pakistan,Azhar Ali,Sharjeel Khan,SP Narine,0,0,,,,,,"",""
ball,1,11.3,Pakistan,Azhar Ali,Sharjeel Khan,SP Narine,1,0,,,,,,"",""
ball,1,11.4,Pakistan,Sharjeel Khan,Azhar Ali,SP Narine,0,0,,,,,,"",""
ball,1,11.5,Pakistan,Sharjeel Khan,Azhar Ali,SP Narine,1,0,,,,,,"",""
ball,1,11.6,Pakistan,Azhar Ali,Sharjeel Khan,SP Narine,0,0,,,,,,"",""
ball,1,12.1,Pakistan,Sharjeel Khan,Azhar Ali,SJ Benn,0,0,,,,,,"",""
ball,1,12.2,Pakistan,Sharjeel Khan,Azhar Ali,SJ Benn,1,0,,,,,,"",""
ball,1,12.3,Pakistan,Azhar Ali,Sharjeel Khan,SJ Benn,0,0,,,,,,"",""
ball,1,12.4,Pakistan,Azhar Ali,Sharjeel Khan,SJ Benn,3,0,,,,,,"",""
ball,1,12.5,Pakistan,Sharjeel Khan,Azhar Ali,SJ Benn,0,0,,,,,,"",""
ball,1,12.6,Pakistan,Sharjeel Khan,Azhar Ali,SJ Benn,1,0,,,,,,"",""
ball,1,13.1,Pakistan,Sharjeel Khan,Azhar Ali,SP Narine,0,0,,,,,,"",""
ball,1,13.2,Pakistan,Sharjeel Khan,Azhar Ali,SP Narine,0,0,,,,,,"",""
ball,1,13.3,Pakistan,Sharjeel Khan,Azhar Ali,SP Narine,1,0,,,,,,"",""
ball,1,13.4,Pakistan,Azhar Ali,Sharjeel Khan,SP Narine,1,0,,,,,,"",""
ball,1,13.5,Pakistan,Sharjeel Khan,Azhar Ali,SP Narine,1,0,,,,,,"",""
ball,1,13.6,Pakistan,Azhar Ali,Sharjeel Khan,SP Narine,0,0,,,,,,"",""
ball,1,14.1,Pakistan,Sharjeel Khan,Azhar Ali,SJ Benn,0,0,,,,,,caught,Sharjeel Khan
ball,1,14.2,Pakistan,Babar Azam,Azhar Ali,SJ Benn,0,0,,,,,,"",""
ball,1,14.3,Pakistan,Babar Azam,Azhar Ali,SJ Benn,1,0,,,,,,"",""
ball,1,14.4,Pakistan,Azhar Ali,Babar Azam,SJ Benn,0,0,,,,,,"",""
ball,1,14.5,Pakistan,Azhar Ali,Babar Azam,SJ Benn,1,0,,,,,,"",""
ball,1,14.6,Pakistan,Babar Azam,Azhar Ali,SJ Benn,0,0,,,,,,"",""
ball,1,15.1,Pakistan,Azhar Ali,Babar Azam,SP Narine,2,0,,,,,,"",""
ball,1,15.2,Pakistan,Azhar Ali,Babar Azam,SP Narine,0,0,,,,,,"",""
ball,1,15.3,Pakistan,Azhar Ali,Babar Azam,SP Narine,0,0,,,,,,"",""
ball,1,15.4,Pakistan,Azhar Ali,Babar Azam,SP Narine,0,0,,,,,,"",""
ball,1,15.5,Pakistan,Azhar Ali,Babar Azam,SP Narine,0,0,,,,,,"",""
ball,1,15.6,Pakistan,Azhar Ali,Babar Azam,SP Narine,0,0,,,,,,"",""
ball,1,16.1,Pakistan,Babar Azam,Azhar Ali,SJ Benn,0,0,,,,,,"",""
ball,1,16.2,Pakistan,Babar Azam,Azhar Ali,SJ Benn,0,0,,,,,,"",""
ball,1,16.3,Pakistan,Babar Azam,Azhar Ali,SJ Benn,1,0,,,,,,"",""
ball,1,16.4,Pakistan,Azhar Ali,Babar Azam,SJ Benn,0,0,,,,,,"",""
ball,1,16.5,Pakistan,Azhar Ali,Babar Azam,SJ Benn,1,0,,,,,,"",""
ball,1,16.6,Pakistan,Babar Azam,Azhar Ali,SJ Benn,1,0,,,,,,"",""
ball,1,17.1,Pakistan,Babar Azam,Azhar Ali,SP Narine,1,0,,,,,,"",""
ball,1,17.2,Pakistan,Azhar Ali,Babar Azam,SP Narine,0,0,,,,,,"",""
ball,1,17.3,Pakistan,Azhar Ali,Babar Azam,SP Narine,0,0,,,,,,"",""
ball,1,17.4,Pakistan,Azhar Ali,Babar Azam,SP Narine,1,0,,,,,,"",""
ball,1,17.5,Pakistan,Babar Azam,Azhar Ali,SP Narine,2,0,,,,,,"",""
ball,1,17.6,Pakistan,Babar Azam,Azhar Ali,SP Narine,1,0,,,,,,"",""
ball,1,18.1,Pakistan,Babar Azam,Azhar Ali,SJ Benn,0,0,,,,,,"",""
ball,1,18.2,Pakistan,Babar Azam,Azhar Ali,SJ Benn,1,0,,,,,,"",""
ball,1,18.3,Pakistan,Azhar Ali,Babar Azam,SJ Benn,0,0,,,,,,"",""
ball,1,18.4,Pakistan,Azhar Ali,Babar Azam,SJ Benn,1,0,,,,,,"",""
ball,1,18.5,Pakistan,Babar Azam,Azhar Ali,SJ Benn,0,0,,,,,,"",""
ball,1,18.6,Pakistan,Babar Azam,Azhar Ali,SJ Benn,0,0,,,,,,"",""
ball,1,19.1,Pakistan,Azhar Ali,Babar Azam,SP Narine,1,0,,,,,,"",""
ball,1,19.2,Pakistan,Babar Azam,Azhar Ali,SP Narine,6,0,,,,,,"",""
ball,1,19.3,Pakistan,Babar Azam,Azhar Ali,SP Narine,0,0,,,,,,"",""
ball,1,19.4,Pakistan,Babar Azam,Azhar Ali,SP Narine,0,0,,,,,,"",""
ball,1,19.5,Pakistan,Babar Azam,Azhar Ali,SP Narine,1,0,,,,,,"",""
ball,1,19.6,Pakistan,Azhar Ali,Babar Azam,SP Narine,1,0,,,,,,"",""
ball,1,20.1,Pakistan,Azhar Ali,Babar Azam,SJ Benn,0,0,,,,,,"",""
ball,1,20.2,Pakistan,Azhar Ali,Babar Azam,SJ Benn,1,0,,,,,,"",""
ball,1,20.3,Pakistan,Babar Azam,Azhar Ali,SJ Benn,0,0,,,,,,"",""
ball,1,20.4,Pakistan,Babar Azam,Azhar Ali,SJ Benn,1,0,,,,,,"",""
ball,1,20.5,Pakistan,Azhar Ali,Babar Azam,SJ Benn,1,0,,,,,,"",""
ball,1,20.6,Pakistan,Babar Azam,Azhar Ali,SJ Benn,0,0,,,,,,"",""
ball,1,21.1,Pakistan,Azhar Ali,Babar Azam,ST Gabriel,1,0,,,,,,"",""
ball,1,21.2,Pakistan,Babar Azam,Azhar Ali,ST Gabriel,2,0,,,,,,"",""
ball,1,21.3,Pakistan,Babar Azam,Azhar Ali,ST Gabriel,0,0,,,,,,"",""
ball,1,21.4,Pakistan,Babar Azam,Azhar Ali,ST Gabriel,1,0,,,,,,"",""
ball,1,21.5,Pakistan,Azhar Ali,Babar Azam,ST Gabriel,1,0,,,,,,"",""
ball,1,21.6,Pakistan,Babar Azam,Azhar Ali,ST Gabriel,1,0,,,,,,"",""
ball,1,22.1,Pakistan,Babar Azam,Azhar Ali,SJ Benn,1,0,,,,,,"",""
ball,1,22.2,Pakistan,Azhar Ali,Babar Azam,SJ Benn,4,0,,,,,,"",""
ball,1,22.3,Pakistan,Azhar Ali,Babar Azam,SJ Benn,1,0,,,,,,"",""
ball,1,22.4,Pakistan,Babar Azam,Azhar Ali,SJ Benn,2,0,,,,,,"",""
ball,1,22.5,Pakistan,Babar Azam,Azhar Ali,SJ Benn,0,0,,,,,,"",""
ball,1,22.6,Pakistan,Babar Azam,Azhar Ali,SJ Benn,1,0,,,,,,"",""
ball,1,23.1,Pakistan,Babar Azam,Azhar Ali,ST Gabriel,0,0,,,,,,"",""
ball,1,23.2,Pakistan,Babar Azam,Azhar Ali,ST Gabriel,1,1,,1,,,,"",""
ball,1,23.3,Pakistan,Azhar Ali,Babar Azam,ST Gabriel,1,0,,,,,,"",""
ball,1,23.4,Pakistan,Babar Azam,Azhar Ali,ST Gabriel,0,0,,,,,,"",""
ball,1,23.5,Pakistan,Babar Azam,Azhar Ali,ST Gabriel,1,0,,,,,,"",""
ball,1,23.6,Pakistan,Azhar Ali,Babar Azam,ST Gabriel,1,0,,,,,,"",""
ball,1,23.7,Pakistan,Babar Azam,Azhar Ali,ST Gabriel,0,0,,,,,,"",""
ball,1,24.1,Pakistan,Azhar Ali,Babar Azam,SJ Benn,0,0,,,,,,"",""
ball,1,24.2,Pakistan,Azhar Ali,Babar Azam,SJ Benn,1,0,,,,,,"",""
ball,1,24.3,Pakistan,Babar Azam,Azhar Ali,SJ Benn,4,0,,,,,,"",""
ball,1,24.4,Pakistan,Babar Azam,Azhar Ali,SJ Benn,1,0,,,,,,"",""
ball,1,24.5,Pakistan,Azhar Ali,Babar Azam,SJ Benn,6,0,,,,,,"",""
ball,1,24.6,Pakistan,Azhar Ali,Babar Azam,SJ Benn,1,0,,,,,,"",""
ball,1,25.1,Pakistan,Azhar Ali,Babar Azam,ST Gabriel,1,0,,,,,,"",""
ball,1,25.2,Pakistan,Babar Azam,Azhar Ali,ST Gabriel,4,0,,,,,,"",""
ball,1,25.3,Pakistan,Babar Azam,Azhar Ali,ST Gabriel,1,0,,,,,,"",""
ball,1,25.4,Pakistan,Azhar Ali,Babar Azam,ST Gabriel,1,0,,,,,,"",""
ball,1,25.5,Pakistan,Babar Azam,Azhar Ali,ST Gabriel,1,0,,,,,,"",""
ball,1,25.6,Pakistan,Azhar Ali,Babar Azam,ST Gabriel,0,0,,,,,,"",""
ball,1,26.1,Pakistan,Babar Azam,Azhar Ali,SP Narine,4,0,,,,,,"",""
ball,1,26.2,Pakistan,Babar Azam,Azhar Ali,SP Narine,1,0,,,,,,"",""
ball,1,26.3,Pakistan,Azhar Ali,Babar Azam,SP Narine,0,0,,,,,,"",""
ball,1,26.4,Pakistan,Azhar Ali,Babar Azam,SP Narine,2,0,,,,,,"",""
ball,1,26.5,Pakistan,Azhar Ali,Babar Azam,SP Narine,0,0,,,,,,"",""
ball,1,26.6,Pakistan,Azhar Ali,Babar Azam,SP Narine,1,0,,,,,,"",""
ball,1,27.1,Pakistan,Azhar Ali,Babar Azam,AS Joseph,0,1,1,,,,,"",""
ball,1,27.2,Pakistan,Azhar Ali,Babar Azam,AS Joseph,4,0,,,,,,"",""
ball,1,27.3,Pakistan,Azhar Ali,Babar Azam,AS Joseph,1,0,,,,,,"",""
ball,1,27.4,Pakistan,Babar Azam,Azhar Ali,AS Joseph,4,0,,,,,,"",""
ball,1,27.5,Pakistan,Babar Azam,Azhar Ali,AS Joseph,1,0,,,,,,"",""
ball,1,27.6,Pakistan,Azhar Ali,Babar Azam,AS Joseph,0,0,,,,,,"",""
ball,1,27.7,Pakistan,Azhar Ali,Babar Azam,AS Joseph,1,0,,,,,,"",""
ball,1,28.1,Pakistan,Azhar Ali,Babar Azam,SP Narine,1,0,,,,,,"",""
ball,1,28.2,Pakistan,Babar Azam,Azhar Ali,SP Narine,0,0,,,,,,"",""
ball,1,28.3,Pakistan,Babar Azam,Azhar Ali,SP Narine,0,0,,,,,,"",""
ball,1,28.4,Pakistan,Babar Azam,Azhar Ali,SP Narine,1,0,,,,,,"",""
ball,1,28.5,Pakistan,Azhar Ali,Babar Azam,SP Narine,1,0,,,,,,"",""
ball,1,28.6,Pakistan,Babar Azam,Azhar Ali,SP Narine,1,0,,,,,,"",""
ball,1,29.1,Pakistan,Babar Azam,Azhar Ali,AS Joseph,1,0,,,,,,"",""
ball,1,29.2,Pakistan,Azhar Ali,Babar Azam,AS Joseph,1,0,,,,,,"",""
ball,1,29.3,Pakistan,Babar Azam,Azhar Ali,AS Joseph,0,0,,,,,,"",""
ball,1,29.4,Pakistan,Babar Azam,Azhar Ali,AS Joseph,1,0,,,,,,"",""
ball,1,29.5,Pakistan,Azhar Ali,Babar Azam,AS Joseph,1,0,,,,,,"",""
ball,1,29.6,Pakistan,Babar Azam,Azhar Ali,AS Joseph,0,0,,,,,,"",""
ball,1,30.1,Pakistan,Azhar Ali,Babar Azam,JO Holder,1,0,,,,,,"",""
ball,1,30.2,Pakistan,Babar Azam,Azhar Ali,JO Holder,4,0,,,,,,"",""
ball,1,30.3,Pakistan,Babar Azam,Azhar Ali,JO Holder,0,0,,,,,,"",""
ball,1,30.4,Pakistan,Babar Azam,Azhar Ali,JO Holder,0,0,,,,,,"",""
ball,1,30.5,Pakistan,Babar Azam,Azhar Ali,JO Holder,1,0,,,,,,"",""
ball,1,30.6,Pakistan,Azhar Ali,Babar Azam,JO Holder,0,0,,,,,,"",""
ball,1,31.1,Pakistan,Babar Azam,Azhar Ali,AS Joseph,2,0,,,,,,"",""
ball,1,31.2,Pakistan,Babar Azam,Azhar Ali,AS Joseph,1,0,,,,,,"",""
ball,1,31.3,Pakistan,Azhar Ali,Babar Azam,AS Joseph,4,0,,,,,,"",""
ball,1,31.4,Pakistan,Azhar Ali,Babar Azam,AS Joseph,1,0,,,,,,"",""
ball,1,31.5,Pakistan,Babar Azam,Azhar Ali,AS Joseph,0,0,,,,,,"",""
ball,1,31.6,Pakistan,Babar Azam,Azhar Ali,AS Joseph,0,0,,,,,,"",""
ball,1,32.1,Pakistan,Azhar Ali,Babar Azam,JO Holder,0,0,,,,,,"",""
ball,1,32.2,Pakistan,Azhar Ali,Babar Azam,JO Holder,1,0,,,,,,"",""
ball,1,32.3,Pakistan,Babar Azam,Azhar Ali,JO Holder,1,0,,,,,,"",""
ball,1,32.4,Pakistan,Azhar Ali,Babar Azam,JO Holder,1,0,,,,,,"",""
ball,1,32.5,Pakistan,Babar Azam,Azhar Ali,JO Holder,4,0,,,,,,"",""
ball,1,32.6,Pakistan,Babar Azam,Azhar Ali,JO Holder,1,0,,,,,,"",""
ball,1,33.1,Pakistan,Babar Azam,Azhar Ali,SJ Benn,1,0,,,,,,"",""
ball,1,33.2,Pakistan,Azhar Ali,Babar Azam,SJ Benn,0,0,,,,,,"",""
ball,1,33.3,Pakistan,Azhar Ali,Babar Azam,SJ Benn,1,0,,,,,,"",""
ball,1,33.4,Pakistan,Babar Azam,Azhar Ali,SJ Benn,1,0,,,,,,"",""
ball,1,33.5,Pakistan,Azhar Ali,Babar Azam,SJ Benn,1,0,,,,,,"",""
ball,1,33.6,Pakistan,Babar Azam,Azhar Ali,SJ Benn,0,0,,,,,,"",""
ball,1,34.1,Pakistan,Azhar Ali,Babar Azam,JO Holder,1,0,,,,,,"",""
ball,1,34.2,Pakistan,Babar Azam,Azhar Ali,JO Holder,1,0,,,,,,"",""
ball,1,34.3,Pakistan,Azhar Ali,Babar Azam,JO Holder,0,1,,,,1,,"",""
ball,1,34.4,Pakistan,Babar Azam,Azhar Ali,JO Holder,2,0,,,,,,"",""
ball,1,34.5,Pakistan,Babar Azam,Azhar Ali,JO Holder,1,0,,,,,,"",""
ball,1,34.6,Pakistan,Azhar Ali,Babar Azam,JO Holder,0,0,,,,,,"",""
ball,1,35.1,Pakistan,Babar Azam,Azhar Ali,SJ Benn,2,0,,,,,,"",""
ball,1,35.2,Pakistan,Babar Azam,Azhar Ali,SJ Benn,1,0,,,,,,"",""
ball,1,35.3,Pakistan,Azhar Ali,Babar Azam,SJ Benn,1,0,,,,,,"",""
ball,1,35.4,Pakistan,Babar Azam,Azhar Ali,SJ Benn,0,0,,,,,,"",""
ball,1,35.5,Pakistan,Babar Azam,Azhar Ali,SJ Benn,0,0,,,,,,"",""
ball,1,35.6,Pakistan,Babar Azam,Azhar Ali,SJ Benn,1,0,,,,,,"",""
ball,1,36.1,Pakistan,Babar Azam,Azhar Ali,JO Holder,4,0,,,,,,"",""
ball,1,36.2,Pakistan,Babar Azam,Azhar Ali,JO Holder,1,0,,,,,,"",""
ball,1,36.3,Pakistan,Azhar Ali,Babar Azam,JO Holder,1,0,,,,,,"",""
ball,1,36.4,Pakistan,Babar Azam,Azhar Ali,JO Holder,1,0,,,,,,"",""
ball,1,36.5,Pakistan,Azhar Ali,Babar Azam,JO Holder,1,0,,,,,,"",""
ball,1,36.6,Pakistan,Babar Azam,Azhar Ali,JO Holder,1,0,,,,,,"",""
ball,1,37.1,Pakistan,Babar Azam,Azhar Ali,SJ Benn,1,0,,,,,,"",""
ball,1,37.2,Pakistan,Azhar Ali,Babar Azam,SJ Benn,0,0,,,,,,"",""
ball,1,37.3,Pakistan,Azhar Ali,Babar Azam,SJ Benn,3,0,,,,,,"",""
ball,1,37.4,Pakistan,Babar Azam,Azhar Ali,SJ Benn,0,0,,,,,,"",""
ball,1,37.5,Pakistan,Babar Azam,Azhar Ali,SJ Benn,1,0,,,,,,"",""
ball,1,37.6,Pakistan,Azhar Ali,Babar Azam,SJ Benn,0,0,,,,,,"",""
ball,1,38.1,Pakistan,Babar Azam,Azhar Ali,JO Holder,1,0,,,,,,"",""
ball,1,38.2,Pakistan,Azhar Ali,Babar Azam,JO Holder,0,0,,,,,,bowled,Azhar Ali
ball,1,38.3,Pakistan,Shoaib Malik,Babar Azam,JO Holder,0,0,,,,,,"",""
ball,1,38.4,Pakistan,Shoaib Malik,Babar Azam,JO Holder,2,0,,,,,,"",""
ball,1,38.5,Pakistan,Shoaib Malik,Babar Azam,JO Holder,1,0,,,,,,"",""
ball,1,38.6,Pakistan,Babar Azam,Shoaib Malik,JO Holder,1,0,,,,,,"",""
ball,1,39.1,Pakistan,Babar Azam,Shoaib Malik,SP Narine,1,0,,,,,,"",""
ball,1,39.2,Pakistan,Shoaib Malik,Babar Azam,SP Narine,0,0,,,,,,"",""
ball,1,39.3,Pakistan,Shoaib Malik,Babar Azam,SP Narine,2,0,,,,,,"",""
ball,1,39.4,Pakistan,Shoaib Malik,Babar Azam,SP Narine,0,0,,,,,,caught,Shoaib Malik
ball,1,39.5,Pakistan,Sarfraz Ahmed,Babar Azam,SP Narine,0,0,,,,,,"",""
ball,1,39.6,Pakistan,Sarfraz Ahmed,Babar Azam,SP Narine,0,0,,,,,,"",""
ball,1,40.1,Pakistan,Babar Azam,Sarfraz Ahmed,JO Holder,1,0,,,,,,"",""
ball,1,40.2,Pakistan,Sarfraz Ahmed,Babar Azam,JO Holder,0,1,1,,,,,"",""
ball,1,40.3,Pakistan,Sarfraz Ahmed,Babar Azam,JO Holder,0,0,,,,,,"",""
ball,1,40.4,Pakistan,Sarfraz Ahmed,Babar Azam,JO Holder,1,0,,,,,,"",""
ball,1,40.5,Pakistan,Babar Azam,Sarfraz Ahmed,JO Holder,1,0,,,,,,"",""
ball,1,40.6,Pakistan,Sarfraz Ahmed,Babar Azam,JO Holder,1,0,,,,,,"",""
ball,1,40.7,Pakistan,Babar Azam,Sarfraz Ahmed,JO Holder,2,0,,,,,,"",""
ball,1,41.1,Pakistan,Sarfraz Ahmed,Babar Azam,SP Narine,0,0,,,,,,"",""
ball,1,41.2,Pakistan,Sarfraz Ahmed,Babar Azam,SP Narine,1,0,,,,,,"",""
ball,1,41.3,Pakistan,Babar Azam,Sarfraz Ahmed,SP Narine,1,0,,,,,,"",""
ball,1,41.4,Pakistan,Sarfraz Ahmed,Babar Azam,SP Narine,1,0,,,,,,"",""
ball,1,41.5,Pakistan,Babar Azam,Sarfraz Ahmed,SP Narine,0,0,,,,,,"",""
ball,1,41.6,Pakistan,Babar Azam,Sarfraz Ahmed,SP Narine,1,0,,,,,,"",""
ball,1,42.1,Pakistan,Babar Azam,Sarfraz Ahmed,JO Holder,2,0,,,,,,"",""
ball,1,42.2,Pakistan,Babar Azam,Sarfraz Ahmed,JO Holder,1,0,,,,,,"",""
ball,1,42.3,Pakistan,Sarfraz Ahmed,Babar Azam,JO Holder,0,1,1,,,,,"",""
ball,1,42.4,Pakistan,Sarfraz Ahmed,Babar Azam,JO Holder,1,0,,,,,,"",""
ball,1,42.5,Pakistan,Babar Azam,Sarfraz Ahmed,JO Holder,2,0,,,,,,"",""
ball,1,42.6,Pakistan,Babar Azam,Sarfraz Ahmed,JO Holder,1,0,,,,,,"",""
ball,1,42.7,Pakistan,Sarfraz Ahmed,Babar Azam,JO Holder,0,0,,,,,,"",""
ball,1,43.1,Pakistan,Babar Azam,Sarfraz Ahmed,SP Narine,0,0,,,,,,"",""
ball,1,43.2,Pakistan,Babar Azam,Sarfraz Ahmed,SP Narine,2,0,,,,,,"",""
ball,1,43.3,Pakistan,Babar Azam,Sarfraz Ahmed,SP Narine,1,0,,,,,,"",""
ball,1,43.4,Pakistan,Sarfraz Ahmed,Babar Azam,SP Narine,1,0,,,,,,"",""
ball,1,43.5,Pakistan,Babar Azam,Sarfraz Ahmed,SP Narine,2,0,,,,,,"",""
ball,1,43.6,Pakistan,Babar Azam,Sarfraz Ahmed,SP Narine,0,0,,,,,,"",""
ball,1,44.1,Pakistan,Sarfraz Ahmed,Babar Azam,AS Joseph,1,0,,,,,,"",""
ball,1,44.2,Pakistan,Babar Azam,Sarfraz Ahmed,AS Joseph,2,0,,,,,,"",""
ball,1,44.3,Pakistan,Babar Azam,Sarfraz Ahmed,AS Joseph,1,0,,,,,,"",""
ball,1,44.4,Pakistan,Sarfraz Ahmed,Babar Azam,AS Joseph,1,0,,,,,,"",""
ball,1,44.5,Pakistan,Babar Azam,Sarfraz Ahmed,AS Joseph,2,0,,,,,,"",""
ball,1,44.6,Pakistan,Babar Azam,Sarfraz Ahmed,AS Joseph,1,0,,,,,,"",""
ball,1,45.1,Pakistan,Babar Azam,Sarfraz Ahmed,KA Pollard,2,0,,,,,,"",""
ball,1,45.2,Pakistan,Babar Azam,Sarfraz Ahmed,KA Pollard,4,0,,,,,,"",""
ball,1,45.3,Pakistan,Babar Azam,Sarfraz Ahmed,KA Pollard,1,0,,,,,,"",""
ball,1,45.4,Pakistan,Sarfraz Ahmed,Babar Azam,KA Pollard,0,0,,,,,,"",""
ball,1,45.5,Pakistan,Sarfraz Ahmed,Babar Azam,KA Pollard,1,0,,,,,,"",""
ball,1,45.6,Pakistan,Babar Azam,Sarfraz Ahmed,KA Pollard,0,0,,,,,,bowled,Babar Azam
ball,1,46.1,Pakistan,Sarfraz Ahmed,Mohammad Rizwan,AS Joseph,1,0,,,,,,"",""
ball,1,46.2,Pakistan,Mohammad Rizwan,Sarfraz Ahmed,AS Joseph,2,0,,,,,,"",""
ball,1,46.3,Pakistan,Mohammad Rizwan,Sarfraz Ahmed,AS Joseph,2,0,,,,,,"",""
ball,1,46.4,Pakistan,Mohammad Rizwan,Sarfraz Ahmed,AS Joseph,0,0,,,,,,lbw,Mohammad Rizwan
ball,1,46.5,Pakistan,Imad Wasim,Sarfraz Ahmed,AS Joseph,1,0,,,,,,"",""
ball,1,46.6,Pakistan,Sarfraz Ahmed,Imad Wasim,AS Joseph,1,0,,,,,,"",""
ball,1,47.1,Pakistan,Sarfraz Ahmed,Imad Wasim,KA Pollard,2,0,,,,,,"",""
ball,1,47.2,Pakistan,Sarfraz Ahmed,Imad Wasim,KA Pollard,1,0,,,,,,"",""
ball,1,47.3,Pakistan,Imad Wasim,Sarfraz Ahmed,KA Pollard,0,1,,,,1,,"",""
ball,1,47.4,Pakistan,Sarfraz Ahmed,Imad Wasim,KA Pollard,1,0,,,,,,"",""
ball,1,47.5,Pakistan,Imad Wasim,Sarfraz Ahmed,KA Pollard,1,0,,,,,,"",""
ball,1,47.6,Pakistan,Sarfraz Ahmed,Imad Wasim,KA Pollard,1,0,,,,,,"",""
ball,1,48.1,Pakistan,Sarfraz Ahmed,Imad Wasim,AS Joseph,4,0,,,,,,"",""
ball,1,48.2,Pakistan,Sarfraz Ahmed,Imad Wasim,AS Joseph,2,0,,,,,,"",""
ball,1,48.3,Pakistan,Sarfraz Ahmed,Imad Wasim,AS Joseph,1,0,,,,,,"",""
ball,1,48.4,Pakistan,Imad Wasim,Sarfraz Ahmed,AS Joseph,2,0,,,,,,"",""
ball,1,48.5,Pakistan,Imad Wasim,Sarfraz Ahmed,AS Joseph,0,0,,,,,,"",""
ball,1,48.6,Pakistan,Imad Wasim,Sarfraz Ahmed,AS Joseph,0,0,,,,,,caught,Imad Wasim
ball,1,49.1,Pakistan,Mohammad Nawaz (3),Sarfraz Ahmed,KA Pollard,0,0,,,,,,"",""
ball,1,49.2,Pakistan,Mohammad Nawaz (3),Sarfraz Ahmed,KA Pollard,1,0,,,,,,"",""
ball,1,49.3,Pakistan,Sarfraz Ahmed,Mohammad Nawaz (3),KA Pollard,1,0,,,,,,"",""
ball,1,49.4,Pakistan,Mohammad Nawaz (3),Sarfraz Ahmed,KA Pollard,2,0,,,,,,"",""
ball,1,49.5,Pakistan,Mohammad Nawaz (3),Sarfraz Ahmed,KA Pollard,0,0,,,,,,"",""
ball,1,49.6,Pakistan,Mohammad Nawaz (3),Sarfraz Ahmed,KA Pollard,1,0,,,,,,"",""
ball,2,0.1,West Indies,KC Brathwaite,E Lewis,Imad Wasim,0,0,,,,,,"",""
ball,2,0.2,West Indies,KC Brathwaite,E Lewis,Imad Wasim,0,0,,,,,,"",""
ball,2,0.3,West Indies,KC Brathwaite,E Lewis,Imad Wasim,1,0,,,,,,"",""
ball,2,0.4,West Indies,E Lewis,KC Brathwaite,Imad Wasim,0,0,,,,,,"",""
ball,2,0.5,West Indies,E Lewis,KC Brathwaite,Imad Wasim,0,0,,,,,,"",""
ball,2,0.6,West Indies,E Lewis,KC Brathwaite,Imad Wasim,0,0,,,,,,"",""
ball,2,1.1,West Indies,KC Brathwaite,E Lewis,Sohail Khan,4,0,,,,,,"",""
ball,2,1.2,West Indies,KC Brathwaite,E Lewis,Sohail Khan,0,0,,,,,,"",""
ball,2,1.3,West Indies,KC Brathwaite,E Lewis,Sohail Khan,0,1,1,,,,,"",""
ball,2,1.4,West Indies,KC Brathwaite,E Lewis,Sohail Khan,0,0,,,,,,"",""
ball,2,1.5,West Indies,KC Brathwaite,E Lewis,Sohail Khan,0,0,,,,,,"",""
ball,2,1.6,West Indies,KC Brathwaite,E Lewis,Sohail Khan,0,0,,,,,,"",""
ball,2,1.7,West Indies,KC Brathwaite,E Lewis,Sohail Khan,0,0,,,,,,"",""
ball,2,2.1,West Indies,E Lewis,KC Brathwaite,Imad Wasim,0,0,,,,,,"",""
ball,2,2.2,West Indies,E Lewis,KC Brathwaite,Imad Wasim,0,0,,,,,,"",""
ball,2,2.3,West Indies,E Lewis,KC Brathwaite,Imad Wasim,0,0,,,,,,"",""
ball,2,2.4,West Indies,E Lewis,KC Brathwaite,Imad Wasim,0,0,,,,,,"",""
ball,2,2.5,West Indies,E Lewis,KC Brathwaite,Imad Wasim,3,0,,,,,,"",""
ball,2,2.6,West Indies,KC Brathwaite,E Lewis,Imad Wasim,1,0,,,,,,"",""
ball,2,3.1,West Indies,KC Brathwaite,E Lewis,Sohail Khan,0,0,,,,,,"",""
ball,2,3.2,West Indies,KC Brathwaite,E Lewis,Sohail Khan,2,0,,,,,,"",""
ball,2,3.3,West Indies,KC Brathwaite,E Lewis,Sohail Khan,4,0,,,,,,"",""
ball,2,3.4,West Indies,KC Brathwaite,E Lewis,Sohail Khan,0,1,1,,,,,"",""
ball,2,3.5,West Indies,KC Brathwaite,E Lewis,Sohail Khan,2,0,,,,,,"",""
ball,2,3.6,West Indies,KC Brathwaite,E Lewis,Sohail Khan,0,0,,,,,,"",""
ball,2,3.7,West Indies,KC Brathwaite,E Lewis,Sohail Khan,0,0,,,,,,"",""
ball,2,4.1,West Indies,E Lewis,KC Brathwaite,Imad Wasim,0,0,,,,,,"",""
ball,2,4.2,West Indies,E Lewis,KC Brathwaite,Imad Wasim,0,0,,,,,,"",""
ball,2,4.3,West Indies,E Lewis,KC Brathwaite,Imad Wasim,2,0,,,,,,"",""
ball,2,4.4,West Indies,E Lewis,KC Brathwaite,Imad Wasim,0,0,,,,,,"",""
ball,2,4.5,West Indies,E Lewis,KC Brathwaite,Imad Wasim,0,0,,,,,,"",""
ball,2,4.6,West Indies,E Lewis,KC Brathwaite,Imad Wasim,0,0,,,,,,"",""
ball,2,5.1,West Indies,KC Brathwaite,E Lewis,Sohail Khan,0,1,1,,,,,"",""
ball,2,5.2,West Indies,KC Brathwaite,E Lewis,Sohail Khan,0,0,,,,,,"",""
ball,2,5.3,West Indies,KC Brathwaite,E Lewis,Sohail Khan,1,0,,,,,,"",""
ball,2,5.4,West Indies,E Lewis,KC Brathwaite,Sohail Khan,0,0,,,,,,"",""
ball,2,5.5,West Indies,E Lewis,KC Brathwaite,Sohail Khan,0,0,,,,,,"",""
ball,2,5.6,West Indies,E Lewis,KC Brathwaite,Sohail Khan,4,0,,,,,,"",""
ball,2,5.7,West Indies,E Lewis,KC Brathwaite,Sohail Khan,0,0,,,,,,"",""
ball,2,6.1,West Indies,KC Brathwaite,E Lewis,Imad Wasim,1,0,,,,,,"",""
ball,2,6.2,West Indies,E Lewis,KC Brathwaite,Imad Wasim,0,0,,,,,,"",""
ball,2,6.3,West Indies,E Lewis,KC Brathwaite,Imad Wasim,0,0,,,,,,"",""
ball,2,6.4,West Indies,E Lewis,KC Brathwaite,Imad Wasim,0,0,,,,,,"",""
ball,2,6.5,West Indies,E Lewis,KC Brathwaite,Imad Wasim,4,0,,,,,,"",""
ball,2,6.6,West Indies,E Lewis,KC Brathwaite,Imad Wasim,4,0,,,,,,"",""
ball,2,7.1,West Indies,KC Brathwaite,E Lewis,Sohail Khan,1,0,,,,,,"",""
ball,2,7.2,West Indies,E Lewis,KC Brathwaite,Sohail Khan,0,0,,,,,,"",""
ball,2,7.3,West Indies,E Lewis,KC Brathwaite,Sohail Khan,0,0,,,,,,"",""
ball,2,7.4,West Indies,E Lewis,KC Brathwaite,Sohail Khan,0,1,,,,1,,"",""
ball,2,7.5,West Indies,KC Brathwaite,E Lewis,Sohail Khan,0,0,,,,,,"",""
ball,2,7.6,West Indies,KC Brathwaite,E Lewis,Sohail Khan,0,0,,,,,,"",""
ball,2,8.1,West Indies,E Lewis,KC Brathwaite,Hasan Ali,0,1,,,,1,,"",""
ball,2,8.2,West Indies,KC Brathwaite,E Lewis,Hasan Ali,0,0,,,,,,"",""
ball,2,8.3,West Indies,KC Brathwaite,E Lewis,Hasan Ali,0,0,,,,,,"",""
ball,2,8.4,West Indies,KC Brathwaite,E Lewis,Hasan Ali,1,0,,,,,,"",""
ball,2,8.5,West Indies,E Lewis,KC Brathwaite,Hasan Ali,1,0,,,,,,"",""
ball,2,8.6,West Indies,KC Brathwaite,E Lewis,Hasan Ali,0,0,,,,,,"",""
ball,2,9.1,West Indies,E Lewis,KC Brathwaite,Sohail Khan,4,0,,,,,,"",""
ball,2,9.2,West Indies,E Lewis,KC Brathwaite,Sohail Khan,0,0,,,,,,bowled,E Lewis
ball,2,9.3,West Indies,DM Bravo,KC Brathwaite,Sohail Khan,0,0,,,,,,"",""
ball,2,9.4,West Indies,DM Bravo,KC Brathwaite,Sohail Khan,0,1,,,1,,,"",""
ball,2,9.5,West Indies,KC Brathwaite,DM Bravo,Sohail Khan,0,0,,,,,,"",""
ball,2,9.6,West Indies,KC Brathwaite,DM Bravo,Sohail Khan,0,0,,,,,,"",""
ball,2,10.1,West Indies,DM Bravo,KC Brathwaite,Hasan Ali,0,0,,,,,,"",""
ball,2,10.2,West Indies,DM Bravo,KC Brathwaite,Hasan Ali,0,1,,,,1,,"",""
ball,2,10.3,West Indies,KC Brathwaite,DM Bravo,Hasan Ali,1,0,,,,,,"",""
ball,2,10.4,West Indies,DM Bravo,KC Brathwaite,Hasan Ali,0,0,,,,,,"",""
ball,2,10.5,West Indies,DM Bravo,KC Brathwaite,Hasan Ali,0,0,,,,,,"",""
ball,2,10.6,West Indies,DM Bravo,KC Brathwaite,Hasan Ali,1,0,,,,,,"",""
ball,2,11.1,West Indies,DM Bravo,KC Brathwaite,Shoaib Malik,0,0,,,,,,"",""
ball,2,11.2,West Indies,DM Bravo,KC Brathwaite,Shoaib Malik,0,0,,,,,,"",""
ball,2,11.3,West Indies,DM Bravo,KC Brathwaite,Shoaib Malik,0,0,,,,,,"",""
ball,2,11.4,West Indies,DM Bravo,KC Brathwaite,Shoaib Malik,0,0,,,,,,"",""
ball,2,11.5,West Indies,DM Bravo,KC Brathwaite,Shoaib Malik,1,0,,,,,,"",""
ball,2,11.6,West Indies,KC Brathwaite,DM Bravo,Shoaib Malik,0,0,,,,,,"",""
ball,2,12.1,West Indies,DM Bravo,KC Brathwaite,Hasan Ali,0,0,,,,,,"",""
ball,2,12.2,West Indies,DM Bravo,KC Brathwaite,Hasan Ali,0,0,,,,,,"",""
ball,2,12.3,West Indies,DM Bravo,KC Brathwaite,Hasan Ali,0,0,,,,,,"",""
ball,2,12.4,West Indies,DM Bravo,KC Brathwaite,Hasan Ali,0,0,,,,,,"",""
ball,2,12.5,West Indies,DM Bravo,KC Brathwaite,Hasan Ali,0,0,,,,,,"",""
ball,2,12.6,West Indies,DM Bravo,KC Brathwaite,Hasan Ali,0,0,,,,,,"",""
ball,2,13.1,West Indies,KC Brathwaite,DM Bravo,Shoaib Malik,0,0,,,,,,"",""
ball,2,13.2,West Indies,KC Brathwaite,DM Bravo,Shoaib Malik,1,0,,,,,,"",""
ball,2,13.3,West Indies,DM Bravo,KC Brathwaite,Shoaib Malik,0,0,,,,,,"",""
ball,2,13.4,West Indies,DM Bravo,KC Brathwaite,Shoaib Malik,0,1,1,,,,,"",""
ball,2,13.5,West Indies,DM Bravo,KC Brathwaite,Shoaib Malik,0,0,,,,,,"",""
ball,2,13.6,West Indies,DM Bravo,KC Brathwaite,Shoaib Malik,0,0,,,,,,"",""
ball,2,13.7,West Indies,DM Bravo,KC Brathwaite,Shoaib Malik,1,0,,,,,,"",""
ball,2,14.1,West Indies,DM Bravo,KC Brathwaite,Mohammad Nawaz (3),0,0,,,,,,"",""
ball,2,14.2,West Indies,DM Bravo,KC Brathwaite,Mohammad Nawaz (3),1,0,,,,,,"",""
ball,2,14.3,West Indies,KC Brathwaite,DM Bravo,Mohammad Nawaz (3),4,0,,,,,,"",""
ball,2,14.4,West Indies,KC Brathwaite,DM Bravo,Mohammad Nawaz (3),3,0,,,,,,"",""
ball,2,14.5,West Indies,DM Bravo,KC Brathwaite,Mohammad Nawaz (3),0,0,,,,,,"",""
ball,2,14.6,West Indies,DM Bravo,KC Brathwaite,Mohammad Nawaz (3),0,0,,,,,,"",""
ball,2,15.1,West Indies,KC Brathwaite,DM Bravo,Shoaib Malik,0,0,,,,,,"",""
ball,2,15.2,West Indies,KC Brathwaite,DM Bravo,Shoaib Malik,1,0,,,,,,"",""
ball,2,15.3,West Indies,DM Bravo,KC Brathwaite,Shoaib Malik,1,0,,,,,,"",""
ball,2,15.4,West Indies,KC Brathwaite,DM Bravo,Shoaib Malik,1,0,,,,,,"",""
ball,2,15.5,West Indies,DM Bravo,KC Brathwaite,Shoaib Malik,1,0,,,,,,"",""
ball,2,15.6,West Indies,KC Brathwaite,DM Bravo,Shoaib Malik,1,0,,,,,,"",""
ball,2,16.1,West Indies,KC Brathwaite,DM Bravo,Mohammad Nawaz (3),0,0,,,,,,"",""
ball,2,16.2,West Indies,KC Brathwaite,DM Bravo,Mohammad Nawaz (3),0,0,,,,,,"",""
ball,2,16.3,West Indies,KC Brathwaite,DM Bravo,Mohammad Nawaz (3),1,0,,,,,,"",""
ball,2,16.4,West Indies,DM Bravo,KC Brathwaite,Mohammad Nawaz (3),0,0,,,,,,"",""
ball,2,16.5,West Indies,DM Bravo,KC Brathwaite,Mohammad Nawaz (3),0,0,,,,,,"",""
ball,2,16.6,West Indies,DM Bravo,KC Brathwaite,Mohammad Nawaz (3),6,0,,,,,,"",""
ball,2,17.1,West Indies,KC Brathwaite,DM Bravo,Shoaib Malik,0,0,,,,,,"",""
ball,2,17.2,West Indies,KC Brathwaite,DM Bravo,Shoaib Malik,1,0,,,,,,"",""
ball,2,17.3,West Indies,DM Bravo,KC Brathwaite,Shoaib Malik,1,0,,,,,,"",""
ball,2,17.4,West Indies,KC Brathwaite,DM Bravo,Shoaib Malik,0,0,,,,,,lbw,KC Brathwaite
ball,2,17.5,West Indies,MN Samuels,DM Bravo,Shoaib Malik,0,0,,,,,,"",""
ball,2,17.6,West Indies,MN Samuels,DM Bravo,Shoaib Malik,0,0,,,,,,"",""
ball,2,18.1,West Indies,DM Bravo,MN Samuels,Wahab Riaz,0,0,,,,,,"",""
ball,2,18.2,West Indies,DM Bravo,MN Samuels,Wahab Riaz,1,0,,,,,,"",""
ball,2,18.3,West Indies,MN Samuels,DM Bravo,Wahab Riaz,0,0,,,,,,"",""
ball,2,18.4,West Indies,MN Samuels,DM Bravo,Wahab Riaz,0,0,,,,,,"",""
ball,2,18.5,West Indies,MN Samuels,DM Bravo,Wahab Riaz,0,0,,,,,,"",""
ball,2,18.6,West Indies,MN Samuels,DM Bravo,Wahab Riaz,1,0,,,,,,"",""
ball,2,19.1,West Indies,MN Samuels,DM Bravo,Shoaib Malik,0,0,,,,,,"",""
ball,2,19.2,West Indies,MN Samuels,DM Bravo,Shoaib Malik,1,0,,,,,,"",""
ball,2,19.3,West Indies,DM Bravo,MN Samuels,Shoaib Malik,1,0,,,,,,"",""
ball,2,19.4,West Indies,MN Samuels,DM Bravo,Shoaib Malik,2,0,,,,,,"",""
ball,2,19.5,West Indies,MN Samuels,DM Bravo,Shoaib Malik,1,0,,,,,,"",""
ball,2,19.6,West Indies,DM Bravo,MN Samuels,Shoaib Malik,1,0,,,,,,"",""
ball,2,20.1,West Indies,DM Bravo,MN Samuels,Wahab Riaz,0,0,,,,,,"",""
ball,2,20.2,West Indies,DM Bravo,MN Samuels,Wahab Riaz,1,0,,,,,,"",""
ball,2,20.3,West Indies,MN Samuels,DM Bravo,Wahab Riaz,2,0,,,,,,"",""
ball,2,20.4,West Indies,MN Samuels,DM Bravo,Wahab Riaz,1,0,,,,,,"",""
ball,2,20.5,West Indies,DM Bravo,MN Samuels,Wahab Riaz,0,0,,,,,,"",""
ball,2,20.6,West Indies,DM Bravo,MN Samuels,Wahab Riaz,0,0,,,,,,caught,DM Bravo
ball,2,21.1,West Indies,MN Samuels,D Ramdin,Shoaib Malik,0,0,,,,,,"",""
ball,2,21.2,West Indies,MN Samuels,D Ramdin,Shoaib Malik,0,0,,,,,,"",""
ball,2,21.3,West Indies,MN Samuels,D Ramdin,Shoaib Malik,0,0,,,,,,"",""
ball,2,21.4,West Indies,MN Samuels,D Ramdin,Shoaib Malik,1,0,,,,,,"",""
ball,2,21.5,West Indies,D Ramdin,MN Samuels,Shoaib Malik,1,0,,,,,,"",""
ball,2,21.6,West Indies,MN Samuels,D Ramdin,Shoaib Malik,4,0,,,,,,"",""
ball,2,22.1,West Indies,D Ramdin,MN Samuels,Wahab Riaz,0,0,,,,,,"",""
ball,2,22.2,West Indies,D Ramdin,MN Samuels,Wahab Riaz,0,0,,,,,,run out,MN Samuels
ball,2,22.3,West Indies,D Ramdin,KA Pollard,Wahab Riaz,0,0,,,,,,"",""
ball,2,22.4,West Indies,D Ramdin,KA Pollard,Wahab Riaz,0,0,,,,,,"",""
ball,2,22.5,West Indies,D Ramdin,KA Pollard,Wahab Riaz,1,0,,,,,,"",""
ball,2,22.6,West Indies,KA Pollard,D Ramdin,Wahab Riaz,1,0,,,,,,"",""
ball,2,23.1,West Indies,KA Pollard,D Ramdin,Mohammad Nawaz (3),0,0,,,,,,"",""
ball,2,23.2,West Indies,KA Pollard,D Ramdin,Mohammad Nawaz (3),1,0,,,,,,"",""
ball,2,23.3,West Indies,D Ramdin,KA Pollard,Mohammad Nawaz (3),0,0,,,,,,"",""
ball,2,23.4,West Indies,D Ramdin,KA Pollard,Mohammad Nawaz (3),0,0,,,,,,"",""
ball,2,23.5,West Indies,D Ramdin,KA Pollard,Mohammad Nawaz (3),0,0,,,,,,"",""
ball,2,23.6,West Indies,D Ramdin,KA Pollard,Mohammad Nawaz (3),1,0,,,,,,"",""
ball,2,24.1,West Indies,D Ramdin,KA Pollard,Wahab Riaz,0,0,,,,,,"",""
ball,2,24.2,West Indies,D Ramdin,KA Pollard,Wahab Riaz,4,0,,,,,,"",""
ball,2,24.3,West Indies,D Ramdin,KA Pollard,Wahab Riaz,1,0,,,,,,"",""
ball,2,24.4,West Indies,KA Pollard,D Ramdin,Wahab Riaz,0,0,,,,,,"",""
ball,2,24.5,West Indies,KA Pollard,D Ramdin,Wahab Riaz,0,0,,,,,,"",""
ball,2,24.6,West Indies,KA Pollard,D Ramdin,Wahab Riaz,1,0,,,,,,"",""
ball,2,25.1,West Indies,KA Pollard,D Ramdin,Mohammad Nawaz (3),0,0,,,,,,"",""
ball,2,25.2,West Indies,KA Pollard,D Ramdin,Mohammad Nawaz (3),2,0,,,,,,"",""
ball,2,25.3,West Indies,KA Pollard,D Ramdin,Mohammad Nawaz (3),0,0,,,,,,"",""
ball,2,25.4,West Indies,KA Pollard,D Ramdin,Mohammad Nawaz (3),0,0,,,,,,"",""
ball,2,25.5,West Indies,KA Pollard,D Ramdin,Mohammad Nawaz (3),1,0,,,,,,"",""
ball,2,25.6,West Indies,D Ramdin,KA Pollard,Mohammad Nawaz (3),0,0,,,,,,"",""
ball,2,26.1,West Indies,KA Pollard,D Ramdin,Imad Wasim,1,0,,,,,,"",""
ball,2,26.2,West Indies,D Ramdin,KA Pollard,Imad Wasim,2,0,,,,,,"",""
ball,2,26.3,West Indies,D Ramdin,KA Pollard,Imad Wasim,1,0,,,,,,"",""
ball,2,26.4,West Indies,KA Pollard,D Ramdin,Imad Wasim,0,0,,,,,,"",""
ball,2,26.5,West Indies,KA Pollard,D Ramdin,Imad Wasim,1,0,,,,,,"",""
ball,2,26.6,West Indies,D Ramdin,KA Pollard,Imad Wasim,1,0,,,,,,"",""
ball,2,27.1,West Indies,D Ramdin,KA Pollard,Mohammad Nawaz (3),0,0,,,,,,"",""
ball,2,27.2,West Indies,D Ramdin,KA Pollard,Mohammad Nawaz (3),1,0,,,,,,"",""
ball,2,27.3,West Indies,KA Pollard,D Ramdin,Mohammad Nawaz (3),0,0,,,,,,"",""
ball,2,27.4,West Indies,KA Pollard,D Ramdin,Mohammad Nawaz (3),1,0,,,,,,"",""
ball,2,27.5,West Indies,D Ramdin,KA Pollard,Mohammad Nawaz (3),0,0,,,,,,"",""
ball,2,27.6,West Indies,D Ramdin,KA Pollard,Mohammad Nawaz (3),0,0,,,,,,"",""
ball,2,28.1,West Indies,KA Pollard,D Ramdin,Imad Wasim,1,0,,,,,,"",""
ball,2,28.2,West Indies,D Ramdin,KA Pollard,Imad Wasim,0,0,,,,,,"",""
ball,2,28.3,West Indies,D Ramdin,KA Pollard,Imad Wasim,0,0,,,,,,"",""
ball,2,28.4,West Indies,D Ramdin,KA Pollard,Imad Wasim,1,0,,,,,,"",""
ball,2,28.5,West Indies,KA Pollard,D Ramdin,Imad Wasim,0,0,,,,,,"",""
ball,2,28.6,West Indies,KA Pollard,D Ramdin,Imad Wasim,1,0,,,,,,"",""
ball,2,29.1,West Indies,KA Pollard,D Ramdin,Mohammad Nawaz (3),0,0,,,,,,caught,KA Pollard
ball,2,29.2,West Indies,JO Holder,D Ramdin,Mohammad Nawaz (3),1,0,,,,,,"",""
ball,2,29.3,West Indies,D Ramdin,JO Holder,Mohammad Nawaz (3),0,0,,,,,,"",""
ball,2,29.4,West Indies,D Ramdin,JO Holder,Mohammad Nawaz (3),1,0,,,,,,"",""
ball,2,29.5,West Indies,JO Holder,D Ramdin,Mohammad Nawaz (3),0,0,,,,,,"",""
ball,2,29.6,West Indies,JO Holder,D Ramdin,Mohammad Nawaz (3),0,0,,,,,,"",""
ball,2,30.1,West Indies,D Ramdin,JO Holder,Imad Wasim,1,0,,,,,,"",""
ball,2,30.2,West Indies,JO Holder,D Ramdin,Imad Wasim,1,0,,,,,,"",""
ball,2,30.3,West Indies,D Ramdin,JO Holder,Imad Wasim,0,0,,,,,,"",""
ball,2,30.4,West Indies,D Ramdin,JO Holder,Imad Wasim,0,0,,,,,,"",""
ball,2,30.5,West Indies,D Ramdin,JO Holder,Imad Wasim,1,0,,,,,,"",""
ball,2,30.6,West Indies,JO Holder,D Ramdin,Imad Wasim,0,0,,,,,,"",""
ball,2,31.1,West Indies,D Ramdin,JO Holder,Mohammad Nawaz (3),2,0,,,,,,"",""
ball,2,31.2,West Indies,D Ramdin,JO Holder,Mohammad Nawaz (3),0,0,,,,,,"",""
ball,2,31.3,West Indies,D Ramdin,JO Holder,Mohammad Nawaz (3),0,0,,,,,,"",""
ball,2,31.4,West Indies,D Ramdin,JO Holder,Mohammad Nawaz (3),1,0,,,,,,"",""
ball,2,31.5,West Indies,JO Holder,D Ramdin,Mohammad Nawaz (3),6,0,,,,,,"",""
ball,2,31.6,West Indies,JO Holder,D Ramdin,Mohammad Nawaz (3),1,0,,,,,,"",""
ball,2,32.1,West Indies,JO Holder,D Ramdin,Sohail Khan,0,0,,,,,,"",""
ball,2,32.2,West Indies,JO Holder,D Ramdin,Sohail Khan,2,0,,,,,,"",""
ball,2,32.3,West Indies,JO Holder,D Ramdin,Sohail Khan,1,0,,,,,,"",""
ball,2,32.4,West Indies,D Ramdin,JO Holder,Sohail Khan,0,0,,,,,,"",""
ball,2,32.5,West Indies,D Ramdin,JO Holder,Sohail Khan,1,0,,,,,,"",""
ball,2,32.6,West Indies,JO Holder,D Ramdin,Sohail Khan,1,0,,,,,,"",""
ball,2,33.1,West Indies,JO Holder,D Ramdin,Hasan Ali,1,0,,,,,,"",""
ball,2,33.2,West Indies,D Ramdin,JO Holder,Hasan Ali,1,0,,,,,,"",""
ball,2,33.3,West Indies,JO Holder,D Ramdin,Hasan Ali,1,0,,,,,,"",""
ball,2,33.4,West Indies,D Ramdin,JO Holder,Hasan Ali,0,0,,,,,,"",""
ball,2,33.5,West Indies,D Ramdin,JO Holder,Hasan Ali,0,0,,,,,,"",""
ball,2,33.6,West Indies,D Ramdin,JO Holder,Hasan Ali,0,0,,,,,,"",""
ball,2,34.1,West Indies,JO Holder,D Ramdin,Sohail Khan,0,0,,,,,,"",""
ball,2,34.2,West Indies,JO Holder,D Ramdin,Sohail Khan,0,0,,,,,,"",""
ball,2,34.3,West Indies,JO Holder,D Ramdin,Sohail Khan,2,0,,,,,,"",""
ball,2,34.4,West Indies,JO Holder,D Ramdin,Sohail Khan,1,0,,,,,,"",""
ball,2,34.5,West Indies,D Ramdin,JO Holder,Sohail Khan,1,0,,,,,,"",""
ball,2,34.6,West Indies,JO Holder,D Ramdin,Sohail Khan,0,0,,,,,,"",""
ball,2,35.1,West Indies,D Ramdin,JO Holder,Hasan Ali,0,0,,,,,,"",""
ball,2,35.2,West Indies,D Ramdin,JO Holder,Hasan Ali,0,0,,,,,,"",""
ball,2,35.3,West Indies,D Ramdin,JO Holder,Hasan Ali,1,0,,,,,,"",""
ball,2,35.4,West Indies,JO Holder,D Ramdin,Hasan Ali,1,0,,,,,,"",""
ball,2,35.5,West Indies,D Ramdin,JO Holder,Hasan Ali,0,0,,,,,,"",""
ball,2,35.6,West Indies,D Ramdin,JO Holder,Hasan Ali,1,0,,,,,,"",""
ball,2,36.1,West Indies,D Ramdin,JO Holder,Wahab Riaz,1,0,,,,,,"",""
ball,2,36.2,West Indies,JO Holder,D Ramdin,Wahab Riaz,4,0,,,,,,"",""
ball,2,36.3,West Indies,JO Holder,D Ramdin,Wahab Riaz,1,0,,,,,,"",""
ball,2,36.4,West Indies,D Ramdin,JO Holder,Wahab Riaz,0,0,,,,,,"",""
ball,2,36.5,West Indies,D Ramdin,JO Holder,Wahab Riaz,0,0,,,,,,"",""
ball,2,36.6,West Indies,D Ramdin,JO Holder,Wahab Riaz,0,0,,,,,,"",""
ball,2,37.1,West Indies,JO Holder,D Ramdin,Hasan Ali,1,0,,,,,,"",""
ball,2,37.2,West Indies,D Ramdin,JO Holder,Hasan Ali,0,0,,,,,,"",""
ball,2,37.3,West Indies,D Ramdin,JO Holder,Hasan Ali,0,0,,,,,,"",""
ball,2,37.4,West Indies,D Ramdin,JO Holder,Hasan Ali,0,0,,,,,,"",""
ball,2,37.5,West Indies,D Ramdin,JO Holder,Hasan Ali,0,0,,,,,,"",""
ball,2,37.6,West Indies,D Ramdin,JO Holder,Hasan Ali,2,0,,,,,,"",""
ball,2,38.1,West Indies,JO Holder,D Ramdin,Wahab Riaz,0,0,,,,,,"",""
ball,2,38.2,West Indies,JO Holder,D Ramdin,Wahab Riaz,1,0,,,,,,"",""
ball,2,38.3,West Indies,D Ramdin,JO Holder,Wahab Riaz,0,0,,,,,,"",""
ball,2,38.4,West Indies,D Ramdin,JO Holder,Wahab Riaz,0,0,,,,,,"",""
ball,2,38.5,West Indies,D Ramdin,JO Holder,Wahab Riaz,0,0,,,,,,"",""
ball,2,38.6,West Indies,D Ramdin,JO Holder,Wahab Riaz,0,1,,,,1,,"",""
ball,2,39.1,West Indies,D Ramdin,JO Holder,Imad Wasim,1,0,,,,,,"",""
ball,2,39.2,West Indies,JO Holder,D Ramdin,Imad Wasim,0,0,,,,,,bowled,JO Holder
ball,2,39.3,West Indies,SP Narine,D Ramdin,Imad Wasim,0,0,,,,,,"",""
ball,2,39.4,West Indies,SP Narine,D Ramdin,Imad Wasim,0,0,,,,,,"",""
ball,2,39.5,West Indies,SP Narine,D Ramdin,Imad Wasim,0,0,,,,,,"",""
ball,2,39.6,West Indies,SP Narine,D Ramdin,Imad Wasim,0,0,,,,,,"",""
ball,2,40.1,West Indies,D Ramdin,SP Narine,Mohammad Nawaz (3),1,0,,,,,,"",""
ball,2,40.2,West Indies,SP Narine,D Ramdin,Mohammad Nawaz (3),0,1,1,,,,,"",""
ball,2,40.3,West Indies,SP Narine,D Ramdin,Mohammad Nawaz (3),0,0,,,,,,stumped,SP Narine
ball,2,40.4,West Indies,SJ Benn,D Ramdin,Mohammad Nawaz (3),0,0,,,,,,"",""
ball,2,40.5,West Indies,SJ Benn,D Ramdin,Mohammad Nawaz (3),0,0,,,,,,"",""
ball,2,40.6,West Indies,SJ Benn,D Ramdin,Mohammad Nawaz (3),0,0,,,,,,"",""
ball,2,40.7,West Indies,SJ Benn,D Ramdin,Mohammad Nawaz (3),0,0,,,,,,caught,SJ Benn
ball,2,41.1,West Indies,D Ramdin,AS Joseph,Wahab Riaz,0,0,,,,,,"",""
ball,2,41.2,West Indies,D Ramdin,AS Joseph,Wahab Riaz,0,0,,,,,,"",""
ball,2,41.3,West Indies,D Ramdin,AS Joseph,Wahab Riaz,4,0,,,,,,"",""
ball,2,41.4,West Indies,D Ramdin,AS Joseph,Wahab Riaz,1,0,,,,,,"",""
ball,2,41.5,West Indies,AS Joseph,D Ramdin,Wahab Riaz,0,0,,,,,,"",""
ball,2,41.6,West Indies,AS Joseph,D Ramdin,Wahab Riaz,0,0,,,,,,"",""
ball,2,42.1,West Indies,D Ramdin,AS Joseph,Mohammad Nawaz (3),1,0,,,,,,"",""
ball,2,42.2,West Indies,AS Joseph,D Ramdin,Mohammad Nawaz (3),0,0,,,,,,"",""
ball,2,42.3,West Indies,AS Joseph,D Ramdin,Mohammad Nawaz (3),1,0,,,,,,"",""
ball,2,42.4,West Indies,D Ramdin,AS Joseph,Mohammad Nawaz (3),0,0,,,,,,"",""
ball,2,42.5,West Indies,D Ramdin,AS Joseph,Mohammad Nawaz (3),1,0,,,,,,"",""
ball,2,42.6,West Indies,AS Joseph,D Ramdin,Mohammad Nawaz (3),1,0,,,,,,"",""
ball,2,43.1,West Indies,AS Joseph,D Ramdin,Wahab Riaz,0,0,,,,,,caught,AS Joseph
ball,2,43.2,West Indies,ST Gabriel,D Ramdin,Wahab Riaz,0,0,,,,,,"",""
ball,2,43.3,West Indies,ST Gabriel,D Ramdin,Wahab Riaz,0,0,,,,,,"",""
ball,2,43.4,West Indies,ST Gabriel,D Ramdin,Wahab Riaz,1,0,,,,,,"",""
ball,2,43.5,West Indies,D Ramdin,ST Gabriel,Wahab Riaz,0,1,1,,,,,"",""
ball,2,43.6,West Indies,D Ramdin,ST Gabriel,Wahab Riaz,0,0,,,,,,"",""
ball,2,43.7,West Indies,D Ramdin,ST Gabriel,Wahab Riaz,0,0,,,,,,run out,D Ramdin
