version,1.6.0
info,balls_per_over,6
info,team,Zimbabwe
info,team,West Indies
info,gender,male
info,season,2016/17
info,date,2016/11/19
info,event,Zimbabwe Tri-Nation Series
info,match_number,3
info,venue,Queens Sports Club
info,city,Bulawayo
info,toss_winner,Zimbabwe
info,toss_decision,bat
info,player_of_match,SD Hope
info,umpire,C Shamshuddin
info,umpire,RB Tiffin
info,reserve_umpire,L Rusere
info,tv_umpire,MA Gough
info,match_referee,J Srinath
info,outcome,tie
info,player,West Indies,J Charles
info,player,West Indies,KC Brathwaite
info,player,West Indies,E Lewis
info,player,West Indies,SD Hope
info,player,West Indies,R Powell
info,player,West Indies,CR Brathwaite
info,player,West Indies,JO Holder
info,player,West Indies,AR Nurse
info,player,West Indies,JL Carter
info,player,West Indies,SJ Benn
info,player,West Indies,ST Gabriel
info,player,Zimbabwe,BB Chari
info,player,Zimbabwe,CJ Chibhabha
info,player,Zimbabwe,CR Ervine
info,player,Zimbabwe,Sikandar Raza
info,player,Zimbabwe,SC Williams
info,player,Zimbabwe,E Chigumbura
info,player,Zimbabwe,PJ Moor
info,player,Zimbabwe,AG Cremer
info,player,Zimbabwe,DT Tiripano
info,player,Zimbabwe,TS Chisoro
info,player,Zimbabwe,CB Mpofu
info,registry,people,AG Cremer,9f0270e0
info,registry,people,AR Nurse,4a745f65
info,registry,people,BB Chari,41fc1ece
info,registry,people,C Shamshuddin,0f9d921b
info,registry,people,CB Mpofu,49691d7a
info,registry,people,CJ Chibhabha,f32dbc84
info,registry,people,CR Brathwaite,e342e5fb
info,registry,people,CR Ervine,c96311d4
info,registry,people,DT Tiripano,dbfb8218
info,registry,people,E Chigumbura,d2babdd5
info,registry,people,E Lewis,0ebfb1ad
info,registry,people,J Charles,09a9d073
info,registry,people,J Srinath,bad31fac
info,registry,people,JL Carter,0a9d8b61
info,registry,people,JO Holder,0f721006
info,registry,people,KC Brathwaite,7d5af2ea
info,registry,people,L Rusere,6a4734ae
info,registry,people,MA Gough,76752ac8
info,registry,people,PJ Moor,a1d3540a
info,registry,people,R Powell,650d5e49
info,registry,people,RB Tiffin,89087a0d
info,registry,people,SC Williams,afe57f7a
info,registry,people,SD Hope,1fc6ef83
info,registry,people,SJ Benn,364ee2cf
info,registry,people,ST Gabriel,d9609443
info,registry,people,Sikandar Raza,26d041c4
info,registry,people,TS Chisoro,4b2d6789
ball,1,0.1,Zimbabwe,BB Chari,CJ Chibhabha,ST Gabriel,0,0,,,,,,"",""
ball,1,0.2,Zimbabwe,BB Chari,CJ Chibhabha,ST Gabriel,0,0,,,,,,"",""
ball,1,0.3,Zimbabwe,BB Chari,CJ Chibhabha,ST Gabriel,0,0,,,,,,"",""
ball,1,0.4,Zimbabwe,BB Chari,CJ Chibhabha,ST Gabriel,1,0,,,,,,"",""
ball,1,0.5,Zimbabwe,CJ Chibhabha,BB Chari,ST Gabriel,0,0,,,,,,"",""
ball,1,0.6,Zimbabwe,CJ Chibhabha,BB Chari,ST Gabriel,0,0,,,,,,"",""
ball,1,1.1,Zimbabwe,BB Chari,CJ Chibhabha,JO Holder,0,0,,,,,,"",""
ball,1,1.2,Zimbabwe,BB Chari,CJ Chibhabha,JO Holder,0,0,,,,,,"",""
ball,1,1.3,Zimbabwe,BB Chari,CJ Chibhabha,JO Holder,0,0,,,,,,"",""
ball,1,1.4,Zimbabwe,BB Chari,CJ Chibhabha,JO Holder,0,0,,,,,,"",""
ball,1,1.5,Zimbabwe,BB Chari,CJ Chibhabha,JO Holder,0,0,,,,,,"",""
ball,1,1.6,Zimbabwe,BB Chari,CJ Chibhabha,JO Holder,0,1,1,,,,,"",""
ball,1,1.7,Zimbabwe,BB Chari,CJ Chibhabha,JO Holder,0,0,,,,,,"",""
ball,1,2.1,Zimbabwe,CJ Chibhabha,BB Chari,ST Gabriel,1,0,,,,,,"",""
ball,1,2.2,Zimbabwe,BB Chari,CJ Chibhabha,ST Gabriel,0,0,,,,,,"",""
ball,1,2.3,Zimbabwe,BB Chari,CJ Chibhabha,ST Gabriel,0,0,,,,,,"",""
ball,1,2.4,Zimbabwe,BB Chari,CJ Chibhabha,ST Gabriel,1,0,,,,,,"",""
ball,1,2.5,Zimbabwe,CJ Chibhabha,BB Chari,ST Gabriel,3,0,,,,,,"",""
ball,1,2.6,Zimbabwe,BB Chari,CJ Chibhabha,ST Gabriel,0,0,,,,,,"",""
ball,1,3.1,Zimbabwe,CJ Chibhabha,BB Chari,JO Holder,0,0,,,,,,"",""
ball,1,3.2,Zimbabwe,CJ Chibhabha,BB Chari,JO Holder,0,0,,,,,,"",""
ball,1,3.3,Zimbabwe,CJ Chibhabha,BB Chari,JO Holder,0,0,,,,,,"",""
ball,1,3.4,Zimbabwe,CJ Chibhabha,BB Chari,JO Holder,4,0,,,,,,"",""
ball,1,3.5,Zimbabwe,CJ Chibhabha,BB Chari,JO Holder,0,0,,,,,,"",""
ball,1,3.6,Zimbabwe,CJ Chibhabha,BB Chari,JO Holder,0,0,,,,,,"",""
ball,1,4.1,Zimbabwe,BB Chari,CJ Chibhabha,ST Gabriel,1,0,,,,,,"",""
ball,1,4.2,Zimbabwe,CJ Chibhabha,BB Chari,ST Gabriel,0,0,,,,,,"",""
ball,1,4.3,Zimbabwe,CJ Chibhabha,BB Chari,ST Gabriel,0,0,,,,,,"",""
ball,1,4.4,Zimbabwe,CJ Chibhabha,BB Chari,ST Gabriel,1,0,,,,,,"",""
ball,1,4.5,Zimbabwe,BB Chari,CJ Chibhabha,ST Gabriel,0,0,,,,,,"",""
ball,1,4.6,Zimbabwe,BB Chari,CJ Chibhabha,ST Gabriel,1,0,,,,,,"",""
ball,1,5.1,Zimbabwe,BB Chari,CJ Chibhabha,JO Holder,0,0,,,,,,"",""
ball,1,5.2,Zimbabwe,BB Chari,CJ Chibhabha,JO Holder,0,0,,,,,,"",""
ball,1,5.3,Zimbabwe,BB Chari,CJ Chibhabha,JO Holder,1,0,,,,,,"",""
ball,1,5.4,Zimbabwe,CJ Chibhabha,BB Chari,JO Holder,0,0,,,,,,"",""
ball,1,5.5,Zimbabwe,CJ Chibhabha,BB Chari,JO Holder,0,0,,,,,,"",""
ball,1,5.6,Zimbabwe,CJ Chibhabha,BB Chari,JO Holder,0,0,,,,,,"",""
ball,1,6.1,Zimbabwe,BB Chari,CJ Chibhabha,ST Gabriel,0,0,,,,,,"",""
ball,1,6.2,Zimbabwe,BB Chari,CJ Chibhabha,ST Gabriel,4,0,,,,,,"",""
ball,1,6.3,Zimbabwe,BB Chari,CJ Chibhabha,ST Gabriel,0,0,,,,,,"",""
ball,1,6.4,Zimbabwe,BB Chari,CJ Chibhabha,ST Gabriel,0,0,,,,,,"",""
ball,1,6.5,Zimbabwe,BB Chari,CJ Chibhabha,ST Gabriel,0,1,1,,,,,"",""
ball,1,6.6,Zimbabwe,BB Chari,CJ Chibhabha,ST Gabriel,0,0,,,,,,"",""
ball,1,6.7,Zimbabwe,BB Chari,CJ Chibhabha,ST Gabriel,0,0,,,,,,"",""
ball,1,7.1,Zimbabwe,CJ Chibhabha,BB Chari,JO Holder,4,0,,,,,,"",""
ball,1,7.2,Zimbabwe,CJ Chibhabha,BB Chari,JO Holder,4,0,,,,,,"",""
ball,1,7.3,Zimbabwe,CJ Chibhabha,BB Chari,JO Holder,1,0,,,,,,"",""
ball,1,7.4,Zimbabwe,BB Chari,CJ Chibhabha,JO Holder,0,0,,,,,,"",""
ball,1,7.5,Zimbabwe,BB Chari,CJ Chibhabha,JO Holder,0,0,,,,,,"",""
ball,1,7.6,Zimbabwe,BB Chari,CJ Chibhabha,JO Holder,0,0,,,,,,"",""
ball,1,8.1,Zimbabwe,CJ Chibhabha,BB Chari,ST Gabriel,0,1,1,,,,,"",""
ball,1,8.2,Zimbabwe,CJ Chibhabha,BB Chari,ST Gabriel,0,0,,,,,,"",""
ball,1,8.3,Zimbabwe,CJ Chibhabha,BB Chari,ST Gabriel,0,0,,,,,,"",""
ball,1,8.4,Zimbabwe,CJ Chibhabha,BB Chari,ST Gabriel,0,0,,,,,,"",""
ball,1,8.5,Zimbabwe,CJ Chibhabha,BB Chari,ST Gabriel,0,0,,,,,,"",""
ball,1,8.6,Zimbabwe,CJ Chibhabha,BB Chari,ST Gabriel,0,0,,,,,,"",""
ball,1,8.7,Zimbabwe,CJ Chibhabha,BB Chari,ST Gabriel,1,0,,,,,,"",""
ball,1,9.1,Zimbabwe,CJ Chibhabha,BB Chari,JO Holder,0,0,,,,,,"",""
ball,1,9.2,Zimbabwe,CJ Chibhabha,BB Chari,JO Holder,0,0,,,,,,"",""
ball,1,9.3,Zimbabwe,CJ Chibhabha,BB Chari,JO Holder,4,0,,,,,,"",""
ball,1,9.4,Zimbabwe,CJ Chibhabha,BB Chari,JO Holder,0,0,,,,,,"",""
ball,1,9.5,Zimbabwe,CJ Chibhabha,BB Chari,JO Holder,1,0,,,,,,"",""
ball,1,9.6,Zimbabwe,BB Chari,CJ Chibhabha,JO Holder,0,0,,,,,,"",""
ball,1,10.1,Zimbabwe,CJ Chibhabha,BB Chari,SJ Benn,0,0,,,,,,"",""
ball,1,10.2,Zimbabwe,CJ Chibhabha,BB Chari,SJ Benn,0,0,,,,,,"",""
ball,1,10.3,Zimbabwe,CJ Chibhabha,BB Chari,SJ Benn,1,0,,,,,,"",""
ball,1,10.4,Zimbabwe,BB Chari,CJ Chibhabha,SJ Benn,0,0,,,,,,"",""
ball,1,10.5,Zimbabwe,BB Chari,CJ Chibhabha,SJ Benn,0,0,,,,,,"",""
ball,1,10.6,Zimbabwe,BB Chari,CJ Chibhabha,SJ Benn,1,0,,,,,,"",""
ball,1,11.1,Zimbabwe,BB Chari,CJ Chibhabha,CR Brathwaite,0,0,,,,,,run out,CJ Chibhabha
ball,1,11.2,Zimbabwe,BB Chari,CR Ervine,CR Brathwaite,0,0,,,,,,"",""
ball,1,11.3,Zimbabwe,BB Chari,CR Ervine,CR Brathwaite,1,0,,,,,,"",""
ball,1,11.4,Zimbabwe,CR Ervine,BB Chari,CR Brathwaite,0,0,,,,,,"",""
ball,1,11.5,Zimbabwe,CR Ervine,BB Chari,CR Brathwaite,0,0,,,,,,"",""
ball,1,11.6,Zimbabwe,CR Ervine,BB Chari,CR Brathwaite,0,0,,,,,,"",""
ball,1,12.1,Zimbabwe,BB Chari,CR Ervine,SJ Benn,0,0,,,,,,"",""
ball,1,12.2,Zimbabwe,BB Chari,CR Ervine,SJ Benn,1,0,,,,,,"",""
ball,1,12.3,Zimbabwe,CR Ervine,BB Chari,SJ Benn,3,0,,,,,,"",""
ball,1,12.4,Zimbabwe,BB Chari,CR Ervine,SJ Benn,2,0,,,,,,"",""
ball,1,12.5,Zimbabwe,BB Chari,CR Ervine,SJ Benn,1,0,,,,,,"",""
ball,1,12.6,Zimbabwe,CR Ervine,BB Chari,SJ Benn,0,0,,,,,,"",""
ball,1,13.1,Zimbabwe,BB Chari,CR Ervine,CR Brathwaite,0,0,,,,,,caught,BB Chari
ball,1,13.2,Zimbabwe,CR Ervine,Sikandar Raza,CR Brathwaite,0,0,,,,,,"",""
ball,1,13.3,Zimbabwe,CR Ervine,Sikandar Raza,CR Brathwaite,0,0,,,,,,"",""
ball,1,13.4,Zimbabwe,CR Ervine,Sikandar Raza,CR Brathwaite,1,0,,,,,,"",""
ball,1,13.5,Zimbabwe,Sikandar Raza,CR Ervine,CR Brathwaite,1,0,,,,,,"",""
ball,1,13.6,Zimbabwe,CR Ervine,Sikandar Raza,CR Brathwaite,0,0,,,,,,"",""
ball,1,14.1,Zimbabwe,Sikandar Raza,CR Ervine,SJ Benn,1,0,,,,,,"",""
ball,1,14.2,Zimbabwe,CR Ervine,Sikandar Raza,SJ Benn,0,0,,,,,,"",""
ball,1,14.3,Zimbabwe,CR Ervine,Sikandar Raza,SJ Benn,4,0,,,,,,"",""
ball,1,14.4,Zimbabwe,CR Ervine,Sikandar Raza,SJ Benn,1,0,,,,,,"",""
ball,1,14.5,Zimbabwe,Sikandar Raza,CR Ervine,SJ Benn,0,0,,,,,,"",""
ball,1,14.6,Zimbabwe,Sikandar Raza,CR Ervine,SJ Benn,0,0,,,,,,"",""
ball,1,15.1,Zimbabwe,CR Ervine,Sikandar Raza,CR Brathwaite,0,0,,,,,,"",""
ball,1,15.2,Zimbabwe,CR Ervine,Sikandar Raza,CR Brathwaite,1,0,,,,,,"",""
ball,1,15.3,Zimbabwe,Sikandar Raza,CR Ervine,CR Brathwaite,1,0,,,,,,"",""
ball,1,15.4,Zimbabwe,CR Ervine,Sikandar Raza,CR Brathwaite,4,0,,,,,,"",""
ball,1,15.5,Zimbabwe,CR Ervine,Sikandar Raza,CR Brathwaite,0,0,,,,,,"",""
ball,1,15.6,Zimbabwe,CR Ervine,Sikandar Raza,CR Brathwaite,1,0,,,,,,"",""
ball,1,16.1,Zimbabwe,CR Ervine,Sikandar Raza,SJ Benn,2,0,,,,,,"",""
ball,1,16.2,Zimbabwe,CR Ervine,Sikandar Raza,SJ Benn,1,0,,,,,,"",""
ball,1,16.3,Zimbabwe,Sikandar Raza,CR Ervine,SJ Benn,1,0,,,,,,"",""
ball,1,16.4,Zimbabwe,CR Ervine,Sikandar Raza,SJ Benn,0,0,,,,,,"",""
ball,1,16.5,Zimbabwe,CR Ervine,Sikandar Raza,SJ Benn,1,0,,,,,,"",""
ball,1,16.6,Zimbabwe,Sikandar Raza,CR Ervine,SJ Benn,1,0,,,,,,"",""
ball,1,17.1,Zimbabwe,Sikandar Raza,CR Ervine,CR Brathwaite,0,0,,,,,,"",""
ball,1,17.2,Zimbabwe,Sikandar Raza,CR Ervine,CR Brathwaite,1,0,,,,,,"",""
ball,1,17.3,Zimbabwe,CR Ervine,Sikandar Raza,CR Brathwaite,0,0,,,,,,"",""
ball,1,17.4,Zimbabwe,CR Ervine,Sikandar Raza,CR Brathwaite,2,0,,,,,,"",""
ball,1,17.5,Zimbabwe,CR Ervine,Sikandar Raza,CR Brathwaite,0,0,,,,,,"",""
ball,1,17.6,Zimbabwe,CR Ervine,Sikandar Raza,CR Brathwaite,0,0,,,,,,"",""
ball,1,18.1,Zimbabwe,Sikandar Raza,CR Ervine,SJ Benn,0,0,,,,,,"",""
ball,1,18.2,Zimbabwe,Sikandar Raza,CR Ervine,SJ Benn,0,0,,,,,,"",""
ball,1,18.3,Zimbabwe,Sikandar Raza,CR Ervine,SJ Benn,1,0,,,,,,"",""
ball,1,18.4,Zimbabwe,CR Ervine,Sikandar Raza,SJ Benn,1,0,,,,,,"",""
ball,1,18.5,Zimbabwe,Sikandar Raza,CR Ervine,SJ Benn,0,0,,,,,,"",""
ball,1,18.6,Zimbabwe,Sikandar Raza,CR Ervine,SJ Benn,1,0,,,,,,"",""
ball,1,19.1,Zimbabwe,Sikandar Raza,CR Ervine,CR Brathwaite,1,0,,,,,,"",""
ball,1,19.2,Zimbabwe,CR Ervine,Sikandar Raza,CR Brathwaite,1,0,,,,,,"",""
ball,1,19.3,Zimbabwe,Sikandar Raza,CR Ervine,CR Brathwaite,1,0,,,,,,"",""
ball,1,19.4,Zimbabwe,CR Ervine,Sikandar Raza,CR Brathwaite,0,0,,,,,,"",""
ball,1,19.5,Zimbabwe,CR Ervine,Sikandar Raza,CR Brathwaite,1,0,,,,,,"",""
ball,1,19.6,Zimbabwe,Sikandar Raza,CR Ervine,CR Brathwaite,1,0,,,,,,"",""
ball,1,20.1,Zimbabwe,Sikandar Raza,CR Ervine,SJ Benn,0,0,,,,,,"",""
ball,1,20.2,Zimbabwe,Sikandar Raza,CR Ervine,SJ Benn,4,0,,,,,,"",""
ball,1,20.3,Zimbabwe,Sikandar Raza,CR Ervine,SJ Benn,1,0,,,,,,"",""
ball,1,20.4,Zimbabwe,CR Ervine,Sikandar Raza,SJ Benn,2,0,,,,,,"",""
ball,1,20.5,Zimbabwe,CR Ervine,Sikandar Raza,SJ Benn,1,0,,,,,,"",""
ball,1,20.6,Zimbabwe,Sikandar Raza,CR Ervine,SJ Benn,1,0,,,,,,"",""
ball,1,21.1,Zimbabwe,Sikandar Raza,CR Ervine,AR Nurse,2,0,,,,,,"",""
ball,1,21.2,Zimbabwe,Sikandar Raza,CR Ervine,AR Nurse,1,0,,,,,,"",""
ball,1,21.3,Zimbabwe,CR Ervine,Sikandar Raza,AR Nurse,0,0,,,,,,"",""
ball,1,21.4,Zimbabwe,CR Ervine,Sikandar Raza,AR Nurse,2,0,,,,,,"",""
ball,1,21.5,Zimbabwe,CR Ervine,Sikandar Raza,AR Nurse,2,0,,,,,,"",""
ball,1,21.6,Zimbabwe,CR Ervine,Sikandar Raza,AR Nurse,0,0,,,,,,"",""
ball,1,22.1,Zimbabwe,Sikandar Raza,CR Ervine,CR Brathwaite,0,0,,,,,,"",""
ball,1,22.2,Zimbabwe,Sikandar Raza,CR Ervine,CR Brathwaite,1,0,,,,,,"",""
ball,1,22.3,Zimbabwe,CR Ervine,Sikandar Raza,CR Brathwaite,1,0,,,,,,"",""
ball,1,22.4,Zimbabwe,Sikandar Raza,CR Ervine,CR Brathwaite,4,0,,,,,,"",""
ball,1,22.5,Zimbabwe,Sikandar Raza,CR Ervine,CR Brathwaite,1,0,,,,,,"",""
ball,1,22.6,Zimbabwe,CR Ervine,Sikandar Raza,CR Brathwaite,0,0,,,,,,"",""
ball,1,23.1,Zimbabwe,Sikandar Raza,CR Ervine,AR Nurse,1,0,,,,,,"",""
ball,1,23.2,Zimbabwe,CR Ervine,Sikandar Raza,AR Nurse,0,0,,,,,,"",""
ball,1,23.3,Zimbabwe,CR Ervine,Sikandar Raza,AR Nurse,3,0,,,,,,"",""
ball,1,23.4,Zimbabwe,Sikandar Raza,CR Ervine,AR Nurse,2,0,,,,,,"",""
ball,1,23.5,Zimbabwe,Sikandar Raza,CR Ervine,AR Nurse,1,0,,,,,,"",""
ball,1,23.6,Zimbabwe,CR Ervine,Sikandar Raza,AR Nurse,1,0,,,,,,"",""
ball,1,24.1,Zimbabwe,CR Ervine,Sikandar Raza,ST Gabriel,1,0,,,,,,"",""
ball,1,24.2,Zimbabwe,Sikandar Raza,CR Ervine,ST Gabriel,0,0,,,,,,"",""
ball,1,24.3,Zimbabwe,Sikandar Raza,CR Ervine,ST Gabriel,1,0,,,,,,"",""
ball,1,24.4,Zimbabwe,CR Ervine,Sikandar Raza,ST Gabriel,0,0,,,,,,"",""
ball,1,24.5,Zimbabwe,CR Ervine,Sikandar Raza,ST Gabriel,0,1,1,,,,,"",""
ball,1,24.6,Zimbabwe,CR Ervine,Sikandar Raza,ST Gabriel,0,0,,,,,,"",""
ball,1,24.7,Zimbabwe,CR Ervine,Sikandar Raza,ST Gabriel,1,0,,,,,,"",""
ball,1,25.1,Zimbabwe,CR Ervine,Sikandar Raza,AR Nurse,1,0,,,,,,"",""
ball,1,25.2,Zimbabwe,Sikandar Raza,CR Ervine,AR Nurse,0,0,,,,,,"",""
ball,1,25.3,Zimbabwe,Sikandar Raza,CR Ervine,AR Nurse,1,0,,,,,,"",""
ball,1,25.4,Zimbabwe,CR Ervine,Sikandar Raza,AR Nurse,0,0,,,,,,"",""
ball,1,25.5,Zimbabwe,CR Ervine,Sikandar Raza,AR Nurse,4,0,,,,,,"",""
ball,1,25.6,Zimbabwe,CR Ervine,Sikandar Raza,AR Nurse,0,0,,,,,,"",""
ball,1,26.1,Zimbabwe,Sikandar Raza,CR Ervine,ST Gabriel,1,0,,,,,,"",""
ball,1,26.2,Zimbabwe,CR Ervine,Sikandar Raza,ST Gabriel,1,0,,,,,,"",""
ball,1,26.3,Zimbabwe,Sikandar Raza,CR Ervine,ST Gabriel,0,0,,,,,,"",""
ball,1,26.4,Zimbabwe,Sikandar Raza,CR Ervine,ST Gabriel,0,0,,,,,,"",""
ball,1,26.5,Zimbabwe,Sikandar Raza,CR Ervine,ST Gabriel,0,0,,,,,,"",""
ball,1,26.6,Zimbabwe,Sikandar Raza,CR Ervine,ST Gabriel,0,0,,,,,,"",""
ball,1,27.1,Zimbabwe,CR Ervine,Sikandar Raza,AR Nurse,0,0,,,,,,"",""
ball,1,27.2,Zimbabwe,CR Ervine,Sikandar Raza,AR Nurse,0,0,,,,,,"",""
ball,1,27.3,Zimbabwe,CR Ervine,Sikandar Raza,AR Nurse,0,0,,,,,,"",""
ball,1,27.4,Zimbabwe,CR Ervine,Sikandar Raza,AR Nurse,3,0,,,,,,"",""
ball,1,27.5,Zimbabwe,Sikandar Raza,CR Ervine,AR Nurse,0,0,,,,,,"",""
ball,1,27.6,Zimbabwe,Sikandar Raza,CR Ervine,AR Nurse,0,0,,,,,,"",""
ball,1,28.1,Zimbabwe,CR Ervine,Sikandar Raza,JO Holder,1,0,,,,,,"",""
ball,1,28.2,Zimbabwe,Sikandar Raza,CR Ervine,JO Holder,0,0,,,,,,"",""
ball,1,28.3,Zimbabwe,Sikandar Raza,CR Ervine,JO Holder,1,0,,,,,,"",""
ball,1,28.4,Zimbabwe,CR Ervine,Sikandar Raza,JO Holder,0,0,,,,,,"",""
ball,1,28.5,Zimbabwe,CR Ervine,Sikandar Raza,JO Holder,1,0,,,,,,"",""
ball,1,28.6,Zimbabwe,Sikandar Raza,CR Ervine,JO Holder,1,0,,,,,,"",""
ball,1,29.1,Zimbabwe,Sikandar Raza,CR Ervine,AR Nurse,1,0,,,,,,"",""
ball,1,29.2,Zimbabwe,CR Ervine,Sikandar Raza,AR Nurse,0,0,,,,,,"",""
ball,1,29.3,Zimbabwe,CR Ervine,Sikandar Raza,AR Nurse,0,0,,,,,,"",""
ball,1,29.4,Zimbabwe,CR Ervine,Sikandar Raza,AR Nurse,0,0,,,,,,"",""
ball,1,29.5,Zimbabwe,CR Ervine,Sikandar Raza,AR Nurse,0,0,,,,,,"",""
ball,1,29.6,Zimbabwe,CR Ervine,Sikandar Raza,AR Nurse,0,0,,,,,,"",""
ball,1,30.1,Zimbabwe,Sikandar Raza,CR Ervine,JO Holder,0,0,,,,,,"",""
ball,1,30.2,Zimbabwe,Sikandar Raza,CR Ervine,JO Holder,1,0,,,,,,"",""
ball,1,30.3,Zimbabwe,CR Ervine,Sikandar Raza,JO Holder,1,0,,,,,,"",""
ball,1,30.4,Zimbabwe,Sikandar Raza,CR Ervine,JO Holder,4,0,,,,,,"",""
ball,1,30.5,Zimbabwe,Sikandar Raza,CR Ervine,JO Holder,0,0,,,,,,"",""
ball,1,30.6,Zimbabwe,Sikandar Raza,CR Ervine,JO Holder,1,0,,,,,,"",""
ball,1,31.1,Zimbabwe,Sikandar Raza,CR Ervine,AR Nurse,1,0,,,,,,"",""
ball,1,31.2,Zimbabwe,CR Ervine,Sikandar Raza,AR Nurse,0,0,,,,,,"",""
ball,1,31.3,Zimbabwe,CR Ervine,Sikandar Raza,AR Nurse,0,0,,,,,,"",""
ball,1,31.4,Zimbabwe,CR Ervine,Sikandar Raza,AR Nurse,2,0,,,,,,"",""
ball,1,31.5,Zimbabwe,CR Ervine,Sikandar Raza,AR Nurse,0,0,,,,,,"",""
ball,1,31.6,Zimbabwe,CR Ervine,Sikandar Raza,AR Nurse,2,0,,,,,,"",""
ball,1,32.1,Zimbabwe,Sikandar Raza,CR Ervine,JL Carter,0,0,,,,,,"",""
ball,1,32.2,Zimbabwe,Sikandar Raza,CR Ervine,JL Carter,0,0,,,,,,"",""
ball,1,32.3,Zimbabwe,Sikandar Raza,CR Ervine,JL Carter,0,0,,,,,,"",""
ball,1,32.4,Zimbabwe,Sikandar Raza,CR Ervine,JL Carter,4,0,,,,,,"",""
ball,1,32.5,Zimbabwe,Sikandar Raza,CR Ervine,JL Carter,1,0,,,,,,"",""
ball,1,32.6,Zimbabwe,CR Ervine,Sikandar Raza,JL Carter,2,0,,,,,,"",""
ball,1,33.1,Zimbabwe,Sikandar Raza,CR Ervine,AR Nurse,0,0,,,,,,"",""
ball,1,33.2,Zimbabwe,Sikandar Raza,CR Ervine,AR Nurse,1,0,,,,,,"",""
ball,1,33.3,Zimbabwe,CR Ervine,Sikandar Raza,AR Nurse,1,0,,,,,,"",""
ball,1,33.4,Zimbabwe,Sikandar Raza,CR Ervine,AR Nurse,2,0,,,,,,"",""
ball,1,33.5,Zimbabwe,Sikandar Raza,CR Ervine,AR Nurse,1,0,,,,,,"",""
ball,1,33.6,Zimbabwe,CR Ervine,Sikandar Raza,AR Nurse,0,0,,,,,,"",""
ball,1,34.1,Zimbabwe,Sikandar Raza,CR Ervine,JL Carter,0,0,,,,,,"",""
ball,1,34.2,Zimbabwe,Sikandar Raza,CR Ervine,JL Carter,1,0,,,,,,"",""
ball,1,34.3,Zimbabwe,CR Ervine,Sikandar Raza,JL Carter,4,0,,,,,,"",""
ball,1,34.4,Zimbabwe,CR Ervine,Sikandar Raza,JL Carter,1,0,,,,,,"",""
ball,1,34.5,Zimbabwe,Sikandar Raza,CR Ervine,JL Carter,0,0,,,,,,"",""
ball,1,34.6,Zimbabwe,Sikandar Raza,CR Ervine,JL Carter,4,0,,,,,,"",""
ball,1,35.1,Zimbabwe,CR Ervine,Sikandar Raza,AR Nurse,2,0,,,,,,"",""
ball,1,35.2,Zimbabwe,CR Ervine,Sikandar Raza,AR Nurse,1,0,,,,,,"",""
ball,1,35.3,Zimbabwe,Sikandar Raza,CR Ervine,AR Nurse,0,0,,,,,,"",""
ball,1,35.4,Zimbabwe,Sikandar Raza,CR Ervine,AR Nurse,0,0,,,,,,"",""
ball,1,35.5,Zimbabwe,Sikandar Raza,CR Ervine,AR Nurse,2,0,,,,,,"",""
ball,1,35.6,Zimbabwe,Sikandar Raza,CR Ervine,AR Nurse,2,0,,,,,,"",""
ball,1,36.1,Zimbabwe,CR Ervine,Sikandar Raza,CR Brathwaite,1,0,,,,,,"",""
ball,1,36.2,Zimbabwe,Sikandar Raza,CR Ervine,CR Brathwaite,0,0,,,,,,"",""
ball,1,36.3,Zimbabwe,Sikandar Raza,CR Ervine,CR Brathwaite,4,0,,,,,,"",""
ball,1,36.4,Zimbabwe,Sikandar Raza,CR Ervine,CR Brathwaite,2,0,,,,,,"",""
ball,1,36.5,Zimbabwe,Sikandar Raza,CR Ervine,CR Brathwaite,0,0,,,,,,"",""
ball,1,36.6,Zimbabwe,Sikandar Raza,CR Ervine,CR Brathwaite,1,0,,,,,,"",""
ball,1,37.1,Zimbabwe,Sikandar Raza,CR Ervine,AR Nurse,0,1,1,,,,,"",""
ball,1,37.2,Zimbabwe,Sikandar Raza,CR Ervine,AR Nurse,0,0,,,,,,"",""
ball,1,37.3,Zimbabwe,Sikandar Raza,CR Ervine,AR Nurse,2,0,,,,,,"",""
ball,1,37.4,Zimbabwe,Sikandar Raza,CR Ervine,AR Nurse,4,0,,,,,,"",""
ball,1,37.5,Zimbabwe,Sikandar Raza,CR Ervine,AR Nurse,1,0,,,,,,"",""
ball,1,37.6,Zimbabwe,CR Ervine,Sikandar Raza,AR Nurse,1,0,,,,,,"",""
ball,1,37.7,Zimbabwe,Sikandar Raza,CR Ervine,AR Nurse,1,0,,,,,,"",""
ball,1,38.1,Zimbabwe,Sikandar Raza,CR Ervine,CR Brathwaite,0,0,,,,,,"",""
ball,1,38.2,Zimbabwe,Sikandar Raza,CR Ervine,CR Brathwaite,1,0,,,,,,"",""
ball,1,38.3,Zimbabwe,CR Ervine,Sikandar Raza,CR Brathwaite,1,0,,,,,,"",""
ball,1,38.4,Zimbabwe,Sikandar Raza,CR Ervine,CR Brathwaite,0,0,,,,,,caught,Sikandar Raza
ball,1,38.5,Zimbabwe,CR Ervine,SC Williams,CR Brathwaite,0,1,1,,,,,"",""
ball,1,38.6,Zimbabwe,CR Ervine,SC Williams,CR Brathwaite,1,0,,,,,,"",""
ball,1,38.7,Zimbabwe,SC Williams,CR Ervine,CR Brathwaite,2,0,,,,,,"",""
ball,1,39.1,Zimbabwe,CR Ervine,SC Williams,AR Nurse,0,0,,,,,,"",""
ball,1,39.2,Zimbabwe,CR Ervine,SC Williams,AR Nurse,2,0,,,,,,"",""
ball,1,39.3,Zimbabwe,CR Ervine,SC Williams,AR Nurse,0,0,,,,,,"",""
ball,1,39.4,Zimbabwe,CR Ervine,SC Williams,AR Nurse,1,0,,,,,,"",""
ball,1,39.5,Zimbabwe,SC Williams,CR Ervine,AR Nurse,0,0,,,,,,lbw,SC Williams
ball,1,39.6,Zimbabwe,E Chigumbura,CR Ervine,AR Nurse,0,0,,,,,,"",""
ball,1,40.1,Zimbabwe,CR Ervine,E Chigumbura,SJ Benn,1,0,,,,,,"",""
ball,1,40.2,Zimbabwe,E Chigumbura,CR Ervine,SJ Benn,0,0,,,,,,"",""
ball,1,40.3,Zimbabwe,E Chigumbura,CR Ervine,SJ Benn,1,0,,,,,,"",""
ball,1,40.4,Zimbabwe,CR Ervine,E Chigumbura,SJ Benn,0,1,1,,,,,"",""
ball,1,40.5,Zimbabwe,CR Ervine,E Chigumbura,SJ Benn,1,0,,,,,,"",""
ball,1,40.6,Zimbabwe,E Chigumbura,CR Ervine,SJ Benn,2,0,,,,,,"",""
ball,1,40.7,Zimbabwe,E Chigumbura,CR Ervine,SJ Benn,0,0,,,,,,"",""
ball,1,41.1,Zimbabwe,CR Ervine,E Chigumbura,JO Holder,0,0,,,,,,"",""
ball,1,41.2,Zimbabwe,CR Ervine,E Chigumbura,JO Holder,1,0,,,,,,"",""
ball,1,41.3,Zimbabwe,E Chigumbura,CR Ervine,JO Holder,1,0,,,,,,"",""
ball,1,41.4,Zimbabwe,CR Ervine,E Chigumbura,JO Holder,0,0,,,,,,"",""
ball,1,41.5,Zimbabwe,CR Ervine,E Chigumbura,JO Holder,4,0,,,,,,"",""
ball,1,41.6,Zimbabwe,CR Ervine,E Chigumbura,JO Holder,2,0,,,,,,"",""
ball,1,42.1,Zimbabwe,E Chigumbura,CR Ervine,SJ Benn,1,0,,,,,,"",""
ball,1,42.2,Zimbabwe,CR Ervine,E Chigumbura,SJ Benn,1,0,,,,,,"",""
ball,1,42.3,Zimbabwe,E Chigumbura,CR Ervine,SJ Benn,1,0,,,,,,"",""
ball,1,42.4,Zimbabwe,CR Ervine,E Chigumbura,SJ Benn,0,0,,,,,,"",""
ball,1,42.5,Zimbabwe,CR Ervine,E Chigumbura,SJ Benn,1,0,,,,,,"",""
ball,1,42.6,Zimbabwe,E Chigumbura,CR Ervine,SJ Benn,2,0,,,,,,"",""
ball,1,43.1,Zimbabwe,CR Ervine,E Chigumbura,JO Holder,0,0,,,,,,"",""
ball,1,43.2,Zimbabwe,CR Ervine,E Chigumbura,JO Holder,1,0,,,,,,"",""
ball,1,43.3,Zimbabwe,E Chigumbura,CR Ervine,JO Holder,0,0,,,,,,"",""
ball,1,43.4,Zimbabwe,E Chigumbura,CR Ervine,JO Holder,0,0,,,,,,caught,E Chigumbura
ball,1,43.5,Zimbabwe,PJ Moor,CR Ervine,JO Holder,0,0,,,,,,"",""
ball,1,43.6,Zimbabwe,PJ Moor,CR Ervine,JO Holder,0,0,,,,,,"",""
ball,1,44.1,Zimbabwe,CR Ervine,PJ Moor,ST Gabriel,1,0,,,,,,"",""
ball,1,44.2,Zimbabwe,PJ Moor,CR Ervine,ST Gabriel,0,0,,,,,,"",""
ball,1,44.3,Zimbabwe,PJ Moor,CR Ervine,ST Gabriel,1,0,,,,,,"",""
ball,1,44.4,Zimbabwe,CR Ervine,PJ Moor,ST Gabriel,1,0,,,,,,"",""
ball,1,44.5,Zimbabwe,PJ Moor,CR Ervine,ST Gabriel,0,0,,,,,,"",""
ball,1,44.6,Zimbabwe,PJ Moor,CR Ervine,ST Gabriel,4,0,,,,,,"",""
ball,1,45.1,Zimbabwe,CR Ervine,PJ Moor,JO Holder,1,0,,,,,,"",""
ball,1,45.2,Zimbabwe,PJ Moor,CR Ervine,JO Holder,0,0,,,,,,"",""
ball,1,45.3,Zimbabwe,PJ Moor,CR Ervine,JO Holder,1,0,,,,,,"",""
ball,1,45.4,Zimbabwe,CR Ervine,PJ Moor,JO Holder,1,0,,,,,,"",""
ball,1,45.5,Zimbabwe,PJ Moor,CR Ervine,JO Holder,0,0,,,,,,caught,PJ Moor
ball,1,45.6,Zimbabwe,CR Ervine,AG Cremer,JO Holder,4,0,,,,,,"",""
ball,1,46.1,Zimbabwe,AG Cremer,CR Ervine,ST Gabriel,1,0,,,,,,"",""
ball,1,46.2,Zimbabwe,CR Ervine,AG Cremer,ST Gabriel,0,0,,,,,,caught,CR Ervine
ball,1,46.3,Zimbabwe,AG Cremer,DT Tiripano,ST Gabriel,1,0,,,,,,"",""
ball,1,46.4,Zimbabwe,DT Tiripano,AG Cremer,ST Gabriel,1,0,,,,,,"",""
ball,1,46.5,Zimbabwe,AG Cremer,DT Tiripano,ST Gabriel,2,0,,,,,,"",""
ball,1,46.6,Zimbabwe,AG Cremer,DT Tiripano,ST Gabriel,0,0,,,,,,"",""
ball,1,47.1,Zimbabwe,DT Tiripano,AG Cremer,CR Brathwaite,1,0,,,,,,"",""
ball,1,47.2,Zimbabwe,AG Cremer,DT Tiripano,CR Brathwaite,2,0,,,,,,"",""
ball,1,47.3,Zimbabwe,AG Cremer,DT Tiripano,CR Brathwaite,0,0,,,,,,"",""
ball,1,47.4,Zimbabwe,AG Cremer,DT Tiripano,CR Brathwaite,1,0,,,,,,"",""
ball,1,47.5,Zimbabwe,DT Tiripano,AG Cremer,CR Brathwaite,2,0,,,,,,"",""
ball,1,47.6,Zimbabwe,DT Tiripano,AG Cremer,CR Brathwaite,1,0,,,,,,"",""
ball,1,48.1,Zimbabwe,DT Tiripano,AG Cremer,ST Gabriel,0,0,,,,,,"",""
ball,1,48.2,Zimbabwe,DT Tiripano,AG Cremer,ST Gabriel,2,0,,,,,,"",""
ball,1,48.3,Zimbabwe,DT Tiripano,AG Cremer,ST Gabriel,6,0,,,,,,"",""
ball,1,48.4,Zimbabwe,DT Tiripano,AG Cremer,ST Gabriel,1,0,,,,,,"",""
ball,1,48.5,Zimbabwe,AG Cremer,DT Tiripano,ST Gabriel,0,1,1,,,,,"",""
ball,1,48.6,Zimbabwe,AG Cremer,DT Tiripano,ST Gabriel,1,0,,,,,,"",""
ball,1,48.7,Zimbabwe,DT Tiripano,AG Cremer,ST Gabriel,0,0,,,,,,bowled,DT Tiripano
ball,1,49.1,Zimbabwe,AG Cremer,TS Chisoro,CR Brathwaite,0,0,,,,,,"",""
ball,1,49.2,Zimbabwe,AG Cremer,TS Chisoro,CR Brathwaite,0,0,,,,,,"",""
ball,1,49.3,Zimbabwe,AG Cremer,TS Chisoro,CR Brathwaite,0,0,,,,,,caught,AG Cremer
ball,1,49.4,Zimbabwe,CB Mpofu,TS Chisoro,CR Brathwaite,0,0,,,,,,"",""
ball,1,49.5,Zimbabwe,CB Mpofu,TS Chisoro,CR Brathwaite,2,0,,,,,,"",""
ball,1,49.6,Zimbabwe,CB Mpofu,TS Chisoro,CR Brathwaite,0,0,,,,,,bowled,CB Mpofu
ball,2,0.1,West Indies,J Charles,KC Brathwaite,CB Mpofu,0,0,,,,,,"",""
ball,2,0.2,West Indies,J Charles,KC Brathwaite,CB Mpofu,1,0,,,,,,"",""
ball,2,0.3,West Indies,KC Brathwaite,J Charles,CB Mpofu,1,0,,,,,,"",""
ball,2,0.4,West Indies,J Charles,KC Brathwaite,CB Mpofu,0,0,,,,,,"",""
ball,2,0.5,West Indies,J Charles,KC Brathwaite,CB Mpofu,0,0,,,,,,"",""
ball,2,0.6,West Indies,J Charles,KC Brathwaite,CB Mpofu,0,0,,,,,,"",""
ball,2,1.1,West Indies,KC Brathwaite,J Charles,DT Tiripano,0,0,,,,,,"",""
ball,2,1.2,West Indies,KC Brathwaite,J Charles,DT Tiripano,0,0,,,,,,"",""
ball,2,1.3,West Indies,KC Brathwaite,J Charles,DT Tiripano,4,0,,,,,,"",""
ball,2,1.4,West Indies,KC Brathwaite,J Charles,DT Tiripano,0,0,,,,,,"",""
ball,2,1.5,West Indies,KC Brathwaite,J Charles,DT Tiripano,2,0,,,,,,"",""
ball,2,1.6,West Indies,KC Brathwaite,J Charles,DT Tiripano,0,0,,,,,,"",""
ball,2,2.1,West Indies,J Charles,KC Brathwaite,CB Mpofu,0,0,,,,,,"",""
ball,2,2.2,West Indies,J Charles,KC Brathwaite,CB Mpofu,2,0,,,,,,"",""
ball,2,2.3,West Indies,J Charles,KC Brathwaite,CB Mpofu,6,0,,,,,,"",""
ball,2,2.4,West Indies,J Charles,KC Brathwaite,CB Mpofu,1,0,,,,,,"",""
ball,2,2.5,West Indies,KC Brathwaite,J Charles,CB Mpofu,0,0,,,,,,"",""
ball,2,2.6,West Indies,KC Brathwaite,J Charles,CB Mpofu,0,0,,,,,,"",""
ball,2,3.1,West Indies,J Charles,KC Brathwaite,DT Tiripano,1,0,,,,,,"",""
ball,2,3.2,West Indies,KC Brathwaite,J Charles,DT Tiripano,0,0,,,,,,"",""
ball,2,3.3,West Indies,KC Brathwaite,J Charles,DT Tiripano,0,0,,,,,,"",""
ball,2,3.4,West Indies,KC Brathwaite,J Charles,DT Tiripano,0,0,,,,,,"",""
ball,2,3.5,West Indies,KC Brathwaite,J Charles,DT Tiripano,0,0,,,,,,"",""
ball,2,3.6,West Indies,KC Brathwaite,J Charles,DT Tiripano,1,0,,,,,,"",""
ball,2,4.1,West Indies,KC Brathwaite,J Charles,CB Mpofu,2,0,,,,,,"",""
ball,2,4.2,West Indies,KC Brathwaite,J Charles,CB Mpofu,0,0,,,,,,"",""
ball,2,4.3,West Indies,KC Brathwaite,J Charles,CB Mpofu,1,0,,,,,,"",""
ball,2,4.4,West Indies,J Charles,KC Brathwaite,CB Mpofu,1,0,,,,,,"",""
ball,2,4.5,West Indies,KC Brathwaite,J Charles,CB Mpofu,0,0,,,,,,"",""
ball,2,4.6,West Indies,KC Brathwaite,J Charles,CB Mpofu,1,0,,,,,,"",""
ball,2,5.1,West Indies,KC Brathwaite,J Charles,DT Tiripano,0,0,,,,,,"",""
ball,2,5.2,West Indies,KC Brathwaite,J Charles,DT Tiripano,0,0,,,,,,"",""
ball,2,5.3,West Indies,KC Brathwaite,J Charles,DT Tiripano,1,0,,,,,,"",""
ball,2,5.4,West Indies,J Charles,KC Brathwaite,DT Tiripano,0,0,,,,,,"",""
ball,2,5.5,West Indies,J Charles,KC Brathwaite,DT Tiripano,1,0,,,,,,"",""
ball,2,5.6,West Indies,KC Brathwaite,J Charles,DT Tiripano,0,0,,,,,,"",""
ball,2,6.1,West Indies,J Charles,KC Brathwaite,CB Mpofu,0,0,,,,,,"",""
ball,2,6.2,West Indies,J Charles,KC Brathwaite,CB Mpofu,2,0,,,,,,"",""
ball,2,6.3,West Indies,J Charles,KC Brathwaite,CB Mpofu,4,0,,,,,,"",""
ball,2,6.4,West Indies,J Charles,KC Brathwaite,CB Mpofu,0,0,,,,,,"",""
ball,2,6.5,West Indies,J Charles,KC Brathwaite,CB Mpofu,0,0,,,,,,"",""
ball,2,6.6,West Indies,J Charles,KC Brathwaite,CB Mpofu,0,0,,,,,,"",""
ball,2,7.1,West Indies,KC Brathwaite,J Charles,DT Tiripano,1,0,,,,,,"",""
ball,2,7.2,West Indies,J Charles,KC Brathwaite,DT Tiripano,0,0,,,,,,"",""
ball,2,7.3,West Indies,J Charles,KC Brathwaite,DT Tiripano,0,0,,,,,,lbw,J Charles
ball,2,7.4,West Indies,E Lewis,KC Brathwaite,DT Tiripano,0,0,,,,,,"",""
ball,2,7.5,West Indies,E Lewis,KC Brathwaite,DT Tiripano,0,0,,,,,,"",""
ball,2,7.6,West Indies,E Lewis,KC Brathwaite,DT Tiripano,4,0,,,,,,"",""
ball,2,8.1,West Indies,KC Brathwaite,E Lewis,CB Mpofu,0,0,,,,,,"",""
ball,2,8.2,West Indies,KC Brathwaite,E Lewis,CB Mpofu,1,0,,,,,,"",""
ball,2,8.3,West Indies,E Lewis,KC Brathwaite,CB Mpofu,0,1,1,,,,,"",""
ball,2,8.4,West Indies,E Lewis,KC Brathwaite,CB Mpofu,4,0,,,,,,"",""
ball,2,8.5,West Indies,E Lewis,KC Brathwaite,CB Mpofu,0,3,3,,,,,"",""
ball,2,8.6,West Indies,E Lewis,KC Brathwaite,CB Mpofu,0,0,,,,,,"",""
ball,2,8.7,West Indies,E Lewis,KC Brathwaite,CB Mpofu,0,0,,,,,,"",""
ball,2,8.8,West Indies,E Lewis,KC Brathwaite,CB Mpofu,1,0,,,,,,"",""
ball,2,9.1,West Indies,E Lewis,KC Brathwaite,DT Tiripano,0,1,1,,,,,"",""
ball,2,9.2,West Indies,E Lewis,KC Brathwaite,DT Tiripano,4,0,,,,,,"",""
ball,2,9.3,West Indies,E Lewis,KC Brathwaite,DT Tiripano,0,0,,,,,,"",""
ball,2,9.4,West Indies,E Lewis,KC Brathwaite,DT Tiripano,0,0,,,,,,"",""
ball,2,9.5,West Indies,E Lewis,KC Brathwaite,DT Tiripano,0,0,,,,,,"",""
ball,2,9.6,West Indies,E Lewis,KC Brathwaite,DT Tiripano,4,0,,,,,,"",""
ball,2,9.7,West Indies,E Lewis,KC Brathwaite,DT Tiripano,0,0,,,,,,"",""
ball,2,10.1,West Indies,KC Brathwaite,E Lewis,TS Chisoro,0,0,,,,,,"",""
ball,2,10.2,West Indies,KC Brathwaite,E Lewis,TS Chisoro,1,0,,,,,,"",""
ball,2,10.3,West Indies,E Lewis,KC Brathwaite,TS Chisoro,0,0,,,,,,"",""
ball,2,10.4,West Indies,E Lewis,KC Brathwaite,TS Chisoro,0,0,,,,,,"",""
ball,2,10.5,West Indies,E Lewis,KC Brathwaite,TS Chisoro,1,0,,,,,,"",""
ball,2,10.6,West Indies,KC Brathwaite,E Lewis,TS Chisoro,0,0,,,,,,"",""
ball,2,11.1,West Indies,E Lewis,KC Brathwaite,AG Cremer,0,0,,,,,,caught,E Lewis
ball,2,11.2,West Indies,SD Hope,KC Brathwaite,AG Cremer,2,0,,,,,,"",""
ball,2,11.3,West Indies,SD Hope,KC Brathwaite,AG Cremer,0,0,,,,,,"",""
ball,2,11.4,West Indies,SD Hope,KC Brathwaite,AG Cremer,0,0,,,,,,"",""
ball,2,11.5,West Indies,SD Hope,KC Brathwaite,AG Cremer,0,0,,,,,,"",""
ball,2,11.6,West Indies,SD Hope,KC Brathwaite,AG Cremer,1,0,,,,,,"",""
ball,2,12.1,West Indies,SD Hope,KC Brathwaite,TS Chisoro,0,0,,,,,,"",""
ball,2,12.2,West Indies,SD Hope,KC Brathwaite,TS Chisoro,1,0,,,,,,"",""
ball,2,12.3,West Indies,KC Brathwaite,SD Hope,TS Chisoro,1,0,,,,,,"",""
ball,2,12.4,West Indies,SD Hope,KC Brathwaite,TS Chisoro,2,0,,,,,,"",""
ball,2,12.5,West Indies,SD Hope,KC Brathwaite,TS Chisoro,0,0,,,,,,"",""
ball,2,12.6,West Indies,SD Hope,KC Brathwaite,TS Chisoro,1,0,,,,,,"",""
ball,2,13.1,West Indies,SD Hope,KC Brathwaite,AG Cremer,0,0,,,,,,"",""
ball,2,13.2,West Indies,SD Hope,KC Brathwaite,AG Cremer,1,0,,,,,,"",""
ball,2,13.3,West Indies,KC Brathwaite,SD Hope,AG Cremer,0,0,,,,,,"",""
ball,2,13.4,West Indies,KC Brathwaite,SD Hope,AG Cremer,0,0,,,,,,"",""
ball,2,13.5,West Indies,KC Brathwaite,SD Hope,AG Cremer,0,0,,,,,,"",""
ball,2,13.6,West Indies,KC Brathwaite,SD Hope,AG Cremer,0,0,,,,,,"",""
ball,2,14.1,West Indies,SD Hope,KC Brathwaite,TS Chisoro,1,0,,,,,,"",""
ball,2,14.2,West Indies,KC Brathwaite,SD Hope,TS Chisoro,2,0,,,,,,"",""
ball,2,14.3,West Indies,KC Brathwaite,SD Hope,TS Chisoro,0,0,,,,,,"",""
ball,2,14.4,West Indies,KC Brathwaite,SD Hope,TS Chisoro,1,0,,,,,,"",""
ball,2,14.5,West Indies,SD Hope,KC Brathwaite,TS Chisoro,1,0,,,,,,"",""
ball,2,14.6,West Indies,KC Brathwaite,SD Hope,TS Chisoro,1,0,,,,,,"",""
ball,2,15.1,West Indies,KC Brathwaite,SD Hope,AG Cremer,1,0,,,,,,"",""
ball,2,15.2,West Indies,SD Hope,KC Brathwaite,AG Cremer,0,0,,,,,,"",""
ball,2,15.3,West Indies,SD Hope,KC Brathwaite,AG Cremer,1,0,,,,,,"",""
ball,2,15.4,West Indies,KC Brathwaite,SD Hope,AG Cremer,1,0,,,,,,"",""
ball,2,15.5,West Indies,SD Hope,KC Brathwaite,AG Cremer,0,0,,,,,,"",""
ball,2,15.6,West Indies,SD Hope,KC Brathwaite,AG Cremer,0,0,,,,,,"",""
ball,2,16.1,West Indies,KC Brathwaite,SD Hope,TS Chisoro,1,0,,,,,,"",""
ball,2,16.2,West Indies,SD Hope,KC Brathwaite,TS Chisoro,1,0,,,,,,"",""
ball,2,16.3,West Indies,KC Brathwaite,SD Hope,TS Chisoro,0,0,,,,,,"",""
ball,2,16.4,West Indies,KC Brathwaite,SD Hope,TS Chisoro,0,0,,,,,,"",""
ball,2,16.5,West Indies,KC Brathwaite,SD Hope,TS Chisoro,1,0,,,,,,"",""
ball,2,16.6,West Indies,SD Hope,KC Brathwaite,TS Chisoro,0,0,,,,,,"",""
ball,2,17.1,West Indies,KC Brathwaite,SD Hope,AG Cremer,1,0,,,,,,"",""
ball,2,17.2,West Indies,SD Hope,KC Brathwaite,AG Cremer,0,0,,,,,,"",""
ball,2,17.3,West Indies,SD Hope,KC Brathwaite,AG Cremer,1,0,,,,,,"",""
ball,2,17.4,West Indies,KC Brathwaite,SD Hope,AG Cremer,0,0,,,,,,"",""
ball,2,17.5,West Indies,KC Brathwaite,SD Hope,AG Cremer,1,0,,,,,,"",""
ball,2,17.6,West Indies,SD Hope,KC Brathwaite,AG Cremer,0,0,,,,,,"",""
ball,2,18.1,West Indies,KC Brathwaite,SD Hope,SC Williams,1,0,,,,,,"",""
ball,2,18.2,West Indies,SD Hope,KC Brathwaite,SC Williams,0,0,,,,,,"",""
ball,2,18.3,West Indies,SD Hope,KC Brathwaite,SC Williams,1,0,,,,,,"",""
ball,2,18.4,West Indies,KC Brathwaite,SD Hope,SC Williams,0,0,,,,,,"",""
ball,2,18.5,West Indies,KC Brathwaite,SD Hope,SC Williams,1,0,,,,,,"",""
ball,2,18.6,West Indies,SD Hope,KC Brathwaite,SC Williams,1,0,,,,,,"",""
ball,2,19.1,West Indies,SD Hope,KC Brathwaite,AG Cremer,4,0,,,,,,"",""
ball,2,19.2,West Indies,SD Hope,KC Brathwaite,AG Cremer,6,0,,,,,,"",""
ball,2,19.3,West Indies,SD Hope,KC Brathwaite,AG Cremer,0,0,,,,,,"",""
ball,2,19.4,West Indies,SD Hope,KC Brathwaite,AG Cremer,1,0,,,,,,"",""
ball,2,19.5,West Indies,KC Brathwaite,SD Hope,AG Cremer,0,0,,,,,,"",""
ball,2,19.6,West Indies,KC Brathwaite,SD Hope,AG Cremer,0,0,,,,,,"",""
ball,2,20.1,West Indies,SD Hope,KC Brathwaite,SC Williams,1,0,,,,,,"",""
ball,2,20.2,West Indies,KC Brathwaite,SD Hope,SC Williams,0,0,,,,,,"",""
ball,2,20.3,West Indies,KC Brathwaite,SD Hope,SC Williams,2,0,,,,,,"",""
ball,2,20.4,West Indies,KC Brathwaite,SD Hope,SC Williams,0,0,,,,,,"",""
ball,2,20.5,West Indies,KC Brathwaite,SD Hope,SC Williams,1,0,,,,,,"",""
ball,2,20.6,West Indies,SD Hope,KC Brathwaite,SC Williams,1,0,,,,,,"",""
ball,2,21.1,West Indies,SD Hope,KC Brathwaite,TS Chisoro,0,0,,,,,,"",""
ball,2,21.2,West Indies,SD Hope,KC Brathwaite,TS Chisoro,0,0,,,,,,"",""
ball,2,21.3,West Indies,SD Hope,KC Brathwaite,TS Chisoro,0,0,,,,,,"",""
ball,2,21.4,West Indies,SD Hope,KC Brathwaite,TS Chisoro,0,0,,,,,,"",""
ball,2,21.5,West Indies,SD Hope,KC Brathwaite,TS Chisoro,0,0,,,,,,"",""
ball,2,21.6,West Indies,SD Hope,KC Brathwaite,TS Chisoro,0,0,,,,,,"",""
ball,2,22.1,West Indies,KC Brathwaite,SD Hope,SC Williams,1,0,,,,,,"",""
ball,2,22.2,West Indies,SD Hope,KC Brathwaite,SC Williams,1,0,,,,,,"",""
ball,2,22.3,West Indies,KC Brathwaite,SD Hope,SC Williams,1,0,,,,,,"",""
ball,2,22.4,West Indies,SD Hope,KC Brathwaite,SC Williams,1,0,,,,,,"",""
ball,2,22.5,West Indies,KC Brathwaite,SD Hope,SC Williams,0,0,,,,,,"",""
ball,2,22.6,West Indies,KC Brathwaite,SD Hope,SC Williams,0,0,,,,,,"",""
ball,2,23.1,West Indies,SD Hope,KC Brathwaite,TS Chisoro,0,0,,,,,,"",""
ball,2,23.2,West Indies,SD Hope,KC Brathwaite,TS Chisoro,4,0,,,,,,"",""
ball,2,23.3,West Indies,SD Hope,KC Brathwaite,TS Chisoro,1,0,,,,,,"",""
ball,2,23.4,West Indies,KC Brathwaite,SD Hope,TS Chisoro,0,0,,,,,,"",""
ball,2,23.5,West Indies,KC Brathwaite,SD Hope,TS Chisoro,1,0,,,,,,"",""
ball,2,23.6,West Indies,SD Hope,KC Brathwaite,TS Chisoro,1,0,,,,,,"",""
ball,2,24.1,West Indies,SD Hope,KC Brathwaite,SC Williams,0,0,,,,,,"",""
ball,2,24.2,West Indies,SD Hope,KC Brathwaite,SC Williams,0,0,,,,,,"",""
ball,2,24.3,West Indies,SD Hope,KC Brathwaite,SC Williams,0,0,,,,,,"",""
ball,2,24.4,West Indies,SD Hope,KC Brathwaite,SC Williams,0,0,,,,,,"",""
ball,2,24.5,West Indies,SD Hope,KC Brathwaite,SC Williams,0,0,,,,,,"",""
ball,2,24.6,West Indies,SD Hope,KC Brathwaite,SC Williams,1,0,,,,,,"",""
ball,2,25.1,West Indies,SD Hope,KC Brathwaite,TS Chisoro,0,0,,,,,,"",""
ball,2,25.2,West Indies,SD Hope,KC Brathwaite,TS Chisoro,0,0,,,,,,"",""
ball,2,25.3,West Indies,SD Hope,KC Brathwaite,TS Chisoro,1,0,,,,,,"",""
ball,2,25.4,West Indies,KC Brathwaite,SD Hope,TS Chisoro,1,0,,,,,,"",""
ball,2,25.5,West Indies,SD Hope,KC Brathwaite,TS Chisoro,0,0,,,,,,"",""
ball,2,25.6,West Indies,SD Hope,KC Brathwaite,TS Chisoro,1,0,,,,,,"",""
ball,2,26.1,West Indies,SD Hope,KC Brathwaite,SC Williams,1,0,,,,,,"",""
ball,2,26.2,West Indies,KC Brathwaite,SD Hope,SC Williams,0,0,,,,,,"",""
ball,2,26.3,West Indies,KC Brathwaite,SD Hope,SC Williams,2,0,,,,,,"",""
ball,2,26.4,West Indies,KC Brathwaite,SD Hope,SC Williams,1,0,,,,,,"",""
ball,2,26.5,West Indies,SD Hope,KC Brathwaite,SC Williams,2,0,,,,,,"",""
ball,2,26.6,West Indies,SD Hope,KC Brathwaite,SC Williams,1,0,,,,,,"",""
ball,2,27.1,West Indies,SD Hope,KC Brathwaite,TS Chisoro,0,0,,,,,,"",""
ball,2,27.2,West Indies,SD Hope,KC Brathwaite,TS Chisoro,1,0,,,,,,"",""
ball,2,27.3,West Indies,KC Brathwaite,SD Hope,TS Chisoro,0,0,,,,,,"",""
ball,2,27.4,West Indies,KC Brathwaite,SD Hope,TS Chisoro,1,0,,,,,,"",""
ball,2,27.5,West Indies,SD Hope,KC Brathwaite,TS Chisoro,0,0,,,,,,"",""
ball,2,27.6,West Indies,SD Hope,KC Brathwaite,TS Chisoro,2,0,,,,,,"",""
ball,2,28.1,West Indies,KC Brathwaite,SD Hope,SC Williams,0,0,,,,,,"",""
ball,2,28.2,West Indies,KC Brathwaite,SD Hope,SC Williams,1,0,,,,,,"",""
ball,2,28.3,West Indies,SD Hope,KC Brathwaite,SC Williams,1,0,,,,,,"",""
ball,2,28.4,West Indies,KC Brathwaite,SD Hope,SC Williams,0,0,,,,,,"",""
ball,2,28.5,West Indies,KC Brathwaite,SD Hope,SC Williams,0,0,,,,,,"",""
ball,2,28.6,West Indies,KC Brathwaite,SD Hope,SC Williams,0,0,,,,,,"",""
ball,2,29.1,West Indies,SD Hope,KC Brathwaite,Sikandar Raza,2,0,,,,,,"",""
ball,2,29.2,West Indies,SD Hope,KC Brathwaite,Sikandar Raza,0,0,,,,,,"",""
ball,2,29.3,West Indies,SD Hope,KC Brathwaite,Sikandar Raza,0,0,,,,,,"",""
ball,2,29.4,West Indies,SD Hope,KC Brathwaite,Sikandar Raza,0,0,,,,,,"",""
ball,2,29.5,West Indies,SD Hope,KC Brathwaite,Sikandar Raza,0,0,,,,,,"",""
ball,2,29.6,West Indies,SD Hope,KC Brathwaite,Sikandar Raza,1,0,,,,,,"",""
ball,2,30.1,West Indies,SD Hope,KC Brathwaite,AG Cremer,1,0,,,,,,"",""
ball,2,30.2,West Indies,KC Brathwaite,SD Hope,AG Cremer,0,0,,,,,,"",""
ball,2,30.3,West Indies,KC Brathwaite,SD Hope,AG Cremer,1,0,,,,,,"",""
ball,2,30.4,West Indies,SD Hope,KC Brathwaite,AG Cremer,0,0,,,,,,"",""
ball,2,30.5,West Indies,SD Hope,KC Brathwaite,AG Cremer,1,0,,,,,,"",""
ball,2,30.6,West Indies,KC Brathwaite,SD Hope,AG Cremer,0,0,,,,,,"",""
ball,2,31.1,West Indies,SD Hope,KC Brathwaite,Sikandar Raza,6,0,,,,,,"",""
ball,2,31.2,West Indies,SD Hope,KC Brathwaite,Sikandar Raza,1,0,,,,,,"",""
ball,2,31.3,West Indies,KC Brathwaite,SD Hope,Sikandar Raza,1,0,,,,,,"",""
ball,2,31.4,West Indies,SD Hope,KC Brathwaite,Sikandar Raza,0,0,,,,,,"",""
ball,2,31.5,West Indies,SD Hope,KC Brathwaite,Sikandar Raza,6,0,,,,,,"",""
ball,2,31.6,West Indies,SD Hope,KC Brathwaite,Sikandar Raza,0,0,,,,,,"",""
ball,2,32.1,West Indies,KC Brathwaite,SD Hope,AG Cremer,1,0,,,,,,"",""
ball,2,32.2,West Indies,SD Hope,KC Brathwaite,AG Cremer,0,0,,,,,,"",""
ball,2,32.3,West Indies,SD Hope,KC Brathwaite,AG Cremer,1,0,,,,,,"",""
ball,2,32.4,West Indies,KC Brathwaite,SD Hope,AG Cremer,1,0,,,,,,"",""
ball,2,32.5,West Indies,SD Hope,KC Brathwaite,AG Cremer,2,0,,,,,,"",""
ball,2,32.6,West Indies,SD Hope,KC Brathwaite,AG Cremer,0,0,,,,,,"",""
ball,2,33.1,West Indies,KC Brathwaite,SD Hope,Sikandar Raza,0,0,,,,,,"",""
ball,2,33.2,West Indies,KC Brathwaite,SD Hope,Sikandar Raza,0,0,,,,,,"",""
ball,2,33.3,West Indies,KC Brathwaite,SD Hope,Sikandar Raza,0,0,,,,,,"",""
ball,2,33.4,West Indies,KC Brathwaite,SD Hope,Sikandar Raza,0,0,,,,,,"",""
ball,2,33.5,West Indies,KC Brathwaite,SD Hope,Sikandar Raza,1,0,,,,,,"",""
ball,2,33.6,West Indies,SD Hope,KC Brathwaite,Sikandar Raza,1,0,,,,,,"",""
ball,2,34.1,West Indies,SD Hope,KC Brathwaite,AG Cremer,0,0,,,,,,"",""
ball,2,34.2,West Indies,SD Hope,KC Brathwaite,AG Cremer,0,0,,,,,,"",""
ball,2,34.3,West Indies,SD Hope,KC Brathwaite,AG Cremer,1,0,,,,,,"",""
ball,2,34.4,West Indies,KC Brathwaite,SD Hope,AG Cremer,0,0,,,,,,"",""
ball,2,34.5,West Indies,KC Brathwaite,SD Hope,AG Cremer,1,0,,,,,,"",""
ball,2,34.6,West Indies,SD Hope,KC Brathwaite,AG Cremer,1,0,,,,,,"",""
ball,2,35.1,West Indies,SD Hope,KC Brathwaite,Sikandar Raza,0,0,,,,,,"",""
ball,2,35.2,West Indies,SD Hope,KC Brathwaite,Sikandar Raza,0,0,,,,,,"",""
ball,2,35.3,West Indies,SD Hope,KC Brathwaite,Sikandar Raza,4,0,,,,,,"",""
ball,2,35.4,West Indies,SD Hope,KC Brathwaite,Sikandar Raza,0,0,,,,,,"",""
ball,2,35.5,West Indies,SD Hope,KC Brathwaite,Sikandar Raza,1,0,,,,,,"",""
ball,2,35.6,West Indies,KC Brathwaite,SD Hope,Sikandar Raza,1,0,,,,,,"",""
ball,2,36.1,West Indies,KC Brathwaite,SD Hope,AG Cremer,1,0,,,,,,"",""
ball,2,36.2,West Indies,SD Hope,KC Brathwaite,AG Cremer,1,0,,,,,,"",""
ball,2,36.3,West Indies,KC Brathwaite,SD Hope,AG Cremer,1,0,,,,,,"",""
ball,2,36.4,West Indies,SD Hope,KC Brathwaite,AG Cremer,0,0,,,,,,"",""
ball,2,36.5,West Indies,SD Hope,KC Brathwaite,AG Cremer,0,0,,,,,,"",""
ball,2,36.6,West Indies,SD Hope,KC Brathwaite,AG Cremer,0,0,,,,,,"",""
ball,2,37.1,West Indies,KC Brathwaite,SD Hope,SC Williams,4,0,,,,,,"",""
ball,2,37.2,West Indies,KC Brathwaite,SD Hope,SC Williams,0,0,,,,,,"",""
ball,2,37.3,West Indies,KC Brathwaite,SD Hope,SC Williams,1,0,,,,,,"",""
ball,2,37.4,West Indies,SD Hope,KC Brathwaite,SC Williams,1,0,,,,,,"",""
ball,2,37.5,West Indies,KC Brathwaite,SD Hope,SC Williams,1,0,,,,,,"",""
ball,2,37.6,West Indies,SD Hope,KC Brathwaite,SC Williams,0,0,,,,,,"",""
ball,2,38.1,West Indies,KC Brathwaite,SD Hope,AG Cremer,1,0,,,,,,"",""
ball,2,38.2,West Indies,SD Hope,KC Brathwaite,AG Cremer,6,0,,,,,,"",""
ball,2,38.3,West Indies,SD Hope,KC Brathwaite,AG Cremer,0,0,,,,,,"",""
ball,2,38.4,West Indies,SD Hope,KC Brathwaite,AG Cremer,1,0,,,,,,"",""
ball,2,38.5,West Indies,KC Brathwaite,SD Hope,AG Cremer,0,0,,,,,,"",""
ball,2,38.6,West Indies,KC Brathwaite,SD Hope,AG Cremer,1,0,,,,,,"",""
ball,2,39.1,West Indies,KC Brathwaite,SD Hope,SC Williams,0,1,,1,,,,"",""
ball,2,39.2,West Indies,KC Brathwaite,SD Hope,SC Williams,2,0,,,,,,"",""
ball,2,39.3,West Indies,KC Brathwaite,SD Hope,SC Williams,1,0,,,,,,"",""
ball,2,39.4,West Indies,SD Hope,KC Brathwaite,SC Williams,1,0,,,,,,"",""
ball,2,39.5,West Indies,KC Brathwaite,SD Hope,SC Williams,0,0,,,,,,"",""
ball,2,39.6,West Indies,KC Brathwaite,SD Hope,SC Williams,1,0,,,,,,"",""
ball,2,39.7,West Indies,SD Hope,KC Brathwaite,SC Williams,1,0,,,,,,"",""
ball,2,40.1,West Indies,SD Hope,KC Brathwaite,CB Mpofu,2,0,,,,,,"",""
ball,2,40.2,West Indies,SD Hope,KC Brathwaite,CB Mpofu,0,0,,,,,,"",""
ball,2,40.3,West Indies,SD Hope,KC Brathwaite,CB Mpofu,0,0,,,,,,"",""
ball,2,40.4,West Indies,SD Hope,KC Brathwaite,CB Mpofu,1,0,,,,,,"",""
ball,2,40.5,West Indies,KC Brathwaite,SD Hope,CB Mpofu,1,0,,,,,,"",""
ball,2,40.6,West Indies,SD Hope,KC Brathwaite,CB Mpofu,0,1,,,1,,,"",""
ball,2,41.1,West Indies,SD Hope,KC Brathwaite,TS Chisoro,4,0,,,,,,"",""
ball,2,41.2,West Indies,SD Hope,KC Brathwaite,TS Chisoro,1,0,,,,,,"",""
ball,2,41.3,West Indies,KC Brathwaite,SD Hope,TS Chisoro,0,0,,,,,,"",""
ball,2,41.4,West Indies,KC Brathwaite,SD Hope,TS Chisoro,0,0,,,,,,"",""
ball,2,41.5,West Indies,KC Brathwaite,SD Hope,TS Chisoro,1,0,,,,,,"",""
ball,2,41.6,West Indies,SD Hope,KC Brathwaite,TS Chisoro,1,0,,,,,,"",""
ball,2,42.1,West Indies,SD Hope,KC Brathwaite,CB Mpofu,1,0,,,,,,"",""
ball,2,42.2,West Indies,KC Brathwaite,SD Hope,CB Mpofu,2,0,,,,,,"",""
ball,2,42.3,West Indies,KC Brathwaite,SD Hope,CB Mpofu,1,0,,,,,,"",""
ball,2,42.4,West Indies,SD Hope,KC Brathwaite,CB Mpofu,1,0,,,,,,"",""
ball,2,42.5,West Indies,KC Brathwaite,SD Hope,CB Mpofu,1,0,,,,,,"",""
ball,2,42.6,West Indies,SD Hope,KC Brathwaite,CB Mpofu,0,2,,,,2,,"",""
ball,2,43.1,West Indies,KC Brathwaite,SD Hope,TS Chisoro,3,0,,,,,,"",""
ball,2,43.2,West Indies,SD Hope,KC Brathwaite,TS Chisoro,0,0,,,,,,"",""
ball,2,43.3,West Indies,SD Hope,KC Brathwaite,TS Chisoro,0,0,,,,,,"",""
ball,2,43.4,West Indies,SD Hope,KC Brathwaite,TS Chisoro,0,0,,,,,,"",""
ball,2,43.5,West Indies,SD Hope,KC Brathwaite,TS Chisoro,1,0,,,,,,"",""
ball,2,43.6,West Indies,KC Brathwaite,SD Hope,TS Chisoro,1,0,,,,,,"",""
ball,2,44.1,West Indies,KC Brathwaite,SD Hope,CB Mpofu,1,0,,,,,,"",""
ball,2,44.2,West Indies,SD Hope,KC Brathwaite,CB Mpofu,2,0,,,,,,"",""
ball,2,44.3,West Indies,SD Hope,KC Brathwaite,CB Mpofu,0,0,,,,,,"",""
ball,2,44.4,West Indies,SD Hope,KC Brathwaite,CB Mpofu,0,0,,,,,,caught,SD Hope
ball,2,44.5,West Indies,R Powell,KC Brathwaite,CB Mpofu,1,0,,,,,,"",""
ball,2,44.6,West Indies,KC Brathwaite,R Powell,CB Mpofu,0,0,,,,,,"",""
ball,2,45.1,West Indies,R Powell,KC Brathwaite,SC Williams,0,0,,,,,,"",""
ball,2,45.2,West Indies,R Powell,KC Brathwaite,SC Williams,0,0,,,,,,"",""
ball,2,45.3,West Indies,R Powell,KC Brathwaite,SC Williams,0,0,,,,,,"",""
ball,2,45.4,West Indies,R Powell,KC Brathwaite,SC Williams,1,0,,,,,,"",""
ball,2,45.5,West Indies,KC Brathwaite,R Powell,SC Williams,3,0,,,,,,"",""
ball,2,45.6,West Indies,R Powell,KC Brathwaite,SC Williams,1,0,,,,,,"",""
ball,2,46.1,West Indies,R Powell,KC Brathwaite,CB Mpofu,1,0,,,,,,"",""
ball,2,46.2,West Indies,KC Brathwaite,R Powell,CB Mpofu,0,0,,,,,,"",""
ball,2,46.3,West Indies,KC Brathwaite,R Powell,CB Mpofu,1,0,,,,,,"",""
ball,2,46.4,West Indies,R Powell,KC Brathwaite,CB Mpofu,1,0,,,,,,"",""
ball,2,46.5,West Indies,KC Brathwaite,R Powell,CB Mpofu,1,0,,,,,,"",""
ball,2,46.6,West Indies,R Powell,KC Brathwaite,CB Mpofu,4,0,,,,,,"",""
ball,2,47.1,West Indies,KC Brathwaite,R Powell,SC Williams,0,0,,,,,,caught,KC Brathwaite
ball,2,47.2,West Indies,R Powell,CR Brathwaite,SC Williams,6,0,,,,,,"",""
ball,2,47.3,West Indies,R Powell,CR Brathwaite,SC Williams,2,0,,,,,,"",""
ball,2,47.4,West Indies,R Powell,CR Brathwaite,SC Williams,0,0,,,,,,bowled,R Powell
ball,2,47.5,West Indies,JO Holder,CR Brathwaite,SC Williams,1,0,,,,,,"",""
ball,2,47.6,West Indies,CR Brathwaite,JO Holder,SC Williams,1,0,,,,,,"",""
ball,2,48.1,West Indies,CR Brathwaite,JO Holder,CB Mpofu,1,0,,,,,,"",""
ball,2,48.2,West Indies,JO Holder,CR Brathwaite,CB Mpofu,0,0,,,,,,"",""
ball,2,48.3,West Indies,JO Holder,CR Brathwaite,CB Mpofu,1,0,,,,,,"",""
ball,2,48.4,West Indies,CR Brathwaite,JO Holder,CB Mpofu,1,0,,,,,,"",""
ball,2,48.5,West Indies,JO Holder,CR Brathwaite,CB Mpofu,1,0,,,,,,"",""
ball,2,48.6,West Indies,CR Brathwaite,JO Holder,CB Mpofu,6,0,,,,,,"",""
ball,2,49.1,West Indies,JO Holder,CR Brathwaite,DT Tiripano,1,0,,,,,,"",""
ball,2,49.2,West Indies,CR Brathwaite,JO Holder,DT Tiripano,0,0,,,,,,caught,CR Brathwaite
ball,2,49.3,West Indies,JO Holder,AR Nurse,DT Tiripano,0,0,,,,,,run out,AR Nurse
ball,2,49.4,West Indies,JO Holder,JL Carter,DT Tiripano,0,1,,,,1,,"",""
ball,2,49.5,West Indies,JL Carter,JO Holder,DT Tiripano,1,0,,,,,,"",""
ball,2,49.6,West Indies,JO Holder,JL Carter,DT Tiripano,0,0,,,,,,run out,JL Carter
