version,1.6.0
info,balls_per_over,6
info,team,Denmark
info,team,Oman
info,gender,male
info,season,2016/17
info,date,2016/11/04
info,event,ICC World Cricket League Division Four
info,venue,"Severn Cricket Field, Woodley Park"
info,city,Los Angeles
info,neutralvenue,true
info,toss_winner,Denmark
info,toss_decision,field
info,player_of_match,Khawar Ali
info,umpire,L Oala
info,umpire,C Young
info,reserve_umpire,GO Brathwaite
info,match_referee,D Govindjee
info,winner,Oman
info,winner_runs,43
info,player,Denmark,Aftab Ahmed (2)
info,player,Denmark,SA Ahmad
info,player,Denmark,HAM Shah
info,player,Denmark,FA Klokker
info,player,Denmark,Zameer Khan
info,player,Denmark,Yasir Iqbal
info,player,Denmark,A Khan
info,player,Denmark,A Bulow
info,player,Denmark,RB Javed
info,player,Denmark,Omar Hayat
info,player,Denmark,Bashir Shah
info,player,Oman,Khawar Ali
info,player,Oman,A Poulose
info,player,Oman,Zeeshan Maqsood
info,player,Oman,SS Khadye
info,player,Oman,Zeeshan Siddiqui
info,player,Oman,Jatinder Singh
info,player,Oman,AV Lalcheta
info,player,Oman,Amir Ali
info,player,Oman,Mohammad Nadeem
info,player,Oman,RJ Ranpura
info,player,Oman,M Ansari
info,registry,people,A Bulow,16f4cc7e
info,registry,people,A Khan,e27cff77
info,registry,people,A Poulose,b481216d
info,registry,people,AV Lalcheta,b858be20
info,registry,people,Aftab Ahmed (2),94ed8d37
info,registry,people,Amir Ali,3748955d
info,registry,people,Bashir Shah,3b282e51
info,registry,people,C Young,169c473b
info,registry,people,D Govindjee,8b4c4069
info,registry,people,FA Klokker,821a412e
info,registry,people,GO Brathwaite,1ace56d4
info,registry,people,HAM Shah,007113d7
info,registry,people,Jatinder Singh,b80dd12c
info,registry,people,Khawar Ali,934b36a6
info,registry,people,L Oala,48a506ab
info,registry,people,M Ansari,681af475
info,registry,people,Mohammad Nadeem,c5d7b244
info,registry,people,Omar Hayat,d35a520a
info,registry,people,RB Javed,bf385668
info,registry,people,RJ Ranpura,c024db94
info,registry,people,SA Ahmad,8de618ab
info,registry,people,SS Khadye,04ff561c
info,registry,people,Yasir Iqbal,928baf6b
info,registry,people,Zameer Khan,fb0d3749
info,registry,people,Zeeshan Maqsood,34464143
info,registry,people,Zeeshan Siddiqui,9029d54a
ball,1,0.1,Oman,Khawar Ali,A Poulose,RB Javed,0,0,,,,,,"",""
ball,1,0.2,Oman,Khawar Ali,A Poulose,RB Javed,0,0,,,,,,"",""
ball,1,0.3,Oman,Khawar Ali,A Poulose,RB Javed,0,0,,,,,,"",""
ball,1,0.4,Oman,Khawar Ali,A Poulose,RB Javed,0,0,,,,,,"",""
ball,1,0.5,Oman,Khawar Ali,A Poulose,RB Javed,0,0,,,,,,"",""
ball,1,0.6,Oman,Khawar Ali,A Poulose,RB Javed,0,0,,,,,,"",""
ball,1,1.1,Oman,A Poulose,Khawar Ali,A Khan,0,0,,,,,,"",""
ball,1,1.2,Oman,A Poulose,Khawar Ali,A Khan,1,0,,,,,,"",""
ball,1,1.3,Oman,Khawar Ali,A Poulose,A Khan,2,0,,,,,,"",""
ball,1,1.4,Oman,Khawar Ali,A Poulose,A Khan,0,0,,,,,,"",""
ball,1,1.5,Oman,Khawar Ali,A Poulose,A Khan,0,0,,,,,,"",""
ball,1,1.6,Oman,Khawar Ali,A Poulose,A Khan,0,0,,,,,,"",""
ball,1,2.1,Oman,A Poulose,Khawar Ali,RB Javed,0,0,,,,,,"",""
ball,1,2.2,Oman,A Poulose,Khawar Ali,RB Javed,0,1,,,,1,,"",""
ball,1,2.3,Oman,Khawar Ali,A Poulose,RB Javed,6,0,,,,,,"",""
ball,1,2.4,Oman,Khawar Ali,A Poulose,RB Javed,2,0,,,,,,"",""
ball,1,2.5,Oman,Khawar Ali,A Poulose,RB Javed,1,0,,,,,,"",""
ball,1,2.6,Oman,A Poulose,Khawar Ali,RB Javed,0,1,,,,1,,"",""
ball,1,3.1,Oman,A Poulose,Khawar Ali,A Khan,0,0,,,,,,"",""
ball,1,3.2,Oman,A Poulose,Khawar Ali,A Khan,0,0,,,,,,"",""
ball,1,3.3,Oman,A Poulose,Khawar Ali,A Khan,0,0,,,,,,"",""
ball,1,3.4,Oman,A Poulose,Khawar Ali,A Khan,0,0,,,,,,"",""
ball,1,3.5,Oman,A Poulose,Khawar Ali,A Khan,2,0,,,,,,"",""
ball,1,3.6,Oman,A Poulose,Khawar Ali,A Khan,6,0,,,,,,"",""
ball,1,4.1,Oman,Khawar Ali,A Poulose,RB Javed,0,0,,,,,,"",""
ball,1,4.2,Oman,Khawar Ali,A Poulose,RB Javed,1,0,,,,,,"",""
ball,1,4.3,Oman,A Poulose,Khawar Ali,RB Javed,0,1,1,,,,,"",""
ball,1,4.4,Oman,A Poulose,Khawar Ali,RB Javed,0,0,,,,,,"",""
ball,1,4.5,Oman,A Poulose,Khawar Ali,RB Javed,0,1,1,,,,,"",""
ball,1,4.6,Oman,A Poulose,Khawar Ali,RB Javed,0,0,,,,,,"",""
ball,1,4.7,Oman,A Poulose,Khawar Ali,RB Javed,0,0,,,,,,"",""
ball,1,4.8,Oman,A Poulose,Khawar Ali,RB Javed,0,0,,,,,,caught,A Poulose
ball,1,5.1,Oman,Khawar Ali,Zeeshan Maqsood,A Khan,1,0,,,,,,"",""
ball,1,5.2,Oman,Zeeshan Maqsood,Khawar Ali,A Khan,0,0,,,,,,"",""
ball,1,5.3,Oman,Zeeshan Maqsood,Khawar Ali,A Khan,0,0,,,,,,"",""
ball,1,5.4,Oman,Zeeshan Maqsood,Khawar Ali,A Khan,0,0,,,,,,"",""
ball,1,5.5,Oman,Zeeshan Maqsood,Khawar Ali,A Khan,4,0,,,,,,"",""
ball,1,5.6,Oman,Zeeshan Maqsood,Khawar Ali,A Khan,1,0,,,,,,"",""
ball,1,6.1,Oman,Zeeshan Maqsood,Khawar Ali,RB Javed,0,0,,,,,,"",""
ball,1,6.2,Oman,Zeeshan Maqsood,Khawar Ali,RB Javed,0,0,,,,,,"",""
ball,1,6.3,Oman,Zeeshan Maqsood,Khawar Ali,RB Javed,0,0,,,,,,"",""
ball,1,6.4,Oman,Zeeshan Maqsood,Khawar Ali,RB Javed,0,0,,,,,,"",""
ball,1,6.5,Oman,Zeeshan Maqsood,Khawar Ali,RB Javed,4,0,,,,,,"",""
ball,1,6.6,Oman,Zeeshan Maqsood,Khawar Ali,RB Javed,0,0,,,,,,"",""
ball,1,7.1,Oman,Khawar Ali,Zeeshan Maqsood,HAM Shah,0,0,,,,,,"",""
ball,1,7.2,Oman,Khawar Ali,Zeeshan Maqsood,HAM Shah,0,0,,,,,,"",""
ball,1,7.3,Oman,Khawar Ali,Zeeshan Maqsood,HAM Shah,0,0,,,,,,"",""
ball,1,7.4,Oman,Khawar Ali,Zeeshan Maqsood,HAM Shah,0,0,,,,,,"",""
ball,1,7.5,Oman,Khawar Ali,Zeeshan Maqsood,HAM Shah,1,0,,,,,,"",""
ball,1,7.6,Oman,Zeeshan Maqsood,Khawar Ali,HAM Shah,1,0,,,,,,"",""
ball,1,8.1,Oman,Zeeshan Maqsood,Khawar Ali,RB Javed,2,0,,,,,,"",""
ball,1,8.2,Oman,Zeeshan Maqsood,Khawar Ali,RB Javed,0,0,,,,,,"",""
ball,1,8.3,Oman,Zeeshan Maqsood,Khawar Ali,RB Javed,0,0,,,,,,caught and bowled,Zeeshan Maqsood
ball,1,8.4,Oman,SS Khadye,Khawar Ali,RB Javed,0,0,,,,,,"",""
ball,1,8.5,Oman,SS Khadye,Khawar Ali,RB Javed,0,0,,,,,,"",""
ball,1,8.6,Oman,SS Khadye,Khawar Ali,RB Javed,0,0,,,,,,"",""
ball,1,9.1,Oman,Khawar Ali,SS Khadye,HAM Shah,0,0,,,,,,"",""
ball,1,9.2,Oman,Khawar Ali,SS Khadye,HAM Shah,0,0,,,,,,"",""
ball,1,9.3,Oman,Khawar Ali,SS Khadye,HAM Shah,4,0,,,,,,"",""
ball,1,9.4,Oman,Khawar Ali,SS Khadye,HAM Shah,0,0,,,,,,"",""
ball,1,9.5,Oman,Khawar Ali,SS Khadye,HAM Shah,0,0,,,,,,"",""
ball,1,9.6,Oman,Khawar Ali,SS Khadye,HAM Shah,0,0,,,,,,"",""
ball,1,10.1,Oman,SS Khadye,Khawar Ali,RB Javed,1,0,,,,,,"",""
ball,1,10.2,Oman,Khawar Ali,SS Khadye,RB Javed,1,0,,,,,,"",""
ball,1,10.3,Oman,SS Khadye,Khawar Ali,RB Javed,0,0,,,,,,"",""
ball,1,10.4,Oman,SS Khadye,Khawar Ali,RB Javed,0,0,,,,,,lbw,SS Khadye
ball,1,10.5,Oman,Zeeshan Siddiqui,Khawar Ali,RB Javed,0,0,,,,,,"",""
ball,1,10.6,Oman,Zeeshan Siddiqui,Khawar Ali,RB Javed,0,0,,,,,,"",""
ball,1,11.1,Oman,Khawar Ali,Zeeshan Siddiqui,Bashir Shah,1,0,,,,,,"",""
ball,1,11.2,Oman,Zeeshan Siddiqui,Khawar Ali,Bashir Shah,1,0,,,,,,"",""
ball,1,11.3,Oman,Khawar Ali,Zeeshan Siddiqui,Bashir Shah,4,0,,,,,,"",""
ball,1,11.4,Oman,Khawar Ali,Zeeshan Siddiqui,Bashir Shah,1,0,,,,,,"",""
ball,1,11.5,Oman,Zeeshan Siddiqui,Khawar Ali,Bashir Shah,1,0,,,,,,"",""
ball,1,11.6,Oman,Khawar Ali,Zeeshan Siddiqui,Bashir Shah,0,0,,,,,,"",""
ball,1,12.1,Oman,Zeeshan Siddiqui,Khawar Ali,RB Javed,0,0,,,,,,"",""
ball,1,12.2,Oman,Zeeshan Siddiqui,Khawar Ali,RB Javed,0,1,1,,,,,"",""
ball,1,12.3,Oman,Zeeshan Siddiqui,Khawar Ali,RB Javed,2,0,,,,,,"",""
ball,1,12.4,Oman,Zeeshan Siddiqui,Khawar Ali,RB Javed,0,0,,,,,,"",""
ball,1,12.5,Oman,Zeeshan Siddiqui,Khawar Ali,RB Javed,0,0,,,,,,"",""
ball,1,12.6,Oman,Zeeshan Siddiqui,Khawar Ali,RB Javed,1,0,,,,,,"",""
ball,1,12.7,Oman,Khawar Ali,Zeeshan Siddiqui,RB Javed,0,0,,,,,,"",""
ball,1,13.1,Oman,Zeeshan Siddiqui,Khawar Ali,Bashir Shah,0,0,,,,,,"",""
ball,1,13.2,Oman,Zeeshan Siddiqui,Khawar Ali,Bashir Shah,0,0,,,,,,caught,Zeeshan Siddiqui
ball,1,13.3,Oman,Jatinder Singh,Khawar Ali,Bashir Shah,0,0,,,,,,"",""
ball,1,13.4,Oman,Jatinder Singh,Khawar Ali,Bashir Shah,1,0,,,,,,"",""
ball,1,13.5,Oman,Khawar Ali,Jatinder Singh,Bashir Shah,0,0,,,,,,"",""
ball,1,13.6,Oman,Khawar Ali,Jatinder Singh,Bashir Shah,2,0,,,,,,"",""
ball,1,14.1,Oman,Jatinder Singh,Khawar Ali,Aftab Ahmed (2),1,0,,,,,,"",""
ball,1,14.2,Oman,Khawar Ali,Jatinder Singh,Aftab Ahmed (2),1,0,,,,,,"",""
ball,1,14.3,Oman,Jatinder Singh,Khawar Ali,Aftab Ahmed (2),0,0,,,,,,"",""
ball,1,14.4,Oman,Jatinder Singh,Khawar Ali,Aftab Ahmed (2),0,0,,,,,,caught,Jatinder Singh
ball,1,14.5,Oman,AV Lalcheta,Khawar Ali,Aftab Ahmed (2),0,1,1,,,,,"",""
ball,1,14.6,Oman,AV Lalcheta,Khawar Ali,Aftab Ahmed (2),0,0,,,,,,"",""
ball,1,14.7,Oman,AV Lalcheta,Khawar Ali,Aftab Ahmed (2),0,0,,,,,,"",""
ball,1,15.1,Oman,Khawar Ali,AV Lalcheta,SA Ahmad,0,0,,,,,,"",""
ball,1,15.2,Oman,Khawar Ali,AV Lalcheta,SA Ahmad,0,0,,,,,,"",""
ball,1,15.3,Oman,Khawar Ali,AV Lalcheta,SA Ahmad,1,0,,,,,,"",""
ball,1,15.4,Oman,AV Lalcheta,Khawar Ali,SA Ahmad,0,0,,,,,,"",""
ball,1,15.5,Oman,AV Lalcheta,Khawar Ali,SA Ahmad,1,0,,,,,,"",""
ball,1,15.6,Oman,Khawar Ali,AV Lalcheta,SA Ahmad,0,0,,,,,,"",""
ball,1,16.1,Oman,AV Lalcheta,Khawar Ali,Aftab Ahmed (2),0,0,,,,,,"",""
ball,1,16.2,Oman,AV Lalcheta,Khawar Ali,Aftab Ahmed (2),0,0,,,,,,"",""
ball,1,16.3,Oman,AV Lalcheta,Khawar Ali,Aftab Ahmed (2),0,0,,,,,,"",""
ball,1,16.4,Oman,AV Lalcheta,Khawar Ali,Aftab Ahmed (2),0,0,,,,,,"",""
ball,1,16.5,Oman,AV Lalcheta,Khawar Ali,Aftab Ahmed (2),0,1,1,,,,,"",""
ball,1,16.6,Oman,AV Lalcheta,Khawar Ali,Aftab Ahmed (2),0,0,,,,,,"",""
ball,1,16.7,Oman,AV Lalcheta,Khawar Ali,Aftab Ahmed (2),0,0,,,,,,"",""
ball,1,17.1,Oman,Khawar Ali,AV Lalcheta,SA Ahmad,0,0,,,,,,"",""
ball,1,17.2,Oman,Khawar Ali,AV Lalcheta,SA Ahmad,2,0,,,,,,"",""
ball,1,17.3,Oman,Khawar Ali,AV Lalcheta,SA Ahmad,0,0,,,,,,"",""
ball,1,17.4,Oman,Khawar Ali,AV Lalcheta,SA Ahmad,0,0,,,,,,"",""
ball,1,17.5,Oman,Khawar Ali,AV Lalcheta,SA Ahmad,1,0,,,,,,"",""
ball,1,17.6,Oman,AV Lalcheta,Khawar Ali,SA Ahmad,1,0,,,,,,"",""
ball,1,18.1,Oman,AV Lalcheta,Khawar Ali,Aftab Ahmed (2),4,0,,,,,,"",""
ball,1,18.2,Oman,AV Lalcheta,Khawar Ali,Aftab Ahmed (2),0,0,,,,,,"",""
ball,1,18.3,Oman,AV Lalcheta,Khawar Ali,Aftab Ahmed (2),0,0,,,,,,"",""
ball,1,18.4,Oman,AV Lalcheta,Khawar Ali,Aftab Ahmed (2),0,0,,,,,,"",""
ball,1,18.5,Oman,AV Lalcheta,Khawar Ali,Aftab Ahmed (2),0,0,,,,,,"",""
ball,1,18.6,Oman,AV Lalcheta,Khawar Ali,Aftab Ahmed (2),1,0,,,,,,"",""
ball,1,19.1,Oman,AV Lalcheta,Khawar Ali,A Khan,1,0,,,,,,"",""
ball,1,19.2,Oman,Khawar Ali,AV Lalcheta,A Khan,1,0,,,,,,"",""
ball,1,19.3,Oman,AV Lalcheta,Khawar Ali,A Khan,0,0,,,,,,"",""
ball,1,19.4,Oman,AV Lalcheta,Khawar Ali,A Khan,0,0,,,,,,"",""
ball,1,19.5,Oman,AV Lalcheta,Khawar Ali,A Khan,0,0,,,,,,"",""
ball,1,19.6,Oman,AV Lalcheta,Khawar Ali,A Khan,1,0,,,,,,"",""
ball,1,20.1,Oman,AV Lalcheta,Khawar Ali,Aftab Ahmed (2),1,0,,,,,,"",""
ball,1,20.2,Oman,Khawar Ali,AV Lalcheta,Aftab Ahmed (2),4,0,,,,,,"",""
ball,1,20.3,Oman,Khawar Ali,AV Lalcheta,Aftab Ahmed (2),0,0,,,,,,"",""
ball,1,20.4,Oman,Khawar Ali,AV Lalcheta,Aftab Ahmed (2),1,0,,,,,,"",""
ball,1,20.5,Oman,AV Lalcheta,Khawar Ali,Aftab Ahmed (2),0,0,,,,,,"",""
ball,1,20.6,Oman,AV Lalcheta,Khawar Ali,Aftab Ahmed (2),2,0,,,,,,"",""
ball,1,21.1,Oman,Khawar Ali,AV Lalcheta,A Khan,0,0,,,,,,"",""
ball,1,21.2,Oman,Khawar Ali,AV Lalcheta,A Khan,0,0,,,,,,"",""
ball,1,21.3,Oman,Khawar Ali,AV Lalcheta,A Khan,4,0,,,,,,"",""
ball,1,21.4,Oman,Khawar Ali,AV Lalcheta,A Khan,1,0,,,,,,"",""
ball,1,21.5,Oman,AV Lalcheta,Khawar Ali,A Khan,1,0,,,,,,"",""
ball,1,21.6,Oman,Khawar Ali,AV Lalcheta,A Khan,0,0,,,,,,"",""
ball,1,22.1,Oman,AV Lalcheta,Khawar Ali,Aftab Ahmed (2),0,0,,,,,,"",""
ball,1,22.2,Oman,AV Lalcheta,Khawar Ali,Aftab Ahmed (2),1,0,,,,,,"",""
ball,1,22.3,Oman,Khawar Ali,AV Lalcheta,Aftab Ahmed (2),1,0,,,,,,"",""
ball,1,22.4,Oman,AV Lalcheta,Khawar Ali,Aftab Ahmed (2),0,0,,,,,,"",""
ball,1,22.5,Oman,AV Lalcheta,Khawar Ali,Aftab Ahmed (2),0,0,,,,,,"",""
ball,1,22.6,Oman,AV Lalcheta,Khawar Ali,Aftab Ahmed (2),0,0,,,,,,"",""
ball,1,23.1,Oman,Khawar Ali,AV Lalcheta,Omar Hayat,1,0,,,,,,"",""
ball,1,23.2,Oman,AV Lalcheta,Khawar Ali,Omar Hayat,0,0,,,,,,"",""
ball,1,23.3,Oman,AV Lalcheta,Khawar Ali,Omar Hayat,0,0,,,,,,"",""
ball,1,23.4,Oman,AV Lalcheta,Khawar Ali,Omar Hayat,1,0,,,,,,"",""
ball,1,23.5,Oman,Khawar Ali,AV Lalcheta,Omar Hayat,0,0,,,,,,"",""
ball,1,23.6,Oman,Khawar Ali,AV Lalcheta,Omar Hayat,0,0,,,,,,"",""
ball,1,24.1,Oman,AV Lalcheta,Khawar Ali,Bashir Shah,1,0,,,,,,"",""
ball,1,24.2,Oman,Khawar Ali,AV Lalcheta,Bashir Shah,1,0,,,,,,"",""
ball,1,24.3,Oman,AV Lalcheta,Khawar Ali,Bashir Shah,0,0,,,,,,"",""
ball,1,24.4,Oman,AV Lalcheta,Khawar Ali,Bashir Shah,0,0,,,,,,"",""
ball,1,24.5,Oman,AV Lalcheta,Khawar Ali,Bashir Shah,4,0,,,,,,"",""
ball,1,24.6,Oman,AV Lalcheta,Khawar Ali,Bashir Shah,0,0,,,,,,"",""
ball,1,25.1,Oman,Khawar Ali,AV Lalcheta,Omar Hayat,0,0,,,,,,"",""
ball,1,25.2,Oman,Khawar Ali,AV Lalcheta,Omar Hayat,1,0,,,,,,"",""
ball,1,25.3,Oman,AV Lalcheta,Khawar Ali,Omar Hayat,0,0,,,,,,"",""
ball,1,25.4,Oman,AV Lalcheta,Khawar Ali,Omar Hayat,1,0,,,,,,"",""
ball,1,25.5,Oman,Khawar Ali,AV Lalcheta,Omar Hayat,1,0,,,,,,"",""
ball,1,25.6,Oman,AV Lalcheta,Khawar Ali,Omar Hayat,0,0,,,,,,"",""
ball,1,26.1,Oman,Khawar Ali,AV Lalcheta,Bashir Shah,0,0,,,,,,"",""
ball,1,26.2,Oman,Khawar Ali,AV Lalcheta,Bashir Shah,1,0,,,,,,"",""
ball,1,26.3,Oman,AV Lalcheta,Khawar Ali,Bashir Shah,1,0,,,,,,"",""
ball,1,26.4,Oman,Khawar Ali,AV Lalcheta,Bashir Shah,0,0,,,,,,"",""
ball,1,26.5,Oman,Khawar Ali,AV Lalcheta,Bashir Shah,0,0,,,,,,"",""
ball,1,26.6,Oman,Khawar Ali,AV Lalcheta,Bashir Shah,0,0,,,,,,"",""
ball,1,27.1,Oman,AV Lalcheta,Khawar Ali,Omar Hayat,1,0,,,,,,"",""
ball,1,27.2,Oman,Khawar Ali,AV Lalcheta,Omar Hayat,1,0,,,,,,"",""
ball,1,27.3,Oman,AV Lalcheta,Khawar Ali,Omar Hayat,0,0,,,,,,"",""
ball,1,27.4,Oman,AV Lalcheta,Khawar Ali,Omar Hayat,0,0,,,,,,"",""
ball,1,27.5,Oman,AV Lalcheta,Khawar Ali,Omar Hayat,1,0,,,,,,"",""
ball,1,27.6,Oman,Khawar Ali,AV Lalcheta,Omar Hayat,0,0,,,,,,"",""
ball,1,28.1,Oman,AV Lalcheta,Khawar Ali,Bashir Shah,1,0,,,,,,"",""
ball,1,28.2,Oman,Khawar Ali,AV Lalcheta,Bashir Shah,0,0,,,,,,"",""
ball,1,28.3,Oman,Khawar Ali,AV Lalcheta,Bashir Shah,1,0,,,,,,"",""
ball,1,28.4,Oman,AV Lalcheta,Khawar Ali,Bashir Shah,1,0,,,,,,"",""
ball,1,28.5,Oman,Khawar Ali,AV Lalcheta,Bashir Shah,1,0,,,,,,"",""
ball,1,28.6,Oman,AV Lalcheta,Khawar Ali,Bashir Shah,0,0,,,,,,"",""
ball,1,29.1,Oman,Khawar Ali,AV Lalcheta,Omar Hayat,2,0,,,,,,"",""
ball,1,29.2,Oman,Khawar Ali,AV Lalcheta,Omar Hayat,0,0,,,,,,"",""
ball,1,29.3,Oman,Khawar Ali,AV Lalcheta,Omar Hayat,0,0,,,,,,"",""
ball,1,29.4,Oman,Khawar Ali,AV Lalcheta,Omar Hayat,1,0,,,,,,"",""
ball,1,29.5,Oman,AV Lalcheta,Khawar Ali,Omar Hayat,0,0,,,,,,"",""
ball,1,29.6,Oman,AV Lalcheta,Khawar Ali,Omar Hayat,1,0,,,,,,"",""
ball,1,30.1,Oman,AV Lalcheta,Khawar Ali,RB Javed,0,0,,,,,,"",""
ball,1,30.2,Oman,AV Lalcheta,Khawar Ali,RB Javed,1,0,,,,,,"",""
ball,1,30.3,Oman,Khawar Ali,AV Lalcheta,RB Javed,4,0,,,,,,"",""
ball,1,30.4,Oman,Khawar Ali,AV Lalcheta,RB Javed,1,0,,,,,,"",""
ball,1,30.5,Oman,AV Lalcheta,Khawar Ali,RB Javed,1,0,,,,,,"",""
ball,1,30.6,Oman,Khawar Ali,AV Lalcheta,RB Javed,0,0,,,,,,"",""
ball,1,31.1,Oman,AV Lalcheta,Khawar Ali,HAM Shah,0,0,,,,,,"",""
ball,1,31.2,Oman,AV Lalcheta,Khawar Ali,HAM Shah,4,0,,,,,,"",""
ball,1,31.3,Oman,AV Lalcheta,Khawar Ali,HAM Shah,0,0,,,,,,"",""
ball,1,31.4,Oman,AV Lalcheta,Khawar Ali,HAM Shah,4,0,,,,,,"",""
ball,1,31.5,Oman,AV Lalcheta,Khawar Ali,HAM Shah,0,0,,,,,,"",""
ball,1,31.6,Oman,AV Lalcheta,Khawar Ali,HAM Shah,1,0,,,,,,"",""
ball,1,32.1,Oman,AV Lalcheta,Khawar Ali,SA Ahmad,0,0,,,,,,"",""
ball,1,32.2,Oman,AV Lalcheta,Khawar Ali,SA Ahmad,0,0,,,,,,"",""
ball,1,32.3,Oman,AV Lalcheta,Khawar Ali,SA Ahmad,1,0,,,,,,"",""
ball,1,32.4,Oman,Khawar Ali,AV Lalcheta,SA Ahmad,0,0,,,,,,"",""
ball,1,32.5,Oman,Khawar Ali,AV Lalcheta,SA Ahmad,0,0,,,,,,"",""
ball,1,32.6,Oman,Khawar Ali,AV Lalcheta,SA Ahmad,1,0,,,,,,"",""
ball,1,33.1,Oman,Khawar Ali,AV Lalcheta,HAM Shah,0,0,,,,,,"",""
ball,1,33.2,Oman,Khawar Ali,AV Lalcheta,HAM Shah,0,0,,,,,,"",""
ball,1,33.3,Oman,Khawar Ali,AV Lalcheta,HAM Shah,4,0,,,,,,"",""
ball,1,33.4,Oman,Khawar Ali,AV Lalcheta,HAM Shah,1,0,,,,,,"",""
ball,1,33.5,Oman,AV Lalcheta,Khawar Ali,HAM Shah,2,0,,,,,,"",""
ball,1,33.6,Oman,AV Lalcheta,Khawar Ali,HAM Shah,0,0,,,,,,"",""
ball,1,34.1,Oman,Khawar Ali,AV Lalcheta,SA Ahmad,1,0,,,,,,"",""
ball,1,34.2,Oman,AV Lalcheta,Khawar Ali,SA Ahmad,2,0,,,,,,"",""
ball,1,34.3,Oman,AV Lalcheta,Khawar Ali,SA Ahmad,0,0,,,,,,"",""
ball,1,34.4,Oman,AV Lalcheta,Khawar Ali,SA Ahmad,1,0,,,,,,"",""
ball,1,34.5,Oman,Khawar Ali,AV Lalcheta,SA Ahmad,4,0,,,,,,"",""
ball,1,34.6,Oman,Khawar Ali,AV Lalcheta,SA Ahmad,1,0,,,,,,"",""
ball,1,35.1,Oman,Khawar Ali,AV Lalcheta,A Khan,0,0,,,,,,"",""
ball,1,35.2,Oman,Khawar Ali,AV Lalcheta,A Khan,0,0,,,,,,"",""
ball,1,35.3,Oman,Khawar Ali,AV Lalcheta,A Khan,1,0,,,,,,"",""
ball,1,35.4,Oman,AV Lalcheta,Khawar Ali,A Khan,4,0,,,,,,"",""
ball,1,35.5,Oman,AV Lalcheta,Khawar Ali,A Khan,1,0,,,,,,"",""
ball,1,35.6,Oman,Khawar Ali,AV Lalcheta,A Khan,1,0,,,,,,"",""
ball,1,36.1,Oman,Khawar Ali,AV Lalcheta,Aftab Ahmed (2),0,0,,,,,,"",""
ball,1,36.2,Oman,Khawar Ali,AV Lalcheta,Aftab Ahmed (2),0,0,,,,,,"",""
ball,1,36.3,Oman,Khawar Ali,AV Lalcheta,Aftab Ahmed (2),0,0,,,,,,caught,Khawar Ali
ball,1,36.4,Oman,AV Lalcheta,Amir Ali,Aftab Ahmed (2),1,0,,,,,,"",""
ball,1,36.5,Oman,Amir Ali,AV Lalcheta,Aftab Ahmed (2),1,0,,,,,,"",""
ball,1,36.6,Oman,AV Lalcheta,Amir Ali,Aftab Ahmed (2),1,0,,,,,,"",""
ball,1,37.1,Oman,AV Lalcheta,Amir Ali,A Khan,0,0,,,,,,"",""
ball,1,37.2,Oman,AV Lalcheta,Amir Ali,A Khan,1,0,,,,,,"",""
ball,1,37.3,Oman,Amir Ali,AV Lalcheta,A Khan,0,0,,,,,,"",""
ball,1,37.4,Oman,Amir Ali,AV Lalcheta,A Khan,0,5,5,,,,,"",""
ball,1,37.5,Oman,Amir Ali,AV Lalcheta,A Khan,0,0,,,,,,"",""
ball,1,37.6,Oman,Amir Ali,AV Lalcheta,A Khan,0,0,,,,,,"",""
ball,1,37.7,Oman,Amir Ali,AV Lalcheta,A Khan,2,0,,,,,,"",""
ball,1,38.1,Oman,AV Lalcheta,Amir Ali,Aftab Ahmed (2),0,0,,,,,,"",""
ball,1,38.2,Oman,AV Lalcheta,Amir Ali,Aftab Ahmed (2),1,0,,,,,,"",""
ball,1,38.3,Oman,Amir Ali,AV Lalcheta,Aftab Ahmed (2),0,0,,,,,,caught,Amir Ali
ball,1,38.4,Oman,Mohammad Nadeem,AV Lalcheta,Aftab Ahmed (2),1,0,,,,,,"",""
ball,1,38.5,Oman,AV Lalcheta,Mohammad Nadeem,Aftab Ahmed (2),0,0,,,,,,"",""
ball,1,38.6,Oman,AV Lalcheta,Mohammad Nadeem,Aftab Ahmed (2),1,0,,,,,,"",""
ball,1,39.1,Oman,AV Lalcheta,Mohammad Nadeem,Bashir Shah,3,0,,,,,,"",""
ball,1,39.2,Oman,Mohammad Nadeem,AV Lalcheta,Bashir Shah,0,0,,,,,,"",""
ball,1,39.3,Oman,Mohammad Nadeem,AV Lalcheta,Bashir Shah,1,0,,,,,,"",""
ball,1,39.4,Oman,AV Lalcheta,Mohammad Nadeem,Bashir Shah,0,0,,,,,,"",""
ball,1,39.5,Oman,AV Lalcheta,Mohammad Nadeem,Bashir Shah,0,0,,,,,,"",""
ball,1,39.6,Oman,AV Lalcheta,Mohammad Nadeem,Bashir Shah,1,0,,,,,,"",""
ball,1,40.1,Oman,AV Lalcheta,Mohammad Nadeem,Aftab Ahmed (2),1,0,,,,,,"",""
ball,1,40.2,Oman,Mohammad Nadeem,AV Lalcheta,Aftab Ahmed (2),0,0,,,,,,"",""
ball,1,40.3,Oman,Mohammad Nadeem,AV Lalcheta,Aftab Ahmed (2),0,0,,,,,,"",""
ball,1,40.4,Oman,Mohammad Nadeem,AV Lalcheta,Aftab Ahmed (2),1,0,,,,,,"",""
ball,1,40.5,Oman,AV Lalcheta,Mohammad Nadeem,Aftab Ahmed (2),0,0,,,,,,"",""
ball,1,40.6,Oman,AV Lalcheta,Mohammad Nadeem,Aftab Ahmed (2),2,0,,,,,,"",""
ball,1,41.1,Oman,Mohammad Nadeem,AV Lalcheta,Bashir Shah,1,0,,,,,,"",""
ball,1,41.2,Oman,AV Lalcheta,Mohammad Nadeem,Bashir Shah,1,0,,,,,,"",""
ball,1,41.3,Oman,Mohammad Nadeem,AV Lalcheta,Bashir Shah,0,0,,,,,,caught,Mohammad Nadeem
ball,1,41.4,Oman,RJ Ranpura,AV Lalcheta,Bashir Shah,0,0,,,,,,"",""
ball,1,41.5,Oman,RJ Ranpura,AV Lalcheta,Bashir Shah,0,0,,,,,,"",""
ball,1,41.6,Oman,RJ Ranpura,AV Lalcheta,Bashir Shah,0,0,,,,,,"",""
ball,1,42.1,Oman,AV Lalcheta,RJ Ranpura,Aftab Ahmed (2),0,0,,,,,,caught,AV Lalcheta
ball,1,42.2,Oman,M Ansari,RJ Ranpura,Aftab Ahmed (2),0,0,,,,,,"",""
ball,1,42.3,Oman,M Ansari,RJ Ranpura,Aftab Ahmed (2),0,0,,,,,,"",""
ball,1,42.4,Oman,M Ansari,RJ Ranpura,Aftab Ahmed (2),0,0,,,,,,"",""
ball,1,42.5,Oman,M Ansari,RJ Ranpura,Aftab Ahmed (2),0,0,,,,,,"",""
ball,1,42.6,Oman,M Ansari,RJ Ranpura,Aftab Ahmed (2),0,1,1,,,,,"",""
ball,1,42.7,Oman,M Ansari,RJ Ranpura,Aftab Ahmed (2),0,0,,,,,,"",""
ball,1,43.1,Oman,RJ Ranpura,M Ansari,A Khan,1,0,,,,,,"",""
ball,1,43.2,Oman,M Ansari,RJ Ranpura,A Khan,0,0,,,,,,"",""
ball,1,43.3,Oman,M Ansari,RJ Ranpura,A Khan,0,0,,,,,,"",""
ball,1,43.4,Oman,M Ansari,RJ Ranpura,A Khan,0,0,,,,,,"",""
ball,1,43.5,Oman,M Ansari,RJ Ranpura,A Khan,0,0,,,,,,"",""
ball,1,43.6,Oman,M Ansari,RJ Ranpura,A Khan,0,0,,,,,,"",""
ball,1,44.1,Oman,RJ Ranpura,M Ansari,Aftab Ahmed (2),0,0,,,,,,"",""
ball,1,44.2,Oman,RJ Ranpura,M Ansari,Aftab Ahmed (2),0,0,,,,,,"",""
ball,1,44.3,Oman,RJ Ranpura,M Ansari,Aftab Ahmed (2),0,0,,,,,,"",""
ball,1,44.4,Oman,RJ Ranpura,M Ansari,Aftab Ahmed (2),0,1,,,,1,,"",""
ball,1,44.5,Oman,M Ansari,RJ Ranpura,Aftab Ahmed (2),0,0,,,,,,"",""
ball,1,44.6,Oman,M Ansari,RJ Ranpura,Aftab Ahmed (2),0,0,,,,,,"",""
ball,1,45.1,Oman,RJ Ranpura,M Ansari,Bashir Shah,0,0,,,,,,"",""
ball,1,45.2,Oman,RJ Ranpura,M Ansari,Bashir Shah,0,0,,,,,,"",""
ball,1,45.3,Oman,RJ Ranpura,M Ansari,Bashir Shah,1,0,,,,,,"",""
ball,1,45.4,Oman,M Ansari,RJ Ranpura,Bashir Shah,0,0,,,,,,"",""
ball,1,45.5,Oman,M Ansari,RJ Ranpura,Bashir Shah,0,0,,,,,,"",""
ball,1,45.6,Oman,M Ansari,RJ Ranpura,Bashir Shah,0,0,,,,,,"",""
ball,1,46.1,Oman,RJ Ranpura,M Ansari,RB Javed,0,0,,,,,,"",""
ball,1,46.2,Oman,RJ Ranpura,M Ansari,RB Javed,1,0,,,,,,"",""
ball,1,46.3,Oman,M Ansari,RJ Ranpura,RB Javed,0,0,,,,,,"",""
ball,1,46.4,Oman,M Ansari,RJ Ranpura,RB Javed,0,0,,,,,,caught,M Ansari
ball,2,0.1,Denmark,Aftab Ahmed (2),SA Ahmad,RJ Ranpura,0,0,,,,,,"",""
ball,2,0.2,Denmark,Aftab Ahmed (2),SA Ahmad,RJ Ranpura,0,0,,,,,,"",""
ball,2,0.3,Denmark,Aftab Ahmed (2),SA Ahmad,RJ Ranpura,1,0,,,,,,"",""
ball,2,0.4,Denmark,SA Ahmad,Aftab Ahmed (2),RJ Ranpura,4,0,,,,,,"",""
ball,2,0.5,Denmark,SA Ahmad,Aftab Ahmed (2),RJ Ranpura,0,0,,,,,,"",""
ball,2,0.6,Denmark,SA Ahmad,Aftab Ahmed (2),RJ Ranpura,4,0,,,,,,"",""
ball,2,1.1,Denmark,Aftab Ahmed (2),SA Ahmad,AV Lalcheta,0,0,,,,,,"",""
ball,2,1.2,Denmark,Aftab Ahmed (2),SA Ahmad,AV Lalcheta,1,0,,,,,,"",""
ball,2,1.3,Denmark,SA Ahmad,Aftab Ahmed (2),AV Lalcheta,1,0,,,,,,"",""
ball,2,1.4,Denmark,Aftab Ahmed (2),SA Ahmad,AV Lalcheta,0,0,,,,,,"",""
ball,2,1.5,Denmark,Aftab Ahmed (2),SA Ahmad,AV Lalcheta,1,0,,,,,,"",""
ball,2,1.6,Denmark,SA Ahmad,Aftab Ahmed (2),AV Lalcheta,0,0,,,,,,"",""
ball,2,2.1,Denmark,Aftab Ahmed (2),SA Ahmad,RJ Ranpura,4,0,,,,,,"",""
ball,2,2.2,Denmark,Aftab Ahmed (2),SA Ahmad,RJ Ranpura,4,0,,,,,,"",""
ball,2,2.3,Denmark,Aftab Ahmed (2),SA Ahmad,RJ Ranpura,6,0,,,,,,"",""
ball,2,2.4,Denmark,Aftab Ahmed (2),SA Ahmad,RJ Ranpura,0,0,,,,,,"",""
ball,2,2.5,Denmark,Aftab Ahmed (2),SA Ahmad,RJ Ranpura,4,0,,,,,,"",""
ball,2,2.6,Denmark,Aftab Ahmed (2),SA Ahmad,RJ Ranpura,6,0,,,,,,"",""
ball,2,3.1,Denmark,SA Ahmad,Aftab Ahmed (2),AV Lalcheta,0,0,,,,,,"",""
ball,2,3.2,Denmark,SA Ahmad,Aftab Ahmed (2),AV Lalcheta,1,0,,,,,,"",""
ball,2,3.3,Denmark,Aftab Ahmed (2),SA Ahmad,AV Lalcheta,0,0,,,,,,lbw,Aftab Ahmed (2)
ball,2,3.4,Denmark,HAM Shah,SA Ahmad,AV Lalcheta,0,0,,,,,,"",""
ball,2,3.5,Denmark,HAM Shah,SA Ahmad,AV Lalcheta,0,0,,,,,,"",""
ball,2,3.6,Denmark,HAM Shah,SA Ahmad,AV Lalcheta,1,0,,,,,,"",""
ball,2,4.1,Denmark,HAM Shah,SA Ahmad,RJ Ranpura,0,0,,,,,,"",""
ball,2,4.2,Denmark,HAM Shah,SA Ahmad,RJ Ranpura,0,0,,,,,,"",""
ball,2,4.3,Denmark,HAM Shah,SA Ahmad,RJ Ranpura,0,0,,,,,,"",""
ball,2,4.4,Denmark,HAM Shah,SA Ahmad,RJ Ranpura,0,0,,,,,,"",""
ball,2,4.5,Denmark,HAM Shah,SA Ahmad,RJ Ranpura,0,0,,,,,,"",""
ball,2,4.6,Denmark,HAM Shah,SA Ahmad,RJ Ranpura,2,0,,,,,,"",""
ball,2,5.1,Denmark,SA Ahmad,HAM Shah,AV Lalcheta,0,0,,,,,,"",""
ball,2,5.2,Denmark,SA Ahmad,HAM Shah,AV Lalcheta,0,0,,,,,,"",""
ball,2,5.3,Denmark,SA Ahmad,HAM Shah,AV Lalcheta,1,0,,,,,,"",""
ball,2,5.4,Denmark,HAM Shah,SA Ahmad,AV Lalcheta,0,0,,,,,,"",""
ball,2,5.5,Denmark,HAM Shah,SA Ahmad,AV Lalcheta,0,0,,,,,,"",""
ball,2,5.6,Denmark,HAM Shah,SA Ahmad,AV Lalcheta,4,0,,,,,,"",""
ball,2,6.1,Denmark,SA Ahmad,HAM Shah,RJ Ranpura,4,0,,,,,,"",""
ball,2,6.2,Denmark,SA Ahmad,HAM Shah,RJ Ranpura,2,0,,,,,,"",""
ball,2,6.3,Denmark,SA Ahmad,HAM Shah,RJ Ranpura,2,0,,,,,,"",""
ball,2,6.4,Denmark,SA Ahmad,HAM Shah,RJ Ranpura,0,0,,,,,,"",""
ball,2,6.5,Denmark,SA Ahmad,HAM Shah,RJ Ranpura,4,0,,,,,,"",""
ball,2,6.6,Denmark,SA Ahmad,HAM Shah,RJ Ranpura,4,0,,,,,,"",""
ball,2,7.1,Denmark,HAM Shah,SA Ahmad,AV Lalcheta,0,1,1,,,,,"",""
ball,2,7.2,Denmark,HAM Shah,SA Ahmad,AV Lalcheta,0,0,,,,,,"",""
ball,2,7.3,Denmark,HAM Shah,SA Ahmad,AV Lalcheta,0,0,,,,,,"",""
ball,2,7.4,Denmark,HAM Shah,SA Ahmad,AV Lalcheta,1,0,,,,,,"",""
ball,2,7.5,Denmark,SA Ahmad,HAM Shah,AV Lalcheta,0,0,,,,,,"",""
ball,2,7.6,Denmark,SA Ahmad,HAM Shah,AV Lalcheta,0,0,,,,,,"",""
ball,2,7.7,Denmark,SA Ahmad,HAM Shah,AV Lalcheta,4,0,,,,,,"",""
ball,2,8.1,Denmark,HAM Shah,SA Ahmad,Amir Ali,1,0,,,,,,"",""
ball,2,8.2,Denmark,SA Ahmad,HAM Shah,Amir Ali,0,0,,,,,,"",""
ball,2,8.3,Denmark,SA Ahmad,HAM Shah,Amir Ali,0,0,,,,,,bowled,SA Ahmad
ball,2,8.4,Denmark,FA Klokker,HAM Shah,Amir Ali,0,0,,,,,,caught,FA Klokker
ball,2,8.5,Denmark,Zameer Khan,HAM Shah,Amir Ali,0,0,,,,,,"",""
ball,2,8.6,Denmark,Zameer Khan,HAM Shah,Amir Ali,0,0,,,,,,"",""
ball,2,9.1,Denmark,HAM Shah,Zameer Khan,AV Lalcheta,0,0,,,,,,"",""
ball,2,9.2,Denmark,HAM Shah,Zameer Khan,AV Lalcheta,0,0,,,,,,"",""
ball,2,9.3,Denmark,HAM Shah,Zameer Khan,AV Lalcheta,0,0,,,,,,"",""
ball,2,9.4,Denmark,HAM Shah,Zameer Khan,AV Lalcheta,4,0,,,,,,"",""
ball,2,9.5,Denmark,HAM Shah,Zameer Khan,AV Lalcheta,0,0,,,,,,"",""
ball,2,9.6,Denmark,HAM Shah,Zameer Khan,AV Lalcheta,0,0,,,,,,"",""
ball,2,10.1,Denmark,Zameer Khan,HAM Shah,Amir Ali,0,0,,,,,,"",""
ball,2,10.2,Denmark,Zameer Khan,HAM Shah,Amir Ali,0,0,,,,,,"",""
ball,2,10.3,Denmark,Zameer Khan,HAM Shah,Amir Ali,0,0,,,,,,"",""
ball,2,10.4,Denmark,Zameer Khan,HAM Shah,Amir Ali,0,0,,,,,,"",""
ball,2,10.5,Denmark,Zameer Khan,HAM Shah,Amir Ali,0,0,,,,,,"",""
ball,2,10.6,Denmark,Zameer Khan,HAM Shah,Amir Ali,0,0,,,,,,"",""
ball,2,11.1,Denmark,HAM Shah,Zameer Khan,AV Lalcheta,0,0,,,,,,"",""
ball,2,11.2,Denmark,HAM Shah,Zameer Khan,AV Lalcheta,0,0,,,,,,"",""
ball,2,11.3,Denmark,HAM Shah,Zameer Khan,AV Lalcheta,1,0,,,,,,"",""
ball,2,11.4,Denmark,Zameer Khan,HAM Shah,AV Lalcheta,0,0,,,,,,"",""
ball,2,11.5,Denmark,Zameer Khan,HAM Shah,AV Lalcheta,1,0,,,,,,"",""
ball,2,11.6,Denmark,HAM Shah,Zameer Khan,AV Lalcheta,1,0,,,,,,"",""
ball,2,12.1,Denmark,HAM Shah,Zameer Khan,Amir Ali,0,0,,,,,,"",""
ball,2,12.2,Denmark,HAM Shah,Zameer Khan,Amir Ali,0,2,,,,2,,"",""
ball,2,12.3,Denmark,HAM Shah,Zameer Khan,Amir Ali,1,0,,,,,,"",""
ball,2,12.4,Denmark,Zameer Khan,HAM Shah,Amir Ali,0,0,,,,,,"",""
ball,2,12.5,Denmark,Zameer Khan,HAM Shah,Amir Ali,1,0,,,,,,"",""
ball,2,12.6,Denmark,HAM Shah,Zameer Khan,Amir Ali,0,5,5,,,,,"",""
ball,2,12.7,Denmark,HAM Shah,Zameer Khan,Amir Ali,0,0,,,,,,"",""
ball,2,13.1,Denmark,Zameer Khan,HAM Shah,Zeeshan Maqsood,0,0,,,,,,"",""
ball,2,13.2,Denmark,Zameer Khan,HAM Shah,Zeeshan Maqsood,0,0,,,,,,"",""
ball,2,13.3,Denmark,Zameer Khan,HAM Shah,Zeeshan Maqsood,0,0,,,,,,"",""
ball,2,13.4,Denmark,Zameer Khan,HAM Shah,Zeeshan Maqsood,0,0,,,,,,"",""
ball,2,13.5,Denmark,Zameer Khan,HAM Shah,Zeeshan Maqsood,0,0,,,,,,"",""
ball,2,13.6,Denmark,Zameer Khan,HAM Shah,Zeeshan Maqsood,0,0,,,,,,"",""
ball,2,14.1,Denmark,HAM Shah,Zameer Khan,Amir Ali,0,0,,,,,,"",""
ball,2,14.2,Denmark,HAM Shah,Zameer Khan,Amir Ali,0,0,,,,,,"",""
ball,2,14.3,Denmark,HAM Shah,Zameer Khan,Amir Ali,0,0,,,,,,"",""
ball,2,14.4,Denmark,HAM Shah,Zameer Khan,Amir Ali,0,0,,,,,,"",""
ball,2,14.5,Denmark,HAM Shah,Zameer Khan,Amir Ali,0,0,,,,,,"",""
ball,2,14.6,Denmark,HAM Shah,Zameer Khan,Amir Ali,0,0,,,,,,"",""
ball,2,15.1,Denmark,Zameer Khan,HAM Shah,Zeeshan Maqsood,0,0,,,,,,"",""
ball,2,15.2,Denmark,Zameer Khan,HAM Shah,Zeeshan Maqsood,0,0,,,,,,"",""
ball,2,15.3,Denmark,Zameer Khan,HAM Shah,Zeeshan Maqsood,0,0,,,,,,"",""
ball,2,15.4,Denmark,Zameer Khan,HAM Shah,Zeeshan Maqsood,0,0,,,,,,"",""
ball,2,15.5,Denmark,Zameer Khan,HAM Shah,Zeeshan Maqsood,0,0,,,,,,"",""
ball,2,15.6,Denmark,Zameer Khan,HAM Shah,Zeeshan Maqsood,0,0,,,,,,"",""
ball,2,16.1,Denmark,HAM Shah,Zameer Khan,Amir Ali,0,0,,,,,,"",""
ball,2,16.2,Denmark,HAM Shah,Zameer Khan,Amir Ali,1,0,,,,,,"",""
ball,2,16.3,Denmark,Zameer Khan,HAM Shah,Amir Ali,1,0,,,,,,"",""
ball,2,16.4,Denmark,HAM Shah,Zameer Khan,Amir Ali,0,0,,,,,,"",""
ball,2,16.5,Denmark,HAM Shah,Zameer Khan,Amir Ali,0,0,,,,,,"",""
ball,2,16.6,Denmark,HAM Shah,Zameer Khan,Amir Ali,0,0,,,,,,"",""
ball,2,17.1,Denmark,Zameer Khan,HAM Shah,Zeeshan Maqsood,4,0,,,,,,"",""
ball,2,17.2,Denmark,Zameer Khan,HAM Shah,Zeeshan Maqsood,0,0,,,,,,"",""
ball,2,17.3,Denmark,Zameer Khan,HAM Shah,Zeeshan Maqsood,1,0,,,,,,"",""
ball,2,17.4,Denmark,HAM Shah,Zameer Khan,Zeeshan Maqsood,0,0,,,,,,"",""
ball,2,17.5,Denmark,HAM Shah,Zameer Khan,Zeeshan Maqsood,0,0,,,,,,"",""
ball,2,17.6,Denmark,HAM Shah,Zameer Khan,Zeeshan Maqsood,0,0,,,,,,"",""
ball,2,18.1,Denmark,Zameer Khan,HAM Shah,Khawar Ali,0,0,,,,,,lbw,Zameer Khan
ball,2,18.2,Denmark,Yasir Iqbal,HAM Shah,Khawar Ali,0,0,,,,,,caught,Yasir Iqbal
ball,2,18.3,Denmark,A Khan,HAM Shah,Khawar Ali,0,0,,,,,,"",""
ball,2,18.4,Denmark,A Khan,HAM Shah,Khawar Ali,2,0,,,,,,"",""
ball,2,18.5,Denmark,A Khan,HAM Shah,Khawar Ali,1,0,,,,,,"",""
ball,2,18.6,Denmark,HAM Shah,A Khan,Khawar Ali,0,0,,,,,,"",""
ball,2,19.1,Denmark,A Khan,HAM Shah,Zeeshan Maqsood,0,0,,,,,,"",""
ball,2,19.2,Denmark,A Khan,HAM Shah,Zeeshan Maqsood,0,0,,,,,,"",""
ball,2,19.3,Denmark,A Khan,HAM Shah,Zeeshan Maqsood,0,0,,,,,,"",""
ball,2,19.4,Denmark,A Khan,HAM Shah,Zeeshan Maqsood,0,0,,,,,,"",""
ball,2,19.5,Denmark,A Khan,HAM Shah,Zeeshan Maqsood,0,0,,,,,,"",""
ball,2,19.6,Denmark,A Khan,HAM Shah,Zeeshan Maqsood,0,0,,,,,,"",""
ball,2,20.1,Denmark,HAM Shah,A Khan,Khawar Ali,1,0,,,,,,"",""
ball,2,20.2,Denmark,A Khan,HAM Shah,Khawar Ali,6,0,,,,,,"",""
ball,2,20.3,Denmark,A Khan,HAM Shah,Khawar Ali,0,0,,,,,,"",""
ball,2,20.4,Denmark,A Khan,HAM Shah,Khawar Ali,1,0,,,,,,"",""
ball,2,20.5,Denmark,HAM Shah,A Khan,Khawar Ali,0,0,,,,,,"",""
ball,2,20.6,Denmark,HAM Shah,A Khan,Khawar Ali,0,0,,,,,,"",""
ball,2,21.1,Denmark,A Khan,HAM Shah,Zeeshan Maqsood,0,0,,,,,,"",""
ball,2,21.2,Denmark,A Khan,HAM Shah,Zeeshan Maqsood,0,0,,,,,,"",""
ball,2,21.3,Denmark,A Khan,HAM Shah,Zeeshan Maqsood,0,0,,,,,,"",""
ball,2,21.4,Denmark,A Khan,HAM Shah,Zeeshan Maqsood,0,0,,,,,,"",""
ball,2,21.5,Denmark,A Khan,HAM Shah,Zeeshan Maqsood,0,0,,,,,,"",""
ball,2,21.6,Denmark,A Khan,HAM Shah,Zeeshan Maqsood,0,0,,,,,,"",""
ball,2,22.1,Denmark,HAM Shah,A Khan,Khawar Ali,1,0,,,,,,"",""
ball,2,22.2,Denmark,A Khan,HAM Shah,Khawar Ali,4,0,,,,,,"",""
ball,2,22.3,Denmark,A Khan,HAM Shah,Khawar Ali,1,0,,,,,,"",""
ball,2,22.4,Denmark,HAM Shah,A Khan,Khawar Ali,0,0,,,,,,caught,HAM Shah
ball,2,22.5,Denmark,A Bulow,A Khan,Khawar Ali,0,0,,,,,,"",""
ball,2,22.6,Denmark,A Bulow,A Khan,Khawar Ali,6,0,,,,,,"",""
ball,2,23.1,Denmark,A Khan,A Bulow,Zeeshan Maqsood,0,0,,,,,,"",""
ball,2,23.2,Denmark,A Khan,A Bulow,Zeeshan Maqsood,0,0,,,,,,"",""
ball,2,23.3,Denmark,A Khan,A Bulow,Zeeshan Maqsood,0,0,,,,,,"",""
ball,2,23.4,Denmark,A Khan,A Bulow,Zeeshan Maqsood,3,0,,,,,,"",""
ball,2,23.5,Denmark,A Bulow,A Khan,Zeeshan Maqsood,0,0,,,,,,"",""
ball,2,23.6,Denmark,A Bulow,A Khan,Zeeshan Maqsood,1,0,,,,,,"",""
ball,2,24.1,Denmark,A Bulow,A Khan,Khawar Ali,0,0,,,,,,"",""
ball,2,24.2,Denmark,A Bulow,A Khan,Khawar Ali,1,0,,,,,,"",""
ball,2,24.3,Denmark,A Khan,A Bulow,Khawar Ali,1,0,,,,,,"",""
ball,2,24.4,Denmark,A Bulow,A Khan,Khawar Ali,0,0,,,,,,"",""
ball,2,24.5,Denmark,A Bulow,A Khan,Khawar Ali,1,0,,,,,,"",""
ball,2,24.6,Denmark,A Khan,A Bulow,Khawar Ali,0,0,,,,,,"",""
ball,2,25.1,Denmark,A Bulow,A Khan,Zeeshan Maqsood,0,0,,,,,,"",""
ball,2,25.2,Denmark,A Bulow,A Khan,Zeeshan Maqsood,0,0,,,,,,"",""
ball,2,25.3,Denmark,A Bulow,A Khan,Zeeshan Maqsood,1,0,,,,,,"",""
ball,2,25.4,Denmark,A Khan,A Bulow,Zeeshan Maqsood,0,0,,,,,,"",""
ball,2,25.5,Denmark,A Khan,A Bulow,Zeeshan Maqsood,0,0,,,,,,"",""
ball,2,25.6,Denmark,A Khan,A Bulow,Zeeshan Maqsood,1,0,,,,,,"",""
ball,2,26.1,Denmark,A Khan,A Bulow,Khawar Ali,0,0,,,,,,"",""
ball,2,26.2,Denmark,A Khan,A Bulow,Khawar Ali,1,0,,,,,,"",""
ball,2,26.3,Denmark,A Bulow,A Khan,Khawar Ali,0,0,,,,,,"",""
ball,2,26.4,Denmark,A Bulow,A Khan,Khawar Ali,0,0,,,,,,bowled,A Bulow
ball,2,26.5,Denmark,RB Javed,A Khan,Khawar Ali,0,0,,,,,,"",""
ball,2,26.6,Denmark,RB Javed,A Khan,Khawar Ali,0,0,,,,,,"",""
ball,2,27.1,Denmark,A Khan,RB Javed,Zeeshan Maqsood,0,1,,,1,,,"",""
ball,2,27.2,Denmark,RB Javed,A Khan,Zeeshan Maqsood,0,0,,,,,,"",""
ball,2,27.3,Denmark,RB Javed,A Khan,Zeeshan Maqsood,1,0,,,,,,"",""
ball,2,27.4,Denmark,A Khan,RB Javed,Zeeshan Maqsood,1,0,,,,,,"",""
ball,2,27.5,Denmark,RB Javed,A Khan,Zeeshan Maqsood,0,0,,,,,,"",""
ball,2,27.6,Denmark,RB Javed,A Khan,Zeeshan Maqsood,0,0,,,,,,"",""
ball,2,28.1,Denmark,A Khan,RB Javed,Khawar Ali,0,0,,,,,,"",""
ball,2,28.2,Denmark,A Khan,RB Javed,Khawar Ali,0,0,,,,,,"",""
ball,2,28.3,Denmark,A Khan,RB Javed,Khawar Ali,4,0,,,,,,"",""
ball,2,28.4,Denmark,A Khan,RB Javed,Khawar Ali,0,0,,,,,,"",""
ball,2,28.5,Denmark,A Khan,RB Javed,Khawar Ali,0,0,,,,,,"",""
ball,2,28.6,Denmark,A Khan,RB Javed,Khawar Ali,0,0,,,,,,"",""
ball,2,29.1,Denmark,RB Javed,A Khan,Zeeshan Maqsood,0,0,,,,,,"",""
ball,2,29.2,Denmark,RB Javed,A Khan,Zeeshan Maqsood,1,0,,,,,,"",""
ball,2,29.3,Denmark,A Khan,RB Javed,Zeeshan Maqsood,0,0,,,,,,"",""
ball,2,29.4,Denmark,A Khan,RB Javed,Zeeshan Maqsood,0,0,,,,,,"",""
ball,2,29.5,Denmark,A Khan,RB Javed,Zeeshan Maqsood,0,0,,,,,,"",""
ball,2,29.6,Denmark,A Khan,RB Javed,Zeeshan Maqsood,0,0,,,,,,"",""
ball,2,30.1,Denmark,RB Javed,A Khan,Khawar Ali,2,0,,,,,,"",""
ball,2,30.2,Denmark,RB Javed,A Khan,Khawar Ali,0,0,,,,,,"",""
ball,2,30.3,Denmark,RB Javed,A Khan,Khawar Ali,0,0,,,,,,"",""
ball,2,30.4,Denmark,RB Javed,A Khan,Khawar Ali,2,0,,,,,,"",""
ball,2,30.5,Denmark,RB Javed,A Khan,Khawar Ali,1,0,,,,,,"",""
ball,2,30.6,Denmark,A Khan,RB Javed,Khawar Ali,0,0,,,,,,"",""
ball,2,31.1,Denmark,RB Javed,A Khan,Zeeshan Maqsood,0,0,,,,,,lbw,RB Javed
ball,2,31.2,Denmark,Omar Hayat,A Khan,Zeeshan Maqsood,0,0,,,,,,"",""
ball,2,31.3,Denmark,Omar Hayat,A Khan,Zeeshan Maqsood,0,0,,,,,,"",""
ball,2,31.4,Denmark,Omar Hayat,A Khan,Zeeshan Maqsood,1,0,,,,,,"",""
ball,2,31.5,Denmark,A Khan,Omar Hayat,Zeeshan Maqsood,0,0,,,,,,"",""
ball,2,31.6,Denmark,A Khan,Omar Hayat,Zeeshan Maqsood,0,1,,,1,,,"",""
ball,2,32.1,Denmark,A Khan,Omar Hayat,Khawar Ali,0,0,,,,,,"",""
ball,2,32.2,Denmark,A Khan,Omar Hayat,Khawar Ali,1,0,,,,,,"",""
ball,2,32.3,Denmark,Omar Hayat,A Khan,Khawar Ali,0,0,,,,,,"",""
ball,2,32.4,Denmark,Omar Hayat,A Khan,Khawar Ali,0,0,,,,,,"",""
ball,2,32.5,Denmark,Omar Hayat,A Khan,Khawar Ali,0,0,,,,,,"",""
ball,2,32.6,Denmark,Omar Hayat,A Khan,Khawar Ali,0,0,,,,,,caught,Omar Hayat
ball,2,33.1,Denmark,Bashir Shah,A Khan,M Ansari,0,1,,,,1,,"",""
ball,2,33.2,Denmark,A Khan,Bashir Shah,M Ansari,4,0,,,,,,"",""
ball,2,33.3,Denmark,A Khan,Bashir Shah,M Ansari,0,0,,,,,,"",""
ball,2,33.4,Denmark,A Khan,Bashir Shah,M Ansari,1,0,,,,,,"",""
ball,2,33.5,Denmark,Bashir Shah,A Khan,M Ansari,0,0,,,,,,"",""
ball,2,33.6,Denmark,Bashir Shah,A Khan,M Ansari,0,0,,,,,,bowled,Bashir Shah
