version,1.6.0
info,balls_per_over,6
info,team,United States of America
info,team,Oman
info,gender,male
info,season,2016/17
info,date,2016/11/05
info,event,ICC World Cricket League Division Four
info,venue,"Severn Cricket Field, Woodley Park"
info,city,Los Angeles
info,toss_winner,United States of America
info,toss_decision,bat
info,player_of_match,Jasdeep Singh
info,umpire,Akbar Ali
info,umpire,CM Tuckett
info,reserve_umpire,GO Brathwaite
info,match_referee,D Govindjee
info,winner,United States of America
info,winner_runs,13
info,player,Oman,Khawar Ali
info,player,Oman,A Poulose
info,player,Oman,Zeeshan Maqsood
info,player,Oman,SS Khadye
info,player,Oman,Zeeshan Siddiqui
info,player,Oman,AV Lalcheta
info,player,Oman,Mohammad Nadeem
info,player,Oman,Jatinder Singh
info,player,Oman,Amir Ali
info,player,Oman,RJ Ranpura
info,player,Oman,Sufyan Mehmood
info,player,United States of America,Fahad Babar
info,player,United States of America,Abdullah Syed
info,player,United States of America,RR Timbawala
info,player,United States of America,AAA Amsterdam
info,player,United States of America,Steven Ryan Taylor
info,player,United States of America,AL Dodson
info,player,United States of America,TK Patel
info,player,United States of America,TP Allen
info,player,United States of America,EH Hutchinson
info,player,United States of America,Jasdeep Singh
info,player,United States of America,P Nair
info,registry,people,A Poulose,b481216d
info,registry,people,AAA Amsterdam,b4a23876
info,registry,people,AL Dodson,f5efe5e0
info,registry,people,AV Lalcheta,b858be20
info,registry,people,Abdullah Syed,bc7d10b8
info,registry,people,Akbar Ali,e753931d
info,registry,people,Amir Ali,3748955d
info,registry,people,CM Tuckett,a67252f0
info,registry,people,D Govindjee,8b4c4069
info,registry,people,EH Hutchinson,e6ddab51
info,registry,people,Fahad Babar,5595b867
info,registry,people,GO Brathwaite,1ace56d4
info,registry,people,Jasdeep Singh,5ec41cd7
info,registry,people,Jatinder Singh,b80dd12c
info,registry,people,Khawar Ali,934b36a6
info,registry,people,Mohammad Nadeem,c5d7b244
info,registry,people,P Nair,4e6698d5
info,registry,people,RJ Ranpura,c024db94
info,registry,people,RR Timbawala,4ed3717c
info,registry,people,Steven Ryan Taylor,a9231c3f
info,registry,people,SS Khadye,04ff561c
info,registry,people,Sufyan Mehmood,bf172ae6
info,registry,people,TK Patel,95fcbfb7
info,registry,people,TP Allen,30baaf1f
info,registry,people,Zeeshan Maqsood,34464143
info,registry,people,Zeeshan Siddiqui,9029d54a
ball,1,0.1,United States of America,Fahad Babar,Abdullah Syed,RJ Ranpura,0,0,,,,,,"",""
ball,1,0.2,United States of America,Fahad Babar,Abdullah Syed,RJ Ranpura,0,0,,,,,,"",""
ball,1,0.3,United States of America,Fahad Babar,Abdullah Syed,RJ Ranpura,0,0,,,,,,"",""
ball,1,0.4,United States of America,Fahad Babar,Abdullah Syed,RJ Ranpura,0,0,,,,,,"",""
ball,1,0.5,United States of America,Fahad Babar,Abdullah Syed,RJ Ranpura,0,3,3,,,,,"",""
ball,1,0.6,United States of America,Fahad Babar,Abdullah Syed,RJ Ranpura,0,0,,,,,,"",""
ball,1,0.7,United States of America,Fahad Babar,Abdullah Syed,RJ Ranpura,1,0,,,,,,"",""
ball,1,1.1,United States of America,Fahad Babar,Abdullah Syed,AV Lalcheta,0,0,,,,,,"",""
ball,1,1.2,United States of America,Fahad Babar,Abdullah Syed,AV Lalcheta,0,0,,,,,,"",""
ball,1,1.3,United States of America,Fahad Babar,Abdullah Syed,AV Lalcheta,0,0,,,,,,"",""
ball,1,1.4,United States of America,Fahad Babar,Abdullah Syed,AV Lalcheta,0,0,,,,,,"",""
ball,1,1.5,United States of America,Fahad Babar,Abdullah Syed,AV Lalcheta,0,0,,,,,,lbw,Fahad Babar
ball,1,1.6,United States of America,RR Timbawala,Abdullah Syed,AV Lalcheta,0,1,1,,,,,"",""
ball,1,1.7,United States of America,RR Timbawala,Abdullah Syed,AV Lalcheta,0,0,,,,,,"",""
ball,1,2.1,United States of America,Abdullah Syed,RR Timbawala,RJ Ranpura,0,0,,,,,,"",""
ball,1,2.2,United States of America,Abdullah Syed,RR Timbawala,RJ Ranpura,0,0,,,,,,lbw,Abdullah Syed
ball,1,2.3,United States of America,AAA Amsterdam,RR Timbawala,RJ Ranpura,0,0,,,,,,"",""
ball,1,2.4,United States of America,AAA Amsterdam,RR Timbawala,RJ Ranpura,0,0,,,,,,"",""
ball,1,2.5,United States of America,AAA Amsterdam,RR Timbawala,RJ Ranpura,0,0,,,,,,"",""
ball,1,2.6,United States of America,AAA Amsterdam,RR Timbawala,RJ Ranpura,0,0,,,,,,"",""
ball,1,3.1,United States of America,RR Timbawala,AAA Amsterdam,AV Lalcheta,0,0,,,,,,"",""
ball,1,3.2,United States of America,RR Timbawala,AAA Amsterdam,AV Lalcheta,0,0,,,,,,"",""
ball,1,3.3,United States of America,RR Timbawala,AAA Amsterdam,AV Lalcheta,0,0,,,,,,"",""
ball,1,3.4,United States of America,RR Timbawala,AAA Amsterdam,AV Lalcheta,0,0,,,,,,"",""
ball,1,3.5,United States of America,RR Timbawala,AAA Amsterdam,AV Lalcheta,0,0,,,,,,"",""
ball,1,3.6,United States of America,RR Timbawala,AAA Amsterdam,AV Lalcheta,0,0,,,,,,"",""
ball,1,4.1,United States of America,AAA Amsterdam,RR Timbawala,RJ Ranpura,0,0,,,,,,"",""
ball,1,4.2,United States of America,AAA Amsterdam,RR Timbawala,RJ Ranpura,0,0,,,,,,"",""
ball,1,4.3,United States of America,AAA Amsterdam,RR Timbawala,RJ Ranpura,0,0,,,,,,"",""
ball,1,4.4,United States of America,AAA Amsterdam,RR Timbawala,RJ Ranpura,0,0,,,,,,"",""
ball,1,4.5,United States of America,AAA Amsterdam,RR Timbawala,RJ Ranpura,0,0,,,,,,run out,RR Timbawala
ball,1,4.6,United States of America,Steven Ryan Taylor,AAA Amsterdam,RJ Ranpura,0,0,,,,,,"",""
ball,1,5.1,United States of America,AAA Amsterdam,Steven Ryan Taylor,AV Lalcheta,0,0,,,,,,"",""
ball,1,5.2,United States of America,AAA Amsterdam,Steven Ryan Taylor,AV Lalcheta,0,0,,,,,,"",""
ball,1,5.3,United States of America,AAA Amsterdam,Steven Ryan Taylor,AV Lalcheta,0,0,,,,,,"",""
ball,1,5.4,United States of America,AAA Amsterdam,Steven Ryan Taylor,AV Lalcheta,0,0,,,,,,"",""
ball,1,5.5,United States of America,AAA Amsterdam,Steven Ryan Taylor,AV Lalcheta,0,0,,,,,,"",""
ball,1,5.6,United States of America,AAA Amsterdam,Steven Ryan Taylor,AV Lalcheta,4,0,,,,,,"",""
ball,1,6.1,United States of America,Steven Ryan Taylor,AAA Amsterdam,RJ Ranpura,4,0,,,,,,"",""
ball,1,6.2,United States of America,Steven Ryan Taylor,AAA Amsterdam,RJ Ranpura,0,0,,,,,,"",""
ball,1,6.3,United States of America,Steven Ryan Taylor,AAA Amsterdam,RJ Ranpura,0,0,,,,,,"",""
ball,1,6.4,United States of America,Steven Ryan Taylor,AAA Amsterdam,RJ Ranpura,0,0,,,,,,"",""
ball,1,6.5,United States of America,Steven Ryan Taylor,AAA Amsterdam,RJ Ranpura,0,0,,,,,,"",""
ball,1,6.6,United States of America,Steven Ryan Taylor,AAA Amsterdam,RJ Ranpura,0,0,,,,,,"",""
ball,1,7.1,United States of America,AAA Amsterdam,Steven Ryan Taylor,Amir Ali,0,0,,,,,,"",""
ball,1,7.2,United States of America,AAA Amsterdam,Steven Ryan Taylor,Amir Ali,0,0,,,,,,"",""
ball,1,7.3,United States of America,AAA Amsterdam,Steven Ryan Taylor,Amir Ali,0,0,,,,,,"",""
ball,1,7.4,United States of America,AAA Amsterdam,Steven Ryan Taylor,Amir Ali,1,0,,,,,,"",""
ball,1,7.5,United States of America,Steven Ryan Taylor,AAA Amsterdam,Amir Ali,0,0,,,,,,"",""
ball,1,7.6,United States of America,Steven Ryan Taylor,AAA Amsterdam,Amir Ali,1,0,,,,,,"",""
ball,1,8.1,United States of America,Steven Ryan Taylor,AAA Amsterdam,RJ Ranpura,1,0,,,,,,"",""
ball,1,8.2,United States of America,AAA Amsterdam,Steven Ryan Taylor,RJ Ranpura,2,0,,,,,,"",""
ball,1,8.3,United States of America,AAA Amsterdam,Steven Ryan Taylor,RJ Ranpura,0,0,,,,,,"",""
ball,1,8.4,United States of America,AAA Amsterdam,Steven Ryan Taylor,RJ Ranpura,0,0,,,,,,"",""
ball,1,8.5,United States of America,AAA Amsterdam,Steven Ryan Taylor,RJ Ranpura,1,0,,,,,,"",""
ball,1,8.6,United States of America,Steven Ryan Taylor,AAA Amsterdam,RJ Ranpura,0,0,,,,,,"",""
ball,1,9.1,United States of America,AAA Amsterdam,Steven Ryan Taylor,Amir Ali,6,0,,,,,,"",""
ball,1,9.2,United States of America,AAA Amsterdam,Steven Ryan Taylor,Amir Ali,0,0,,,,,,"",""
ball,1,9.3,United States of America,AAA Amsterdam,Steven Ryan Taylor,Amir Ali,1,0,,,,,,"",""
ball,1,9.4,United States of America,Steven Ryan Taylor,AAA Amsterdam,Amir Ali,1,0,,,,,,"",""
ball,1,9.5,United States of America,AAA Amsterdam,Steven Ryan Taylor,Amir Ali,0,0,,,,,,"",""
ball,1,9.6,United States of America,AAA Amsterdam,Steven Ryan Taylor,Amir Ali,4,0,,,,,,"",""
ball,1,10.1,United States of America,Steven Ryan Taylor,AAA Amsterdam,RJ Ranpura,0,0,,,,,,"",""
ball,1,10.2,United States of America,Steven Ryan Taylor,AAA Amsterdam,RJ Ranpura,0,0,,,,,,caught,Steven Ryan Taylor
ball,1,10.3,United States of America,AL Dodson,AAA Amsterdam,RJ Ranpura,0,0,,,,,,"",""
ball,1,10.4,United States of America,AL Dodson,AAA Amsterdam,RJ Ranpura,0,0,,,,,,"",""
ball,1,10.5,United States of America,AL Dodson,AAA Amsterdam,RJ Ranpura,0,0,,,,,,"",""
ball,1,10.6,United States of America,AL Dodson,AAA Amsterdam,RJ Ranpura,1,0,,,,,,"",""
ball,1,11.1,United States of America,AL Dodson,AAA Amsterdam,Mohammad Nadeem,1,0,,,,,,"",""
ball,1,11.2,United States of America,AAA Amsterdam,AL Dodson,Mohammad Nadeem,0,0,,,,,,"",""
ball,1,11.3,United States of America,AAA Amsterdam,AL Dodson,Mohammad Nadeem,4,0,,,,,,"",""
ball,1,11.4,United States of America,AAA Amsterdam,AL Dodson,Mohammad Nadeem,0,0,,,,,,"",""
ball,1,11.5,United States of America,AAA Amsterdam,AL Dodson,Mohammad Nadeem,0,0,,,,,,"",""
ball,1,11.6,United States of America,AAA Amsterdam,AL Dodson,Mohammad Nadeem,4,0,,,,,,"",""
ball,1,12.1,United States of America,AL Dodson,AAA Amsterdam,RJ Ranpura,0,0,,,,,,"",""
ball,1,12.2,United States of America,AL Dodson,AAA Amsterdam,RJ Ranpura,4,0,,,,,,"",""
ball,1,12.3,United States of America,AL Dodson,AAA Amsterdam,RJ Ranpura,0,0,,,,,,"",""
ball,1,12.4,United States of America,AL Dodson,AAA Amsterdam,RJ Ranpura,0,0,,,,,,"",""
ball,1,12.5,United States of America,AL Dodson,AAA Amsterdam,RJ Ranpura,0,0,,,,,,"",""
ball,1,12.6,United States of America,AL Dodson,AAA Amsterdam,RJ Ranpura,1,0,,,,,,"",""
ball,1,13.1,United States of America,AL Dodson,AAA Amsterdam,Mohammad Nadeem,0,0,,,,,,"",""
ball,1,13.2,United States of America,AL Dodson,AAA Amsterdam,Mohammad Nadeem,0,0,,,,,,"",""
ball,1,13.3,United States of America,AL Dodson,AAA Amsterdam,Mohammad Nadeem,0,0,,,,,,"",""
ball,1,13.4,United States of America,AL Dodson,AAA Amsterdam,Mohammad Nadeem,1,0,,,,,,"",""
ball,1,13.5,United States of America,AAA Amsterdam,AL Dodson,Mohammad Nadeem,1,0,,,,,,"",""
ball,1,13.6,United States of America,AL Dodson,AAA Amsterdam,Mohammad Nadeem,0,1,1,,,,,"",""
ball,1,13.7,United States of America,AL Dodson,AAA Amsterdam,Mohammad Nadeem,1,0,,,,,,"",""
ball,1,14.1,United States of America,AL Dodson,AAA Amsterdam,RJ Ranpura,0,0,,,,,,"",""
ball,1,14.2,United States of America,AL Dodson,AAA Amsterdam,RJ Ranpura,0,0,,,,,,"",""
ball,1,14.3,United States of America,AL Dodson,AAA Amsterdam,RJ Ranpura,0,0,,,,,,"",""
ball,1,14.4,United States of America,AL Dodson,AAA Amsterdam,RJ Ranpura,0,0,,,,,,"",""
ball,1,14.5,United States of America,AL Dodson,AAA Amsterdam,RJ Ranpura,1,0,,,,,,"",""
ball,1,14.6,United States of America,AAA Amsterdam,AL Dodson,RJ Ranpura,0,0,,,,,,"",""
ball,1,15.1,United States of America,AL Dodson,AAA Amsterdam,Amir Ali,0,0,,,,,,"",""
ball,1,15.2,United States of America,AL Dodson,AAA Amsterdam,Amir Ali,0,0,,,,,,"",""
ball,1,15.3,United States of America,AL Dodson,AAA Amsterdam,Amir Ali,0,0,,,,,,"",""
ball,1,15.4,United States of America,AL Dodson,AAA Amsterdam,Amir Ali,0,0,,,,,,"",""
ball,1,15.5,United States of America,AL Dodson,AAA Amsterdam,Amir Ali,1,0,,,,,,"",""
ball,1,15.6,United States of America,AAA Amsterdam,AL Dodson,Amir Ali,0,0,,,,,,"",""
ball,1,16.1,United States of America,AL Dodson,AAA Amsterdam,RJ Ranpura,1,0,,,,,,"",""
ball,1,16.2,United States of America,AAA Amsterdam,AL Dodson,RJ Ranpura,0,0,,,,,,"",""
ball,1,16.3,United States of America,AAA Amsterdam,AL Dodson,RJ Ranpura,1,0,,,,,,"",""
ball,1,16.4,United States of America,AL Dodson,AAA Amsterdam,RJ Ranpura,4,0,,,,,,"",""
ball,1,16.5,United States of America,AL Dodson,AAA Amsterdam,RJ Ranpura,0,0,,,,,,"",""
ball,1,16.6,United States of America,AL Dodson,AAA Amsterdam,RJ Ranpura,0,1,,,,1,,"",""
ball,1,17.1,United States of America,AL Dodson,AAA Amsterdam,Amir Ali,0,0,,,,,,"",""
ball,1,17.2,United States of America,AL Dodson,AAA Amsterdam,Amir Ali,2,0,,,,,,"",""
ball,1,17.3,United States of America,AL Dodson,AAA Amsterdam,Amir Ali,0,0,,,,,,"",""
ball,1,17.4,United States of America,AL Dodson,AAA Amsterdam,Amir Ali,0,0,,,,,,"",""
ball,1,17.5,United States of America,AL Dodson,AAA Amsterdam,Amir Ali,0,0,,,,,,"",""
ball,1,17.6,United States of America,AL Dodson,AAA Amsterdam,Amir Ali,0,0,,,,,,"",""
ball,1,18.1,United States of America,AAA Amsterdam,AL Dodson,Khawar Ali,4,0,,,,,,"",""
ball,1,18.2,United States of America,AAA Amsterdam,AL Dodson,Khawar Ali,0,0,,,,,,"",""
ball,1,18.3,United States of America,AAA Amsterdam,AL Dodson,Khawar Ali,2,0,,,,,,"",""
ball,1,18.4,United States of America,AAA Amsterdam,AL Dodson,Khawar Ali,4,0,,,,,,"",""
ball,1,18.5,United States of America,AAA Amsterdam,AL Dodson,Khawar Ali,0,0,,,,,,"",""
ball,1,18.6,United States of America,AAA Amsterdam,AL Dodson,Khawar Ali,0,0,,,,,,"",""
ball,1,19.1,United States of America,AL Dodson,AAA Amsterdam,Amir Ali,0,0,,,,,,"",""
ball,1,19.2,United States of America,AL Dodson,AAA Amsterdam,Amir Ali,4,0,,,,,,"",""
ball,1,19.3,United States of America,AL Dodson,AAA Amsterdam,Amir Ali,0,0,,,,,,"",""
ball,1,19.4,United States of America,AL Dodson,AAA Amsterdam,Amir Ali,0,0,,,,,,"",""
ball,1,19.5,United States of America,AL Dodson,AAA Amsterdam,Amir Ali,0,0,,,,,,"",""
ball,1,19.6,United States of America,AL Dodson,AAA Amsterdam,Amir Ali,0,0,,,,,,"",""
ball,1,20.1,United States of America,AAA Amsterdam,AL Dodson,Khawar Ali,0,0,,,,,,"",""
ball,1,20.2,United States of America,AAA Amsterdam,AL Dodson,Khawar Ali,0,4,4,,,,,"",""
ball,1,20.3,United States of America,AL Dodson,AAA Amsterdam,Khawar Ali,0,0,,,,,,"",""
ball,1,20.4,United States of America,AL Dodson,AAA Amsterdam,Khawar Ali,0,0,,,,,,caught and bowled,AL Dodson
ball,1,20.5,United States of America,TK Patel,AAA Amsterdam,Khawar Ali,0,0,,,,,,"",""
ball,1,20.6,United States of America,TK Patel,AAA Amsterdam,Khawar Ali,0,1,1,,,,,"",""
ball,1,20.7,United States of America,TK Patel,AAA Amsterdam,Khawar Ali,0,0,,,,,,"",""
ball,1,20.8,United States of America,TK Patel,AAA Amsterdam,Khawar Ali,0,0,,,,,,"",""
ball,1,21.1,United States of America,AAA Amsterdam,TK Patel,Amir Ali,0,0,,,,,,"",""
ball,1,21.2,United States of America,AAA Amsterdam,TK Patel,Amir Ali,0,0,,,,,,"",""
ball,1,21.3,United States of America,AAA Amsterdam,TK Patel,Amir Ali,0,0,,,,,,"",""
ball,1,21.4,United States of America,AAA Amsterdam,TK Patel,Amir Ali,4,0,,,,,,"",""
ball,1,21.5,United States of America,AAA Amsterdam,TK Patel,Amir Ali,0,0,,,,,,"",""
ball,1,21.6,United States of America,AAA Amsterdam,TK Patel,Amir Ali,0,0,,,,,,"",""
ball,1,22.1,United States of America,TK Patel,AAA Amsterdam,Khawar Ali,4,0,,,,,,"",""
ball,1,22.2,United States of America,TK Patel,AAA Amsterdam,Khawar Ali,0,0,,,,,,"",""
ball,1,22.3,United States of America,TK Patel,AAA Amsterdam,Khawar Ali,0,0,,,,,,"",""
ball,1,22.4,United States of America,TK Patel,AAA Amsterdam,Khawar Ali,0,0,,,,,,"",""
ball,1,22.5,United States of America,TK Patel,AAA Amsterdam,Khawar Ali,0,0,,,,,,"",""
ball,1,22.6,United States of America,TK Patel,AAA Amsterdam,Khawar Ali,0,0,,,,,,"",""
ball,1,23.1,United States of America,AAA Amsterdam,TK Patel,Amir Ali,0,0,,,,,,"",""
ball,1,23.2,United States of America,AAA Amsterdam,TK Patel,Amir Ali,0,0,,,,,,"",""
ball,1,23.3,United States of America,AAA Amsterdam,TK Patel,Amir Ali,0,0,,,,,,"",""
ball,1,23.4,United States of America,AAA Amsterdam,TK Patel,Amir Ali,0,0,,,,,,"",""
ball,1,23.5,United States of America,AAA Amsterdam,TK Patel,Amir Ali,0,0,,,,,,"",""
ball,1,23.6,United States of America,AAA Amsterdam,TK Patel,Amir Ali,0,0,,,,,,"",""
ball,1,24.1,United States of America,TK Patel,AAA Amsterdam,Khawar Ali,1,0,,,,,,"",""
ball,1,24.2,United States of America,AAA Amsterdam,TK Patel,Khawar Ali,0,0,,,,,,"",""
ball,1,24.3,United States of America,AAA Amsterdam,TK Patel,Khawar Ali,1,0,,,,,,"",""
ball,1,24.4,United States of America,TK Patel,AAA Amsterdam,Khawar Ali,1,0,,,,,,"",""
ball,1,24.5,United States of America,AAA Amsterdam,TK Patel,Khawar Ali,4,0,,,,,,"",""
ball,1,24.6,United States of America,AAA Amsterdam,TK Patel,Khawar Ali,0,1,1,,,,,"",""
ball,1,24.7,United States of America,AAA Amsterdam,TK Patel,Khawar Ali,0,0,,,,,,"",""
ball,1,25.1,United States of America,TK Patel,AAA Amsterdam,Zeeshan Maqsood,1,0,,,,,,"",""
ball,1,25.2,United States of America,AAA Amsterdam,TK Patel,Zeeshan Maqsood,0,0,,,,,,"",""
ball,1,25.3,United States of America,AAA Amsterdam,TK Patel,Zeeshan Maqsood,0,0,,,,,,"",""
ball,1,25.4,United States of America,AAA Amsterdam,TK Patel,Zeeshan Maqsood,1,0,,,,,,"",""
ball,1,25.5,United States of America,TK Patel,AAA Amsterdam,Zeeshan Maqsood,1,0,,,,,,"",""
ball,1,25.6,United States of America,AAA Amsterdam,TK Patel,Zeeshan Maqsood,0,0,,,,,,"",""
ball,1,26.1,United States of America,TK Patel,AAA Amsterdam,Khawar Ali,1,0,,,,,,"",""
ball,1,26.2,United States of America,AAA Amsterdam,TK Patel,Khawar Ali,1,0,,,,,,"",""
ball,1,26.3,United States of America,TK Patel,AAA Amsterdam,Khawar Ali,1,0,,,,,,"",""
ball,1,26.4,United States of America,AAA Amsterdam,TK Patel,Khawar Ali,0,0,,,,,,"",""
ball,1,26.5,United States of America,AAA Amsterdam,TK Patel,Khawar Ali,0,0,,,,,,"",""
ball,1,26.6,United States of America,AAA Amsterdam,TK Patel,Khawar Ali,0,0,,,,,,"",""
ball,1,27.1,United States of America,TK Patel,AAA Amsterdam,Zeeshan Maqsood,0,0,,,,,,"",""
ball,1,27.2,United States of America,TK Patel,AAA Amsterdam,Zeeshan Maqsood,1,0,,,,,,"",""
ball,1,27.3,United States of America,AAA Amsterdam,TK Patel,Zeeshan Maqsood,0,0,,,,,,"",""
ball,1,27.4,United States of America,AAA Amsterdam,TK Patel,Zeeshan Maqsood,0,0,,,,,,"",""
ball,1,27.5,United States of America,AAA Amsterdam,TK Patel,Zeeshan Maqsood,0,0,,,,,,"",""
ball,1,27.6,United States of America,AAA Amsterdam,TK Patel,Zeeshan Maqsood,0,0,,,,,,caught,AAA Amsterdam
ball,1,28.1,United States of America,TK Patel,TP Allen,Khawar Ali,0,0,,,,,,"",""
ball,1,28.2,United States of America,TK Patel,TP Allen,Khawar Ali,0,0,,,,,,"",""
ball,1,28.3,United States of America,TK Patel,TP Allen,Khawar Ali,1,0,,,,,,"",""
ball,1,28.4,United States of America,TP Allen,TK Patel,Khawar Ali,0,0,,,,,,"",""
ball,1,28.5,United States of America,TP Allen,TK Patel,Khawar Ali,0,0,,,,,,"",""
ball,1,28.6,United States of America,TP Allen,TK Patel,Khawar Ali,6,0,,,,,,"",""
ball,1,29.1,United States of America,TK Patel,TP Allen,Zeeshan Maqsood,0,0,,,,,,"",""
ball,1,29.2,United States of America,TK Patel,TP Allen,Zeeshan Maqsood,0,0,,,,,,"",""
ball,1,29.3,United States of America,TK Patel,TP Allen,Zeeshan Maqsood,2,0,,,,,,"",""
ball,1,29.4,United States of America,TK Patel,TP Allen,Zeeshan Maqsood,0,0,,,,,,"",""
ball,1,29.5,United States of America,TK Patel,TP Allen,Zeeshan Maqsood,0,0,,,,,,"",""
ball,1,29.6,United States of America,TK Patel,TP Allen,Zeeshan Maqsood,0,0,,,,,,"",""
ball,1,30.1,United States of America,TP Allen,TK Patel,Khawar Ali,0,0,,,,,,"",""
ball,1,30.2,United States of America,TP Allen,TK Patel,Khawar Ali,0,0,,,,,,"",""
ball,1,30.3,United States of America,TP Allen,TK Patel,Khawar Ali,0,0,,,,,,"",""
ball,1,30.4,United States of America,TP Allen,TK Patel,Khawar Ali,1,0,,,,,,"",""
ball,1,30.5,United States of America,TK Patel,TP Allen,Khawar Ali,0,0,,,,,,"",""
ball,1,30.6,United States of America,TK Patel,TP Allen,Khawar Ali,1,0,,,,,,"",""
ball,1,31.1,United States of America,TK Patel,TP Allen,Zeeshan Maqsood,0,0,,,,,,"",""
ball,1,31.2,United States of America,TK Patel,TP Allen,Zeeshan Maqsood,0,0,,,,,,"",""
ball,1,31.3,United States of America,TK Patel,TP Allen,Zeeshan Maqsood,3,0,,,,,,"",""
ball,1,31.4,United States of America,TP Allen,TK Patel,Zeeshan Maqsood,1,0,,,,,,"",""
ball,1,31.5,United States of America,TK Patel,TP Allen,Zeeshan Maqsood,0,0,,,,,,"",""
ball,1,31.6,United States of America,TK Patel,TP Allen,Zeeshan Maqsood,1,0,,,,,,"",""
ball,1,32.1,United States of America,TK Patel,TP Allen,AV Lalcheta,1,0,,,,,,"",""
ball,1,32.2,United States of America,TP Allen,TK Patel,AV Lalcheta,0,0,,,,,,"",""
ball,1,32.3,United States of America,TP Allen,TK Patel,AV Lalcheta,1,0,,,,,,run out,TK Patel
ball,1,32.4,United States of America,TP Allen,EH Hutchinson,AV Lalcheta,0,0,,,,,,"",""
ball,1,32.5,United States of America,TP Allen,EH Hutchinson,AV Lalcheta,1,0,,,,,,"",""
ball,1,32.6,United States of America,EH Hutchinson,TP Allen,AV Lalcheta,0,0,,,,,,"",""
ball,1,33.1,United States of America,TP Allen,EH Hutchinson,Zeeshan Maqsood,6,0,,,,,,"",""
ball,1,33.2,United States of America,TP Allen,EH Hutchinson,Zeeshan Maqsood,1,0,,,,,,"",""
ball,1,33.3,United States of America,EH Hutchinson,TP Allen,Zeeshan Maqsood,0,0,,,,,,"",""
ball,1,33.4,United States of America,EH Hutchinson,TP Allen,Zeeshan Maqsood,6,0,,,,,,"",""
ball,1,33.5,United States of America,EH Hutchinson,TP Allen,Zeeshan Maqsood,0,0,,,,,,"",""
ball,1,33.6,United States of America,EH Hutchinson,TP Allen,Zeeshan Maqsood,0,0,,,,,,"",""
ball,1,34.1,United States of America,TP Allen,EH Hutchinson,AV Lalcheta,1,0,,,,,,"",""
ball,1,34.2,United States of America,EH Hutchinson,TP Allen,AV Lalcheta,0,0,,,,,,"",""
ball,1,34.3,United States of America,EH Hutchinson,TP Allen,AV Lalcheta,0,0,,,,,,"",""
ball,1,34.4,United States of America,EH Hutchinson,TP Allen,AV Lalcheta,0,0,,,,,,"",""
ball,1,34.5,United States of America,EH Hutchinson,TP Allen,AV Lalcheta,1,0,,,,,,"",""
ball,1,34.6,United States of America,TP Allen,EH Hutchinson,AV Lalcheta,4,0,,,,,,"",""
ball,1,35.1,United States of America,EH Hutchinson,TP Allen,Zeeshan Maqsood,0,0,,,,,,caught,EH Hutchinson
ball,1,35.2,United States of America,Jasdeep Singh,TP Allen,Zeeshan Maqsood,0,0,,,,,,"",""
ball,1,35.3,United States of America,Jasdeep Singh,TP Allen,Zeeshan Maqsood,0,0,,,,,,"",""
ball,1,35.4,United States of America,Jasdeep Singh,TP Allen,Zeeshan Maqsood,1,0,,,,,,"",""
ball,1,35.5,United States of America,TP Allen,Jasdeep Singh,Zeeshan Maqsood,0,0,,,,,,"",""
ball,1,35.6,United States of America,TP Allen,Jasdeep Singh,Zeeshan Maqsood,1,0,,,,,,"",""
ball,1,36.1,United States of America,TP Allen,Jasdeep Singh,AV Lalcheta,4,0,,,,,,"",""
ball,1,36.2,United States of America,TP Allen,Jasdeep Singh,AV Lalcheta,0,0,,,,,,"",""
ball,1,36.3,United States of America,TP Allen,Jasdeep Singh,AV Lalcheta,1,0,,,,,,"",""
ball,1,36.4,United States of America,Jasdeep Singh,TP Allen,AV Lalcheta,0,0,,,,,,"",""
ball,1,36.5,United States of America,Jasdeep Singh,TP Allen,AV Lalcheta,0,0,,,,,,"",""
ball,1,36.6,United States of America,Jasdeep Singh,TP Allen,AV Lalcheta,0,0,,,,,,"",""
ball,1,37.1,United States of America,TP Allen,Jasdeep Singh,Khawar Ali,1,0,,,,,,"",""
ball,1,37.2,United States of America,Jasdeep Singh,TP Allen,Khawar Ali,0,0,,,,,,"",""
ball,1,37.3,United States of America,Jasdeep Singh,TP Allen,Khawar Ali,4,0,,,,,,"",""
ball,1,37.4,United States of America,Jasdeep Singh,TP Allen,Khawar Ali,0,0,,,,,,"",""
ball,1,37.5,United States of America,Jasdeep Singh,TP Allen,Khawar Ali,0,0,,,,,,"",""
ball,1,37.6,United States of America,Jasdeep Singh,TP Allen,Khawar Ali,1,0,,,,,,"",""
ball,1,38.1,United States of America,Jasdeep Singh,TP Allen,AV Lalcheta,0,0,,,,,,"",""
ball,1,38.2,United States of America,Jasdeep Singh,TP Allen,AV Lalcheta,0,0,,,,,,"",""
ball,1,38.3,United States of America,Jasdeep Singh,TP Allen,AV Lalcheta,1,0,,,,,,"",""
ball,1,38.4,United States of America,TP Allen,Jasdeep Singh,AV Lalcheta,4,0,,,,,,"",""
ball,1,38.5,United States of America,TP Allen,Jasdeep Singh,AV Lalcheta,0,0,,,,,,"",""
ball,1,38.6,United States of America,TP Allen,Jasdeep Singh,AV Lalcheta,4,0,,,,,,"",""
ball,1,39.1,United States of America,Jasdeep Singh,TP Allen,Khawar Ali,0,0,,,,,,"",""
ball,1,39.2,United States of America,Jasdeep Singh,TP Allen,Khawar Ali,0,0,,,,,,"",""
ball,1,39.3,United States of America,Jasdeep Singh,TP Allen,Khawar Ali,0,0,,,,,,"",""
ball,1,39.4,United States of America,Jasdeep Singh,TP Allen,Khawar Ali,0,0,,,,,,"",""
ball,1,39.5,United States of America,Jasdeep Singh,TP Allen,Khawar Ali,6,0,,,,,,"",""
ball,1,39.6,United States of America,Jasdeep Singh,TP Allen,Khawar Ali,0,0,,,,,,"",""
ball,1,40.1,United States of America,TP Allen,Jasdeep Singh,Mohammad Nadeem,1,0,,,,,,"",""
ball,1,40.2,United States of America,Jasdeep Singh,TP Allen,Mohammad Nadeem,0,0,,,,,,"",""
ball,1,40.3,United States of America,Jasdeep Singh,TP Allen,Mohammad Nadeem,0,0,,,,,,"",""
ball,1,40.4,United States of America,Jasdeep Singh,TP Allen,Mohammad Nadeem,0,0,,,,,,"",""
ball,1,40.5,United States of America,Jasdeep Singh,TP Allen,Mohammad Nadeem,0,0,,,,,,"",""
ball,1,40.6,United States of America,Jasdeep Singh,TP Allen,Mohammad Nadeem,0,0,,,,,,"",""
ball,1,41.1,United States of America,TP Allen,Jasdeep Singh,RJ Ranpura,4,0,,,,,,"",""
ball,1,41.2,United States of America,TP Allen,Jasdeep Singh,RJ Ranpura,0,0,,,,,,"",""
ball,1,41.3,United States of America,TP Allen,Jasdeep Singh,RJ Ranpura,1,0,,,,,,"",""
ball,1,41.4,United States of America,Jasdeep Singh,TP Allen,RJ Ranpura,1,0,,,,,,"",""
ball,1,41.5,United States of America,TP Allen,Jasdeep Singh,RJ Ranpura,1,0,,,,,,"",""
ball,1,41.6,United States of America,Jasdeep Singh,TP Allen,RJ Ranpura,2,0,,,,,,"",""
ball,1,42.1,United States of America,TP Allen,Jasdeep Singh,Khawar Ali,1,0,,,,,,"",""
ball,1,42.2,United States of America,Jasdeep Singh,TP Allen,Khawar Ali,0,0,,,,,,"",""
ball,1,42.3,United States of America,Jasdeep Singh,TP Allen,Khawar Ali,0,0,,,,,,"",""
ball,1,42.4,United States of America,Jasdeep Singh,TP Allen,Khawar Ali,0,0,,,,,,"",""
ball,1,42.5,United States of America,Jasdeep Singh,TP Allen,Khawar Ali,2,0,,,,,,"",""
ball,1,42.6,United States of America,Jasdeep Singh,TP Allen,Khawar Ali,0,0,,,,,,"",""
ball,1,43.1,United States of America,TP Allen,Jasdeep Singh,Mohammad Nadeem,0,0,,,,,,caught,TP Allen
ball,1,43.2,United States of America,P Nair,Jasdeep Singh,Mohammad Nadeem,0,0,,,,,,"",""
ball,1,43.3,United States of America,P Nair,Jasdeep Singh,Mohammad Nadeem,0,0,,,,,,"",""
ball,1,43.4,United States of America,P Nair,Jasdeep Singh,Mohammad Nadeem,0,0,,,,,,"",""
ball,1,43.5,United States of America,P Nair,Jasdeep Singh,Mohammad Nadeem,0,0,,,,,,"",""
ball,1,43.6,United States of America,P Nair,Jasdeep Singh,Mohammad Nadeem,0,0,,,,,,"",""
ball,1,44.1,United States of America,Jasdeep Singh,P Nair,Zeeshan Maqsood,0,0,,,,,,"",""
ball,1,44.2,United States of America,Jasdeep Singh,P Nair,Zeeshan Maqsood,0,0,,,,,,"",""
ball,1,44.3,United States of America,Jasdeep Singh,P Nair,Zeeshan Maqsood,0,0,,,,,,"",""
ball,1,44.4,United States of America,Jasdeep Singh,P Nair,Zeeshan Maqsood,6,0,,,,,,"",""
ball,1,44.5,United States of America,Jasdeep Singh,P Nair,Zeeshan Maqsood,0,0,,,,,,"",""
ball,1,44.6,United States of America,Jasdeep Singh,P Nair,Zeeshan Maqsood,1,0,,,,,,"",""
ball,1,45.1,United States of America,Jasdeep Singh,P Nair,Mohammad Nadeem,2,0,,,,,,"",""
ball,1,45.2,United States of America,Jasdeep Singh,P Nair,Mohammad Nadeem,0,0,,,,,,"",""
ball,1,45.3,United States of America,Jasdeep Singh,P Nair,Mohammad Nadeem,0,5,5,,,,,"",""
ball,1,45.4,United States of America,Jasdeep Singh,P Nair,Mohammad Nadeem,1,0,,,,,,"",""
ball,1,45.5,United States of America,P Nair,Jasdeep Singh,Mohammad Nadeem,0,0,,,,,,"",""
ball,1,45.6,United States of America,P Nair,Jasdeep Singh,Mohammad Nadeem,0,0,,,,,,"",""
ball,1,45.7,United States of America,P Nair,Jasdeep Singh,Mohammad Nadeem,0,0,,,,,,"",""
ball,1,46.1,United States of America,Jasdeep Singh,P Nair,AV Lalcheta,0,0,,,,,,"",""
ball,1,46.2,United States of America,Jasdeep Singh,P Nair,AV Lalcheta,1,0,,,,,,"",""
ball,1,46.3,United States of America,P Nair,Jasdeep Singh,AV Lalcheta,0,0,,,,,,"",""
ball,1,46.4,United States of America,P Nair,Jasdeep Singh,AV Lalcheta,1,0,,,,,,"",""
ball,1,46.5,United States of America,Jasdeep Singh,P Nair,AV Lalcheta,0,0,,,,,,"",""
ball,1,46.6,United States of America,Jasdeep Singh,P Nair,AV Lalcheta,1,0,,,,,,"",""
ball,1,47.1,United States of America,Jasdeep Singh,P Nair,Mohammad Nadeem,0,0,,,,,,"",""
ball,1,47.2,United States of America,Jasdeep Singh,P Nair,Mohammad Nadeem,1,0,,,,,,"",""
ball,1,47.3,United States of America,P Nair,Jasdeep Singh,Mohammad Nadeem,0,0,,,,,,"",""
ball,1,47.4,United States of America,P Nair,Jasdeep Singh,Mohammad Nadeem,0,0,,,,,,"",""
ball,1,47.5,United States of America,P Nair,Jasdeep Singh,Mohammad Nadeem,0,0,,,,,,"",""
ball,1,47.6,United States of America,P Nair,Jasdeep Singh,Mohammad Nadeem,0,1,1,,,,,"",""
ball,1,47.7,United States of America,P Nair,Jasdeep Singh,Mohammad Nadeem,0,0,,,,,,"",""
ball,1,48.1,United States of America,Jasdeep Singh,P Nair,AV Lalcheta,0,0,,,,,,"",""
ball,1,48.2,United States of America,Jasdeep Singh,P Nair,AV Lalcheta,1,0,,,,,,"",""
ball,1,48.3,United States of America,P Nair,Jasdeep Singh,AV Lalcheta,0,0,,,,,,"",""
ball,1,48.4,United States of America,P Nair,Jasdeep Singh,AV Lalcheta,0,0,,,,,,"",""
ball,1,48.5,United States of America,P Nair,Jasdeep Singh,AV Lalcheta,0,0,,,,,,"",""
ball,1,48.6,United States of America,P Nair,Jasdeep Singh,AV Lalcheta,0,0,,,,,,"",""
ball,1,49.1,United States of America,Jasdeep Singh,P Nair,Mohammad Nadeem,0,0,,,,,,"",""
ball,1,49.2,United States of America,Jasdeep Singh,P Nair,Mohammad Nadeem,4,0,,,,,,"",""
ball,1,49.3,United States of America,Jasdeep Singh,P Nair,Mohammad Nadeem,1,0,,,,,,"",""
ball,1,49.4,United States of America,P Nair,Jasdeep Singh,Mohammad Nadeem,0,0,,,,,,caught,P Nair
ball,2,0.1,Oman,Khawar Ali,A Poulose,TP Allen,1,0,,,,,,"",""
ball,2,0.2,Oman,A Poulose,Khawar Ali,TP Allen,4,0,,,,,,"",""
ball,2,0.3,Oman,A Poulose,Khawar Ali,TP Allen,0,0,,,,,,"",""
ball,2,0.4,Oman,A Poulose,Khawar Ali,TP Allen,0,0,,,,,,"",""
ball,2,0.5,Oman,A Poulose,Khawar Ali,TP Allen,0,0,,,,,,"",""
ball,2,0.6,Oman,A Poulose,Khawar Ali,TP Allen,0,0,,,,,,"",""
ball,2,1.1,Oman,Khawar Ali,A Poulose,Jasdeep Singh,0,0,,,,,,"",""
ball,2,1.2,Oman,Khawar Ali,A Poulose,Jasdeep Singh,0,0,,,,,,"",""
ball,2,1.3,Oman,Khawar Ali,A Poulose,Jasdeep Singh,0,0,,,,,,"",""
ball,2,1.4,Oman,Khawar Ali,A Poulose,Jasdeep Singh,0,0,,,,,,"",""
ball,2,1.5,Oman,Khawar Ali,A Poulose,Jasdeep Singh,0,0,,,,,,"",""
ball,2,1.6,Oman,Khawar Ali,A Poulose,Jasdeep Singh,4,0,,,,,,"",""
ball,2,2.1,Oman,A Poulose,Khawar Ali,TP Allen,0,0,,,,,,"",""
ball,2,2.2,Oman,A Poulose,Khawar Ali,TP Allen,0,0,,,,,,"",""
ball,2,2.3,Oman,A Poulose,Khawar Ali,TP Allen,0,0,,,,,,"",""
ball,2,2.4,Oman,A Poulose,Khawar Ali,TP Allen,0,0,,,,,,"",""
ball,2,2.5,Oman,A Poulose,Khawar Ali,TP Allen,0,0,,,,,,"",""
ball,2,2.6,Oman,A Poulose,Khawar Ali,TP Allen,0,0,,,,,,"",""
ball,2,3.1,Oman,Khawar Ali,A Poulose,Jasdeep Singh,0,0,,,,,,"",""
ball,2,3.2,Oman,Khawar Ali,A Poulose,Jasdeep Singh,0,1,,,,1,,"",""
ball,2,3.3,Oman,A Poulose,Khawar Ali,Jasdeep Singh,0,0,,,,,,bowled,A Poulose
ball,2,3.4,Oman,Zeeshan Maqsood,Khawar Ali,Jasdeep Singh,0,0,,,,,,"",""
ball,2,3.5,Oman,Zeeshan Maqsood,Khawar Ali,Jasdeep Singh,0,0,,,,,,"",""
ball,2,3.6,Oman,Zeeshan Maqsood,Khawar Ali,Jasdeep Singh,2,0,,,,,,"",""
ball,2,4.1,Oman,Khawar Ali,Zeeshan Maqsood,TP Allen,0,0,,,,,,"",""
ball,2,4.2,Oman,Khawar Ali,Zeeshan Maqsood,TP Allen,0,1,1,,,,,"",""
ball,2,4.3,Oman,Khawar Ali,Zeeshan Maqsood,TP Allen,0,1,1,,,,,"",""
ball,2,4.4,Oman,Khawar Ali,Zeeshan Maqsood,TP Allen,1,0,,,,,,"",""
ball,2,4.5,Oman,Zeeshan Maqsood,Khawar Ali,TP Allen,0,0,,,,,,"",""
ball,2,4.6,Oman,Zeeshan Maqsood,Khawar Ali,TP Allen,1,0,,,,,,"",""
ball,2,4.7,Oman,Khawar Ali,Zeeshan Maqsood,TP Allen,0,0,,,,,,"",""
ball,2,4.8,Oman,Khawar Ali,Zeeshan Maqsood,TP Allen,0,0,,,,,,"",""
ball,2,5.1,Oman,Zeeshan Maqsood,Khawar Ali,Jasdeep Singh,0,0,,,,,,"",""
ball,2,5.2,Oman,Zeeshan Maqsood,Khawar Ali,Jasdeep Singh,4,0,,,,,,"",""
ball,2,5.3,Oman,Zeeshan Maqsood,Khawar Ali,Jasdeep Singh,1,0,,,,,,"",""
ball,2,5.4,Oman,Khawar Ali,Zeeshan Maqsood,Jasdeep Singh,0,1,1,,,,,"",""
ball,2,5.5,Oman,Khawar Ali,Zeeshan Maqsood,Jasdeep Singh,0,0,,,,,,"",""
ball,2,5.6,Oman,Khawar Ali,Zeeshan Maqsood,Jasdeep Singh,4,0,,,,,,"",""
ball,2,5.7,Oman,Khawar Ali,Zeeshan Maqsood,Jasdeep Singh,0,0,,,,,,"",""
ball,2,6.1,Oman,Zeeshan Maqsood,Khawar Ali,TP Allen,0,0,,,,,,"",""
ball,2,6.2,Oman,Zeeshan Maqsood,Khawar Ali,TP Allen,1,0,,,,,,"",""
ball,2,6.3,Oman,Khawar Ali,Zeeshan Maqsood,TP Allen,0,0,,,,,,"",""
ball,2,6.4,Oman,Khawar Ali,Zeeshan Maqsood,TP Allen,0,0,,,,,,"",""
ball,2,6.5,Oman,Khawar Ali,Zeeshan Maqsood,TP Allen,1,0,,,,,,"",""
ball,2,6.6,Oman,Zeeshan Maqsood,Khawar Ali,TP Allen,0,0,,,,,,"",""
ball,2,7.1,Oman,Khawar Ali,Zeeshan Maqsood,Jasdeep Singh,4,0,,,,,,"",""
ball,2,7.2,Oman,Khawar Ali,Zeeshan Maqsood,Jasdeep Singh,1,0,,,,,,"",""
ball,2,7.3,Oman,Zeeshan Maqsood,Khawar Ali,Jasdeep Singh,0,0,,,,,,"",""
ball,2,7.4,Oman,Zeeshan Maqsood,Khawar Ali,Jasdeep Singh,1,0,,,,,,"",""
ball,2,7.5,Oman,Khawar Ali,Zeeshan Maqsood,Jasdeep Singh,2,0,,,,,,"",""
ball,2,7.6,Oman,Khawar Ali,Zeeshan Maqsood,Jasdeep Singh,0,0,,,,,,"",""
ball,2,8.1,Oman,Zeeshan Maqsood,Khawar Ali,TP Allen,1,0,,,,,,"",""
ball,2,8.2,Oman,Khawar Ali,Zeeshan Maqsood,TP Allen,4,0,,,,,,"",""
ball,2,8.3,Oman,Khawar Ali,Zeeshan Maqsood,TP Allen,0,0,,,,,,"",""
ball,2,8.4,Oman,Khawar Ali,Zeeshan Maqsood,TP Allen,0,0,,,,,,"",""
ball,2,8.5,Oman,Khawar Ali,Zeeshan Maqsood,TP Allen,0,0,,,,,,"",""
ball,2,8.6,Oman,Khawar Ali,Zeeshan Maqsood,TP Allen,0,0,,,,,,"",""
ball,2,9.1,Oman,Zeeshan Maqsood,Khawar Ali,P Nair,0,0,,,,,,"",""
ball,2,9.2,Oman,Zeeshan Maqsood,Khawar Ali,P Nair,0,0,,,,,,"",""
ball,2,9.3,Oman,Zeeshan Maqsood,Khawar Ali,P Nair,1,0,,,,,,"",""
ball,2,9.4,Oman,Khawar Ali,Zeeshan Maqsood,P Nair,0,0,,,,,,"",""
ball,2,9.5,Oman,Khawar Ali,Zeeshan Maqsood,P Nair,0,0,,,,,,"",""
ball,2,9.6,Oman,Khawar Ali,Zeeshan Maqsood,P Nair,0,0,,,,,,"",""
ball,2,10.1,Oman,Zeeshan Maqsood,Khawar Ali,EH Hutchinson,0,0,,,,,,"",""
ball,2,10.2,Oman,Zeeshan Maqsood,Khawar Ali,EH Hutchinson,0,0,,,,,,"",""
ball,2,10.3,Oman,Zeeshan Maqsood,Khawar Ali,EH Hutchinson,0,0,,,,,,"",""
ball,2,10.4,Oman,Zeeshan Maqsood,Khawar Ali,EH Hutchinson,1,0,,,,,,"",""
ball,2,10.5,Oman,Khawar Ali,Zeeshan Maqsood,EH Hutchinson,0,0,,,,,,caught,Khawar Ali
ball,2,10.6,Oman,SS Khadye,Zeeshan Maqsood,EH Hutchinson,0,0,,,,,,"",""
ball,2,11.1,Oman,Zeeshan Maqsood,SS Khadye,P Nair,0,0,,,,,,"",""
ball,2,11.2,Oman,Zeeshan Maqsood,SS Khadye,P Nair,1,0,,,,,,"",""
ball,2,11.3,Oman,SS Khadye,Zeeshan Maqsood,P Nair,0,0,,,,,,"",""
ball,2,11.4,Oman,SS Khadye,Zeeshan Maqsood,P Nair,4,0,,,,,,"",""
ball,2,11.5,Oman,SS Khadye,Zeeshan Maqsood,P Nair,0,0,,,,,,"",""
ball,2,11.6,Oman,SS Khadye,Zeeshan Maqsood,P Nair,0,0,,,,,,"",""
ball,2,12.1,Oman,Zeeshan Maqsood,SS Khadye,EH Hutchinson,0,1,,,,1,,"",""
ball,2,12.2,Oman,SS Khadye,Zeeshan Maqsood,EH Hutchinson,0,0,,,,,,"",""
ball,2,12.3,Oman,SS Khadye,Zeeshan Maqsood,EH Hutchinson,0,0,,,,,,"",""
ball,2,12.4,Oman,SS Khadye,Zeeshan Maqsood,EH Hutchinson,1,0,,,,,,"",""
ball,2,12.5,Oman,Zeeshan Maqsood,SS Khadye,EH Hutchinson,1,0,,,,,,"",""
ball,2,12.6,Oman,SS Khadye,Zeeshan Maqsood,EH Hutchinson,0,0,,,,,,"",""
ball,2,13.1,Oman,Zeeshan Maqsood,SS Khadye,P Nair,0,0,,,,,,lbw,Zeeshan Maqsood
ball,2,13.2,Oman,Zeeshan Siddiqui,SS Khadye,P Nair,1,0,,,,,,"",""
ball,2,13.3,Oman,SS Khadye,Zeeshan Siddiqui,P Nair,1,0,,,,,,"",""
ball,2,13.4,Oman,Zeeshan Siddiqui,SS Khadye,P Nair,0,0,,,,,,"",""
ball,2,13.5,Oman,Zeeshan Siddiqui,SS Khadye,P Nair,1,0,,,,,,"",""
ball,2,13.6,Oman,SS Khadye,Zeeshan Siddiqui,P Nair,0,0,,,,,,"",""
ball,2,14.1,Oman,Zeeshan Siddiqui,SS Khadye,EH Hutchinson,0,0,,,,,,"",""
ball,2,14.2,Oman,Zeeshan Siddiqui,SS Khadye,EH Hutchinson,0,0,,,,,,"",""
ball,2,14.3,Oman,Zeeshan Siddiqui,SS Khadye,EH Hutchinson,0,0,,,,,,"",""
ball,2,14.4,Oman,Zeeshan Siddiqui,SS Khadye,EH Hutchinson,0,0,,,,,,"",""
ball,2,14.5,Oman,Zeeshan Siddiqui,SS Khadye,EH Hutchinson,0,0,,,,,,"",""
ball,2,14.6,Oman,Zeeshan Siddiqui,SS Khadye,EH Hutchinson,0,0,,,,,,"",""
ball,2,15.1,Oman,SS Khadye,Zeeshan Siddiqui,P Nair,0,0,,,,,,"",""
ball,2,15.2,Oman,SS Khadye,Zeeshan Siddiqui,P Nair,0,0,,,,,,"",""
ball,2,15.3,Oman,SS Khadye,Zeeshan Siddiqui,P Nair,1,0,,,,,,"",""
ball,2,15.4,Oman,Zeeshan Siddiqui,SS Khadye,P Nair,4,0,,,,,,"",""
ball,2,15.5,Oman,Zeeshan Siddiqui,SS Khadye,P Nair,0,0,,,,,,"",""
ball,2,15.6,Oman,Zeeshan Siddiqui,SS Khadye,P Nair,4,0,,,,,,"",""
ball,2,16.1,Oman,SS Khadye,Zeeshan Siddiqui,EH Hutchinson,2,0,,,,,,"",""
ball,2,16.2,Oman,SS Khadye,Zeeshan Siddiqui,EH Hutchinson,0,0,,,,,,"",""
ball,2,16.3,Oman,SS Khadye,Zeeshan Siddiqui,EH Hutchinson,0,0,,,,,,"",""
ball,2,16.4,Oman,SS Khadye,Zeeshan Siddiqui,EH Hutchinson,1,0,,,,,,"",""
ball,2,16.5,Oman,Zeeshan Siddiqui,SS Khadye,EH Hutchinson,0,0,,,,,,"",""
ball,2,16.6,Oman,Zeeshan Siddiqui,SS Khadye,EH Hutchinson,0,1,,,,1,,"",""
ball,2,17.1,Oman,Zeeshan Siddiqui,SS Khadye,P Nair,0,0,,,,,,"",""
ball,2,17.2,Oman,Zeeshan Siddiqui,SS Khadye,P Nair,1,0,,,,,,"",""
ball,2,17.3,Oman,SS Khadye,Zeeshan Siddiqui,P Nair,1,0,,,,,,"",""
ball,2,17.4,Oman,Zeeshan Siddiqui,SS Khadye,P Nair,1,0,,,,,,"",""
ball,2,17.5,Oman,SS Khadye,Zeeshan Siddiqui,P Nair,0,0,,,,,,"",""
ball,2,17.6,Oman,SS Khadye,Zeeshan Siddiqui,P Nair,0,0,,,,,,"",""
ball,2,18.1,Oman,Zeeshan Siddiqui,SS Khadye,EH Hutchinson,4,0,,,,,,"",""
ball,2,18.2,Oman,Zeeshan Siddiqui,SS Khadye,EH Hutchinson,1,0,,,,,,"",""
ball,2,18.3,Oman,SS Khadye,Zeeshan Siddiqui,EH Hutchinson,1,0,,,,,,"",""
ball,2,18.4,Oman,Zeeshan Siddiqui,SS Khadye,EH Hutchinson,0,0,,,,,,"",""
ball,2,18.5,Oman,Zeeshan Siddiqui,SS Khadye,EH Hutchinson,0,0,,,,,,"",""
ball,2,18.6,Oman,Zeeshan Siddiqui,SS Khadye,EH Hutchinson,0,0,,,,,,"",""
ball,2,19.1,Oman,SS Khadye,Zeeshan Siddiqui,P Nair,0,0,,,,,,"",""
ball,2,19.2,Oman,SS Khadye,Zeeshan Siddiqui,P Nair,0,0,,,,,,"",""
ball,2,19.3,Oman,SS Khadye,Zeeshan Siddiqui,P Nair,0,0,,,,,,"",""
ball,2,19.4,Oman,SS Khadye,Zeeshan Siddiqui,P Nair,0,0,,,,,,"",""
ball,2,19.5,Oman,SS Khadye,Zeeshan Siddiqui,P Nair,1,0,,,,,,"",""
ball,2,19.6,Oman,Zeeshan Siddiqui,SS Khadye,P Nair,0,0,,,,,,"",""
ball,2,20.1,Oman,SS Khadye,Zeeshan Siddiqui,EH Hutchinson,1,0,,,,,,"",""
ball,2,20.2,Oman,Zeeshan Siddiqui,SS Khadye,EH Hutchinson,1,0,,,,,,"",""
ball,2,20.3,Oman,SS Khadye,Zeeshan Siddiqui,EH Hutchinson,0,0,,,,,,"",""
ball,2,20.4,Oman,SS Khadye,Zeeshan Siddiqui,EH Hutchinson,0,0,,,,,,"",""
ball,2,20.5,Oman,SS Khadye,Zeeshan Siddiqui,EH Hutchinson,0,0,,,,,,"",""
ball,2,20.6,Oman,SS Khadye,Zeeshan Siddiqui,EH Hutchinson,1,0,,,,,,"",""
ball,2,21.1,Oman,SS Khadye,Zeeshan Siddiqui,P Nair,1,0,,,,,,"",""
ball,2,21.2,Oman,Zeeshan Siddiqui,SS Khadye,P Nair,1,0,,,,,,"",""
ball,2,21.3,Oman,SS Khadye,Zeeshan Siddiqui,P Nair,1,0,,,,,,"",""
ball,2,21.4,Oman,Zeeshan Siddiqui,SS Khadye,P Nair,0,0,,,,,,"",""
ball,2,21.5,Oman,Zeeshan Siddiqui,SS Khadye,P Nair,2,0,,,,,,"",""
ball,2,21.6,Oman,Zeeshan Siddiqui,SS Khadye,P Nair,0,0,,,,,,"",""
ball,2,22.1,Oman,SS Khadye,Zeeshan Siddiqui,TK Patel,1,0,,,,,,"",""
ball,2,22.2,Oman,Zeeshan Siddiqui,SS Khadye,TK Patel,1,0,,,,,,"",""
ball,2,22.3,Oman,SS Khadye,Zeeshan Siddiqui,TK Patel,0,0,,,,,,"",""
ball,2,22.4,Oman,SS Khadye,Zeeshan Siddiqui,TK Patel,0,0,,,,,,"",""
ball,2,22.5,Oman,SS Khadye,Zeeshan Siddiqui,TK Patel,0,0,,,,,,"",""
ball,2,22.6,Oman,SS Khadye,Zeeshan Siddiqui,TK Patel,0,0,,,,,,"",""
ball,2,23.1,Oman,Zeeshan Siddiqui,SS Khadye,P Nair,0,0,,,,,,"",""
ball,2,23.2,Oman,Zeeshan Siddiqui,SS Khadye,P Nair,0,0,,,,,,"",""
ball,2,23.3,Oman,Zeeshan Siddiqui,SS Khadye,P Nair,0,0,,,,,,"",""
ball,2,23.4,Oman,Zeeshan Siddiqui,SS Khadye,P Nair,1,0,,,,,,"",""
ball,2,23.5,Oman,SS Khadye,Zeeshan Siddiqui,P Nair,0,0,,,,,,"",""
ball,2,23.6,Oman,SS Khadye,Zeeshan Siddiqui,P Nair,0,0,,,,,,"",""
ball,2,24.1,Oman,Zeeshan Siddiqui,SS Khadye,TK Patel,1,0,,,,,,"",""
ball,2,24.2,Oman,SS Khadye,Zeeshan Siddiqui,TK Patel,0,0,,,,,,"",""
ball,2,24.3,Oman,SS Khadye,Zeeshan Siddiqui,TK Patel,2,0,,,,,,"",""
ball,2,24.4,Oman,SS Khadye,Zeeshan Siddiqui,TK Patel,1,0,,,,,,"",""
ball,2,24.5,Oman,Zeeshan Siddiqui,SS Khadye,TK Patel,1,0,,,,,,"",""
ball,2,24.6,Oman,SS Khadye,Zeeshan Siddiqui,TK Patel,0,0,,,,,,"",""
ball,2,25.1,Oman,Zeeshan Siddiqui,SS Khadye,P Nair,0,0,,,,,,"",""
ball,2,25.2,Oman,Zeeshan Siddiqui,SS Khadye,P Nair,1,0,,,,,,"",""
ball,2,25.3,Oman,SS Khadye,Zeeshan Siddiqui,P Nair,0,0,,,,,,"",""
ball,2,25.4,Oman,SS Khadye,Zeeshan Siddiqui,P Nair,1,0,,,,,,"",""
ball,2,25.5,Oman,Zeeshan Siddiqui,SS Khadye,P Nair,4,0,,,,,,"",""
ball,2,25.6,Oman,Zeeshan Siddiqui,SS Khadye,P Nair,0,0,,,,,,"",""
ball,2,26.1,Oman,SS Khadye,Zeeshan Siddiqui,TK Patel,0,2,2,,,,,"",""
ball,2,26.2,Oman,Zeeshan Siddiqui,SS Khadye,TK Patel,0,0,,,,,,"",""
ball,2,26.3,Oman,Zeeshan Siddiqui,SS Khadye,TK Patel,1,0,,,,,,"",""
ball,2,26.4,Oman,SS Khadye,Zeeshan Siddiqui,TK Patel,0,0,,,,,,"",""
ball,2,26.5,Oman,SS Khadye,Zeeshan Siddiqui,TK Patel,0,0,,,,,,caught,SS Khadye
ball,2,26.6,Oman,Zeeshan Siddiqui,AV Lalcheta,TK Patel,1,0,,,,,,"",""
ball,2,26.7,Oman,AV Lalcheta,Zeeshan Siddiqui,TK Patel,0,0,,,,,,"",""
ball,2,27.1,Oman,Zeeshan Siddiqui,AV Lalcheta,P Nair,1,0,,,,,,"",""
ball,2,27.2,Oman,AV Lalcheta,Zeeshan Siddiqui,P Nair,1,0,,,,,,"",""
ball,2,27.3,Oman,Zeeshan Siddiqui,AV Lalcheta,P Nair,0,0,,,,,,"",""
ball,2,27.4,Oman,Zeeshan Siddiqui,AV Lalcheta,P Nair,0,0,,,,,,"",""
ball,2,27.5,Oman,Zeeshan Siddiqui,AV Lalcheta,P Nair,0,1,1,,,,,"",""
ball,2,27.6,Oman,Zeeshan Siddiqui,AV Lalcheta,P Nair,0,0,,,,,,"",""
ball,2,27.7,Oman,Zeeshan Siddiqui,AV Lalcheta,P Nair,0,0,,,,,,"",""
ball,2,28.1,Oman,AV Lalcheta,Zeeshan Siddiqui,Steven Ryan Taylor,1,0,,,,,,"",""
ball,2,28.2,Oman,Zeeshan Siddiqui,AV Lalcheta,Steven Ryan Taylor,2,0,,,,,,"",""
ball,2,28.3,Oman,Zeeshan Siddiqui,AV Lalcheta,Steven Ryan Taylor,0,0,,,,,,"",""
ball,2,28.4,Oman,Zeeshan Siddiqui,AV Lalcheta,Steven Ryan Taylor,1,0,,,,,,"",""
ball,2,28.5,Oman,AV Lalcheta,Zeeshan Siddiqui,Steven Ryan Taylor,0,0,,,,,,"",""
ball,2,28.6,Oman,AV Lalcheta,Zeeshan Siddiqui,Steven Ryan Taylor,0,0,,,,,,"",""
ball,2,29.1,Oman,Zeeshan Siddiqui,AV Lalcheta,TK Patel,1,0,,,,,,"",""
ball,2,29.2,Oman,AV Lalcheta,Zeeshan Siddiqui,TK Patel,0,0,,,,,,"",""
ball,2,29.3,Oman,AV Lalcheta,Zeeshan Siddiqui,TK Patel,4,0,,,,,,"",""
ball,2,29.4,Oman,AV Lalcheta,Zeeshan Siddiqui,TK Patel,0,0,,,,,,lbw,AV Lalcheta
ball,2,29.5,Oman,Mohammad Nadeem,Zeeshan Siddiqui,TK Patel,0,0,,,,,,"",""
ball,2,29.6,Oman,Mohammad Nadeem,Zeeshan Siddiqui,TK Patel,0,0,,,,,,"",""
ball,2,30.1,Oman,Zeeshan Siddiqui,Mohammad Nadeem,Steven Ryan Taylor,0,1,,1,,,,"",""
ball,2,30.2,Oman,Zeeshan Siddiqui,Mohammad Nadeem,Steven Ryan Taylor,0,0,,,,,,"",""
ball,2,30.3,Oman,Zeeshan Siddiqui,Mohammad Nadeem,Steven Ryan Taylor,1,0,,,,,,"",""
ball,2,30.4,Oman,Mohammad Nadeem,Zeeshan Siddiqui,Steven Ryan Taylor,0,0,,,,,,"",""
ball,2,30.5,Oman,Mohammad Nadeem,Zeeshan Siddiqui,Steven Ryan Taylor,0,0,,,,,,"",""
ball,2,30.6,Oman,Mohammad Nadeem,Zeeshan Siddiqui,Steven Ryan Taylor,0,0,,,,,,"",""
ball,2,30.7,Oman,Mohammad Nadeem,Zeeshan Siddiqui,Steven Ryan Taylor,0,0,,,,,,"",""
ball,2,31.1,Oman,Zeeshan Siddiqui,Mohammad Nadeem,TK Patel,1,0,,,,,,"",""
ball,2,31.2,Oman,Mohammad Nadeem,Zeeshan Siddiqui,TK Patel,0,0,,,,,,"",""
ball,2,31.3,Oman,Mohammad Nadeem,Zeeshan Siddiqui,TK Patel,1,0,,,,,,"",""
ball,2,31.4,Oman,Zeeshan Siddiqui,Mohammad Nadeem,TK Patel,0,0,,,,,,"",""
ball,2,31.5,Oman,Zeeshan Siddiqui,Mohammad Nadeem,TK Patel,6,0,,,,,,"",""
ball,2,31.6,Oman,Zeeshan Siddiqui,Mohammad Nadeem,TK Patel,1,0,,,,,,"",""
ball,2,32.1,Oman,Zeeshan Siddiqui,Mohammad Nadeem,TP Allen,1,0,,,,,,"",""
ball,2,32.2,Oman,Mohammad Nadeem,Zeeshan Siddiqui,TP Allen,1,0,,,,,,"",""
ball,2,32.3,Oman,Zeeshan Siddiqui,Mohammad Nadeem,TP Allen,0,1,1,,,,,"",""
ball,2,32.4,Oman,Zeeshan Siddiqui,Mohammad Nadeem,TP Allen,0,0,,,,,,"",""
ball,2,32.5,Oman,Zeeshan Siddiqui,Mohammad Nadeem,TP Allen,1,0,,,,,,"",""
ball,2,32.6,Oman,Mohammad Nadeem,Zeeshan Siddiqui,TP Allen,1,0,,,,,,"",""
ball,2,32.7,Oman,Zeeshan Siddiqui,Mohammad Nadeem,TP Allen,2,0,,,,,,"",""
ball,2,33.1,Oman,Mohammad Nadeem,Zeeshan Siddiqui,Steven Ryan Taylor,0,0,,,,,,"",""
ball,2,33.2,Oman,Mohammad Nadeem,Zeeshan Siddiqui,Steven Ryan Taylor,0,0,,,,,,"",""
ball,2,33.3,Oman,Mohammad Nadeem,Zeeshan Siddiqui,Steven Ryan Taylor,0,0,,,,,,"",""
ball,2,33.4,Oman,Mohammad Nadeem,Zeeshan Siddiqui,Steven Ryan Taylor,0,0,,,,,,"",""
ball,2,33.5,Oman,Mohammad Nadeem,Zeeshan Siddiqui,Steven Ryan Taylor,4,0,,,,,,"",""
ball,2,33.6,Oman,Mohammad Nadeem,Zeeshan Siddiqui,Steven Ryan Taylor,2,0,,,,,,"",""
ball,2,34.1,Oman,Zeeshan Siddiqui,Mohammad Nadeem,TP Allen,0,0,,,,,,"",""
ball,2,34.2,Oman,Zeeshan Siddiqui,Mohammad Nadeem,TP Allen,2,0,,,,,,"",""
ball,2,34.3,Oman,Zeeshan Siddiqui,Mohammad Nadeem,TP Allen,0,1,,,,1,,"",""
ball,2,34.4,Oman,Mohammad Nadeem,Zeeshan Siddiqui,TP Allen,1,0,,,,,,"",""
ball,2,34.5,Oman,Zeeshan Siddiqui,Mohammad Nadeem,TP Allen,1,0,,,,,,"",""
ball,2,34.6,Oman,Mohammad Nadeem,Zeeshan Siddiqui,TP Allen,1,0,,,,,,"",""
ball,2,35.1,Oman,Mohammad Nadeem,Zeeshan Siddiqui,Steven Ryan Taylor,1,0,,,,,,"",""
ball,2,35.2,Oman,Zeeshan Siddiqui,Mohammad Nadeem,Steven Ryan Taylor,0,0,,,,,,"",""
ball,2,35.3,Oman,Zeeshan Siddiqui,Mohammad Nadeem,Steven Ryan Taylor,1,0,,,,,,"",""
ball,2,35.4,Oman,Mohammad Nadeem,Zeeshan Siddiqui,Steven Ryan Taylor,1,0,,,,,,"",""
ball,2,35.5,Oman,Zeeshan Siddiqui,Mohammad Nadeem,Steven Ryan Taylor,1,0,,,,,,"",""
ball,2,35.6,Oman,Mohammad Nadeem,Zeeshan Siddiqui,Steven Ryan Taylor,0,0,,,,,,"",""
ball,2,36.1,Oman,Zeeshan Siddiqui,Mohammad Nadeem,EH Hutchinson,0,0,,,,,,"",""
ball,2,36.2,Oman,Zeeshan Siddiqui,Mohammad Nadeem,EH Hutchinson,1,0,,,,,,"",""
ball,2,36.3,Oman,Mohammad Nadeem,Zeeshan Siddiqui,EH Hutchinson,0,0,,,,,,"",""
ball,2,36.4,Oman,Mohammad Nadeem,Zeeshan Siddiqui,EH Hutchinson,1,0,,,,,,"",""
ball,2,36.5,Oman,Zeeshan Siddiqui,Mohammad Nadeem,EH Hutchinson,0,0,,,,,,"",""
ball,2,36.6,Oman,Zeeshan Siddiqui,Mohammad Nadeem,EH Hutchinson,1,0,,,,,,"",""
ball,2,37.1,Oman,Zeeshan Siddiqui,Mohammad Nadeem,TK Patel,1,0,,,,,,"",""
ball,2,37.2,Oman,Mohammad Nadeem,Zeeshan Siddiqui,TK Patel,1,0,,,,,,"",""
ball,2,37.3,Oman,Zeeshan Siddiqui,Mohammad Nadeem,TK Patel,0,0,,,,,,stumped,Zeeshan Siddiqui
ball,2,37.4,Oman,Jatinder Singh,Mohammad Nadeem,TK Patel,0,0,,,,,,"",""
ball,2,37.5,Oman,Jatinder Singh,Mohammad Nadeem,TK Patel,0,0,,,,,,"",""
ball,2,37.6,Oman,Jatinder Singh,Mohammad Nadeem,TK Patel,0,0,,,,,,"",""
ball,2,38.1,Oman,Mohammad Nadeem,Jatinder Singh,EH Hutchinson,1,0,,,,,,"",""
ball,2,38.2,Oman,Jatinder Singh,Mohammad Nadeem,EH Hutchinson,0,0,,,,,,"",""
ball,2,38.3,Oman,Jatinder Singh,Mohammad Nadeem,EH Hutchinson,1,0,,,,,,"",""
ball,2,38.4,Oman,Mohammad Nadeem,Jatinder Singh,EH Hutchinson,0,0,,,,,,"",""
ball,2,38.5,Oman,Mohammad Nadeem,Jatinder Singh,EH Hutchinson,4,0,,,,,,"",""
ball,2,38.6,Oman,Mohammad Nadeem,Jatinder Singh,EH Hutchinson,0,0,,,,,,"",""
ball,2,39.1,Oman,Jatinder Singh,Mohammad Nadeem,TK Patel,1,0,,,,,,"",""
ball,2,39.2,Oman,Mohammad Nadeem,Jatinder Singh,TK Patel,1,0,,,,,,"",""
ball,2,39.3,Oman,Jatinder Singh,Mohammad Nadeem,TK Patel,1,0,,,,,,"",""
ball,2,39.4,Oman,Mohammad Nadeem,Jatinder Singh,TK Patel,0,0,,,,,,"",""
ball,2,39.5,Oman,Mohammad Nadeem,Jatinder Singh,TK Patel,1,0,,,,,,"",""
ball,2,39.6,Oman,Jatinder Singh,Mohammad Nadeem,TK Patel,0,0,,,,,,"",""
ball,2,40.1,Oman,Mohammad Nadeem,Jatinder Singh,EH Hutchinson,0,0,,,,,,"",""
ball,2,40.2,Oman,Mohammad Nadeem,Jatinder Singh,EH Hutchinson,1,0,,,,,,"",""
ball,2,40.3,Oman,Jatinder Singh,Mohammad Nadeem,EH Hutchinson,1,0,,,,,,"",""
ball,2,40.4,Oman,Mohammad Nadeem,Jatinder Singh,EH Hutchinson,0,0,,,,,,"",""
ball,2,40.5,Oman,Mohammad Nadeem,Jatinder Singh,EH Hutchinson,1,0,,,,,,"",""
ball,2,40.6,Oman,Jatinder Singh,Mohammad Nadeem,EH Hutchinson,0,0,,,,,,"",""
ball,2,41.1,Oman,Mohammad Nadeem,Jatinder Singh,TK Patel,1,0,,,,,,"",""
ball,2,41.2,Oman,Jatinder Singh,Mohammad Nadeem,TK Patel,0,0,,,,,,"",""
ball,2,41.3,Oman,Jatinder Singh,Mohammad Nadeem,TK Patel,0,0,,,,,,"",""
ball,2,41.4,Oman,Jatinder Singh,Mohammad Nadeem,TK Patel,0,0,,,,,,"",""
ball,2,41.5,Oman,Jatinder Singh,Mohammad Nadeem,TK Patel,0,0,,,,,,"",""
ball,2,41.6,Oman,Jatinder Singh,Mohammad Nadeem,TK Patel,0,0,,,,,,"",""
ball,2,42.1,Oman,Mohammad Nadeem,Jatinder Singh,EH Hutchinson,1,0,,,,,,"",""
ball,2,42.2,Oman,Jatinder Singh,Mohammad Nadeem,EH Hutchinson,0,0,,,,,,"",""
ball,2,42.3,Oman,Jatinder Singh,Mohammad Nadeem,EH Hutchinson,0,0,,,,,,"",""
ball,2,42.4,Oman,Jatinder Singh,Mohammad Nadeem,EH Hutchinson,0,0,,,,,,"",""
ball,2,42.5,Oman,Jatinder Singh,Mohammad Nadeem,EH Hutchinson,0,1,1,,,,,"",""
ball,2,42.6,Oman,Jatinder Singh,Mohammad Nadeem,EH Hutchinson,0,0,,,,,,"",""
ball,2,42.7,Oman,Jatinder Singh,Mohammad Nadeem,EH Hutchinson,0,0,,,,,,"",""
ball,2,43.1,Oman,Mohammad Nadeem,Jatinder Singh,TK Patel,0,0,,,,,,"",""
ball,2,43.2,Oman,Mohammad Nadeem,Jatinder Singh,TK Patel,1,0,,,,,,"",""
ball,2,43.3,Oman,Jatinder Singh,Mohammad Nadeem,TK Patel,0,0,,,,,,"",""
ball,2,43.4,Oman,Jatinder Singh,Mohammad Nadeem,TK Patel,0,0,,,,,,"",""
ball,2,43.5,Oman,Jatinder Singh,Mohammad Nadeem,TK Patel,1,0,,,,,,"",""
ball,2,43.6,Oman,Mohammad Nadeem,Jatinder Singh,TK Patel,1,0,,,,,,"",""
ball,2,44.1,Oman,Mohammad Nadeem,Jatinder Singh,Jasdeep Singh,0,0,,,,,,caught,Mohammad Nadeem
ball,2,44.2,Oman,Jatinder Singh,Amir Ali,Jasdeep Singh,0,0,,,,,,"",""
ball,2,44.3,Oman,Jatinder Singh,Amir Ali,Jasdeep Singh,0,1,,,,1,,"",""
ball,2,44.4,Oman,Amir Ali,Jatinder Singh,Jasdeep Singh,0,0,,,,,,run out,Amir Ali
ball,2,44.5,Oman,Jatinder Singh,RJ Ranpura,Jasdeep Singh,1,0,,,,,,"",""
ball,2,44.6,Oman,RJ Ranpura,Jatinder Singh,Jasdeep Singh,0,0,,,,,,"",""
ball,2,45.1,Oman,Jatinder Singh,RJ Ranpura,TK Patel,1,0,,,,,,"",""
ball,2,45.2,Oman,RJ Ranpura,Jatinder Singh,TK Patel,1,0,,,,,,"",""
ball,2,45.3,Oman,Jatinder Singh,RJ Ranpura,TK Patel,1,0,,,,,,"",""
ball,2,45.4,Oman,RJ Ranpura,Jatinder Singh,TK Patel,0,0,,,,,,"",""
ball,2,45.5,Oman,RJ Ranpura,Jatinder Singh,TK Patel,0,0,,,,,,"",""
ball,2,45.6,Oman,RJ Ranpura,Jatinder Singh,TK Patel,0,0,,,,,,"",""
ball,2,46.1,Oman,Jatinder Singh,RJ Ranpura,Jasdeep Singh,0,0,,,,,,"",""
ball,2,46.2,Oman,Jatinder Singh,RJ Ranpura,Jasdeep Singh,0,0,,,,,,"",""
ball,2,46.3,Oman,Jatinder Singh,RJ Ranpura,Jasdeep Singh,0,0,,,,,,caught,Jatinder Singh
ball,2,46.4,Oman,RJ Ranpura,Sufyan Mehmood,Jasdeep Singh,0,0,,,,,,"",""
ball,2,46.5,Oman,RJ Ranpura,Sufyan Mehmood,Jasdeep Singh,0,1,1,,,,,"",""
ball,2,46.6,Oman,RJ Ranpura,Sufyan Mehmood,Jasdeep Singh,1,0,,,,,,"",""
ball,2,46.7,Oman,Sufyan Mehmood,RJ Ranpura,Jasdeep Singh,0,0,,,,,,"",""
ball,2,47.1,Oman,RJ Ranpura,Sufyan Mehmood,Steven Ryan Taylor,1,0,,,,,,"",""
ball,2,47.2,Oman,Sufyan Mehmood,RJ Ranpura,Steven Ryan Taylor,0,0,,,,,,"",""
ball,2,47.3,Oman,Sufyan Mehmood,RJ Ranpura,Steven Ryan Taylor,1,0,,,,,,"",""
ball,2,47.4,Oman,RJ Ranpura,Sufyan Mehmood,Steven Ryan Taylor,0,0,,,,,,"",""
ball,2,47.5,Oman,RJ Ranpura,Sufyan Mehmood,Steven Ryan Taylor,1,0,,,,,,"",""
ball,2,47.6,Oman,Sufyan Mehmood,RJ Ranpura,Steven Ryan Taylor,1,0,,,,,,"",""
ball,2,48.1,Oman,Sufyan Mehmood,RJ Ranpura,Jasdeep Singh,0,0,,,,,,"",""
ball,2,48.2,Oman,Sufyan Mehmood,RJ Ranpura,Jasdeep Singh,0,0,,,,,,"",""
ball,2,48.3,Oman,Sufyan Mehmood,RJ Ranpura,Jasdeep Singh,0,0,,,,,,"",""
ball,2,48.4,Oman,Sufyan Mehmood,RJ Ranpura,Jasdeep Singh,0,0,,,,,,"",""
ball,2,48.5,Oman,Sufyan Mehmood,RJ Ranpura,Jasdeep Singh,1,0,,,,,,"",""
ball,2,48.6,Oman,RJ Ranpura,Sufyan Mehmood,Jasdeep Singh,1,0,,,,,,"",""
ball,2,49.1,Oman,RJ Ranpura,Sufyan Mehmood,TP Allen,2,0,,,,,,"",""
ball,2,49.2,Oman,RJ Ranpura,Sufyan Mehmood,TP Allen,1,0,,,,,,"",""
ball,2,49.3,Oman,Sufyan Mehmood,RJ Ranpura,TP Allen,0,0,,,,,,"",""
ball,2,49.4,Oman,Sufyan Mehmood,RJ Ranpura,TP Allen,0,1,,,,1,,"",""
ball,2,49.5,Oman,RJ Ranpura,Sufyan Mehmood,TP Allen,0,0,,,,,,"",""
ball,2,49.6,Oman,RJ Ranpura,Sufyan Mehmood,TP Allen,0,1,1,,,,,"",""
ball,2,49.7,Oman,RJ Ranpura,Sufyan Mehmood,TP Allen,4,0,,,,,,"",""
