version,1.6.0
info,balls_per_over,6
info,team,United States of America
info,team,Italy
info,gender,male
info,season,2016/17
info,date,2016/10/30
info,event,ICC World Cricket League Division Four
info,venue,"Wong Cricket Field, Woodley Park"
info,city,Los Angeles
info,toss_winner,Italy
info,toss_decision,bat
info,player_of_match,TP Allen
info,umpire,Iftikhar Ali
info,umpire,CM Tuckett
info,reserve_umpire,JM Williams
info,match_referee,D Govindjee
info,winner,United States of America
info,winner_wickets,1
info,player,Italy,Manpreet Singh
info,player,Italy,MMBRSTC Wanigaratne
info,player,Italy,R Tanweer
info,player,Italy,DG Crowley
info,player,Italy,A Bonora
info,player,Italy,GP Meade
info,player,Italy,BBJL Perera
info,player,Italy,WTN Fernando
info,player,Italy,Fida Hussain
info,player,Italy,L di Giglio
info,player,Italy,Charanjeet Singh
info,player,United States of America,Steven Ryan Taylor
info,player,United States of America,Fahad Babar
info,player,United States of America,RR Timbawala
info,player,United States of America,AAA Amsterdam
info,player,United States of America,AL Dodson
info,player,United States of America,NI Standford
info,player,United States of America,TP Allen
info,player,United States of America,TK Patel
info,player,United States of America,EH Hutchinson
info,player,United States of America,Jasdeep Singh
info,player,United States of America,Danial Ahmed
info,registry,people,A Bonora,71c1f483
info,registry,people,AAA Amsterdam,b4a23876
info,registry,people,AL Dodson,f5efe5e0
info,registry,people,BBJL Perera,c8c9d60b
info,registry,people,CM Tuckett,a67252f0
info,registry,people,Charanjeet Singh,cb4a3840
info,registry,people,D Govindjee,8b4c4069
info,registry,people,DG Crowley,1f1f93b5
info,registry,people,Danial Ahmed,cf9ae594
info,registry,people,EH Hutchinson,e6ddab51
info,registry,people,Fahad Babar,5595b867
info,registry,people,Fida Hussain,0f85e75c
info,registry,people,GP Meade,3957a70a
info,registry,people,Iftikhar Ali,fc537391
info,registry,people,JM Williams,b61d9d70
info,registry,people,Jasdeep Singh,5ec41cd7
info,registry,people,L di Giglio,22cf078a
info,registry,people,MMBRSTC Wanigaratne,180bb105
info,registry,people,Manpreet Singh,e9d6a2ce
info,registry,people,NI Standford,652ee2b0
info,registry,people,R Tanweer,1f1acb93
info,registry,people,RR Timbawala,4ed3717c
info,registry,people,Steven Ryan Taylor,a9231c3f
info,registry,people,TK Patel,95fcbfb7
info,registry,people,TP Allen,30baaf1f
info,registry,people,WTN Fernando,ed7bdfec
ball,1,0.1,Italy,Manpreet Singh,MMBRSTC Wanigaratne,TP Allen,0,0,,,,,,"",""
ball,1,0.2,Italy,Manpreet Singh,MMBRSTC Wanigaratne,TP Allen,0,0,,,,,,"",""
ball,1,0.3,Italy,Manpreet Singh,MMBRSTC Wanigaratne,TP Allen,0,1,1,,,,,"",""
ball,1,0.4,Italy,Manpreet Singh,MMBRSTC Wanigaratne,TP Allen,0,0,,,,,,"",""
ball,1,0.5,Italy,Manpreet Singh,MMBRSTC Wanigaratne,TP Allen,0,2,2,,,,,"",""
ball,1,0.6,Italy,MMBRSTC Wanigaratne,Manpreet Singh,TP Allen,0,0,,,,,,"",""
ball,1,0.7,Italy,MMBRSTC Wanigaratne,Manpreet Singh,TP Allen,0,0,,,,,,"",""
ball,1,0.8,Italy,MMBRSTC Wanigaratne,Manpreet Singh,TP Allen,0,0,,,,,,"",""
ball,1,1.1,Italy,Manpreet Singh,MMBRSTC Wanigaratne,EH Hutchinson,0,0,,,,,,"",""
ball,1,1.2,Italy,Manpreet Singh,MMBRSTC Wanigaratne,EH Hutchinson,0,0,,,,,,"",""
ball,1,1.3,Italy,Manpreet Singh,MMBRSTC Wanigaratne,EH Hutchinson,1,0,,,,,,"",""
ball,1,1.4,Italy,MMBRSTC Wanigaratne,Manpreet Singh,EH Hutchinson,0,0,,,,,,"",""
ball,1,1.5,Italy,MMBRSTC Wanigaratne,Manpreet Singh,EH Hutchinson,0,0,,,,,,"",""
ball,1,1.6,Italy,MMBRSTC Wanigaratne,Manpreet Singh,EH Hutchinson,0,0,,,,,,"",""
ball,1,2.1,Italy,Manpreet Singh,MMBRSTC Wanigaratne,TP Allen,0,0,,,,,,"",""
ball,1,2.2,Italy,Manpreet Singh,MMBRSTC Wanigaratne,TP Allen,0,0,,,,,,"",""
ball,1,2.3,Italy,Manpreet Singh,MMBRSTC Wanigaratne,TP Allen,0,1,1,,,,,"",""
ball,1,2.4,Italy,Manpreet Singh,MMBRSTC Wanigaratne,TP Allen,0,0,,,,,,"",""
ball,1,2.5,Italy,Manpreet Singh,MMBRSTC Wanigaratne,TP Allen,4,0,,,,,,"",""
ball,1,2.6,Italy,Manpreet Singh,MMBRSTC Wanigaratne,TP Allen,0,0,,,,,,"",""
ball,1,2.7,Italy,Manpreet Singh,MMBRSTC Wanigaratne,TP Allen,0,0,,,,,,"",""
ball,1,3.1,Italy,MMBRSTC Wanigaratne,Manpreet Singh,EH Hutchinson,0,1,1,,,,,"",""
ball,1,3.2,Italy,MMBRSTC Wanigaratne,Manpreet Singh,EH Hutchinson,1,0,,,,,,"",""
ball,1,3.3,Italy,Manpreet Singh,MMBRSTC Wanigaratne,EH Hutchinson,0,0,,,,,,"",""
ball,1,3.4,Italy,Manpreet Singh,MMBRSTC Wanigaratne,EH Hutchinson,0,0,,,,,,"",""
ball,1,3.5,Italy,Manpreet Singh,MMBRSTC Wanigaratne,EH Hutchinson,0,0,,,,,,"",""
ball,1,3.6,Italy,Manpreet Singh,MMBRSTC Wanigaratne,EH Hutchinson,0,0,,,,,,"",""
ball,1,3.7,Italy,Manpreet Singh,MMBRSTC Wanigaratne,EH Hutchinson,1,0,,,,,,"",""
ball,1,4.1,Italy,Manpreet Singh,MMBRSTC Wanigaratne,TP Allen,0,0,,,,,,"",""
ball,1,4.2,Italy,Manpreet Singh,MMBRSTC Wanigaratne,TP Allen,0,0,,,,,,"",""
ball,1,4.3,Italy,Manpreet Singh,MMBRSTC Wanigaratne,TP Allen,4,0,,,,,,"",""
ball,1,4.4,Italy,Manpreet Singh,MMBRSTC Wanigaratne,TP Allen,0,0,,,,,,"",""
ball,1,4.5,Italy,Manpreet Singh,MMBRSTC Wanigaratne,TP Allen,0,0,,,,,,"",""
ball,1,4.6,Italy,Manpreet Singh,MMBRSTC Wanigaratne,TP Allen,0,0,,,,,,"",""
ball,1,5.1,Italy,MMBRSTC Wanigaratne,Manpreet Singh,EH Hutchinson,0,0,,,,,,"",""
ball,1,5.2,Italy,MMBRSTC Wanigaratne,Manpreet Singh,EH Hutchinson,0,0,,,,,,"",""
ball,1,5.3,Italy,MMBRSTC Wanigaratne,Manpreet Singh,EH Hutchinson,0,0,,,,,,"",""
ball,1,5.4,Italy,MMBRSTC Wanigaratne,Manpreet Singh,EH Hutchinson,3,0,,,,,,"",""
ball,1,5.5,Italy,Manpreet Singh,MMBRSTC Wanigaratne,EH Hutchinson,0,0,,,,,,"",""
ball,1,5.6,Italy,Manpreet Singh,MMBRSTC Wanigaratne,EH Hutchinson,0,0,,,,,,"",""
ball,1,6.1,Italy,MMBRSTC Wanigaratne,Manpreet Singh,Jasdeep Singh,4,0,,,,,,"",""
ball,1,6.2,Italy,MMBRSTC Wanigaratne,Manpreet Singh,Jasdeep Singh,0,0,,,,,,"",""
ball,1,6.3,Italy,MMBRSTC Wanigaratne,Manpreet Singh,Jasdeep Singh,0,0,,,,,,"",""
ball,1,6.4,Italy,MMBRSTC Wanigaratne,Manpreet Singh,Jasdeep Singh,0,0,,,,,,"",""
ball,1,6.5,Italy,MMBRSTC Wanigaratne,Manpreet Singh,Jasdeep Singh,0,0,,,,,,"",""
ball,1,6.6,Italy,MMBRSTC Wanigaratne,Manpreet Singh,Jasdeep Singh,1,0,,,,,,"",""
ball,1,7.1,Italy,MMBRSTC Wanigaratne,Manpreet Singh,EH Hutchinson,0,0,,,,,,"",""
ball,1,7.2,Italy,MMBRSTC Wanigaratne,Manpreet Singh,EH Hutchinson,0,0,,,,,,"",""
ball,1,7.3,Italy,MMBRSTC Wanigaratne,Manpreet Singh,EH Hutchinson,2,0,,,,,,"",""
ball,1,7.4,Italy,MMBRSTC Wanigaratne,Manpreet Singh,EH Hutchinson,4,0,,,,,,"",""
ball,1,7.5,Italy,MMBRSTC Wanigaratne,Manpreet Singh,EH Hutchinson,0,0,,,,,,"",""
ball,1,7.6,Italy,MMBRSTC Wanigaratne,Manpreet Singh,EH Hutchinson,0,0,,,,,,"",""
ball,1,8.1,Italy,Manpreet Singh,MMBRSTC Wanigaratne,Jasdeep Singh,0,1,1,,,,,"",""
ball,1,8.2,Italy,Manpreet Singh,MMBRSTC Wanigaratne,Jasdeep Singh,0,0,,,,,,"",""
ball,1,8.3,Italy,Manpreet Singh,MMBRSTC Wanigaratne,Jasdeep Singh,0,0,,,,,,"",""
ball,1,8.4,Italy,Manpreet Singh,MMBRSTC Wanigaratne,Jasdeep Singh,0,0,,,,,,"",""
ball,1,8.5,Italy,Manpreet Singh,MMBRSTC Wanigaratne,Jasdeep Singh,1,0,,,,,,"",""
ball,1,8.6,Italy,MMBRSTC Wanigaratne,Manpreet Singh,Jasdeep Singh,0,0,,,,,,"",""
ball,1,8.7,Italy,MMBRSTC Wanigaratne,Manpreet Singh,Jasdeep Singh,0,0,,,,,,"",""
ball,1,9.1,Italy,Manpreet Singh,MMBRSTC Wanigaratne,Steven Ryan Taylor,2,0,,,,,,"",""
ball,1,9.2,Italy,Manpreet Singh,MMBRSTC Wanigaratne,Steven Ryan Taylor,0,0,,,,,,"",""
ball,1,9.3,Italy,Manpreet Singh,MMBRSTC Wanigaratne,Steven Ryan Taylor,0,0,,,,,,"",""
ball,1,9.4,Italy,Manpreet Singh,MMBRSTC Wanigaratne,Steven Ryan Taylor,1,0,,,,,,"",""
ball,1,9.5,Italy,MMBRSTC Wanigaratne,Manpreet Singh,Steven Ryan Taylor,0,0,,,,,,"",""
ball,1,9.6,Italy,MMBRSTC Wanigaratne,Manpreet Singh,Steven Ryan Taylor,0,0,,,,,,"",""
ball,1,10.1,Italy,Manpreet Singh,MMBRSTC Wanigaratne,Jasdeep Singh,4,0,,,,,,"",""
ball,1,10.2,Italy,Manpreet Singh,MMBRSTC Wanigaratne,Jasdeep Singh,0,0,,,,,,"",""
ball,1,10.3,Italy,Manpreet Singh,MMBRSTC Wanigaratne,Jasdeep Singh,0,0,,,,,,"",""
ball,1,10.4,Italy,Manpreet Singh,MMBRSTC Wanigaratne,Jasdeep Singh,0,1,,,,1,,"",""
ball,1,10.5,Italy,MMBRSTC Wanigaratne,Manpreet Singh,Jasdeep Singh,1,0,,,,,,"",""
ball,1,10.6,Italy,Manpreet Singh,MMBRSTC Wanigaratne,Jasdeep Singh,1,0,,,,,,"",""
ball,1,11.1,Italy,Manpreet Singh,MMBRSTC Wanigaratne,Steven Ryan Taylor,0,0,,,,,,"",""
ball,1,11.2,Italy,Manpreet Singh,MMBRSTC Wanigaratne,Steven Ryan Taylor,0,0,,,,,,"",""
ball,1,11.3,Italy,Manpreet Singh,MMBRSTC Wanigaratne,Steven Ryan Taylor,0,0,,,,,,"",""
ball,1,11.4,Italy,Manpreet Singh,MMBRSTC Wanigaratne,Steven Ryan Taylor,1,0,,,,,,"",""
ball,1,11.5,Italy,MMBRSTC Wanigaratne,Manpreet Singh,Steven Ryan Taylor,0,0,,,,,,"",""
ball,1,11.6,Italy,MMBRSTC Wanigaratne,Manpreet Singh,Steven Ryan Taylor,1,0,,,,,,"",""
ball,1,12.1,Italy,MMBRSTC Wanigaratne,Manpreet Singh,Danial Ahmed,0,5,5,,,,,"",""
ball,1,12.2,Italy,MMBRSTC Wanigaratne,Manpreet Singh,Danial Ahmed,1,0,,,,,,"",""
ball,1,12.3,Italy,Manpreet Singh,MMBRSTC Wanigaratne,Danial Ahmed,4,0,,,,,,"",""
ball,1,12.4,Italy,Manpreet Singh,MMBRSTC Wanigaratne,Danial Ahmed,0,0,,,,,,"",""
ball,1,12.5,Italy,Manpreet Singh,MMBRSTC Wanigaratne,Danial Ahmed,0,3,3,,,,,"",""
ball,1,12.6,Italy,Manpreet Singh,MMBRSTC Wanigaratne,Danial Ahmed,4,0,,,,,,"",""
ball,1,12.7,Italy,Manpreet Singh,MMBRSTC Wanigaratne,Danial Ahmed,1,0,,,,,,"",""
ball,1,12.8,Italy,MMBRSTC Wanigaratne,Manpreet Singh,Danial Ahmed,0,0,,,,,,"",""
ball,1,13.1,Italy,Manpreet Singh,MMBRSTC Wanigaratne,Steven Ryan Taylor,0,0,,,,,,"",""
ball,1,13.2,Italy,Manpreet Singh,MMBRSTC Wanigaratne,Steven Ryan Taylor,1,0,,,,,,"",""
ball,1,13.3,Italy,MMBRSTC Wanigaratne,Manpreet Singh,Steven Ryan Taylor,0,0,,,,,,"",""
ball,1,13.4,Italy,MMBRSTC Wanigaratne,Manpreet Singh,Steven Ryan Taylor,0,0,,,,,,"",""
ball,1,13.5,Italy,MMBRSTC Wanigaratne,Manpreet Singh,Steven Ryan Taylor,0,0,,,,,,"",""
ball,1,13.6,Italy,MMBRSTC Wanigaratne,Manpreet Singh,Steven Ryan Taylor,0,0,,,,,,"",""
ball,1,14.1,Italy,Manpreet Singh,MMBRSTC Wanigaratne,TK Patel,0,0,,,,,,"",""
ball,1,14.2,Italy,Manpreet Singh,MMBRSTC Wanigaratne,TK Patel,1,0,,,,,,"",""
ball,1,14.3,Italy,MMBRSTC Wanigaratne,Manpreet Singh,TK Patel,0,0,,,,,,"",""
ball,1,14.4,Italy,MMBRSTC Wanigaratne,Manpreet Singh,TK Patel,0,0,,,,,,"",""
ball,1,14.5,Italy,MMBRSTC Wanigaratne,Manpreet Singh,TK Patel,0,0,,,,,,"",""
ball,1,14.6,Italy,MMBRSTC Wanigaratne,Manpreet Singh,TK Patel,0,0,,,,,,"",""
ball,1,15.1,Italy,Manpreet Singh,MMBRSTC Wanigaratne,Steven Ryan Taylor,0,0,,,,,,"",""
ball,1,15.2,Italy,Manpreet Singh,MMBRSTC Wanigaratne,Steven Ryan Taylor,1,0,,,,,,"",""
ball,1,15.3,Italy,MMBRSTC Wanigaratne,Manpreet Singh,Steven Ryan Taylor,0,0,,,,,,"",""
ball,1,15.4,Italy,MMBRSTC Wanigaratne,Manpreet Singh,Steven Ryan Taylor,1,0,,,,,,"",""
ball,1,15.5,Italy,Manpreet Singh,MMBRSTC Wanigaratne,Steven Ryan Taylor,0,0,,,,,,"",""
ball,1,15.6,Italy,Manpreet Singh,MMBRSTC Wanigaratne,Steven Ryan Taylor,0,0,,,,,,"",""
ball,1,16.1,Italy,MMBRSTC Wanigaratne,Manpreet Singh,TK Patel,1,0,,,,,,"",""
ball,1,16.2,Italy,Manpreet Singh,MMBRSTC Wanigaratne,TK Patel,4,0,,,,,,"",""
ball,1,16.3,Italy,Manpreet Singh,MMBRSTC Wanigaratne,TK Patel,1,0,,,,,,"",""
ball,1,16.4,Italy,MMBRSTC Wanigaratne,Manpreet Singh,TK Patel,1,0,,,,,,"",""
ball,1,16.5,Italy,Manpreet Singh,MMBRSTC Wanigaratne,TK Patel,1,0,,,,,,"",""
ball,1,16.6,Italy,MMBRSTC Wanigaratne,Manpreet Singh,TK Patel,1,0,,,,,,"",""
ball,1,17.1,Italy,MMBRSTC Wanigaratne,Manpreet Singh,Steven Ryan Taylor,1,0,,,,,,"",""
ball,1,17.2,Italy,Manpreet Singh,MMBRSTC Wanigaratne,Steven Ryan Taylor,0,0,,,,,,"",""
ball,1,17.3,Italy,Manpreet Singh,MMBRSTC Wanigaratne,Steven Ryan Taylor,0,0,,,,,,"",""
ball,1,17.4,Italy,Manpreet Singh,MMBRSTC Wanigaratne,Steven Ryan Taylor,2,0,,,,,,"",""
ball,1,17.5,Italy,Manpreet Singh,MMBRSTC Wanigaratne,Steven Ryan Taylor,0,0,,,,,,"",""
ball,1,17.6,Italy,Manpreet Singh,MMBRSTC Wanigaratne,Steven Ryan Taylor,1,0,,,,,,"",""
ball,1,18.1,Italy,Manpreet Singh,MMBRSTC Wanigaratne,TP Allen,0,0,,,,,,"",""
ball,1,18.2,Italy,Manpreet Singh,MMBRSTC Wanigaratne,TP Allen,0,0,,,,,,"",""
ball,1,18.3,Italy,Manpreet Singh,MMBRSTC Wanigaratne,TP Allen,1,0,,,,,,"",""
ball,1,18.4,Italy,MMBRSTC Wanigaratne,Manpreet Singh,TP Allen,1,0,,,,,,"",""
ball,1,18.5,Italy,Manpreet Singh,MMBRSTC Wanigaratne,TP Allen,0,0,,,,,,"",""
ball,1,18.6,Italy,Manpreet Singh,MMBRSTC Wanigaratne,TP Allen,0,0,,,,,,"",""
ball,1,19.1,Italy,MMBRSTC Wanigaratne,Manpreet Singh,Steven Ryan Taylor,2,0,,,,,,"",""
ball,1,19.2,Italy,MMBRSTC Wanigaratne,Manpreet Singh,Steven Ryan Taylor,0,0,,,,,,"",""
ball,1,19.3,Italy,MMBRSTC Wanigaratne,Manpreet Singh,Steven Ryan Taylor,2,0,,,,,,"",""
ball,1,19.4,Italy,MMBRSTC Wanigaratne,Manpreet Singh,Steven Ryan Taylor,4,0,,,,,,"",""
ball,1,19.5,Italy,MMBRSTC Wanigaratne,Manpreet Singh,Steven Ryan Taylor,2,0,,,,,,"",""
ball,1,19.6,Italy,MMBRSTC Wanigaratne,Manpreet Singh,Steven Ryan Taylor,1,0,,,,,,"",""
ball,1,20.1,Italy,MMBRSTC Wanigaratne,Manpreet Singh,TP Allen,1,0,,,,,,"",""
ball,1,20.2,Italy,Manpreet Singh,MMBRSTC Wanigaratne,TP Allen,0,0,,,,,,"",""
ball,1,20.3,Italy,Manpreet Singh,MMBRSTC Wanigaratne,TP Allen,0,0,,,,,,"",""
ball,1,20.4,Italy,Manpreet Singh,MMBRSTC Wanigaratne,TP Allen,0,0,,,,,,"",""
ball,1,20.5,Italy,Manpreet Singh,MMBRSTC Wanigaratne,TP Allen,0,0,,,,,,"",""
ball,1,20.6,Italy,Manpreet Singh,MMBRSTC Wanigaratne,TP Allen,0,0,,,,,,"",""
ball,1,21.1,Italy,MMBRSTC Wanigaratne,Manpreet Singh,TK Patel,0,0,,,,,,"",""
ball,1,21.2,Italy,MMBRSTC Wanigaratne,Manpreet Singh,TK Patel,2,0,,,,,,"",""
ball,1,21.3,Italy,MMBRSTC Wanigaratne,Manpreet Singh,TK Patel,1,0,,,,,,"",""
ball,1,21.4,Italy,Manpreet Singh,MMBRSTC Wanigaratne,TK Patel,0,0,,,,,,"",""
ball,1,21.5,Italy,Manpreet Singh,MMBRSTC Wanigaratne,TK Patel,1,0,,,,,,"",""
ball,1,21.6,Italy,MMBRSTC Wanigaratne,Manpreet Singh,TK Patel,1,0,,,,,,"",""
ball,1,22.1,Italy,MMBRSTC Wanigaratne,Manpreet Singh,TP Allen,1,0,,,,,,"",""
ball,1,22.2,Italy,Manpreet Singh,MMBRSTC Wanigaratne,TP Allen,0,0,,,,,,"",""
ball,1,22.3,Italy,Manpreet Singh,MMBRSTC Wanigaratne,TP Allen,1,0,,,,,,"",""
ball,1,22.4,Italy,MMBRSTC Wanigaratne,Manpreet Singh,TP Allen,2,0,,,,,,"",""
ball,1,22.5,Italy,MMBRSTC Wanigaratne,Manpreet Singh,TP Allen,1,0,,,,,,"",""
ball,1,22.6,Italy,Manpreet Singh,MMBRSTC Wanigaratne,TP Allen,0,1,1,,,,,"",""
ball,1,22.7,Italy,Manpreet Singh,MMBRSTC Wanigaratne,TP Allen,1,0,,,,,,"",""
ball,1,23.1,Italy,Manpreet Singh,MMBRSTC Wanigaratne,TK Patel,0,0,,,,,,"",""
ball,1,23.2,Italy,Manpreet Singh,MMBRSTC Wanigaratne,TK Patel,1,0,,,,,,"",""
ball,1,23.3,Italy,MMBRSTC Wanigaratne,Manpreet Singh,TK Patel,0,0,,,,,,"",""
ball,1,23.4,Italy,MMBRSTC Wanigaratne,Manpreet Singh,TK Patel,0,0,,,,,,"",""
ball,1,23.5,Italy,MMBRSTC Wanigaratne,Manpreet Singh,TK Patel,2,0,,,,,,"",""
ball,1,23.6,Italy,MMBRSTC Wanigaratne,Manpreet Singh,TK Patel,1,0,,,,,,"",""
ball,1,24.1,Italy,MMBRSTC Wanigaratne,Manpreet Singh,AAA Amsterdam,1,0,,,,,,"",""
ball,1,24.2,Italy,Manpreet Singh,MMBRSTC Wanigaratne,AAA Amsterdam,1,0,,,,,,"",""
ball,1,24.3,Italy,MMBRSTC Wanigaratne,Manpreet Singh,AAA Amsterdam,2,0,,,,,,"",""
ball,1,24.4,Italy,MMBRSTC Wanigaratne,Manpreet Singh,AAA Amsterdam,1,0,,,,,,"",""
ball,1,24.5,Italy,Manpreet Singh,MMBRSTC Wanigaratne,AAA Amsterdam,0,0,,,,,,"",""
ball,1,24.6,Italy,Manpreet Singh,MMBRSTC Wanigaratne,AAA Amsterdam,1,0,,,,,,"",""
ball,1,25.1,Italy,Manpreet Singh,MMBRSTC Wanigaratne,TK Patel,0,0,,,,,,"",""
ball,1,25.2,Italy,Manpreet Singh,MMBRSTC Wanigaratne,TK Patel,1,0,,,,,,"",""
ball,1,25.3,Italy,MMBRSTC Wanigaratne,Manpreet Singh,TK Patel,1,0,,,,,,"",""
ball,1,25.4,Italy,Manpreet Singh,MMBRSTC Wanigaratne,TK Patel,0,0,,,,,,"",""
ball,1,25.5,Italy,Manpreet Singh,MMBRSTC Wanigaratne,TK Patel,1,0,,,,,,run out,MMBRSTC Wanigaratne
ball,1,25.6,Italy,R Tanweer,Manpreet Singh,TK Patel,0,0,,,,,,"",""
ball,1,26.1,Italy,Manpreet Singh,R Tanweer,AAA Amsterdam,0,0,,,,,,"",""
ball,1,26.2,Italy,Manpreet Singh,R Tanweer,AAA Amsterdam,0,0,,,,,,caught,Manpreet Singh
ball,1,26.3,Italy,R Tanweer,DG Crowley,AAA Amsterdam,0,0,,,,,,"",""
ball,1,26.4,Italy,R Tanweer,DG Crowley,AAA Amsterdam,0,0,,,,,,"",""
ball,1,26.5,Italy,R Tanweer,DG Crowley,AAA Amsterdam,1,0,,,,,,"",""
ball,1,26.6,Italy,DG Crowley,R Tanweer,AAA Amsterdam,0,0,,,,,,"",""
ball,1,27.1,Italy,R Tanweer,DG Crowley,TK Patel,0,0,,,,,,"",""
ball,1,27.2,Italy,R Tanweer,DG Crowley,TK Patel,1,0,,,,,,"",""
ball,1,27.3,Italy,DG Crowley,R Tanweer,TK Patel,0,0,,,,,,"",""
ball,1,27.4,Italy,DG Crowley,R Tanweer,TK Patel,1,0,,,,,,"",""
ball,1,27.5,Italy,R Tanweer,DG Crowley,TK Patel,6,0,,,,,,"",""
ball,1,27.6,Italy,R Tanweer,DG Crowley,TK Patel,0,0,,,,,,"",""
ball,1,28.1,Italy,DG Crowley,R Tanweer,AAA Amsterdam,1,0,,,,,,"",""
ball,1,28.2,Italy,R Tanweer,DG Crowley,AAA Amsterdam,0,0,,,,,,"",""
ball,1,28.3,Italy,R Tanweer,DG Crowley,AAA Amsterdam,1,0,,,,,,"",""
ball,1,28.4,Italy,DG Crowley,R Tanweer,AAA Amsterdam,0,0,,,,,,"",""
ball,1,28.5,Italy,DG Crowley,R Tanweer,AAA Amsterdam,0,0,,,,,,"",""
ball,1,28.6,Italy,DG Crowley,R Tanweer,AAA Amsterdam,1,0,,,,,,"",""
ball,1,29.1,Italy,DG Crowley,R Tanweer,Steven Ryan Taylor,0,0,,,,,,"",""
ball,1,29.2,Italy,DG Crowley,R Tanweer,Steven Ryan Taylor,1,0,,,,,,"",""
ball,1,29.3,Italy,R Tanweer,DG Crowley,Steven Ryan Taylor,0,0,,,,,,"",""
ball,1,29.4,Italy,R Tanweer,DG Crowley,Steven Ryan Taylor,0,0,,,,,,bowled,R Tanweer
ball,1,29.5,Italy,A Bonora,DG Crowley,Steven Ryan Taylor,0,0,,,,,,"",""
ball,1,29.6,Italy,A Bonora,DG Crowley,Steven Ryan Taylor,0,0,,,,,,"",""
ball,1,30.1,Italy,DG Crowley,A Bonora,AAA Amsterdam,0,0,,,,,,"",""
ball,1,30.2,Italy,DG Crowley,A Bonora,AAA Amsterdam,0,0,,,,,,"",""
ball,1,30.3,Italy,DG Crowley,A Bonora,AAA Amsterdam,1,0,,,,,,"",""
ball,1,30.4,Italy,A Bonora,DG Crowley,AAA Amsterdam,0,0,,,,,,"",""
ball,1,30.5,Italy,A Bonora,DG Crowley,AAA Amsterdam,0,0,,,,,,"",""
ball,1,30.6,Italy,A Bonora,DG Crowley,AAA Amsterdam,0,0,,,,,,"",""
ball,1,31.1,Italy,DG Crowley,A Bonora,Steven Ryan Taylor,0,1,1,,,,,"",""
ball,1,31.2,Italy,DG Crowley,A Bonora,Steven Ryan Taylor,0,0,,,,,,"",""
ball,1,31.3,Italy,DG Crowley,A Bonora,Steven Ryan Taylor,1,0,,,,,,"",""
ball,1,31.4,Italy,A Bonora,DG Crowley,Steven Ryan Taylor,0,0,,,,,,"",""
ball,1,31.5,Italy,A Bonora,DG Crowley,Steven Ryan Taylor,0,0,,,,,,"",""
ball,1,31.6,Italy,A Bonora,DG Crowley,Steven Ryan Taylor,0,0,,,,,,"",""
ball,1,31.7,Italy,A Bonora,DG Crowley,Steven Ryan Taylor,1,0,,,,,,"",""
ball,1,32.1,Italy,A Bonora,DG Crowley,AAA Amsterdam,1,0,,,,,,"",""
ball,1,32.2,Italy,DG Crowley,A Bonora,AAA Amsterdam,1,0,,,,,,"",""
ball,1,32.3,Italy,A Bonora,DG Crowley,AAA Amsterdam,0,0,,,,,,"",""
ball,1,32.4,Italy,A Bonora,DG Crowley,AAA Amsterdam,1,0,,,,,,"",""
ball,1,32.5,Italy,DG Crowley,A Bonora,AAA Amsterdam,1,0,,,,,,"",""
ball,1,32.6,Italy,A Bonora,DG Crowley,AAA Amsterdam,0,0,,,,,,"",""
ball,1,33.1,Italy,DG Crowley,A Bonora,Steven Ryan Taylor,0,0,,,,,,run out,A Bonora
ball,1,33.2,Italy,DG Crowley,GP Meade,Steven Ryan Taylor,1,0,,,,,,"",""
ball,1,33.3,Italy,GP Meade,DG Crowley,Steven Ryan Taylor,0,0,,,,,,"",""
ball,1,33.4,Italy,GP Meade,DG Crowley,Steven Ryan Taylor,0,0,,,,,,"",""
ball,1,33.5,Italy,GP Meade,DG Crowley,Steven Ryan Taylor,0,0,,,,,,"",""
ball,1,33.6,Italy,GP Meade,DG Crowley,Steven Ryan Taylor,0,0,,,,,,"",""
ball,1,34.1,Italy,DG Crowley,GP Meade,AAA Amsterdam,2,0,,,,,,"",""
ball,1,34.2,Italy,DG Crowley,GP Meade,AAA Amsterdam,0,0,,,,,,"",""
ball,1,34.3,Italy,DG Crowley,GP Meade,AAA Amsterdam,3,0,,,,,,"",""
ball,1,34.4,Italy,GP Meade,DG Crowley,AAA Amsterdam,0,0,,,,,,"",""
ball,1,34.5,Italy,GP Meade,DG Crowley,AAA Amsterdam,0,0,,,,,,"",""
ball,1,34.6,Italy,GP Meade,DG Crowley,AAA Amsterdam,0,0,,,,,,"",""
ball,1,35.1,Italy,DG Crowley,GP Meade,TP Allen,0,0,,,,,,"",""
ball,1,35.2,Italy,DG Crowley,GP Meade,TP Allen,0,0,,,,,,"",""
ball,1,35.3,Italy,DG Crowley,GP Meade,TP Allen,0,0,,,,,,"",""
ball,1,35.4,Italy,DG Crowley,GP Meade,TP Allen,0,0,,,,,,"",""
ball,1,35.5,Italy,DG Crowley,GP Meade,TP Allen,1,0,,,,,,"",""
ball,1,35.6,Italy,GP Meade,DG Crowley,TP Allen,1,0,,,,,,"",""
ball,1,36.1,Italy,GP Meade,DG Crowley,AAA Amsterdam,1,0,,,,,,"",""
ball,1,36.2,Italy,DG Crowley,GP Meade,AAA Amsterdam,0,0,,,,,,"",""
ball,1,36.3,Italy,DG Crowley,GP Meade,AAA Amsterdam,1,0,,,,,,"",""
ball,1,36.4,Italy,GP Meade,DG Crowley,AAA Amsterdam,0,0,,,,,,"",""
ball,1,36.5,Italy,GP Meade,DG Crowley,AAA Amsterdam,1,0,,,,,,"",""
ball,1,36.6,Italy,DG Crowley,GP Meade,AAA Amsterdam,4,0,,,,,,"",""
ball,1,37.1,Italy,GP Meade,DG Crowley,TP Allen,0,0,,,,,,"",""
ball,1,37.2,Italy,GP Meade,DG Crowley,TP Allen,4,0,,,,,,"",""
ball,1,37.3,Italy,GP Meade,DG Crowley,TP Allen,0,0,,,,,,"",""
ball,1,37.4,Italy,GP Meade,DG Crowley,TP Allen,0,0,,,,,,caught,GP Meade
ball,1,37.5,Italy,BBJL Perera,DG Crowley,TP Allen,0,0,,,,,,"",""
ball,1,37.6,Italy,BBJL Perera,DG Crowley,TP Allen,0,0,,,,,,"",""
ball,1,38.1,Italy,DG Crowley,BBJL Perera,Jasdeep Singh,1,0,,,,,,"",""
ball,1,38.2,Italy,BBJL Perera,DG Crowley,Jasdeep Singh,0,0,,,,,,"",""
ball,1,38.3,Italy,BBJL Perera,DG Crowley,Jasdeep Singh,2,0,,,,,,"",""
ball,1,38.4,Italy,BBJL Perera,DG Crowley,Jasdeep Singh,0,1,,,,1,,"",""
ball,1,38.5,Italy,DG Crowley,BBJL Perera,Jasdeep Singh,1,0,,,,,,"",""
ball,1,38.6,Italy,BBJL Perera,DG Crowley,Jasdeep Singh,1,0,,,,,,"",""
ball,1,39.1,Italy,BBJL Perera,DG Crowley,AAA Amsterdam,1,0,,,,,,"",""
ball,1,39.2,Italy,DG Crowley,BBJL Perera,AAA Amsterdam,0,0,,,,,,"",""
ball,1,39.3,Italy,DG Crowley,BBJL Perera,AAA Amsterdam,6,0,,,,,,"",""
ball,1,39.4,Italy,DG Crowley,BBJL Perera,AAA Amsterdam,4,0,,,,,,"",""
ball,1,39.5,Italy,DG Crowley,BBJL Perera,AAA Amsterdam,1,0,,,,,,"",""
ball,1,39.6,Italy,BBJL Perera,DG Crowley,AAA Amsterdam,0,0,,,,,,"",""
ball,1,40.1,Italy,DG Crowley,BBJL Perera,Jasdeep Singh,0,0,,,,,,"",""
ball,1,40.2,Italy,DG Crowley,BBJL Perera,Jasdeep Singh,1,0,,,,,,"",""
ball,1,40.3,Italy,BBJL Perera,DG Crowley,Jasdeep Singh,1,0,,,,,,"",""
ball,1,40.4,Italy,DG Crowley,BBJL Perera,Jasdeep Singh,1,0,,,,,,"",""
ball,1,40.5,Italy,BBJL Perera,DG Crowley,Jasdeep Singh,4,0,,,,,,"",""
ball,1,40.6,Italy,BBJL Perera,DG Crowley,Jasdeep Singh,2,0,,,,,,"",""
ball,2,0.1,United States of America,Steven Ryan Taylor,Fahad Babar,GP Meade,0,1,1,,,,,"",""
ball,2,0.2,United States of America,Steven Ryan Taylor,Fahad Babar,GP Meade,4,0,,,,,,"",""
ball,2,0.3,United States of America,Steven Ryan Taylor,Fahad Babar,GP Meade,0,0,,,,,,"",""
ball,2,0.4,United States of America,Steven Ryan Taylor,Fahad Babar,GP Meade,0,0,,,,,,caught,Steven Ryan Taylor
ball,2,0.5,United States of America,RR Timbawala,Fahad Babar,GP Meade,0,0,,,,,,"",""
ball,2,0.6,United States of America,RR Timbawala,Fahad Babar,GP Meade,0,0,,,,,,"",""
ball,2,0.7,United States of America,RR Timbawala,Fahad Babar,GP Meade,0,0,,,,,,"",""
ball,2,1.1,United States of America,Fahad Babar,RR Timbawala,L di Giglio,0,1,1,,,,,"",""
ball,2,1.2,United States of America,Fahad Babar,RR Timbawala,L di Giglio,0,0,,,,,,"",""
ball,2,1.3,United States of America,Fahad Babar,RR Timbawala,L di Giglio,0,0,,,,,,"",""
ball,2,1.4,United States of America,Fahad Babar,RR Timbawala,L di Giglio,0,0,,,,,,"",""
ball,2,1.5,United States of America,Fahad Babar,RR Timbawala,L di Giglio,1,0,,,,,,"",""
ball,2,1.6,United States of America,RR Timbawala,Fahad Babar,L di Giglio,1,0,,,,,,"",""
ball,2,1.7,United States of America,Fahad Babar,RR Timbawala,L di Giglio,0,0,,,,,,"",""
ball,2,2.1,United States of America,RR Timbawala,Fahad Babar,GP Meade,1,0,,,,,,"",""
ball,2,2.2,United States of America,Fahad Babar,RR Timbawala,GP Meade,0,0,,,,,,"",""
ball,2,2.3,United States of America,Fahad Babar,RR Timbawala,GP Meade,0,0,,,,,,"",""
ball,2,2.4,United States of America,Fahad Babar,RR Timbawala,GP Meade,1,0,,,,,,"",""
ball,2,2.5,United States of America,RR Timbawala,Fahad Babar,GP Meade,0,0,,,,,,"",""
ball,2,2.6,United States of America,RR Timbawala,Fahad Babar,GP Meade,0,0,,,,,,"",""
ball,2,3.1,United States of America,Fahad Babar,RR Timbawala,L di Giglio,0,0,,,,,,"",""
ball,2,3.2,United States of America,Fahad Babar,RR Timbawala,L di Giglio,0,0,,,,,,"",""
ball,2,3.3,United States of America,Fahad Babar,RR Timbawala,L di Giglio,0,0,,,,,,"",""
ball,2,3.4,United States of America,Fahad Babar,RR Timbawala,L di Giglio,1,0,,,,,,"",""
ball,2,3.5,United States of America,RR Timbawala,Fahad Babar,L di Giglio,0,0,,,,,,"",""
ball,2,3.6,United States of America,RR Timbawala,Fahad Babar,L di Giglio,0,1,1,,,,,"",""
ball,2,3.7,United States of America,RR Timbawala,Fahad Babar,L di Giglio,0,0,,,,,,lbw,RR Timbawala
ball,2,4.1,United States of America,Fahad Babar,AAA Amsterdam,GP Meade,1,0,,,,,,"",""
ball,2,4.2,United States of America,AAA Amsterdam,Fahad Babar,GP Meade,1,0,,,,,,"",""
ball,2,4.3,United States of America,Fahad Babar,AAA Amsterdam,GP Meade,2,0,,,,,,"",""
ball,2,4.4,United States of America,Fahad Babar,AAA Amsterdam,GP Meade,0,0,,,,,,"",""
ball,2,4.5,United States of America,Fahad Babar,AAA Amsterdam,GP Meade,0,0,,,,,,"",""
ball,2,4.6,United States of America,Fahad Babar,AAA Amsterdam,GP Meade,0,0,,,,,,"",""
ball,2,5.1,United States of America,AAA Amsterdam,Fahad Babar,L di Giglio,0,1,1,,,,,"",""
ball,2,5.2,United States of America,AAA Amsterdam,Fahad Babar,L di Giglio,0,1,1,,,,,"",""
ball,2,5.3,United States of America,AAA Amsterdam,Fahad Babar,L di Giglio,0,0,,,,,,"",""
ball,2,5.4,United States of America,AAA Amsterdam,Fahad Babar,L di Giglio,0,0,,,,,,"",""
ball,2,5.5,United States of America,AAA Amsterdam,Fahad Babar,L di Giglio,0,0,,,,,,"",""
ball,2,5.6,United States of America,AAA Amsterdam,Fahad Babar,L di Giglio,0,0,,,,,,"",""
ball,2,5.7,United States of America,AAA Amsterdam,Fahad Babar,L di Giglio,0,0,,,,,,"",""
ball,2,5.8,United States of America,AAA Amsterdam,Fahad Babar,L di Giglio,0,0,,,,,,"",""
ball,2,6.1,United States of America,Fahad Babar,AAA Amsterdam,GP Meade,0,0,,,,,,"",""
ball,2,6.2,United States of America,Fahad Babar,AAA Amsterdam,GP Meade,0,0,,,,,,"",""
ball,2,6.3,United States of America,Fahad Babar,AAA Amsterdam,GP Meade,0,0,,,,,,"",""
ball,2,6.4,United States of America,Fahad Babar,AAA Amsterdam,GP Meade,0,0,,,,,,"",""
ball,2,6.5,United States of America,Fahad Babar,AAA Amsterdam,GP Meade,1,0,,,,,,"",""
ball,2,6.6,United States of America,AAA Amsterdam,Fahad Babar,GP Meade,1,0,,,,,,"",""
ball,2,7.1,United States of America,AAA Amsterdam,Fahad Babar,L di Giglio,0,0,,,,,,"",""
ball,2,7.2,United States of America,AAA Amsterdam,Fahad Babar,L di Giglio,0,0,,,,,,"",""
ball,2,7.3,United States of America,AAA Amsterdam,Fahad Babar,L di Giglio,0,0,,,,,,"",""
ball,2,7.4,United States of America,AAA Amsterdam,Fahad Babar,L di Giglio,0,0,,,,,,"",""
ball,2,7.5,United States of America,AAA Amsterdam,Fahad Babar,L di Giglio,4,0,,,,,,"",""
ball,2,7.6,United States of America,AAA Amsterdam,Fahad Babar,L di Giglio,0,0,,,,,,"",""
ball,2,8.1,United States of America,Fahad Babar,AAA Amsterdam,GP Meade,0,0,,,,,,"",""
ball,2,8.2,United States of America,Fahad Babar,AAA Amsterdam,GP Meade,0,0,,,,,,"",""
ball,2,8.3,United States of America,Fahad Babar,AAA Amsterdam,GP Meade,0,0,,,,,,caught,Fahad Babar
ball,2,8.4,United States of America,AL Dodson,AAA Amsterdam,GP Meade,0,0,,,,,,"",""
ball,2,8.5,United States of America,AL Dodson,AAA Amsterdam,GP Meade,0,0,,,,,,"",""
ball,2,8.6,United States of America,AL Dodson,AAA Amsterdam,GP Meade,1,0,,,,,,"",""
ball,2,9.1,United States of America,AL Dodson,AAA Amsterdam,L di Giglio,1,0,,,,,,"",""
ball,2,9.2,United States of America,AAA Amsterdam,AL Dodson,L di Giglio,1,0,,,,,,"",""
ball,2,9.3,United States of America,AL Dodson,AAA Amsterdam,L di Giglio,4,0,,,,,,"",""
ball,2,9.4,United States of America,AL Dodson,AAA Amsterdam,L di Giglio,0,0,,,,,,"",""
ball,2,9.5,United States of America,AL Dodson,AAA Amsterdam,L di Giglio,1,0,,,,,,"",""
ball,2,9.6,United States of America,AAA Amsterdam,AL Dodson,L di Giglio,2,0,,,,,,"",""
ball,2,10.1,United States of America,AL Dodson,AAA Amsterdam,GP Meade,0,0,,,,,,"",""
ball,2,10.2,United States of America,AL Dodson,AAA Amsterdam,GP Meade,0,0,,,,,,"",""
ball,2,10.3,United States of America,AL Dodson,AAA Amsterdam,GP Meade,0,0,,,,,,"",""
ball,2,10.4,United States of America,AL Dodson,AAA Amsterdam,GP Meade,0,0,,,,,,"",""
ball,2,10.5,United States of America,AL Dodson,AAA Amsterdam,GP Meade,0,0,,,,,,"",""
ball,2,10.6,United States of America,AL Dodson,AAA Amsterdam,GP Meade,2,0,,,,,,"",""
ball,2,11.1,United States of America,AAA Amsterdam,AL Dodson,MMBRSTC Wanigaratne,1,0,,,,,,"",""
ball,2,11.2,United States of America,AL Dodson,AAA Amsterdam,MMBRSTC Wanigaratne,1,0,,,,,,"",""
ball,2,11.3,United States of America,AAA Amsterdam,AL Dodson,MMBRSTC Wanigaratne,1,0,,,,,,"",""
ball,2,11.4,United States of America,AL Dodson,AAA Amsterdam,MMBRSTC Wanigaratne,0,0,,,,,,"",""
ball,2,11.5,United States of America,AL Dodson,AAA Amsterdam,MMBRSTC Wanigaratne,0,0,,,,,,"",""
ball,2,11.6,United States of America,AL Dodson,AAA Amsterdam,MMBRSTC Wanigaratne,0,0,,,,,,"",""
ball,2,12.1,United States of America,AAA Amsterdam,AL Dodson,Charanjeet Singh,1,0,,,,,,"",""
ball,2,12.2,United States of America,AL Dodson,AAA Amsterdam,Charanjeet Singh,1,0,,,,,,"",""
ball,2,12.3,United States of America,AAA Amsterdam,AL Dodson,Charanjeet Singh,1,0,,,,,,"",""
ball,2,12.4,United States of America,AL Dodson,AAA Amsterdam,Charanjeet Singh,1,0,,,,,,"",""
ball,2,12.5,United States of America,AAA Amsterdam,AL Dodson,Charanjeet Singh,0,0,,,,,,"",""
ball,2,12.6,United States of America,AAA Amsterdam,AL Dodson,Charanjeet Singh,1,0,,,,,,"",""
ball,2,13.1,United States of America,AAA Amsterdam,AL Dodson,MMBRSTC Wanigaratne,1,0,,,,,,"",""
ball,2,13.2,United States of America,AL Dodson,AAA Amsterdam,MMBRSTC Wanigaratne,0,0,,,,,,"",""
ball,2,13.3,United States of America,AL Dodson,AAA Amsterdam,MMBRSTC Wanigaratne,0,0,,,,,,"",""
ball,2,13.4,United States of America,AL Dodson,AAA Amsterdam,MMBRSTC Wanigaratne,0,0,,,,,,"",""
ball,2,13.5,United States of America,AL Dodson,AAA Amsterdam,MMBRSTC Wanigaratne,0,0,,,,,,"",""
ball,2,13.6,United States of America,AL Dodson,AAA Amsterdam,MMBRSTC Wanigaratne,0,0,,,,,,"",""
ball,2,14.1,United States of America,AAA Amsterdam,AL Dodson,Charanjeet Singh,0,0,,,,,,"",""
ball,2,14.2,United States of America,AAA Amsterdam,AL Dodson,Charanjeet Singh,2,0,,,,,,"",""
ball,2,14.3,United States of America,AAA Amsterdam,AL Dodson,Charanjeet Singh,1,0,,,,,,"",""
ball,2,14.4,United States of America,AL Dodson,AAA Amsterdam,Charanjeet Singh,2,0,,,,,,"",""
ball,2,14.5,United States of America,AL Dodson,AAA Amsterdam,Charanjeet Singh,0,0,,,,,,"",""
ball,2,14.6,United States of America,AL Dodson,AAA Amsterdam,Charanjeet Singh,4,0,,,,,,"",""
ball,2,15.1,United States of America,AAA Amsterdam,AL Dodson,MMBRSTC Wanigaratne,2,0,,,,,,"",""
ball,2,15.2,United States of America,AAA Amsterdam,AL Dodson,MMBRSTC Wanigaratne,1,0,,,,,,"",""
ball,2,15.3,United States of America,AL Dodson,AAA Amsterdam,MMBRSTC Wanigaratne,0,0,,,,,,"",""
ball,2,15.4,United States of America,AL Dodson,AAA Amsterdam,MMBRSTC Wanigaratne,0,0,,,,,,"",""
ball,2,15.5,United States of America,AL Dodson,AAA Amsterdam,MMBRSTC Wanigaratne,1,0,,,,,,"",""
ball,2,15.6,United States of America,AAA Amsterdam,AL Dodson,MMBRSTC Wanigaratne,1,0,,,,,,"",""
ball,2,16.1,United States of America,AAA Amsterdam,AL Dodson,DG Crowley,2,0,,,,,,"",""
ball,2,16.2,United States of America,AAA Amsterdam,AL Dodson,DG Crowley,0,0,,,,,,"",""
ball,2,16.3,United States of America,AAA Amsterdam,AL Dodson,DG Crowley,1,0,,,,,,"",""
ball,2,16.4,United States of America,AL Dodson,AAA Amsterdam,DG Crowley,1,0,,,,,,"",""
ball,2,16.5,United States of America,AAA Amsterdam,AL Dodson,DG Crowley,0,0,,,,,,"",""
ball,2,16.6,United States of America,AAA Amsterdam,AL Dodson,DG Crowley,1,0,,,,,,"",""
ball,2,17.1,United States of America,AAA Amsterdam,AL Dodson,MMBRSTC Wanigaratne,0,0,,,,,,"",""
ball,2,17.2,United States of America,AAA Amsterdam,AL Dodson,MMBRSTC Wanigaratne,0,0,,,,,,"",""
ball,2,17.3,United States of America,AAA Amsterdam,AL Dodson,MMBRSTC Wanigaratne,1,0,,,,,,"",""
ball,2,17.4,United States of America,AL Dodson,AAA Amsterdam,MMBRSTC Wanigaratne,0,0,,,,,,"",""
ball,2,17.5,United States of America,AL Dodson,AAA Amsterdam,MMBRSTC Wanigaratne,4,0,,,,,,"",""
ball,2,17.6,United States of America,AL Dodson,AAA Amsterdam,MMBRSTC Wanigaratne,0,0,,,,,,"",""
ball,2,18.1,United States of America,AAA Amsterdam,AL Dodson,DG Crowley,0,0,,,,,,"",""
ball,2,18.2,United States of America,AAA Amsterdam,AL Dodson,DG Crowley,0,0,,,,,,caught,AAA Amsterdam
ball,2,18.3,United States of America,NI Standford,AL Dodson,DG Crowley,0,0,,,,,,"",""
ball,2,18.4,United States of America,NI Standford,AL Dodson,DG Crowley,0,0,,,,,,"",""
ball,2,18.5,United States of America,NI Standford,AL Dodson,DG Crowley,4,0,,,,,,"",""
ball,2,18.6,United States of America,NI Standford,AL Dodson,DG Crowley,1,0,,,,,,"",""
ball,2,19.1,United States of America,NI Standford,AL Dodson,BBJL Perera,0,0,,,,,,"",""
ball,2,19.2,United States of America,NI Standford,AL Dodson,BBJL Perera,2,0,,,,,,"",""
ball,2,19.3,United States of America,NI Standford,AL Dodson,BBJL Perera,0,1,1,,,,,"",""
ball,2,19.4,United States of America,NI Standford,AL Dodson,BBJL Perera,2,0,,,,,,"",""
ball,2,19.5,United States of America,NI Standford,AL Dodson,BBJL Perera,0,0,,,,,,"",""
ball,2,19.6,United States of America,NI Standford,AL Dodson,BBJL Perera,1,0,,,,,,"",""
ball,2,19.7,United States of America,AL Dodson,NI Standford,BBJL Perera,1,0,,,,,,"",""
ball,2,20.1,United States of America,AL Dodson,NI Standford,DG Crowley,1,0,,,,,,"",""
ball,2,20.2,United States of America,NI Standford,AL Dodson,DG Crowley,4,0,,,,,,"",""
ball,2,20.3,United States of America,NI Standford,AL Dodson,DG Crowley,0,0,,,,,,"",""
ball,2,20.4,United States of America,NI Standford,AL Dodson,DG Crowley,1,0,,,,,,"",""
ball,2,20.5,United States of America,AL Dodson,NI Standford,DG Crowley,0,0,,,,,,"",""
ball,2,20.6,United States of America,AL Dodson,NI Standford,DG Crowley,1,0,,,,,,"",""
ball,2,21.1,United States of America,AL Dodson,NI Standford,BBJL Perera,0,0,,,,,,"",""
ball,2,21.2,United States of America,AL Dodson,NI Standford,BBJL Perera,0,0,,,,,,"",""
ball,2,21.3,United States of America,AL Dodson,NI Standford,BBJL Perera,0,0,,,,,,"",""
ball,2,21.4,United States of America,AL Dodson,NI Standford,BBJL Perera,1,0,,,,,,"",""
ball,2,21.5,United States of America,NI Standford,AL Dodson,BBJL Perera,0,1,,,,1,,"",""
ball,2,21.6,United States of America,AL Dodson,NI Standford,BBJL Perera,1,0,,,,,,"",""
ball,2,22.1,United States of America,AL Dodson,NI Standford,DG Crowley,0,0,,,,,,"",""
ball,2,22.2,United States of America,AL Dodson,NI Standford,DG Crowley,2,0,,,,,,"",""
ball,2,22.3,United States of America,AL Dodson,NI Standford,DG Crowley,0,0,,,,,,"",""
ball,2,22.4,United States of America,AL Dodson,NI Standford,DG Crowley,0,0,,,,,,"",""
ball,2,22.5,United States of America,AL Dodson,NI Standford,DG Crowley,1,0,,,,,,"",""
ball,2,22.6,United States of America,NI Standford,AL Dodson,DG Crowley,4,0,,,,,,"",""
ball,2,23.1,United States of America,AL Dodson,NI Standford,BBJL Perera,0,0,,,,,,"",""
ball,2,23.2,United States of America,AL Dodson,NI Standford,BBJL Perera,0,0,,,,,,"",""
ball,2,23.3,United States of America,AL Dodson,NI Standford,BBJL Perera,0,0,,,,,,"",""
ball,2,23.4,United States of America,AL Dodson,NI Standford,BBJL Perera,0,0,,,,,,"",""
ball,2,23.5,United States of America,AL Dodson,NI Standford,BBJL Perera,0,0,,,,,,"",""
ball,2,23.6,United States of America,AL Dodson,NI Standford,BBJL Perera,1,0,,,,,,"",""
ball,2,24.1,United States of America,AL Dodson,NI Standford,Charanjeet Singh,0,0,,,,,,"",""
ball,2,24.2,United States of America,AL Dodson,NI Standford,Charanjeet Singh,0,0,,,,,,"",""
ball,2,24.3,United States of America,AL Dodson,NI Standford,Charanjeet Singh,0,0,,,,,,"",""
ball,2,24.4,United States of America,AL Dodson,NI Standford,Charanjeet Singh,0,0,,,,,,"",""
ball,2,24.5,United States of America,AL Dodson,NI Standford,Charanjeet Singh,0,1,,,,1,,"",""
ball,2,24.6,United States of America,NI Standford,AL Dodson,Charanjeet Singh,6,0,,,,,,"",""
ball,2,25.1,United States of America,AL Dodson,NI Standford,BBJL Perera,0,0,,,,,,"",""
ball,2,25.2,United States of America,AL Dodson,NI Standford,BBJL Perera,0,0,,,,,,"",""
ball,2,25.3,United States of America,AL Dodson,NI Standford,BBJL Perera,1,0,,,,,,"",""
ball,2,25.4,United States of America,NI Standford,AL Dodson,BBJL Perera,0,0,,,,,,"",""
ball,2,25.5,United States of America,NI Standford,AL Dodson,BBJL Perera,0,0,,,,,,"",""
ball,2,25.6,United States of America,NI Standford,AL Dodson,BBJL Perera,0,0,,,,,,lbw,NI Standford
ball,2,26.1,United States of America,AL Dodson,TP Allen,Charanjeet Singh,2,0,,,,,,"",""
ball,2,26.2,United States of America,AL Dodson,TP Allen,Charanjeet Singh,0,0,,,,,,"",""
ball,2,26.3,United States of America,AL Dodson,TP Allen,Charanjeet Singh,0,0,,,,,,"",""
ball,2,26.4,United States of America,AL Dodson,TP Allen,Charanjeet Singh,0,0,,,,,,"",""
ball,2,26.5,United States of America,AL Dodson,TP Allen,Charanjeet Singh,0,1,,,,1,,"",""
ball,2,26.6,United States of America,TP Allen,AL Dodson,Charanjeet Singh,2,0,,,,,,"",""
ball,2,27.1,United States of America,AL Dodson,TP Allen,BBJL Perera,0,0,,,,,,"",""
ball,2,27.2,United States of America,AL Dodson,TP Allen,BBJL Perera,0,0,,,,,,"",""
ball,2,27.3,United States of America,AL Dodson,TP Allen,BBJL Perera,0,0,,,,,,caught,AL Dodson
ball,2,27.4,United States of America,TK Patel,TP Allen,BBJL Perera,1,0,,,,,,"",""
ball,2,27.5,United States of America,TP Allen,TK Patel,BBJL Perera,0,0,,,,,,"",""
ball,2,27.6,United States of America,TP Allen,TK Patel,BBJL Perera,0,0,,,,,,"",""
ball,2,28.1,United States of America,TK Patel,TP Allen,DG Crowley,2,0,,,,,,"",""
ball,2,28.2,United States of America,TK Patel,TP Allen,DG Crowley,0,0,,,,,,"",""
ball,2,28.3,United States of America,TK Patel,TP Allen,DG Crowley,0,0,,,,,,"",""
ball,2,28.4,United States of America,TK Patel,TP Allen,DG Crowley,0,0,,,,,,"",""
ball,2,28.5,United States of America,TK Patel,TP Allen,DG Crowley,1,0,,,,,,"",""
ball,2,28.6,United States of America,TP Allen,TK Patel,DG Crowley,4,0,,,,,,"",""
ball,2,29.1,United States of America,TK Patel,TP Allen,BBJL Perera,0,0,,,,,,"",""
ball,2,29.2,United States of America,TK Patel,TP Allen,BBJL Perera,0,0,,,,,,"",""
ball,2,29.3,United States of America,TK Patel,TP Allen,BBJL Perera,1,0,,,,,,"",""
ball,2,29.4,United States of America,TP Allen,TK Patel,BBJL Perera,4,0,,,,,,"",""
ball,2,29.5,United States of America,TP Allen,TK Patel,BBJL Perera,2,0,,,,,,"",""
ball,2,29.6,United States of America,TP Allen,TK Patel,BBJL Perera,1,0,,,,,,"",""
ball,2,30.1,United States of America,TP Allen,TK Patel,Charanjeet Singh,2,0,,,,,,"",""
ball,2,30.2,United States of America,TP Allen,TK Patel,Charanjeet Singh,1,0,,,,,,"",""
ball,2,30.3,United States of America,TK Patel,TP Allen,Charanjeet Singh,0,0,,,,,,caught,TK Patel
ball,2,30.4,United States of America,EH Hutchinson,TP Allen,Charanjeet Singh,1,0,,,,,,"",""
ball,2,30.5,United States of America,TP Allen,EH Hutchinson,Charanjeet Singh,1,0,,,,,,"",""
ball,2,30.6,United States of America,EH Hutchinson,TP Allen,Charanjeet Singh,0,0,,,,,,"",""
ball,2,31.1,United States of America,TP Allen,EH Hutchinson,BBJL Perera,0,0,,,,,,"",""
ball,2,31.2,United States of America,TP Allen,EH Hutchinson,BBJL Perera,6,0,,,,,,"",""
ball,2,31.3,United States of America,TP Allen,EH Hutchinson,BBJL Perera,0,0,,,,,,"",""
ball,2,31.4,United States of America,TP Allen,EH Hutchinson,BBJL Perera,4,0,,,,,,"",""
ball,2,31.5,United States of America,TP Allen,EH Hutchinson,BBJL Perera,1,0,,,,,,"",""
ball,2,31.6,United States of America,EH Hutchinson,TP Allen,BBJL Perera,0,0,,,,,,"",""
ball,2,32.1,United States of America,TP Allen,EH Hutchinson,Charanjeet Singh,4,0,,,,,,"",""
ball,2,32.2,United States of America,TP Allen,EH Hutchinson,Charanjeet Singh,2,0,,,,,,"",""
ball,2,32.3,United States of America,TP Allen,EH Hutchinson,Charanjeet Singh,0,0,,,,,,"",""
ball,2,32.4,United States of America,TP Allen,EH Hutchinson,Charanjeet Singh,1,0,,,,,,"",""
ball,2,32.5,United States of America,EH Hutchinson,TP Allen,Charanjeet Singh,1,0,,,,,,"",""
ball,2,32.6,United States of America,TP Allen,EH Hutchinson,Charanjeet Singh,2,0,,,,,,"",""
ball,2,33.1,United States of America,EH Hutchinson,TP Allen,GP Meade,1,0,,,,,,"",""
ball,2,33.2,United States of America,TP Allen,EH Hutchinson,GP Meade,6,0,,,,,,"",""
ball,2,33.3,United States of America,TP Allen,EH Hutchinson,GP Meade,2,0,,,,,,"",""
ball,2,33.4,United States of America,TP Allen,EH Hutchinson,GP Meade,0,1,1,,,,,"",""
ball,2,33.5,United States of America,TP Allen,EH Hutchinson,GP Meade,1,0,,,,,,"",""
ball,2,33.6,United States of America,EH Hutchinson,TP Allen,GP Meade,2,0,,,,,,"",""
ball,2,33.7,United States of America,EH Hutchinson,TP Allen,GP Meade,2,0,,,,,,"",""
ball,2,34.1,United States of America,TP Allen,EH Hutchinson,L di Giglio,2,0,,,,,,"",""
ball,2,34.2,United States of America,TP Allen,EH Hutchinson,L di Giglio,3,0,,,,,,"",""
ball,2,34.3,United States of America,EH Hutchinson,TP Allen,L di Giglio,1,0,,,,,,"",""
ball,2,34.4,United States of America,TP Allen,EH Hutchinson,L di Giglio,2,0,,,,,,"",""
ball,2,34.5,United States of America,TP Allen,EH Hutchinson,L di Giglio,0,0,,,,,,caught,TP Allen
ball,2,34.6,United States of America,Jasdeep Singh,EH Hutchinson,L di Giglio,0,0,,,,,,"",""
ball,2,35.1,United States of America,EH Hutchinson,Jasdeep Singh,GP Meade,0,0,,,,,,"",""
ball,2,35.2,United States of America,EH Hutchinson,Jasdeep Singh,GP Meade,2,0,,,,,,"",""
ball,2,35.3,United States of America,EH Hutchinson,Jasdeep Singh,GP Meade,1,0,,,,,,"",""
ball,2,35.4,United States of America,Jasdeep Singh,EH Hutchinson,GP Meade,0,1,1,,,,,"",""
ball,2,35.5,United States of America,Jasdeep Singh,EH Hutchinson,GP Meade,1,0,,,,,,"",""
ball,2,35.6,United States of America,EH Hutchinson,Jasdeep Singh,GP Meade,0,0,,,,,,"",""
ball,2,35.7,United States of America,EH Hutchinson,Jasdeep Singh,GP Meade,1,0,,,,,,"",""
ball,2,36.1,United States of America,EH Hutchinson,Jasdeep Singh,L di Giglio,0,0,,,,,,"",""
ball,2,36.2,United States of America,EH Hutchinson,Jasdeep Singh,L di Giglio,0,0,,,,,,"",""
ball,2,36.3,United States of America,EH Hutchinson,Jasdeep Singh,L di Giglio,0,1,1,,,,,"",""
ball,2,36.4,United States of America,EH Hutchinson,Jasdeep Singh,L di Giglio,0,0,,,,,,"",""
ball,2,36.5,United States of America,EH Hutchinson,Jasdeep Singh,L di Giglio,0,0,,,,,,caught,EH Hutchinson
ball,2,36.6,United States of America,Danial Ahmed,Jasdeep Singh,L di Giglio,0,0,,,,,,"",""
ball,2,36.7,United States of America,Danial Ahmed,Jasdeep Singh,L di Giglio,0,0,,,,,,"",""
ball,2,37.1,United States of America,Jasdeep Singh,Danial Ahmed,GP Meade,1,0,,,,,,"",""
ball,2,37.2,United States of America,Danial Ahmed,Jasdeep Singh,GP Meade,1,0,,,,,,"",""
