version,1.6.0
info,balls_per_over,6
info,team,Adelaide Strikers
info,team,Brisbane Heat
info,gender,female
info,season,2016/17
info,date,2017/01/20
info,event,Women's Big Bash League
info,match_number,49
info,venue,"Brisbane Cricket Ground, Woolloongabba"
info,city,Brisbane
info,toss_winner,Brisbane Heat
info,toss_decision,field
info,player_of_match,BL Mooney
info,umpire,MS Branch
info,umpire,SE Dionysius
info,match_referee,RA Dunbar
info,winner,Brisbane Heat
info,winner_wickets,9
info,player,Adelaide Strikers,CM Edwards
info,player,Adelaide Strikers,TJ McPharlin
info,player,Adelaide Strikers,SFM Devine
info,player,Adelaide Strikers,TT Beaumont
info,player,Adelaide Strikers,BE Patterson
info,player,Adelaide Strikers,TM McGrath
info,player,Adelaide Strikers,A Wellington
info,player,Adelaide Strikers,ML Schutt
info,player,Adelaide Strikers,SJ Coyte
info,player,Adelaide Strikers,A Price
info,player,Adelaide Strikers,K Pope
info,player,Brisbane Heat,BL Mooney
info,player,Brisbane Heat,KL Short
info,player,Brisbane Heat,JL Jonassen
info,player,Brisbane Heat,DJS Dottin
info,player,Brisbane Heat,L Winfield
info,player,Brisbane Heat,DM Kimmince
info,player,Brisbane Heat,L Harris
info,player,Brisbane Heat,JL Barsby
info,player,Brisbane Heat,H Birkett
info,player,Brisbane Heat,SJ Johnson
info,player,Brisbane Heat,K Sutherland
info,registry,people,A Price,99e26cea
info,registry,people,A Wellington,9b3bcca4
info,registry,people,BE Patterson,7dfbcfff
info,registry,people,BL Mooney,52d1dbc8
info,registry,people,CM Edwards,d4188b60
info,registry,people,DJS Dottin,53bee17f
info,registry,people,DM Kimmince,d693012d
info,registry,people,H Birkett,852820e3
info,registry,people,JL Barsby,47bcaf7a
info,registry,people,JL Jonassen,0475a86b
info,registry,people,K Pope,f95e48fe
info,registry,people,K Sutherland,98797fb4
info,registry,people,KL Short,712bd44c
info,registry,people,L Harris,36e2dc83
info,registry,people,L Winfield,5230a33d
info,registry,people,ML Schutt,17608a6f
info,registry,people,MS Branch,6f06b264
info,registry,people,RA Dunbar,6e66e70b
info,registry,people,SE Dionysius,ac886e6f
info,registry,people,SFM Devine,de69af96
info,registry,people,SJ Coyte,a5f488bc
info,registry,people,SJ Johnson,d7b754d4
info,registry,people,TJ McPharlin,595e1ee7
info,registry,people,TM McGrath,ca5acfa4
info,registry,people,TT Beaumont,b2664905
ball,1,0.1,Adelaide Strikers,CM Edwards,TJ McPharlin,JL Jonassen,1,0,,,,,,"",""
ball,1,0.2,Adelaide Strikers,TJ McPharlin,CM Edwards,JL Jonassen,0,0,,,,,,"",""
ball,1,0.3,Adelaide Strikers,TJ McPharlin,CM Edwards,JL Jonassen,0,0,,,,,,"",""
ball,1,0.4,Adelaide Strikers,TJ McPharlin,CM Edwards,JL Jonassen,0,0,,,,,,"",""
ball,1,0.5,Adelaide Strikers,TJ McPharlin,CM Edwards,JL Jonassen,0,1,,,,1,,"",""
ball,1,0.6,Adelaide Strikers,CM Edwards,TJ McPharlin,JL Jonassen,0,0,,,,,,"",""
ball,1,1.1,Adelaide Strikers,TJ McPharlin,CM Edwards,DJS Dottin,1,0,,,,,,"",""
ball,1,1.2,Adelaide Strikers,CM Edwards,TJ McPharlin,DJS Dottin,0,0,,,,,,"",""
ball,1,1.3,Adelaide Strikers,CM Edwards,TJ McPharlin,DJS Dottin,4,0,,,,,,"",""
ball,1,1.4,Adelaide Strikers,CM Edwards,TJ McPharlin,DJS Dottin,0,1,1,,,,,"",""
ball,1,1.5,Adelaide Strikers,CM Edwards,TJ McPharlin,DJS Dottin,2,0,,,,,,"",""
ball,1,1.6,Adelaide Strikers,CM Edwards,TJ McPharlin,DJS Dottin,0,0,,,,,,"",""
ball,1,1.7,Adelaide Strikers,CM Edwards,TJ McPharlin,DJS Dottin,1,0,,,,,,"",""
ball,1,2.1,Adelaide Strikers,CM Edwards,TJ McPharlin,JL Jonassen,1,0,,,,,,"",""
ball,1,2.2,Adelaide Strikers,TJ McPharlin,CM Edwards,JL Jonassen,1,0,,,,,,"",""
ball,1,2.3,Adelaide Strikers,CM Edwards,TJ McPharlin,JL Jonassen,0,0,,,,,,"",""
ball,1,2.4,Adelaide Strikers,CM Edwards,TJ McPharlin,JL Jonassen,1,0,,,,,,"",""
ball,1,2.5,Adelaide Strikers,TJ McPharlin,CM Edwards,JL Jonassen,0,0,,,,,,"",""
ball,1,2.6,Adelaide Strikers,TJ McPharlin,CM Edwards,JL Jonassen,0,0,,,,,,"",""
ball,1,3.1,Adelaide Strikers,CM Edwards,TJ McPharlin,H Birkett,0,0,,,,,,lbw,CM Edwards
ball,1,3.2,Adelaide Strikers,SFM Devine,TJ McPharlin,H Birkett,0,0,,,,,,"",""
ball,1,3.3,Adelaide Strikers,SFM Devine,TJ McPharlin,H Birkett,0,0,,,,,,stumped,SFM Devine
ball,1,3.4,Adelaide Strikers,TT Beaumont,TJ McPharlin,H Birkett,0,0,,,,,,"",""
ball,1,3.5,Adelaide Strikers,TT Beaumont,TJ McPharlin,H Birkett,0,0,,,,,,"",""
ball,1,3.6,Adelaide Strikers,TT Beaumont,TJ McPharlin,H Birkett,1,0,,,,,,"",""
ball,1,4.1,Adelaide Strikers,TT Beaumont,TJ McPharlin,JL Barsby,4,0,,,,,,"",""
ball,1,4.2,Adelaide Strikers,TT Beaumont,TJ McPharlin,JL Barsby,0,0,,,,,,"",""
ball,1,4.3,Adelaide Strikers,TT Beaumont,TJ McPharlin,JL Barsby,1,0,,,,,,"",""
ball,1,4.4,Adelaide Strikers,TJ McPharlin,TT Beaumont,JL Barsby,1,0,,,,,,"",""
ball,1,4.5,Adelaide Strikers,TT Beaumont,TJ McPharlin,JL Barsby,0,0,,,,,,"",""
ball,1,4.6,Adelaide Strikers,TT Beaumont,TJ McPharlin,JL Barsby,0,0,,,,,,"",""
ball,1,5.1,Adelaide Strikers,TJ McPharlin,TT Beaumont,H Birkett,0,0,,,,,,"",""
ball,1,5.2,Adelaide Strikers,TJ McPharlin,TT Beaumont,H Birkett,0,0,,,,,,"",""
ball,1,5.3,Adelaide Strikers,TJ McPharlin,TT Beaumont,H Birkett,0,0,,,,,,"",""
ball,1,5.4,Adelaide Strikers,TJ McPharlin,TT Beaumont,H Birkett,0,0,,,,,,"",""
ball,1,5.5,Adelaide Strikers,TJ McPharlin,TT Beaumont,H Birkett,2,0,,,,,,"",""
ball,1,5.6,Adelaide Strikers,TJ McPharlin,TT Beaumont,H Birkett,4,0,,,,,,"",""
ball,1,6.1,Adelaide Strikers,TT Beaumont,TJ McPharlin,DM Kimmince,0,0,,,,,,"",""
ball,1,6.2,Adelaide Strikers,TT Beaumont,TJ McPharlin,DM Kimmince,4,0,,,,,,"",""
ball,1,6.3,Adelaide Strikers,TT Beaumont,TJ McPharlin,DM Kimmince,2,0,,,,,,"",""
ball,1,6.4,Adelaide Strikers,TT Beaumont,TJ McPharlin,DM Kimmince,1,0,,,,,,"",""
ball,1,6.5,Adelaide Strikers,TJ McPharlin,TT Beaumont,DM Kimmince,0,0,,,,,,"",""
ball,1,6.6,Adelaide Strikers,TJ McPharlin,TT Beaumont,DM Kimmince,0,0,,,,,,caught,TJ McPharlin
ball,1,7.1,Adelaide Strikers,TT Beaumont,BE Patterson,SJ Johnson,0,0,,,,,,"",""
ball,1,7.2,Adelaide Strikers,TT Beaumont,BE Patterson,SJ Johnson,1,0,,,,,,"",""
ball,1,7.3,Adelaide Strikers,BE Patterson,TT Beaumont,SJ Johnson,2,0,,,,,,"",""
ball,1,7.4,Adelaide Strikers,BE Patterson,TT Beaumont,SJ Johnson,0,0,,,,,,"",""
ball,1,7.5,Adelaide Strikers,BE Patterson,TT Beaumont,SJ Johnson,4,0,,,,,,"",""
ball,1,7.6,Adelaide Strikers,BE Patterson,TT Beaumont,SJ Johnson,0,0,,,,,,"",""
ball,1,8.1,Adelaide Strikers,TT Beaumont,BE Patterson,DM Kimmince,1,0,,,,,,"",""
ball,1,8.2,Adelaide Strikers,BE Patterson,TT Beaumont,DM Kimmince,0,0,,,,,,caught,BE Patterson
ball,1,8.3,Adelaide Strikers,TT Beaumont,TM McGrath,DM Kimmince,1,0,,,,,,"",""
ball,1,8.4,Adelaide Strikers,TM McGrath,TT Beaumont,DM Kimmince,0,0,,,,,,"",""
ball,1,8.5,Adelaide Strikers,TM McGrath,TT Beaumont,DM Kimmince,0,0,,,,,,"",""
ball,1,8.6,Adelaide Strikers,TM McGrath,TT Beaumont,DM Kimmince,0,0,,,,,,"",""
ball,1,9.1,Adelaide Strikers,TT Beaumont,TM McGrath,DJS Dottin,1,0,,,,,,"",""
ball,1,9.2,Adelaide Strikers,TM McGrath,TT Beaumont,DJS Dottin,1,0,,,,,,"",""
ball,1,9.3,Adelaide Strikers,TT Beaumont,TM McGrath,DJS Dottin,1,0,,,,,,"",""
ball,1,9.4,Adelaide Strikers,TM McGrath,TT Beaumont,DJS Dottin,2,0,,,,,,"",""
ball,1,9.5,Adelaide Strikers,TM McGrath,TT Beaumont,DJS Dottin,0,0,,,,,,"",""
ball,1,9.6,Adelaide Strikers,TM McGrath,TT Beaumont,DJS Dottin,2,0,,,,,,"",""
ball,1,10.1,Adelaide Strikers,TT Beaumont,TM McGrath,JL Barsby,1,0,,,,,,"",""
ball,1,10.2,Adelaide Strikers,TM McGrath,TT Beaumont,JL Barsby,1,0,,,,,,"",""
ball,1,10.3,Adelaide Strikers,TT Beaumont,TM McGrath,JL Barsby,0,1,1,,,,,"",""
ball,1,10.4,Adelaide Strikers,TT Beaumont,TM McGrath,JL Barsby,2,0,,,,,,"",""
ball,1,10.5,Adelaide Strikers,TT Beaumont,TM McGrath,JL Barsby,1,0,,,,,,"",""
ball,1,10.6,Adelaide Strikers,TM McGrath,TT Beaumont,JL Barsby,0,0,,,,,,"",""
ball,1,10.7,Adelaide Strikers,TM McGrath,TT Beaumont,JL Barsby,1,0,,,,,,"",""
ball,1,11.1,Adelaide Strikers,TM McGrath,TT Beaumont,SJ Johnson,0,0,,,,,,"",""
ball,1,11.2,Adelaide Strikers,TM McGrath,TT Beaumont,SJ Johnson,1,0,,,,,,"",""
ball,1,11.3,Adelaide Strikers,TT Beaumont,TM McGrath,SJ Johnson,0,0,,,,,,"",""
ball,1,11.4,Adelaide Strikers,TT Beaumont,TM McGrath,SJ Johnson,1,0,,,,,,"",""
ball,1,11.5,Adelaide Strikers,TM McGrath,TT Beaumont,SJ Johnson,0,0,,,,,,"",""
ball,1,11.6,Adelaide Strikers,TM McGrath,TT Beaumont,SJ Johnson,0,0,,,,,,"",""
ball,1,12.1,Adelaide Strikers,TT Beaumont,TM McGrath,JL Jonassen,1,0,,,,,,"",""
ball,1,12.2,Adelaide Strikers,TM McGrath,TT Beaumont,JL Jonassen,0,0,,,,,,"",""
ball,1,12.3,Adelaide Strikers,TM McGrath,TT Beaumont,JL Jonassen,0,0,,,,,,"",""
ball,1,12.4,Adelaide Strikers,TM McGrath,TT Beaumont,JL Jonassen,1,0,,,,,,"",""
ball,1,12.5,Adelaide Strikers,TT Beaumont,TM McGrath,JL Jonassen,0,1,1,,,,,"",""
ball,1,12.6,Adelaide Strikers,TT Beaumont,TM McGrath,JL Jonassen,1,0,,,,,,"",""
ball,1,12.7,Adelaide Strikers,TM McGrath,TT Beaumont,JL Jonassen,0,0,,,,,,run out,TM McGrath
ball,1,13.1,Adelaide Strikers,TT Beaumont,A Wellington,SJ Johnson,1,0,,,,,,"",""
ball,1,13.2,Adelaide Strikers,A Wellington,TT Beaumont,SJ Johnson,0,5,5,,,,,"",""
ball,1,13.3,Adelaide Strikers,A Wellington,TT Beaumont,SJ Johnson,2,0,,,,,,"",""
ball,1,13.4,Adelaide Strikers,A Wellington,TT Beaumont,SJ Johnson,1,0,,,,,,"",""
ball,1,13.5,Adelaide Strikers,TT Beaumont,A Wellington,SJ Johnson,0,0,,,,,,"",""
ball,1,13.6,Adelaide Strikers,TT Beaumont,A Wellington,SJ Johnson,1,0,,,,,,"",""
ball,1,13.7,Adelaide Strikers,A Wellington,TT Beaumont,SJ Johnson,1,0,,,,,,"",""
ball,1,14.1,Adelaide Strikers,A Wellington,TT Beaumont,DM Kimmince,0,0,,,,,,"",""
ball,1,14.2,Adelaide Strikers,A Wellington,TT Beaumont,DM Kimmince,1,0,,,,,,"",""
ball,1,14.3,Adelaide Strikers,TT Beaumont,A Wellington,DM Kimmince,1,0,,,,,,"",""
ball,1,14.4,Adelaide Strikers,A Wellington,TT Beaumont,DM Kimmince,4,0,,,,,,"",""
ball,1,14.5,Adelaide Strikers,A Wellington,TT Beaumont,DM Kimmince,2,0,,,,,,"",""
ball,1,14.6,Adelaide Strikers,A Wellington,TT Beaumont,DM Kimmince,1,0,,,,,,"",""
ball,1,15.1,Adelaide Strikers,A Wellington,TT Beaumont,DJS Dottin,2,0,,,,,,"",""
ball,1,15.2,Adelaide Strikers,A Wellington,TT Beaumont,DJS Dottin,1,0,,,,,,"",""
ball,1,15.3,Adelaide Strikers,TT Beaumont,A Wellington,DJS Dottin,2,0,,,,,,"",""
ball,1,15.4,Adelaide Strikers,TT Beaumont,A Wellington,DJS Dottin,0,0,,,,,,"",""
ball,1,15.5,Adelaide Strikers,TT Beaumont,A Wellington,DJS Dottin,1,0,,,,,,"",""
ball,1,15.6,Adelaide Strikers,A Wellington,TT Beaumont,DJS Dottin,0,0,,,,,,"",""
ball,1,16.1,Adelaide Strikers,TT Beaumont,A Wellington,JL Barsby,4,0,,,,,,"",""
ball,1,16.2,Adelaide Strikers,TT Beaumont,A Wellington,JL Barsby,4,0,,,,,,"",""
ball,1,16.3,Adelaide Strikers,TT Beaumont,A Wellington,JL Barsby,1,0,,,,,,"",""
ball,1,16.4,Adelaide Strikers,A Wellington,TT Beaumont,JL Barsby,4,0,,,,,,"",""
ball,1,16.5,Adelaide Strikers,A Wellington,TT Beaumont,JL Barsby,4,0,,,,,,"",""
ball,1,16.6,Adelaide Strikers,A Wellington,TT Beaumont,JL Barsby,1,0,,,,,,"",""
ball,1,17.1,Adelaide Strikers,A Wellington,TT Beaumont,H Birkett,1,0,,,,,,"",""
ball,1,17.2,Adelaide Strikers,TT Beaumont,A Wellington,H Birkett,1,0,,,,,,"",""
ball,1,17.3,Adelaide Strikers,A Wellington,TT Beaumont,H Birkett,2,0,,,,,,"",""
ball,1,17.4,Adelaide Strikers,A Wellington,TT Beaumont,H Birkett,1,0,,,,,,"",""
ball,1,17.5,Adelaide Strikers,TT Beaumont,A Wellington,H Birkett,1,0,,,,,,"",""
ball,1,17.6,Adelaide Strikers,A Wellington,TT Beaumont,H Birkett,0,0,,,,,,"",""
ball,1,18.1,Adelaide Strikers,TT Beaumont,A Wellington,JL Jonassen,1,0,,,,,,"",""
ball,1,18.2,Adelaide Strikers,A Wellington,TT Beaumont,JL Jonassen,1,0,,,,,,"",""
ball,1,18.3,Adelaide Strikers,TT Beaumont,A Wellington,JL Jonassen,1,0,,,,,,"",""
ball,1,18.4,Adelaide Strikers,A Wellington,TT Beaumont,JL Jonassen,2,0,,,,,,"",""
ball,1,18.5,Adelaide Strikers,A Wellington,TT Beaumont,JL Jonassen,1,0,,,,,,"",""
ball,1,18.6,Adelaide Strikers,TT Beaumont,A Wellington,JL Jonassen,1,0,,,,,,"",""
ball,1,19.1,Adelaide Strikers,TT Beaumont,A Wellington,H Birkett,4,0,,,,,,"",""
ball,1,19.2,Adelaide Strikers,TT Beaumont,A Wellington,H Birkett,1,0,,,,,,"",""
ball,1,19.3,Adelaide Strikers,A Wellington,TT Beaumont,H Birkett,0,0,,,,,,"",""
ball,1,19.4,Adelaide Strikers,A Wellington,TT Beaumont,H Birkett,6,0,,,,,,"",""
ball,1,19.5,Adelaide Strikers,A Wellington,TT Beaumont,H Birkett,4,0,,,,,,"",""
ball,1,19.6,Adelaide Strikers,A Wellington,TT Beaumont,H Birkett,4,0,,,,,,"",""
ball,2,0.1,Brisbane Heat,BL Mooney,KL Short,ML Schutt,0,0,,,,,,"",""
ball,2,0.2,Brisbane Heat,BL Mooney,KL Short,ML Schutt,4,0,,,,,,"",""
ball,2,0.3,Brisbane Heat,BL Mooney,KL Short,ML Schutt,0,0,,,,,,"",""
ball,2,0.4,Brisbane Heat,BL Mooney,KL Short,ML Schutt,4,0,,,,,,"",""
ball,2,0.5,Brisbane Heat,BL Mooney,KL Short,ML Schutt,0,0,,,,,,"",""
ball,2,0.6,Brisbane Heat,BL Mooney,KL Short,ML Schutt,0,0,,,,,,"",""
ball,2,1.1,Brisbane Heat,KL Short,BL Mooney,A Price,0,0,,,,,,"",""
ball,2,1.2,Brisbane Heat,KL Short,BL Mooney,A Price,0,0,,,,,,"",""
ball,2,1.3,Brisbane Heat,KL Short,BL Mooney,A Price,0,0,,,,,,"",""
ball,2,1.4,Brisbane Heat,KL Short,BL Mooney,A Price,1,0,,,,,,"",""
ball,2,1.5,Brisbane Heat,BL Mooney,KL Short,A Price,3,0,,,,,,"",""
ball,2,1.6,Brisbane Heat,KL Short,BL Mooney,A Price,4,0,,,,,,"",""
ball,2,2.1,Brisbane Heat,BL Mooney,KL Short,ML Schutt,4,0,,,,,,"",""
ball,2,2.2,Brisbane Heat,BL Mooney,KL Short,ML Schutt,0,0,,,,,,"",""
ball,2,2.3,Brisbane Heat,BL Mooney,KL Short,ML Schutt,4,0,,,,,,"",""
ball,2,2.4,Brisbane Heat,BL Mooney,KL Short,ML Schutt,0,1,1,,,,,"",""
ball,2,2.5,Brisbane Heat,BL Mooney,KL Short,ML Schutt,4,0,,,,,,"",""
ball,2,2.6,Brisbane Heat,BL Mooney,KL Short,ML Schutt,0,0,,,,,,"",""
ball,2,2.7,Brisbane Heat,BL Mooney,KL Short,ML Schutt,2,0,,,,,,"",""
ball,2,3.1,Brisbane Heat,KL Short,BL Mooney,A Price,1,0,,,,,,"",""
ball,2,3.2,Brisbane Heat,BL Mooney,KL Short,A Price,1,0,,,,,,"",""
ball,2,3.3,Brisbane Heat,KL Short,BL Mooney,A Price,1,0,,,,,,"",""
ball,2,3.4,Brisbane Heat,BL Mooney,KL Short,A Price,0,0,,,,,,"",""
ball,2,3.5,Brisbane Heat,BL Mooney,KL Short,A Price,0,0,,,,,,"",""
ball,2,3.6,Brisbane Heat,BL Mooney,KL Short,A Price,1,0,,,,,,"",""
ball,2,4.1,Brisbane Heat,BL Mooney,KL Short,SJ Coyte,4,0,,,,,,"",""
ball,2,4.2,Brisbane Heat,BL Mooney,KL Short,SJ Coyte,1,0,,,,,,"",""
ball,2,4.3,Brisbane Heat,KL Short,BL Mooney,SJ Coyte,0,0,,,,,,"",""
ball,2,4.4,Brisbane Heat,KL Short,BL Mooney,SJ Coyte,1,0,,,,,,"",""
ball,2,4.5,Brisbane Heat,BL Mooney,KL Short,SJ Coyte,1,0,,,,,,"",""
ball,2,4.6,Brisbane Heat,KL Short,BL Mooney,SJ Coyte,1,0,,,,,,"",""
ball,2,5.1,Brisbane Heat,KL Short,BL Mooney,A Price,4,0,,,,,,"",""
ball,2,5.2,Brisbane Heat,KL Short,BL Mooney,A Price,0,0,,,,,,"",""
ball,2,5.3,Brisbane Heat,KL Short,BL Mooney,A Price,1,0,,,,,,"",""
ball,2,5.4,Brisbane Heat,BL Mooney,KL Short,A Price,4,0,,,,,,"",""
ball,2,5.5,Brisbane Heat,BL Mooney,KL Short,A Price,0,0,,,,,,"",""
ball,2,5.6,Brisbane Heat,BL Mooney,KL Short,A Price,1,0,,,,,,"",""
ball,2,6.1,Brisbane Heat,BL Mooney,KL Short,SJ Coyte,4,0,,,,,,"",""
ball,2,6.2,Brisbane Heat,BL Mooney,KL Short,SJ Coyte,4,0,,,,,,"",""
ball,2,6.3,Brisbane Heat,BL Mooney,KL Short,SJ Coyte,1,0,,,,,,"",""
ball,2,6.4,Brisbane Heat,KL Short,BL Mooney,SJ Coyte,0,0,,,,,,"",""
ball,2,6.5,Brisbane Heat,KL Short,BL Mooney,SJ Coyte,4,0,,,,,,"",""
ball,2,6.6,Brisbane Heat,KL Short,BL Mooney,SJ Coyte,4,0,,,,,,"",""
ball,2,7.1,Brisbane Heat,BL Mooney,KL Short,A Wellington,0,0,,,,,,"",""
ball,2,7.2,Brisbane Heat,BL Mooney,KL Short,A Wellington,0,0,,,,,,"",""
ball,2,7.3,Brisbane Heat,BL Mooney,KL Short,A Wellington,1,0,,,,,,"",""
ball,2,7.4,Brisbane Heat,KL Short,BL Mooney,A Wellington,0,0,,,,,,"",""
ball,2,7.5,Brisbane Heat,KL Short,BL Mooney,A Wellington,4,0,,,,,,"",""
ball,2,7.6,Brisbane Heat,KL Short,BL Mooney,A Wellington,0,0,,,,,,"",""
ball,2,8.1,Brisbane Heat,BL Mooney,KL Short,K Pope,1,0,,,,,,"",""
ball,2,8.2,Brisbane Heat,KL Short,BL Mooney,K Pope,0,0,,,,,,"",""
ball,2,8.3,Brisbane Heat,KL Short,BL Mooney,K Pope,2,0,,,,,,"",""
ball,2,8.4,Brisbane Heat,KL Short,BL Mooney,K Pope,1,0,,,,,,"",""
ball,2,8.5,Brisbane Heat,BL Mooney,KL Short,K Pope,0,0,,,,,,"",""
ball,2,8.6,Brisbane Heat,BL Mooney,KL Short,K Pope,1,0,,,,,,"",""
ball,2,9.1,Brisbane Heat,BL Mooney,KL Short,A Wellington,2,0,,,,,,"",""
ball,2,9.2,Brisbane Heat,BL Mooney,KL Short,A Wellington,1,0,,,,,,"",""
ball,2,9.3,Brisbane Heat,KL Short,BL Mooney,A Wellington,2,0,,,,,,"",""
ball,2,9.4,Brisbane Heat,KL Short,BL Mooney,A Wellington,4,0,,,,,,"",""
ball,2,9.5,Brisbane Heat,KL Short,BL Mooney,A Wellington,0,1,1,,,,,"",""
ball,2,9.6,Brisbane Heat,KL Short,BL Mooney,A Wellington,0,0,,,,,,"",""
ball,2,9.7,Brisbane Heat,KL Short,BL Mooney,A Wellington,0,1,,,,1,,"",""
ball,2,10.1,Brisbane Heat,KL Short,BL Mooney,K Pope,1,0,,,,,,"",""
ball,2,10.2,Brisbane Heat,BL Mooney,KL Short,K Pope,1,0,,,,,,"",""
ball,2,10.3,Brisbane Heat,KL Short,BL Mooney,K Pope,4,0,,,,,,"",""
ball,2,10.4,Brisbane Heat,KL Short,BL Mooney,K Pope,1,0,,,,,,"",""
ball,2,10.5,Brisbane Heat,BL Mooney,KL Short,K Pope,1,0,,,,,,"",""
ball,2,10.6,Brisbane Heat,KL Short,BL Mooney,K Pope,0,1,1,,,,,"",""
ball,2,10.7,Brisbane Heat,KL Short,BL Mooney,K Pope,1,0,,,,,,"",""
ball,2,11.1,Brisbane Heat,KL Short,BL Mooney,TM McGrath,0,0,,,,,,caught,KL Short
ball,2,11.2,Brisbane Heat,JL Jonassen,BL Mooney,TM McGrath,0,0,,,,,,"",""
ball,2,11.3,Brisbane Heat,JL Jonassen,BL Mooney,TM McGrath,1,0,,,,,,"",""
ball,2,11.4,Brisbane Heat,BL Mooney,JL Jonassen,TM McGrath,4,0,,,,,,"",""
ball,2,11.5,Brisbane Heat,BL Mooney,JL Jonassen,TM McGrath,1,0,,,,,,"",""
ball,2,11.6,Brisbane Heat,JL Jonassen,BL Mooney,TM McGrath,0,0,,,,,,"",""
ball,2,12.1,Brisbane Heat,BL Mooney,JL Jonassen,K Pope,0,0,,,,,,"",""
ball,2,12.2,Brisbane Heat,BL Mooney,JL Jonassen,K Pope,0,0,,,,,,"",""
ball,2,12.3,Brisbane Heat,BL Mooney,JL Jonassen,K Pope,0,0,,,,,,"",""
ball,2,12.4,Brisbane Heat,BL Mooney,JL Jonassen,K Pope,4,0,,,,,,"",""
ball,2,12.5,Brisbane Heat,BL Mooney,JL Jonassen,K Pope,6,0,,,,,,"",""
ball,2,12.6,Brisbane Heat,BL Mooney,JL Jonassen,K Pope,0,0,,,,,,"",""
ball,2,13.1,Brisbane Heat,JL Jonassen,BL Mooney,TM McGrath,0,0,,,,,,"",""
ball,2,13.2,Brisbane Heat,JL Jonassen,BL Mooney,TM McGrath,4,0,,,,,,"",""
ball,2,13.3,Brisbane Heat,JL Jonassen,BL Mooney,TM McGrath,0,0,,,,,,"",""
ball,2,13.4,Brisbane Heat,JL Jonassen,BL Mooney,TM McGrath,0,0,,,,,,"",""
ball,2,13.5,Brisbane Heat,JL Jonassen,BL Mooney,TM McGrath,4,0,,,,,,"",""
ball,2,13.6,Brisbane Heat,JL Jonassen,BL Mooney,TM McGrath,4,0,,,,,,"",""
ball,2,14.1,Brisbane Heat,BL Mooney,JL Jonassen,A Price,0,0,,,,,,"",""
ball,2,14.2,Brisbane Heat,BL Mooney,JL Jonassen,A Price,4,0,,,,,,"",""
ball,2,14.3,Brisbane Heat,BL Mooney,JL Jonassen,A Price,1,0,,,,,,"",""
ball,2,14.4,Brisbane Heat,JL Jonassen,BL Mooney,A Price,0,0,,,,,,"",""
ball,2,14.5,Brisbane Heat,JL Jonassen,BL Mooney,A Price,4,0,,,,,,"",""
ball,2,14.6,Brisbane Heat,JL Jonassen,BL Mooney,A Price,4,0,,,,,,"",""
