version,1.6.0
info,balls_per_over,6
info,team,Perth Scorchers
info,team,Sydney Thunder
info,gender,female
info,season,2016/17
info,date,2017/01/20
info,event,Women's Big Bash League
info,match_number,50
info,venue,Lilac Hill Park
info,city,Perth
info,toss_winner,Sydney Thunder
info,toss_decision,field
info,player_of_match,EJ Villani
info,umpire,J Hewitt
info,umpire,TR Rann
info,match_referee,Terry Prue
info,winner,Perth Scorchers
info,winner_runs,4
info,player,Perth Scorchers,NE Bolton
info,player,Perth Scorchers,EJ Villani
info,player,Perth Scorchers,SW Bates
info,player,Perth Scorchers,KH Brunt
info,player,Perth Scorchers,H Graham
info,player,Perth Scorchers,LK Ebsary
info,player,Perth Scorchers,M Carmichael
info,player,Perth Scorchers,A Shrubsole
info,player,Perth Scorchers,P Cleary
info,player,Perth Scorchers,EL King
info,player,Perth Scorchers,EJ Smith
info,player,Sydney Thunder,RL Haynes
info,player,Sydney Thunder,SR Taylor
info,player,Sydney Thunder,AJ Blackwell
info,player,Sydney Thunder,H Kaur
info,player,Sydney Thunder,NE Stalenberg
info,player,Sydney Thunder,NJ Carey
info,player,Sydney Thunder,EA Osborne
info,player,Sydney Thunder,RM Farrell
info,player,Sydney Thunder,L Cheatle
info,player,Sydney Thunder,B Vakarewa
info,player,Sydney Thunder,SL Bates
info,registry,people,A Shrubsole,32497ecd
info,registry,people,AJ Blackwell,b9164a9b
info,registry,people,B Vakarewa,06f988b8
info,registry,people,EA Osborne,fe731c62
info,registry,people,EJ Smith,05911fef
info,registry,people,EJ Villani,cde96d97
info,registry,people,EL King,2708b41c
info,registry,people,H Graham,99812d10
info,registry,people,H Kaur,53cd8da6
info,registry,people,J Hewitt,bfe1c25f
info,registry,people,KH Brunt,6a434bd3
info,registry,people,L Cheatle,275dff85
info,registry,people,LK Ebsary,884375bf
info,registry,people,M Carmichael,4b546c04
info,registry,people,NE Bolton,dd883071
info,registry,people,NE Stalenberg,609c519e
info,registry,people,NJ Carey,dff806f4
info,registry,people,P Cleary,507acf2e
info,registry,people,RL Haynes,d7c6b0fb
info,registry,people,RM Farrell,4ed7d23f
info,registry,people,SL Bates,0816fb1e
info,registry,people,SR Taylor,92cf79a8
info,registry,people,SW Bates,89bbc67a
info,registry,people,TR Rann,91c9619b
info,registry,people,Terry Prue,16f16957
ball,1,0.1,Perth Scorchers,NE Bolton,EJ Villani,RM Farrell,0,0,,,,,,"",""
ball,1,0.2,Perth Scorchers,NE Bolton,EJ Villani,RM Farrell,1,0,,,,,,"",""
ball,1,0.3,Perth Scorchers,EJ Villani,NE Bolton,RM Farrell,0,0,,,,,,"",""
ball,1,0.4,Perth Scorchers,EJ Villani,NE Bolton,RM Farrell,0,0,,,,,,"",""
ball,1,0.5,Perth Scorchers,EJ Villani,NE Bolton,RM Farrell,4,0,,,,,,"",""
ball,1,0.6,Perth Scorchers,EJ Villani,NE Bolton,RM Farrell,0,0,,,,,,"",""
ball,1,1.1,Perth Scorchers,NE Bolton,EJ Villani,SL Bates,0,0,,,,,,"",""
ball,1,1.2,Perth Scorchers,NE Bolton,EJ Villani,SL Bates,1,0,,,,,,"",""
ball,1,1.3,Perth Scorchers,EJ Villani,NE Bolton,SL Bates,1,0,,,,,,"",""
ball,1,1.4,Perth Scorchers,NE Bolton,EJ Villani,SL Bates,0,0,,,,,,"",""
ball,1,1.5,Perth Scorchers,NE Bolton,EJ Villani,SL Bates,0,0,,,,,,"",""
ball,1,1.6,Perth Scorchers,NE Bolton,EJ Villani,SL Bates,0,0,,,,,,"",""
ball,1,2.1,Perth Scorchers,EJ Villani,NE Bolton,RM Farrell,0,0,,,,,,"",""
ball,1,2.2,Perth Scorchers,EJ Villani,NE Bolton,RM Farrell,1,0,,,,,,"",""
ball,1,2.3,Perth Scorchers,NE Bolton,EJ Villani,RM Farrell,4,0,,,,,,"",""
ball,1,2.4,Perth Scorchers,NE Bolton,EJ Villani,RM Farrell,1,0,,,,,,"",""
ball,1,2.5,Perth Scorchers,EJ Villani,NE Bolton,RM Farrell,0,0,,,,,,"",""
ball,1,2.6,Perth Scorchers,EJ Villani,NE Bolton,RM Farrell,1,0,,,,,,"",""
ball,1,3.1,Perth Scorchers,EJ Villani,NE Bolton,SL Bates,1,0,,,,,,"",""
ball,1,3.2,Perth Scorchers,NE Bolton,EJ Villani,SL Bates,1,0,,,,,,"",""
ball,1,3.3,Perth Scorchers,EJ Villani,NE Bolton,SL Bates,0,0,,,,,,"",""
ball,1,3.4,Perth Scorchers,EJ Villani,NE Bolton,SL Bates,1,0,,,,,,"",""
ball,1,3.5,Perth Scorchers,NE Bolton,EJ Villani,SL Bates,4,0,,,,,,"",""
ball,1,3.6,Perth Scorchers,NE Bolton,EJ Villani,SL Bates,0,0,,,,,,"",""
ball,1,4.1,Perth Scorchers,EJ Villani,NE Bolton,B Vakarewa,1,0,,,,,,"",""
ball,1,4.2,Perth Scorchers,NE Bolton,EJ Villani,B Vakarewa,1,0,,,,,,"",""
ball,1,4.3,Perth Scorchers,EJ Villani,NE Bolton,B Vakarewa,0,0,,,,,,"",""
ball,1,4.4,Perth Scorchers,EJ Villani,NE Bolton,B Vakarewa,6,0,,,,,,"",""
ball,1,4.5,Perth Scorchers,EJ Villani,NE Bolton,B Vakarewa,6,0,,,,,,"",""
ball,1,4.6,Perth Scorchers,EJ Villani,NE Bolton,B Vakarewa,1,0,,,,,,"",""
ball,1,5.1,Perth Scorchers,EJ Villani,NE Bolton,SL Bates,0,0,,,,,,"",""
ball,1,5.2,Perth Scorchers,EJ Villani,NE Bolton,SL Bates,0,1,,,1,,,"",""
ball,1,5.3,Perth Scorchers,NE Bolton,EJ Villani,SL Bates,1,0,,,,,,"",""
ball,1,5.4,Perth Scorchers,EJ Villani,NE Bolton,SL Bates,2,0,,,,,,"",""
ball,1,5.5,Perth Scorchers,EJ Villani,NE Bolton,SL Bates,2,0,,,,,,"",""
ball,1,5.6,Perth Scorchers,EJ Villani,NE Bolton,SL Bates,0,0,,,,,,"",""
ball,1,6.1,Perth Scorchers,NE Bolton,EJ Villani,EA Osborne,1,0,,,,,,"",""
ball,1,6.2,Perth Scorchers,EJ Villani,NE Bolton,EA Osborne,1,0,,,,,,"",""
ball,1,6.3,Perth Scorchers,NE Bolton,EJ Villani,EA Osborne,1,0,,,,,,"",""
ball,1,6.4,Perth Scorchers,EJ Villani,NE Bolton,EA Osborne,2,0,,,,,,"",""
ball,1,6.5,Perth Scorchers,EJ Villani,NE Bolton,EA Osborne,4,0,,,,,,"",""
ball,1,6.6,Perth Scorchers,EJ Villani,NE Bolton,EA Osborne,0,0,,,,,,"",""
ball,1,7.1,Perth Scorchers,NE Bolton,EJ Villani,SR Taylor,4,0,,,,,,"",""
ball,1,7.2,Perth Scorchers,NE Bolton,EJ Villani,SR Taylor,1,0,,,,,,"",""
ball,1,7.3,Perth Scorchers,EJ Villani,NE Bolton,SR Taylor,1,0,,,,,,"",""
ball,1,7.4,Perth Scorchers,NE Bolton,EJ Villani,SR Taylor,0,0,,,,,,"",""
ball,1,7.5,Perth Scorchers,NE Bolton,EJ Villani,SR Taylor,0,0,,,,,,"",""
ball,1,7.6,Perth Scorchers,NE Bolton,EJ Villani,SR Taylor,1,0,,,,,,"",""
ball,1,8.1,Perth Scorchers,NE Bolton,EJ Villani,H Kaur,1,0,,,,,,"",""
ball,1,8.2,Perth Scorchers,EJ Villani,NE Bolton,H Kaur,0,0,,,,,,"",""
ball,1,8.3,Perth Scorchers,EJ Villani,NE Bolton,H Kaur,4,0,,,,,,"",""
ball,1,8.4,Perth Scorchers,EJ Villani,NE Bolton,H Kaur,4,0,,,,,,"",""
ball,1,8.5,Perth Scorchers,EJ Villani,NE Bolton,H Kaur,0,0,,,,,,"",""
ball,1,8.6,Perth Scorchers,EJ Villani,NE Bolton,H Kaur,4,0,,,,,,"",""
ball,1,9.1,Perth Scorchers,NE Bolton,EJ Villani,SR Taylor,0,0,,,,,,"",""
ball,1,9.2,Perth Scorchers,NE Bolton,EJ Villani,SR Taylor,0,0,,,,,,"",""
ball,1,9.3,Perth Scorchers,NE Bolton,EJ Villani,SR Taylor,1,0,,,,,,"",""
ball,1,9.4,Perth Scorchers,EJ Villani,NE Bolton,SR Taylor,1,0,,,,,,"",""
ball,1,9.5,Perth Scorchers,NE Bolton,EJ Villani,SR Taylor,0,1,,,,1,,"",""
ball,1,9.6,Perth Scorchers,EJ Villani,NE Bolton,SR Taylor,0,0,,,,,,"",""
ball,1,10.1,Perth Scorchers,NE Bolton,EJ Villani,L Cheatle,0,0,,,,,,"",""
ball,1,10.2,Perth Scorchers,NE Bolton,EJ Villani,L Cheatle,1,0,,,,,,"",""
ball,1,10.3,Perth Scorchers,EJ Villani,NE Bolton,L Cheatle,0,0,,,,,,"",""
ball,1,10.4,Perth Scorchers,EJ Villani,NE Bolton,L Cheatle,0,0,,,,,,"",""
ball,1,10.5,Perth Scorchers,EJ Villani,NE Bolton,L Cheatle,4,0,,,,,,"",""
ball,1,10.6,Perth Scorchers,EJ Villani,NE Bolton,L Cheatle,0,1,,,,1,,"",""
ball,1,11.1,Perth Scorchers,EJ Villani,NE Bolton,SR Taylor,0,2,2,,,,,"",""
ball,1,11.2,Perth Scorchers,NE Bolton,EJ Villani,SR Taylor,4,0,,,,,,"",""
ball,1,11.3,Perth Scorchers,NE Bolton,EJ Villani,SR Taylor,0,0,,,,,,"",""
ball,1,11.4,Perth Scorchers,NE Bolton,EJ Villani,SR Taylor,1,0,,,,,,"",""
ball,1,11.5,Perth Scorchers,EJ Villani,NE Bolton,SR Taylor,6,0,,,,,,"",""
ball,1,11.6,Perth Scorchers,EJ Villani,NE Bolton,SR Taylor,1,0,,,,,,"",""
ball,1,11.7,Perth Scorchers,NE Bolton,EJ Villani,SR Taylor,1,0,,,,,,"",""
ball,1,12.1,Perth Scorchers,NE Bolton,EJ Villani,L Cheatle,1,0,,,,,,"",""
ball,1,12.2,Perth Scorchers,EJ Villani,NE Bolton,L Cheatle,0,0,,,,,,"",""
ball,1,12.3,Perth Scorchers,EJ Villani,NE Bolton,L Cheatle,1,0,,,,,,"",""
ball,1,12.4,Perth Scorchers,NE Bolton,EJ Villani,L Cheatle,0,0,,,,,,bowled,NE Bolton
ball,1,12.5,Perth Scorchers,SW Bates,EJ Villani,L Cheatle,1,0,,,,,,"",""
ball,1,12.6,Perth Scorchers,EJ Villani,SW Bates,L Cheatle,1,0,,,,,,"",""
ball,1,13.1,Perth Scorchers,EJ Villani,SW Bates,RM Farrell,1,0,,,,,,"",""
ball,1,13.2,Perth Scorchers,SW Bates,EJ Villani,RM Farrell,1,0,,,,,,"",""
ball,1,13.3,Perth Scorchers,EJ Villani,SW Bates,RM Farrell,1,0,,,,,,"",""
ball,1,13.4,Perth Scorchers,SW Bates,EJ Villani,RM Farrell,0,0,,,,,,"",""
ball,1,13.5,Perth Scorchers,SW Bates,EJ Villani,RM Farrell,0,0,,,,,,"",""
ball,1,13.6,Perth Scorchers,SW Bates,EJ Villani,RM Farrell,0,0,,,,,,"",""
ball,1,14.1,Perth Scorchers,EJ Villani,SW Bates,L Cheatle,1,0,,,,,,"",""
ball,1,14.2,Perth Scorchers,SW Bates,EJ Villani,L Cheatle,1,0,,,,,,"",""
ball,1,14.3,Perth Scorchers,EJ Villani,SW Bates,L Cheatle,0,1,,,,1,,"",""
ball,1,14.4,Perth Scorchers,SW Bates,EJ Villani,L Cheatle,4,0,,,,,,"",""
ball,1,14.5,Perth Scorchers,SW Bates,EJ Villani,L Cheatle,1,0,,,,,,"",""
ball,1,14.6,Perth Scorchers,EJ Villani,SW Bates,L Cheatle,1,0,,,,,,"",""
ball,1,15.1,Perth Scorchers,EJ Villani,SW Bates,SL Bates,0,0,,,,,,"",""
ball,1,15.2,Perth Scorchers,EJ Villani,SW Bates,SL Bates,4,0,,,,,,"",""
ball,1,15.3,Perth Scorchers,EJ Villani,SW Bates,SL Bates,2,0,,,,,,"",""
ball,1,15.4,Perth Scorchers,EJ Villani,SW Bates,SL Bates,0,0,,,,,,"",""
ball,1,15.5,Perth Scorchers,EJ Villani,SW Bates,SL Bates,1,0,,,,,,"",""
ball,1,15.6,Perth Scorchers,SW Bates,EJ Villani,SL Bates,1,0,,,,,,"",""
ball,1,16.1,Perth Scorchers,SW Bates,EJ Villani,L Cheatle,2,0,,,,,,"",""
ball,1,16.2,Perth Scorchers,SW Bates,EJ Villani,L Cheatle,1,0,,,,,,"",""
ball,1,16.3,Perth Scorchers,EJ Villani,SW Bates,L Cheatle,2,0,,,,,,"",""
ball,1,16.4,Perth Scorchers,EJ Villani,SW Bates,L Cheatle,0,0,,,,,,caught,EJ Villani
ball,1,16.5,Perth Scorchers,SW Bates,KH Brunt,L Cheatle,4,0,,,,,,"",""
ball,1,16.6,Perth Scorchers,SW Bates,KH Brunt,L Cheatle,0,0,,,,,,"",""
ball,1,17.1,Perth Scorchers,KH Brunt,SW Bates,NJ Carey,0,1,1,,,,,"",""
ball,1,17.2,Perth Scorchers,KH Brunt,SW Bates,NJ Carey,0,0,,,,,,"",""
ball,1,17.3,Perth Scorchers,KH Brunt,SW Bates,NJ Carey,1,0,,,,,,"",""
ball,1,17.4,Perth Scorchers,SW Bates,KH Brunt,NJ Carey,1,0,,,,,,"",""
ball,1,17.5,Perth Scorchers,KH Brunt,SW Bates,NJ Carey,0,0,,,,,,caught,KH Brunt
ball,1,17.6,Perth Scorchers,H Graham,SW Bates,NJ Carey,1,0,,,,,,"",""
ball,1,17.7,Perth Scorchers,SW Bates,H Graham,NJ Carey,1,0,,,,,,"",""
ball,1,18.1,Perth Scorchers,SW Bates,H Graham,RM Farrell,0,0,,,,,,caught,SW Bates
ball,1,18.2,Perth Scorchers,H Graham,LK Ebsary,RM Farrell,1,0,,,,,,"",""
ball,1,18.3,Perth Scorchers,LK Ebsary,H Graham,RM Farrell,1,0,,,,,,"",""
ball,1,18.4,Perth Scorchers,H Graham,LK Ebsary,RM Farrell,1,0,,,,,,"",""
ball,1,18.5,Perth Scorchers,LK Ebsary,H Graham,RM Farrell,1,0,,,,,,"",""
ball,1,18.6,Perth Scorchers,H Graham,LK Ebsary,RM Farrell,2,0,,,,,,"",""
ball,1,19.1,Perth Scorchers,LK Ebsary,H Graham,NJ Carey,1,0,,,,,,"",""
ball,1,19.2,Perth Scorchers,H Graham,LK Ebsary,NJ Carey,0,0,,,,,,caught,H Graham
ball,1,19.3,Perth Scorchers,LK Ebsary,M Carmichael,NJ Carey,1,0,,,,,,"",""
ball,1,19.4,Perth Scorchers,M Carmichael,LK Ebsary,NJ Carey,1,0,,,,,,"",""
ball,1,19.5,Perth Scorchers,LK Ebsary,M Carmichael,NJ Carey,6,0,,,,,,"",""
ball,1,19.6,Perth Scorchers,LK Ebsary,M Carmichael,NJ Carey,1,0,,,,,,"",""
ball,2,0.1,Sydney Thunder,RL Haynes,SR Taylor,KH Brunt,0,0,,,,,,"",""
ball,2,0.2,Sydney Thunder,RL Haynes,SR Taylor,KH Brunt,0,0,,,,,,"",""
ball,2,0.3,Sydney Thunder,RL Haynes,SR Taylor,KH Brunt,0,0,,,,,,"",""
ball,2,0.4,Sydney Thunder,RL Haynes,SR Taylor,KH Brunt,2,0,,,,,,"",""
ball,2,0.5,Sydney Thunder,RL Haynes,SR Taylor,KH Brunt,1,0,,,,,,"",""
ball,2,0.6,Sydney Thunder,SR Taylor,RL Haynes,KH Brunt,0,0,,,,,,"",""
ball,2,1.1,Sydney Thunder,RL Haynes,SR Taylor,A Shrubsole,0,1,1,,,,,"",""
ball,2,1.2,Sydney Thunder,RL Haynes,SR Taylor,A Shrubsole,0,0,,,,,,run out,SR Taylor
ball,2,1.3,Sydney Thunder,AJ Blackwell,RL Haynes,A Shrubsole,4,0,,,,,,"",""
ball,2,1.4,Sydney Thunder,AJ Blackwell,RL Haynes,A Shrubsole,1,0,,,,,,"",""
ball,2,1.5,Sydney Thunder,RL Haynes,AJ Blackwell,A Shrubsole,0,0,,,,,,"",""
ball,2,1.6,Sydney Thunder,RL Haynes,AJ Blackwell,A Shrubsole,1,0,,,,,,"",""
ball,2,1.7,Sydney Thunder,AJ Blackwell,RL Haynes,A Shrubsole,0,0,,,,,,"",""
ball,2,2.1,Sydney Thunder,RL Haynes,AJ Blackwell,KH Brunt,1,0,,,,,,"",""
ball,2,2.2,Sydney Thunder,AJ Blackwell,RL Haynes,KH Brunt,1,0,,,,,,"",""
ball,2,2.3,Sydney Thunder,RL Haynes,AJ Blackwell,KH Brunt,0,0,,,,,,"",""
ball,2,2.4,Sydney Thunder,RL Haynes,AJ Blackwell,KH Brunt,1,0,,,,,,"",""
ball,2,2.5,Sydney Thunder,AJ Blackwell,RL Haynes,KH Brunt,0,0,,,,,,"",""
ball,2,2.6,Sydney Thunder,AJ Blackwell,RL Haynes,KH Brunt,0,5,5,,,,,"",""
ball,2,2.7,Sydney Thunder,AJ Blackwell,RL Haynes,KH Brunt,0,0,,,,,,"",""
ball,2,3.1,Sydney Thunder,RL Haynes,AJ Blackwell,A Shrubsole,0,0,,,,,,"",""
ball,2,3.2,Sydney Thunder,RL Haynes,AJ Blackwell,A Shrubsole,0,0,,,,,,"",""
ball,2,3.3,Sydney Thunder,RL Haynes,AJ Blackwell,A Shrubsole,0,0,,,,,,"",""
ball,2,3.4,Sydney Thunder,RL Haynes,AJ Blackwell,A Shrubsole,1,0,,,,,,"",""
ball,2,3.5,Sydney Thunder,AJ Blackwell,RL Haynes,A Shrubsole,1,0,,,,,,"",""
ball,2,3.6,Sydney Thunder,RL Haynes,AJ Blackwell,A Shrubsole,4,0,,,,,,"",""
ball,2,4.1,Sydney Thunder,AJ Blackwell,RL Haynes,KH Brunt,4,0,,,,,,"",""
ball,2,4.2,Sydney Thunder,AJ Blackwell,RL Haynes,KH Brunt,0,0,,,,,,"",""
ball,2,4.3,Sydney Thunder,AJ Blackwell,RL Haynes,KH Brunt,0,1,,,,1,,"",""
ball,2,4.4,Sydney Thunder,RL Haynes,AJ Blackwell,KH Brunt,0,0,,,,,,"",""
ball,2,4.5,Sydney Thunder,RL Haynes,AJ Blackwell,KH Brunt,0,0,,,,,,"",""
ball,2,4.6,Sydney Thunder,RL Haynes,AJ Blackwell,KH Brunt,0,0,,,,,,"",""
ball,2,5.1,Sydney Thunder,AJ Blackwell,RL Haynes,P Cleary,0,1,,1,,,,"",""
ball,2,5.2,Sydney Thunder,AJ Blackwell,RL Haynes,P Cleary,0,0,,,,,,"",""
ball,2,5.3,Sydney Thunder,AJ Blackwell,RL Haynes,P Cleary,0,1,1,,,,,"",""
ball,2,5.4,Sydney Thunder,AJ Blackwell,RL Haynes,P Cleary,2,0,,,,,,"",""
ball,2,5.5,Sydney Thunder,AJ Blackwell,RL Haynes,P Cleary,0,0,,,,,,"",""
ball,2,5.6,Sydney Thunder,AJ Blackwell,RL Haynes,P Cleary,1,0,,,,,,"",""
ball,2,5.7,Sydney Thunder,RL Haynes,AJ Blackwell,P Cleary,1,0,,,,,,"",""
ball,2,5.8,Sydney Thunder,AJ Blackwell,RL Haynes,P Cleary,2,0,,,,,,"",""
ball,2,6.1,Sydney Thunder,RL Haynes,AJ Blackwell,EL King,1,0,,,,,,"",""
ball,2,6.2,Sydney Thunder,AJ Blackwell,RL Haynes,EL King,1,0,,,,,,"",""
ball,2,6.3,Sydney Thunder,RL Haynes,AJ Blackwell,EL King,0,0,,,,,,"",""
ball,2,6.4,Sydney Thunder,RL Haynes,AJ Blackwell,EL King,1,0,,,,,,"",""
ball,2,6.5,Sydney Thunder,AJ Blackwell,RL Haynes,EL King,0,0,,,,,,"",""
ball,2,6.6,Sydney Thunder,AJ Blackwell,RL Haynes,EL King,4,0,,,,,,"",""
ball,2,7.1,Sydney Thunder,RL Haynes,AJ Blackwell,P Cleary,1,0,,,,,,"",""
ball,2,7.2,Sydney Thunder,AJ Blackwell,RL Haynes,P Cleary,1,0,,,,,,"",""
ball,2,7.3,Sydney Thunder,RL Haynes,AJ Blackwell,P Cleary,0,0,,,,,,caught,RL Haynes
ball,2,7.4,Sydney Thunder,AJ Blackwell,H Kaur,P Cleary,1,0,,,,,,"",""
ball,2,7.5,Sydney Thunder,H Kaur,AJ Blackwell,P Cleary,0,0,,,,,,"",""
ball,2,7.6,Sydney Thunder,H Kaur,AJ Blackwell,P Cleary,0,0,,,,,,"",""
ball,2,8.1,Sydney Thunder,AJ Blackwell,H Kaur,SW Bates,1,0,,,,,,"",""
ball,2,8.2,Sydney Thunder,H Kaur,AJ Blackwell,SW Bates,0,0,,,,,,"",""
ball,2,8.3,Sydney Thunder,H Kaur,AJ Blackwell,SW Bates,0,0,,,,,,"",""
ball,2,8.4,Sydney Thunder,H Kaur,AJ Blackwell,SW Bates,1,0,,,,,,"",""
ball,2,8.5,Sydney Thunder,AJ Blackwell,H Kaur,SW Bates,0,0,,,,,,"",""
ball,2,8.6,Sydney Thunder,AJ Blackwell,H Kaur,SW Bates,1,0,,,,,,"",""
ball,2,9.1,Sydney Thunder,AJ Blackwell,H Kaur,P Cleary,1,0,,,,,,"",""
ball,2,9.2,Sydney Thunder,H Kaur,AJ Blackwell,P Cleary,1,0,,,,,,"",""
ball,2,9.3,Sydney Thunder,AJ Blackwell,H Kaur,P Cleary,0,0,,,,,,"",""
ball,2,9.4,Sydney Thunder,AJ Blackwell,H Kaur,P Cleary,1,0,,,,,,"",""
ball,2,9.5,Sydney Thunder,H Kaur,AJ Blackwell,P Cleary,0,0,,,,,,"",""
ball,2,9.6,Sydney Thunder,H Kaur,AJ Blackwell,P Cleary,0,0,,,,,,"",""
ball,2,10.1,Sydney Thunder,AJ Blackwell,H Kaur,SW Bates,0,0,,,,,,"",""
ball,2,10.2,Sydney Thunder,AJ Blackwell,H Kaur,SW Bates,4,0,,,,,,"",""
ball,2,10.3,Sydney Thunder,AJ Blackwell,H Kaur,SW Bates,1,0,,,,,,"",""
ball,2,10.4,Sydney Thunder,H Kaur,AJ Blackwell,SW Bates,1,0,,,,,,"",""
ball,2,10.5,Sydney Thunder,AJ Blackwell,H Kaur,SW Bates,0,0,,,,,,"",""
ball,2,10.6,Sydney Thunder,AJ Blackwell,H Kaur,SW Bates,1,0,,,,,,"",""
ball,2,11.1,Sydney Thunder,AJ Blackwell,H Kaur,KH Brunt,4,0,,,,,,"",""
ball,2,11.2,Sydney Thunder,AJ Blackwell,H Kaur,KH Brunt,0,1,,,,1,,"",""
ball,2,11.3,Sydney Thunder,H Kaur,AJ Blackwell,KH Brunt,1,0,,,,,,"",""
ball,2,11.4,Sydney Thunder,AJ Blackwell,H Kaur,KH Brunt,1,0,,,,,,"",""
ball,2,11.5,Sydney Thunder,H Kaur,AJ Blackwell,KH Brunt,1,0,,,,,,"",""
ball,2,11.6,Sydney Thunder,AJ Blackwell,H Kaur,KH Brunt,1,0,,,,,,"",""
ball,2,12.1,Sydney Thunder,AJ Blackwell,H Kaur,P Cleary,0,0,,,,,,caught,AJ Blackwell
ball,2,12.2,Sydney Thunder,H Kaur,NE Stalenberg,P Cleary,0,0,,,,,,"",""
ball,2,12.3,Sydney Thunder,H Kaur,NE Stalenberg,P Cleary,1,0,,,,,,"",""
ball,2,12.4,Sydney Thunder,NE Stalenberg,H Kaur,P Cleary,0,0,,,,,,"",""
ball,2,12.5,Sydney Thunder,NE Stalenberg,H Kaur,P Cleary,0,0,,,,,,caught,NE Stalenberg
ball,2,12.6,Sydney Thunder,H Kaur,NJ Carey,P Cleary,1,0,,,,,,"",""
ball,2,13.1,Sydney Thunder,H Kaur,NJ Carey,H Graham,1,0,,,,,,"",""
ball,2,13.2,Sydney Thunder,NJ Carey,H Kaur,H Graham,1,0,,,,,,"",""
ball,2,13.3,Sydney Thunder,H Kaur,NJ Carey,H Graham,6,0,,,,,,"",""
ball,2,13.4,Sydney Thunder,H Kaur,NJ Carey,H Graham,1,0,,,,,,"",""
ball,2,13.5,Sydney Thunder,NJ Carey,H Kaur,H Graham,0,0,,,,,,"",""
ball,2,13.6,Sydney Thunder,NJ Carey,H Kaur,H Graham,1,0,,,,,,"",""
ball,2,14.1,Sydney Thunder,NJ Carey,H Kaur,A Shrubsole,0,0,,,,,,"",""
ball,2,14.2,Sydney Thunder,NJ Carey,H Kaur,A Shrubsole,1,0,,,,,,"",""
ball,2,14.3,Sydney Thunder,H Kaur,NJ Carey,A Shrubsole,1,0,,,,,,"",""
ball,2,14.4,Sydney Thunder,NJ Carey,H Kaur,A Shrubsole,1,0,,,,,,"",""
ball,2,14.5,Sydney Thunder,H Kaur,NJ Carey,A Shrubsole,1,0,,,,,,"",""
ball,2,14.6,Sydney Thunder,NJ Carey,H Kaur,A Shrubsole,1,0,,,,,,"",""
ball,2,15.1,Sydney Thunder,NJ Carey,H Kaur,SW Bates,0,0,,,,,,bowled,NJ Carey
ball,2,15.2,Sydney Thunder,EA Osborne,H Kaur,SW Bates,1,0,,,,,,"",""
ball,2,15.3,Sydney Thunder,H Kaur,EA Osborne,SW Bates,0,0,,,,,,"",""
ball,2,15.4,Sydney Thunder,H Kaur,EA Osborne,SW Bates,1,0,,,,,,"",""
ball,2,15.5,Sydney Thunder,EA Osborne,H Kaur,SW Bates,1,0,,,,,,"",""
ball,2,15.6,Sydney Thunder,H Kaur,EA Osborne,SW Bates,1,0,,,,,,"",""
ball,2,16.1,Sydney Thunder,H Kaur,EA Osborne,H Graham,6,0,,,,,,"",""
ball,2,16.2,Sydney Thunder,H Kaur,EA Osborne,H Graham,2,0,,,,,,"",""
ball,2,16.3,Sydney Thunder,H Kaur,EA Osborne,H Graham,6,0,,,,,,"",""
ball,2,16.4,Sydney Thunder,H Kaur,EA Osborne,H Graham,6,0,,,,,,"",""
ball,2,16.5,Sydney Thunder,H Kaur,EA Osborne,H Graham,1,0,,,,,,"",""
ball,2,16.6,Sydney Thunder,EA Osborne,H Kaur,H Graham,2,0,,,,,,"",""
ball,2,17.1,Sydney Thunder,H Kaur,EA Osborne,SW Bates,1,0,,,,,,"",""
ball,2,17.2,Sydney Thunder,EA Osborne,H Kaur,SW Bates,0,0,,,,,,caught and bowled,EA Osborne
ball,2,17.3,Sydney Thunder,RM Farrell,H Kaur,SW Bates,0,0,,,,,,"",""
ball,2,17.4,Sydney Thunder,RM Farrell,H Kaur,SW Bates,0,0,,,,,,"",""
ball,2,17.5,Sydney Thunder,RM Farrell,H Kaur,SW Bates,4,0,,,,,,"",""
ball,2,17.6,Sydney Thunder,RM Farrell,H Kaur,SW Bates,1,0,,,,,,"",""
ball,2,18.1,Sydney Thunder,RM Farrell,H Kaur,EL King,1,0,,,,,,"",""
ball,2,18.2,Sydney Thunder,H Kaur,RM Farrell,EL King,2,0,,,,,,"",""
ball,2,18.3,Sydney Thunder,H Kaur,RM Farrell,EL King,0,0,,,,,,"",""
ball,2,18.4,Sydney Thunder,H Kaur,RM Farrell,EL King,6,0,,,,,,"",""
ball,2,18.5,Sydney Thunder,H Kaur,RM Farrell,EL King,2,0,,,,,,"",""
ball,2,18.6,Sydney Thunder,H Kaur,RM Farrell,EL King,6,0,,,,,,"",""
ball,2,19.1,Sydney Thunder,RM Farrell,H Kaur,A Shrubsole,0,1,,,,1,,"",""
ball,2,19.2,Sydney Thunder,H Kaur,RM Farrell,A Shrubsole,2,0,,,,,,"",""
ball,2,19.3,Sydney Thunder,H Kaur,RM Farrell,A Shrubsole,1,0,,,,,,"",""
ball,2,19.4,Sydney Thunder,RM Farrell,H Kaur,A Shrubsole,1,0,,,,,,"",""
ball,2,19.5,Sydney Thunder,H Kaur,RM Farrell,A Shrubsole,0,0,,,,,,"",""
ball,2,19.6,Sydney Thunder,H Kaur,RM Farrell,A Shrubsole,4,0,,,,,,"",""
