version,1.6.0
info,balls_per_over,6
info,team,Sydney Sixers
info,team,Perth Scorchers
info,gender,female
info,season,2016/17
info,date,2017/01/28
info,event,Women's Big Bash League
info,venue,W.A.C.A. Ground
info,city,Perth
info,toss_winner,Perth Scorchers
info,toss_decision,field
info,player_of_match,SE Aley
info,umpire,GJ Davidson
info,umpire,SAJ Craig
info,tv_umpire,JD Ward
info,match_referee,SR Bernard
info,winner,Sydney Sixers
info,winner_runs,7
info,player,Sydney Sixers,AJ Healy
info,player,Sydney Sixers,D van Niekerk
info,player,Sydney Sixers,A Gardner
info,player,Sydney Sixers,SJ McGlashan
info,player,Sydney Sixers,M Kapp
info,player,Sydney Sixers,AR Reakes
info,player,Sydney Sixers,SE Aley
info,player,Sydney Sixers,KJ Garth
info,player,Sydney Sixers,LG Smith
info,player,Sydney Sixers,EA Leys
info,player,Sydney Sixers,J Hicks
info,player,Perth Scorchers,NE Bolton
info,player,Perth Scorchers,EJ Villani
info,player,Perth Scorchers,SW Bates
info,player,Perth Scorchers,KH Brunt
info,player,Perth Scorchers,H Graham
info,player,Perth Scorchers,LK Ebsary
info,player,Perth Scorchers,C Piparo
info,player,Perth Scorchers,A Shrubsole
info,player,Perth Scorchers,P Cleary
info,player,Perth Scorchers,EL King
info,player,Perth Scorchers,EJ Smith
info,registry,people,A Gardner,bc969efb
info,registry,people,A Shrubsole,32497ecd
info,registry,people,AJ Healy,321644de
info,registry,people,AR Reakes,13781d43
info,registry,people,C Leeson,d71e33bb
info,registry,people,C Piparo,276f3dde
info,registry,people,D van Niekerk,8c5775f3
info,registry,people,EA Leys,a6d06180
info,registry,people,EJ Smith,05911fef
info,registry,people,EJ Villani,cde96d97
info,registry,people,EL King,2708b41c
info,registry,people,GJ Davidson,31ad5973
info,registry,people,H Graham,99812d10
info,registry,people,J Hicks,38970358
info,registry,people,JD Ward,511299c1
info,registry,people,KH Brunt,6a434bd3
info,registry,people,KJ Garth,0b69a844
info,registry,people,LG Smith,9c515112
info,registry,people,LK Ebsary,884375bf
info,registry,people,M Kapp,63e3b6b3
info,registry,people,NE Bolton,dd883071
info,registry,people,P Cleary,507acf2e
info,registry,people,SAJ Craig,689f2eed
info,registry,people,SE Aley,5be043df
info,registry,people,SJ McGlashan,af71535d
info,registry,people,SR Bernard,800187dc
info,registry,people,SW Bates,89bbc67a
ball,1,0.1,Sydney Sixers,AJ Healy,D van Niekerk,KH Brunt,2,0,,,,,,"",""
ball,1,0.2,Sydney Sixers,AJ Healy,D van Niekerk,KH Brunt,4,0,,,,,,"",""
ball,1,0.3,Sydney Sixers,AJ Healy,D van Niekerk,KH Brunt,1,0,,,,,,"",""
ball,1,0.4,Sydney Sixers,D van Niekerk,AJ Healy,KH Brunt,1,0,,,,,,"",""
ball,1,0.5,Sydney Sixers,AJ Healy,D van Niekerk,KH Brunt,0,0,,,,,,"",""
ball,1,0.6,Sydney Sixers,AJ Healy,D van Niekerk,KH Brunt,1,0,,,,,,"",""
ball,1,1.1,Sydney Sixers,AJ Healy,D van Niekerk,A Shrubsole,1,0,,,,,,"",""
ball,1,1.2,Sydney Sixers,D van Niekerk,AJ Healy,A Shrubsole,0,0,,,,,,"",""
ball,1,1.3,Sydney Sixers,D van Niekerk,AJ Healy,A Shrubsole,0,0,,,,,,"",""
ball,1,1.4,Sydney Sixers,D van Niekerk,AJ Healy,A Shrubsole,0,0,,,,,,caught,D van Niekerk
ball,1,1.5,Sydney Sixers,A Gardner,AJ Healy,A Shrubsole,0,0,,,,,,"",""
ball,1,1.6,Sydney Sixers,A Gardner,AJ Healy,A Shrubsole,0,0,,,,,,"",""
ball,1,2.1,Sydney Sixers,AJ Healy,A Gardner,KH Brunt,1,0,,,,,,"",""
ball,1,2.2,Sydney Sixers,A Gardner,AJ Healy,KH Brunt,0,2,,,,2,,"",""
ball,1,2.3,Sydney Sixers,A Gardner,AJ Healy,KH Brunt,2,0,,,,,,"",""
ball,1,2.4,Sydney Sixers,A Gardner,AJ Healy,KH Brunt,0,0,,,,,,"",""
ball,1,2.5,Sydney Sixers,A Gardner,AJ Healy,KH Brunt,1,0,,,,,,"",""
ball,1,2.6,Sydney Sixers,AJ Healy,A Gardner,KH Brunt,1,0,,,,,,"",""
ball,1,3.1,Sydney Sixers,AJ Healy,A Gardner,A Shrubsole,0,0,,,,,,"",""
ball,1,3.2,Sydney Sixers,AJ Healy,A Gardner,A Shrubsole,1,0,,,,,,"",""
ball,1,3.3,Sydney Sixers,A Gardner,AJ Healy,A Shrubsole,0,0,,,,,,"",""
ball,1,3.4,Sydney Sixers,A Gardner,AJ Healy,A Shrubsole,0,0,,,,,,"",""
ball,1,3.5,Sydney Sixers,A Gardner,AJ Healy,A Shrubsole,0,0,,,,,,"",""
ball,1,3.6,Sydney Sixers,A Gardner,AJ Healy,A Shrubsole,0,0,,,,,,"",""
ball,1,4.1,Sydney Sixers,AJ Healy,A Gardner,P Cleary,1,0,,,,,,"",""
ball,1,4.2,Sydney Sixers,A Gardner,AJ Healy,P Cleary,0,0,,,,,,"",""
ball,1,4.3,Sydney Sixers,A Gardner,AJ Healy,P Cleary,4,0,,,,,,"",""
ball,1,4.4,Sydney Sixers,A Gardner,AJ Healy,P Cleary,0,0,,,,,,"",""
ball,1,4.5,Sydney Sixers,A Gardner,AJ Healy,P Cleary,0,1,1,,,,,"",""
ball,1,4.6,Sydney Sixers,A Gardner,AJ Healy,P Cleary,2,0,,,,,,"",""
ball,1,4.7,Sydney Sixers,A Gardner,AJ Healy,P Cleary,1,0,,,,,,"",""
ball,1,5.1,Sydney Sixers,A Gardner,AJ Healy,EL King,1,0,,,,,,"",""
ball,1,5.2,Sydney Sixers,AJ Healy,A Gardner,EL King,4,0,,,,,,"",""
ball,1,5.3,Sydney Sixers,AJ Healy,A Gardner,EL King,4,0,,,,,,"",""
ball,1,5.4,Sydney Sixers,AJ Healy,A Gardner,EL King,0,0,,,,,,"",""
ball,1,5.5,Sydney Sixers,AJ Healy,A Gardner,EL King,4,0,,,,,,"",""
ball,1,5.6,Sydney Sixers,AJ Healy,A Gardner,EL King,0,0,,,,,,"",""
ball,1,6.1,Sydney Sixers,A Gardner,AJ Healy,P Cleary,2,0,,,,,,"",""
ball,1,6.2,Sydney Sixers,A Gardner,AJ Healy,P Cleary,1,0,,,,,,"",""
ball,1,6.3,Sydney Sixers,AJ Healy,A Gardner,P Cleary,1,0,,,,,,"",""
ball,1,6.4,Sydney Sixers,A Gardner,AJ Healy,P Cleary,0,0,,,,,,"",""
ball,1,6.5,Sydney Sixers,A Gardner,AJ Healy,P Cleary,1,0,,,,,,"",""
ball,1,6.6,Sydney Sixers,AJ Healy,A Gardner,P Cleary,0,0,,,,,,"",""
ball,1,7.1,Sydney Sixers,A Gardner,AJ Healy,SW Bates,1,0,,,,,,"",""
ball,1,7.2,Sydney Sixers,AJ Healy,A Gardner,SW Bates,0,0,,,,,,"",""
ball,1,7.3,Sydney Sixers,AJ Healy,A Gardner,SW Bates,1,0,,,,,,"",""
ball,1,7.4,Sydney Sixers,A Gardner,AJ Healy,SW Bates,0,0,,,,,,"",""
ball,1,7.5,Sydney Sixers,A Gardner,AJ Healy,SW Bates,0,0,,,,,,"",""
ball,1,7.6,Sydney Sixers,A Gardner,AJ Healy,SW Bates,0,0,,,,,,"",""
ball,1,8.1,Sydney Sixers,AJ Healy,A Gardner,KH Brunt,4,0,,,,,,"",""
ball,1,8.2,Sydney Sixers,AJ Healy,A Gardner,KH Brunt,2,0,,,,,,"",""
ball,1,8.3,Sydney Sixers,AJ Healy,A Gardner,KH Brunt,4,0,,,,,,"",""
ball,1,8.4,Sydney Sixers,AJ Healy,A Gardner,KH Brunt,1,0,,,,,,"",""
ball,1,8.5,Sydney Sixers,A Gardner,AJ Healy,KH Brunt,2,0,,,,,,"",""
ball,1,8.6,Sydney Sixers,A Gardner,AJ Healy,KH Brunt,0,1,,,,1,,"",""
ball,1,9.1,Sydney Sixers,A Gardner,AJ Healy,SW Bates,0,0,,,,,,"",""
ball,1,9.2,Sydney Sixers,A Gardner,AJ Healy,SW Bates,1,0,,,,,,"",""
ball,1,9.3,Sydney Sixers,AJ Healy,A Gardner,SW Bates,1,1,,1,,,,"",""
ball,1,9.4,Sydney Sixers,A Gardner,AJ Healy,SW Bates,0,0,,,,,,"",""
ball,1,9.5,Sydney Sixers,A Gardner,AJ Healy,SW Bates,2,0,,,,,,"",""
ball,1,9.6,Sydney Sixers,A Gardner,AJ Healy,SW Bates,0,0,,,,,,bowled,A Gardner
ball,1,9.7,Sydney Sixers,SJ McGlashan,AJ Healy,SW Bates,2,0,,,,,,"",""
ball,1,10.1,Sydney Sixers,AJ Healy,SJ McGlashan,P Cleary,1,0,,,,,,"",""
ball,1,10.2,Sydney Sixers,SJ McGlashan,AJ Healy,P Cleary,0,0,,,,,,"",""
ball,1,10.3,Sydney Sixers,SJ McGlashan,AJ Healy,P Cleary,0,0,,,,,,"",""
ball,1,10.4,Sydney Sixers,SJ McGlashan,AJ Healy,P Cleary,0,1,,,,1,,"",""
ball,1,10.5,Sydney Sixers,AJ Healy,SJ McGlashan,P Cleary,0,0,,,,,,caught,AJ Healy
ball,1,10.6,Sydney Sixers,SJ McGlashan,M Kapp,P Cleary,0,0,,,,,,"",""
ball,1,11.1,Sydney Sixers,M Kapp,SJ McGlashan,A Shrubsole,1,0,,,,,,"",""
ball,1,11.2,Sydney Sixers,SJ McGlashan,M Kapp,A Shrubsole,2,0,,,,,,"",""
ball,1,11.3,Sydney Sixers,SJ McGlashan,M Kapp,A Shrubsole,1,0,,,,,,"",""
ball,1,11.4,Sydney Sixers,M Kapp,SJ McGlashan,A Shrubsole,0,0,,,,,,"",""
ball,1,11.5,Sydney Sixers,M Kapp,SJ McGlashan,A Shrubsole,0,0,,,,,,"",""
ball,1,11.6,Sydney Sixers,M Kapp,SJ McGlashan,A Shrubsole,0,1,,,,1,,"",""
ball,1,12.1,Sydney Sixers,M Kapp,SJ McGlashan,EL King,1,0,,,,,,"",""
ball,1,12.2,Sydney Sixers,SJ McGlashan,M Kapp,EL King,0,0,,,,,,"",""
ball,1,12.3,Sydney Sixers,SJ McGlashan,M Kapp,EL King,1,0,,,,,,"",""
ball,1,12.4,Sydney Sixers,M Kapp,SJ McGlashan,EL King,1,0,,,,,,"",""
ball,1,12.5,Sydney Sixers,SJ McGlashan,M Kapp,EL King,1,0,,,,,,"",""
ball,1,12.6,Sydney Sixers,M Kapp,SJ McGlashan,EL King,0,0,,,,,,"",""
ball,1,13.1,Sydney Sixers,SJ McGlashan,M Kapp,H Graham,1,0,,,,,,"",""
ball,1,13.2,Sydney Sixers,M Kapp,SJ McGlashan,H Graham,1,0,,,,,,"",""
ball,1,13.3,Sydney Sixers,SJ McGlashan,M Kapp,H Graham,0,0,,,,,,caught,SJ McGlashan
ball,1,13.4,Sydney Sixers,AR Reakes,M Kapp,H Graham,0,0,,,,,,"",""
ball,1,13.5,Sydney Sixers,AR Reakes,M Kapp,H Graham,0,0,,,,,,"",""
ball,1,13.6,Sydney Sixers,AR Reakes,M Kapp,H Graham,0,0,,,,,,"",""
ball,1,14.1,Sydney Sixers,M Kapp,AR Reakes,EL King,2,0,,,,,,"",""
ball,1,14.2,Sydney Sixers,M Kapp,AR Reakes,EL King,0,0,,,,,,"",""
ball,1,14.3,Sydney Sixers,M Kapp,AR Reakes,EL King,0,0,,,,,,"",""
ball,1,14.4,Sydney Sixers,M Kapp,AR Reakes,EL King,0,0,,,,,,"",""
ball,1,14.5,Sydney Sixers,M Kapp,AR Reakes,EL King,1,0,,,,,,"",""
ball,1,14.6,Sydney Sixers,AR Reakes,M Kapp,EL King,1,0,,,,,,"",""
ball,1,15.1,Sydney Sixers,AR Reakes,M Kapp,H Graham,1,0,,,,,,"",""
ball,1,15.2,Sydney Sixers,M Kapp,AR Reakes,H Graham,1,0,,,,,,"",""
ball,1,15.3,Sydney Sixers,AR Reakes,M Kapp,H Graham,0,0,,,,,,"",""
ball,1,15.4,Sydney Sixers,AR Reakes,M Kapp,H Graham,0,0,,,,,,"",""
ball,1,15.5,Sydney Sixers,AR Reakes,M Kapp,H Graham,0,0,,,,,,"",""
ball,1,15.6,Sydney Sixers,AR Reakes,M Kapp,H Graham,0,0,,,,,,"",""
ball,1,16.1,Sydney Sixers,M Kapp,AR Reakes,EL King,2,0,,,,,,"",""
ball,1,16.2,Sydney Sixers,M Kapp,AR Reakes,EL King,1,0,,,,,,"",""
ball,1,16.3,Sydney Sixers,AR Reakes,M Kapp,EL King,1,0,,,,,,"",""
ball,1,16.4,Sydney Sixers,M Kapp,AR Reakes,EL King,2,0,,,,,,"",""
ball,1,16.5,Sydney Sixers,M Kapp,AR Reakes,EL King,4,0,,,,,,"",""
ball,1,16.6,Sydney Sixers,M Kapp,AR Reakes,EL King,1,0,,,,,,"",""
ball,1,17.1,Sydney Sixers,M Kapp,AR Reakes,H Graham,1,0,,,,,,"",""
ball,1,17.2,Sydney Sixers,AR Reakes,M Kapp,H Graham,1,0,,,,,,"",""
ball,1,17.3,Sydney Sixers,M Kapp,AR Reakes,H Graham,1,0,,,,,,"",""
ball,1,17.4,Sydney Sixers,AR Reakes,M Kapp,H Graham,1,0,,,,,,"",""
ball,1,17.5,Sydney Sixers,M Kapp,AR Reakes,H Graham,4,0,,,,,,"",""
ball,1,17.6,Sydney Sixers,M Kapp,AR Reakes,H Graham,0,0,,,,,,"",""
ball,1,18.1,Sydney Sixers,AR Reakes,M Kapp,SW Bates,0,1,,,,1,,"",""
ball,1,18.2,Sydney Sixers,M Kapp,AR Reakes,SW Bates,1,0,,,,,,"",""
ball,1,18.3,Sydney Sixers,AR Reakes,M Kapp,SW Bates,1,0,,,,,,"",""
ball,1,18.4,Sydney Sixers,M Kapp,AR Reakes,SW Bates,1,0,,,,,,"",""
ball,1,18.5,Sydney Sixers,AR Reakes,M Kapp,SW Bates,2,0,,,,,,"",""
ball,1,18.6,Sydney Sixers,AR Reakes,M Kapp,SW Bates,1,0,,,,,,"",""
ball,1,19.1,Sydney Sixers,AR Reakes,M Kapp,A Shrubsole,2,0,,,,,,"",""
ball,1,19.2,Sydney Sixers,AR Reakes,M Kapp,A Shrubsole,0,0,,,,,,bowled,AR Reakes
ball,1,19.3,Sydney Sixers,SE Aley,M Kapp,A Shrubsole,1,0,,,,,,"",""
ball,1,19.4,Sydney Sixers,M Kapp,SE Aley,A Shrubsole,4,0,,,,,,"",""
ball,1,19.5,Sydney Sixers,M Kapp,SE Aley,A Shrubsole,2,0,,,,,,"",""
ball,1,19.6,Sydney Sixers,M Kapp,SE Aley,A Shrubsole,2,0,,,,,,"",""
ball,2,0.1,Perth Scorchers,NE Bolton,EJ Villani,M Kapp,0,0,,,,,,"",""
ball,2,0.2,Perth Scorchers,NE Bolton,EJ Villani,M Kapp,0,0,,,,,,"",""
ball,2,0.3,Perth Scorchers,NE Bolton,EJ Villani,M Kapp,0,0,,,,,,"",""
ball,2,0.4,Perth Scorchers,NE Bolton,EJ Villani,M Kapp,0,0,,,,,,"",""
ball,2,0.5,Perth Scorchers,NE Bolton,EJ Villani,M Kapp,1,0,,,,,,"",""
ball,2,0.6,Perth Scorchers,EJ Villani,NE Bolton,M Kapp,0,0,,,,,,"",""
ball,2,1.1,Perth Scorchers,NE Bolton,EJ Villani,A Gardner,0,0,,,,,,"",""
ball,2,1.2,Perth Scorchers,NE Bolton,EJ Villani,A Gardner,0,0,,,,,,"",""
ball,2,1.3,Perth Scorchers,NE Bolton,EJ Villani,A Gardner,2,0,,,,,,"",""
ball,2,1.4,Perth Scorchers,NE Bolton,EJ Villani,A Gardner,0,0,,,,,,"",""
ball,2,1.5,Perth Scorchers,NE Bolton,EJ Villani,A Gardner,0,0,,,,,,"",""
ball,2,1.6,Perth Scorchers,NE Bolton,EJ Villani,A Gardner,4,0,,,,,,"",""
ball,2,2.1,Perth Scorchers,EJ Villani,NE Bolton,M Kapp,0,0,,,,,,"",""
ball,2,2.2,Perth Scorchers,EJ Villani,NE Bolton,M Kapp,0,0,,,,,,"",""
ball,2,2.3,Perth Scorchers,EJ Villani,NE Bolton,M Kapp,2,0,,,,,,"",""
ball,2,2.4,Perth Scorchers,EJ Villani,NE Bolton,M Kapp,0,0,,,,,,"",""
ball,2,2.5,Perth Scorchers,EJ Villani,NE Bolton,M Kapp,0,0,,,,,,"",""
ball,2,2.6,Perth Scorchers,EJ Villani,NE Bolton,M Kapp,4,0,,,,,,"",""
ball,2,3.1,Perth Scorchers,NE Bolton,EJ Villani,A Gardner,1,0,,,,,,"",""
ball,2,3.2,Perth Scorchers,EJ Villani,NE Bolton,A Gardner,0,0,,,,,,"",""
ball,2,3.3,Perth Scorchers,EJ Villani,NE Bolton,A Gardner,0,0,,,,,,"",""
ball,2,3.4,Perth Scorchers,EJ Villani,NE Bolton,A Gardner,4,0,,,,,,"",""
ball,2,3.5,Perth Scorchers,EJ Villani,NE Bolton,A Gardner,4,0,,,,,,"",""
ball,2,3.6,Perth Scorchers,EJ Villani,NE Bolton,A Gardner,0,0,,,,,,"",""
ball,2,4.1,Perth Scorchers,NE Bolton,EJ Villani,M Kapp,4,0,,,,,,"",""
ball,2,4.2,Perth Scorchers,NE Bolton,EJ Villani,M Kapp,1,0,,,,,,"",""
ball,2,4.3,Perth Scorchers,EJ Villani,NE Bolton,M Kapp,4,0,,,,,,"",""
ball,2,4.4,Perth Scorchers,EJ Villani,NE Bolton,M Kapp,4,0,,,,,,"",""
ball,2,4.5,Perth Scorchers,EJ Villani,NE Bolton,M Kapp,1,0,,,,,,"",""
ball,2,4.6,Perth Scorchers,NE Bolton,EJ Villani,M Kapp,1,0,,,,,,"",""
ball,2,5.1,Perth Scorchers,NE Bolton,EJ Villani,SE Aley,1,0,,,,,,"",""
ball,2,5.2,Perth Scorchers,EJ Villani,NE Bolton,SE Aley,0,0,,,,,,"",""
ball,2,5.3,Perth Scorchers,EJ Villani,NE Bolton,SE Aley,0,0,,,,,,"",""
ball,2,5.4,Perth Scorchers,EJ Villani,NE Bolton,SE Aley,0,0,,,,,,"",""
ball,2,5.5,Perth Scorchers,EJ Villani,NE Bolton,SE Aley,0,0,,,,,,"",""
ball,2,5.6,Perth Scorchers,EJ Villani,NE Bolton,SE Aley,0,0,,,,,,caught,EJ Villani
ball,2,6.1,Perth Scorchers,NE Bolton,SW Bates,KJ Garth,0,0,,,,,,"",""
ball,2,6.2,Perth Scorchers,NE Bolton,SW Bates,KJ Garth,4,0,,,,,,"",""
ball,2,6.3,Perth Scorchers,NE Bolton,SW Bates,KJ Garth,0,0,,,,,,"",""
ball,2,6.4,Perth Scorchers,NE Bolton,SW Bates,KJ Garth,1,0,,,,,,"",""
ball,2,6.5,Perth Scorchers,SW Bates,NE Bolton,KJ Garth,0,0,,,,,,"",""
ball,2,6.6,Perth Scorchers,SW Bates,NE Bolton,KJ Garth,0,0,,,,,,"",""
ball,2,7.1,Perth Scorchers,NE Bolton,SW Bates,SE Aley,1,0,,,,,,"",""
ball,2,7.2,Perth Scorchers,SW Bates,NE Bolton,SE Aley,0,0,,,,,,"",""
ball,2,7.3,Perth Scorchers,SW Bates,NE Bolton,SE Aley,1,0,,,,,,"",""
ball,2,7.4,Perth Scorchers,NE Bolton,SW Bates,SE Aley,4,0,,,,,,"",""
ball,2,7.5,Perth Scorchers,NE Bolton,SW Bates,SE Aley,1,0,,,,,,"",""
ball,2,7.6,Perth Scorchers,SW Bates,NE Bolton,SE Aley,1,0,,,,,,"",""
ball,2,8.1,Perth Scorchers,SW Bates,NE Bolton,KJ Garth,1,0,,,,,,"",""
ball,2,8.2,Perth Scorchers,NE Bolton,SW Bates,KJ Garth,1,0,,,,,,"",""
ball,2,8.3,Perth Scorchers,SW Bates,NE Bolton,KJ Garth,1,0,,,,,,"",""
ball,2,8.4,Perth Scorchers,NE Bolton,SW Bates,KJ Garth,1,0,,,,,,"",""
ball,2,8.5,Perth Scorchers,SW Bates,NE Bolton,KJ Garth,2,0,,,,,,"",""
ball,2,8.6,Perth Scorchers,SW Bates,NE Bolton,KJ Garth,0,0,,,,,,"",""
ball,2,9.1,Perth Scorchers,NE Bolton,SW Bates,D van Niekerk,0,0,,,,,,"",""
ball,2,9.2,Perth Scorchers,NE Bolton,SW Bates,D van Niekerk,1,0,,,,,,"",""
ball,2,9.3,Perth Scorchers,SW Bates,NE Bolton,D van Niekerk,0,0,,,,,,"",""
ball,2,9.4,Perth Scorchers,SW Bates,NE Bolton,D van Niekerk,1,0,,,,,,"",""
ball,2,9.5,Perth Scorchers,NE Bolton,SW Bates,D van Niekerk,1,0,,,,,,"",""
ball,2,9.6,Perth Scorchers,SW Bates,NE Bolton,D van Niekerk,0,0,,,,,,"",""
ball,2,10.1,Perth Scorchers,NE Bolton,SW Bates,KJ Garth,0,0,,,,,,"",""
ball,2,10.2,Perth Scorchers,NE Bolton,SW Bates,KJ Garth,1,0,,,,,,"",""
ball,2,10.3,Perth Scorchers,SW Bates,NE Bolton,KJ Garth,0,0,,,,,,"",""
ball,2,10.4,Perth Scorchers,SW Bates,NE Bolton,KJ Garth,0,0,,,,,,run out,SW Bates
ball,2,10.5,Perth Scorchers,NE Bolton,KH Brunt,KJ Garth,1,0,,,,,,"",""
ball,2,10.6,Perth Scorchers,KH Brunt,NE Bolton,KJ Garth,1,0,,,,,,"",""
ball,2,11.1,Perth Scorchers,KH Brunt,NE Bolton,D van Niekerk,1,0,,,,,,"",""
ball,2,11.2,Perth Scorchers,NE Bolton,KH Brunt,D van Niekerk,1,0,,,,,,"",""
ball,2,11.3,Perth Scorchers,KH Brunt,NE Bolton,D van Niekerk,1,0,,,,,,"",""
ball,2,11.4,Perth Scorchers,NE Bolton,KH Brunt,D van Niekerk,1,0,,,,,,"",""
ball,2,11.5,Perth Scorchers,KH Brunt,NE Bolton,D van Niekerk,1,0,,,,,,"",""
ball,2,11.6,Perth Scorchers,NE Bolton,KH Brunt,D van Niekerk,0,1,1,,,,,"",""
ball,2,11.7,Perth Scorchers,NE Bolton,KH Brunt,D van Niekerk,0,0,,,,,,"",""
ball,2,12.1,Perth Scorchers,KH Brunt,NE Bolton,KJ Garth,0,0,,,,,,"",""
ball,2,12.2,Perth Scorchers,KH Brunt,NE Bolton,KJ Garth,0,1,1,,,,,"",""
ball,2,12.3,Perth Scorchers,KH Brunt,NE Bolton,KJ Garth,4,0,,,,,,"",""
ball,2,12.4,Perth Scorchers,KH Brunt,NE Bolton,KJ Garth,0,0,,,,,,"",""
ball,2,12.5,Perth Scorchers,KH Brunt,NE Bolton,KJ Garth,1,0,,,,,,"",""
ball,2,12.6,Perth Scorchers,NE Bolton,KH Brunt,KJ Garth,0,0,,,,,,caught,NE Bolton
ball,2,12.7,Perth Scorchers,KH Brunt,H Graham,KJ Garth,0,0,,,,,,"",""
ball,2,13.1,Perth Scorchers,H Graham,KH Brunt,LG Smith,1,0,,,,,,"",""
ball,2,13.2,Perth Scorchers,KH Brunt,H Graham,LG Smith,0,0,,,,,,"",""
ball,2,13.3,Perth Scorchers,KH Brunt,H Graham,LG Smith,1,0,,,,,,"",""
ball,2,13.4,Perth Scorchers,H Graham,KH Brunt,LG Smith,1,0,,,,,,"",""
ball,2,13.5,Perth Scorchers,KH Brunt,H Graham,LG Smith,1,0,,,,,,"",""
ball,2,13.6,Perth Scorchers,H Graham,KH Brunt,LG Smith,0,0,,,,,,"",""
ball,2,14.1,Perth Scorchers,KH Brunt,H Graham,SE Aley,1,0,,,,,,"",""
ball,2,14.2,Perth Scorchers,H Graham,KH Brunt,SE Aley,0,0,,,,,,bowled,H Graham
ball,2,14.3,Perth Scorchers,LK Ebsary,KH Brunt,SE Aley,0,0,,,,,,"",""
ball,2,14.4,Perth Scorchers,LK Ebsary,KH Brunt,SE Aley,1,0,,,,,,"",""
ball,2,14.5,Perth Scorchers,KH Brunt,LK Ebsary,SE Aley,2,0,,,,,,"",""
ball,2,14.6,Perth Scorchers,KH Brunt,LK Ebsary,SE Aley,1,0,,,,,,"",""
ball,2,15.1,Perth Scorchers,KH Brunt,LK Ebsary,LG Smith,0,0,,,,,,run out,LK Ebsary
ball,2,15.2,Perth Scorchers,KH Brunt,C Piparo,LG Smith,0,0,,,,,,"",""
ball,2,15.3,Perth Scorchers,KH Brunt,C Piparo,LG Smith,3,0,,,,,,"",""
ball,2,15.4,Perth Scorchers,C Piparo,KH Brunt,LG Smith,0,0,,,,,,"",""
ball,2,15.5,Perth Scorchers,C Piparo,KH Brunt,LG Smith,2,0,,,,,,"",""
ball,2,15.6,Perth Scorchers,C Piparo,KH Brunt,LG Smith,1,0,,,,,,"",""
ball,2,16.1,Perth Scorchers,C Piparo,KH Brunt,M Kapp,1,0,,,,,,"",""
ball,2,16.2,Perth Scorchers,KH Brunt,C Piparo,M Kapp,0,0,,,,,,"",""
ball,2,16.3,Perth Scorchers,KH Brunt,C Piparo,M Kapp,1,0,,,,,,"",""
ball,2,16.4,Perth Scorchers,C Piparo,KH Brunt,M Kapp,0,1,,,,1,,"",""
ball,2,16.5,Perth Scorchers,KH Brunt,C Piparo,M Kapp,1,0,,,,,,"",""
ball,2,16.6,Perth Scorchers,C Piparo,KH Brunt,M Kapp,1,0,,,,,,"",""
ball,2,17.1,Perth Scorchers,C Piparo,KH Brunt,D van Niekerk,1,0,,,,,,"",""
ball,2,17.2,Perth Scorchers,KH Brunt,C Piparo,D van Niekerk,1,0,,,,,,"",""
ball,2,17.3,Perth Scorchers,C Piparo,KH Brunt,D van Niekerk,1,0,,,,,,"",""
ball,2,17.4,Perth Scorchers,KH Brunt,C Piparo,D van Niekerk,0,0,,,,,,"",""
ball,2,17.5,Perth Scorchers,KH Brunt,C Piparo,D van Niekerk,2,0,,,,,,"",""
ball,2,17.6,Perth Scorchers,KH Brunt,C Piparo,D van Niekerk,0,0,,,,,,"",""
ball,2,18.1,Perth Scorchers,C Piparo,KH Brunt,SE Aley,0,0,,,,,,bowled,C Piparo
ball,2,18.2,Perth Scorchers,A Shrubsole,KH Brunt,SE Aley,0,0,,,,,,bowled,A Shrubsole
ball,2,18.3,Perth Scorchers,P Cleary,KH Brunt,SE Aley,1,0,,,,,,"",""
ball,2,18.4,Perth Scorchers,KH Brunt,P Cleary,SE Aley,1,0,,,,,,"",""
ball,2,18.5,Perth Scorchers,P Cleary,KH Brunt,SE Aley,1,0,,,,,,"",""
ball,2,18.6,Perth Scorchers,KH Brunt,P Cleary,SE Aley,6,0,,,,,,"",""
ball,2,19.1,Perth Scorchers,P Cleary,KH Brunt,LG Smith,0,0,,,,,,"",""
ball,2,19.2,Perth Scorchers,P Cleary,KH Brunt,LG Smith,1,0,,,,,,"",""
ball,2,19.3,Perth Scorchers,KH Brunt,P Cleary,LG Smith,2,0,,,,,,"",""
ball,2,19.4,Perth Scorchers,KH Brunt,P Cleary,LG Smith,2,0,,,,,,"",""
ball,2,19.5,Perth Scorchers,KH Brunt,P Cleary,LG Smith,1,0,,,,,,"",""
ball,2,19.6,Perth Scorchers,P Cleary,KH Brunt,LG Smith,2,0,,,,,,"",""
