version,1.6.0
info,balls_per_over,6
info,team,Adelaide Strikers
info,team,Perth Scorchers
info,gender,female
info,season,2016/17
info,date,2017/01/14
info,event,Women's Big Bash League
info,match_number,43
info,venue,W.A.C.A. Ground
info,city,Perth
info,toss_winner,Perth Scorchers
info,toss_decision,field
info,player_of_match,H Graham
info,umpire,NR Johnstone
info,umpire,T Steenholdt
info,match_referee,Terry Prue
info,winner,Perth Scorchers
info,winner_wickets,7
info,player,Adelaide Strikers,CM Edwards
info,player,Adelaide Strikers,TJ McPharlin
info,player,Adelaide Strikers,SFM Devine
info,player,Adelaide Strikers,TT Beaumont
info,player,Adelaide Strikers,BE Patterson
info,player,Adelaide Strikers,ML Schutt
info,player,Adelaide Strikers,SJ Coyte
info,player,Adelaide Strikers,TM McGrath
info,player,Adelaide Strikers,A Wellington
info,player,Adelaide Strikers,A Price
info,player,Adelaide Strikers,S Nitschke
info,player,Perth Scorchers,SW Bates
info,player,Perth Scorchers,EJ Villani
info,player,Perth Scorchers,NE Bolton
info,player,Perth Scorchers,H Graham
info,player,Perth Scorchers,LK Ebsary
info,player,Perth Scorchers,KH Brunt
info,player,Perth Scorchers,C Piparo
info,player,Perth Scorchers,A Shrubsole
info,player,Perth Scorchers,EL King
info,player,Perth Scorchers,EJ Smith
info,player,Perth Scorchers,P Cleary
info,registry,people,A Price,99e26cea
info,registry,people,A Shrubsole,32497ecd
info,registry,people,A Wellington,9b3bcca4
info,registry,people,BE Patterson,7dfbcfff
info,registry,people,C Piparo,276f3dde
info,registry,people,CM Edwards,d4188b60
info,registry,people,EJ Smith,05911fef
info,registry,people,EJ Villani,cde96d97
info,registry,people,EL King,2708b41c
info,registry,people,H Graham,99812d10
info,registry,people,KH Brunt,6a434bd3
info,registry,people,LK Ebsary,884375bf
info,registry,people,ML Schutt,17608a6f
info,registry,people,NE Bolton,dd883071
info,registry,people,NR Johnstone,ce274b6a
info,registry,people,P Cleary,507acf2e
info,registry,people,S Nitschke,3032933c
info,registry,people,SFM Devine,de69af96
info,registry,people,SJ Coyte,a5f488bc
info,registry,people,SW Bates,89bbc67a
info,registry,people,T Steenholdt,715959cd
info,registry,people,TJ McPharlin,595e1ee7
info,registry,people,TM McGrath,ca5acfa4
info,registry,people,TT Beaumont,b2664905
info,registry,people,Terry Prue,16f16957
ball,1,0.1,Adelaide Strikers,CM Edwards,TJ McPharlin,KH Brunt,0,0,,,,,,"",""
ball,1,0.2,Adelaide Strikers,CM Edwards,TJ McPharlin,KH Brunt,1,0,,,,,,"",""
ball,1,0.3,Adelaide Strikers,TJ McPharlin,CM Edwards,KH Brunt,0,0,,,,,,"",""
ball,1,0.4,Adelaide Strikers,TJ McPharlin,CM Edwards,KH Brunt,0,0,,,,,,"",""
ball,1,0.5,Adelaide Strikers,TJ McPharlin,CM Edwards,KH Brunt,1,0,,,,,,"",""
ball,1,0.6,Adelaide Strikers,CM Edwards,TJ McPharlin,KH Brunt,4,0,,,,,,"",""
ball,1,1.1,Adelaide Strikers,TJ McPharlin,CM Edwards,A Shrubsole,0,1,1,,,,,"",""
ball,1,1.2,Adelaide Strikers,TJ McPharlin,CM Edwards,A Shrubsole,0,1,,,,1,,"",""
ball,1,1.3,Adelaide Strikers,CM Edwards,TJ McPharlin,A Shrubsole,1,0,,,,,,"",""
ball,1,1.4,Adelaide Strikers,TJ McPharlin,CM Edwards,A Shrubsole,0,0,,,,,,"",""
ball,1,1.5,Adelaide Strikers,TJ McPharlin,CM Edwards,A Shrubsole,1,0,,,,,,"",""
ball,1,1.6,Adelaide Strikers,CM Edwards,TJ McPharlin,A Shrubsole,0,1,1,,,,,"",""
ball,1,1.7,Adelaide Strikers,CM Edwards,TJ McPharlin,A Shrubsole,4,0,,,,,,"",""
ball,1,1.8,Adelaide Strikers,CM Edwards,TJ McPharlin,A Shrubsole,0,0,,,,,,"",""
ball,1,2.1,Adelaide Strikers,TJ McPharlin,CM Edwards,KH Brunt,0,0,,,,,,"",""
ball,1,2.2,Adelaide Strikers,TJ McPharlin,CM Edwards,KH Brunt,0,0,,,,,,"",""
ball,1,2.3,Adelaide Strikers,TJ McPharlin,CM Edwards,KH Brunt,4,0,,,,,,"",""
ball,1,2.4,Adelaide Strikers,TJ McPharlin,CM Edwards,KH Brunt,1,0,,,,,,"",""
ball,1,2.5,Adelaide Strikers,CM Edwards,TJ McPharlin,KH Brunt,0,0,,,,,,"",""
ball,1,2.6,Adelaide Strikers,CM Edwards,TJ McPharlin,KH Brunt,1,0,,,,,,"",""
ball,1,3.1,Adelaide Strikers,CM Edwards,TJ McPharlin,P Cleary,1,0,,,,,,"",""
ball,1,3.2,Adelaide Strikers,TJ McPharlin,CM Edwards,P Cleary,0,0,,,,,,"",""
ball,1,3.3,Adelaide Strikers,TJ McPharlin,CM Edwards,P Cleary,1,0,,,,,,"",""
ball,1,3.4,Adelaide Strikers,CM Edwards,TJ McPharlin,P Cleary,0,0,,,,,,"",""
ball,1,3.5,Adelaide Strikers,CM Edwards,TJ McPharlin,P Cleary,1,0,,,,,,"",""
ball,1,3.6,Adelaide Strikers,TJ McPharlin,CM Edwards,P Cleary,0,0,,,,,,"",""
ball,1,4.1,Adelaide Strikers,CM Edwards,TJ McPharlin,EL King,0,0,,,,,,"",""
ball,1,4.2,Adelaide Strikers,CM Edwards,TJ McPharlin,EL King,4,0,,,,,,"",""
ball,1,4.3,Adelaide Strikers,CM Edwards,TJ McPharlin,EL King,1,0,,,,,,"",""
ball,1,4.4,Adelaide Strikers,TJ McPharlin,CM Edwards,EL King,0,0,,,,,,"",""
ball,1,4.5,Adelaide Strikers,TJ McPharlin,CM Edwards,EL King,1,0,,,,,,"",""
ball,1,4.6,Adelaide Strikers,CM Edwards,TJ McPharlin,EL King,4,0,,,,,,"",""
ball,1,5.1,Adelaide Strikers,TJ McPharlin,CM Edwards,P Cleary,0,0,,,,,,lbw,TJ McPharlin
ball,1,5.2,Adelaide Strikers,SFM Devine,CM Edwards,P Cleary,4,0,,,,,,"",""
ball,1,5.3,Adelaide Strikers,SFM Devine,CM Edwards,P Cleary,1,0,,,,,,"",""
ball,1,5.4,Adelaide Strikers,CM Edwards,SFM Devine,P Cleary,0,0,,,,,,"",""
ball,1,5.5,Adelaide Strikers,CM Edwards,SFM Devine,P Cleary,0,0,,,,,,"",""
ball,1,5.6,Adelaide Strikers,CM Edwards,SFM Devine,P Cleary,4,0,,,,,,"",""
ball,1,6.1,Adelaide Strikers,SFM Devine,CM Edwards,A Shrubsole,1,0,,,,,,"",""
ball,1,6.2,Adelaide Strikers,CM Edwards,SFM Devine,A Shrubsole,1,0,,,,,,"",""
ball,1,6.3,Adelaide Strikers,SFM Devine,CM Edwards,A Shrubsole,0,0,,,,,,"",""
ball,1,6.4,Adelaide Strikers,SFM Devine,CM Edwards,A Shrubsole,0,0,,,,,,"",""
ball,1,6.5,Adelaide Strikers,SFM Devine,CM Edwards,A Shrubsole,1,0,,,,,,"",""
ball,1,6.6,Adelaide Strikers,CM Edwards,SFM Devine,A Shrubsole,2,0,,,,,,"",""
ball,1,7.1,Adelaide Strikers,SFM Devine,CM Edwards,SW Bates,0,0,,,,,,"",""
ball,1,7.2,Adelaide Strikers,SFM Devine,CM Edwards,SW Bates,0,0,,,,,,"",""
ball,1,7.3,Adelaide Strikers,SFM Devine,CM Edwards,SW Bates,0,0,,,,,,"",""
ball,1,7.4,Adelaide Strikers,SFM Devine,CM Edwards,SW Bates,1,0,,,,,,"",""
ball,1,7.5,Adelaide Strikers,CM Edwards,SFM Devine,SW Bates,0,0,,,,,,"",""
ball,1,7.6,Adelaide Strikers,CM Edwards,SFM Devine,SW Bates,1,0,,,,,,"",""
ball,1,8.1,Adelaide Strikers,CM Edwards,SFM Devine,A Shrubsole,1,0,,,,,,"",""
ball,1,8.2,Adelaide Strikers,SFM Devine,CM Edwards,A Shrubsole,0,0,,,,,,"",""
ball,1,8.3,Adelaide Strikers,SFM Devine,CM Edwards,A Shrubsole,0,0,,,,,,run out,CM Edwards
ball,1,8.4,Adelaide Strikers,TT Beaumont,SFM Devine,A Shrubsole,1,0,,,,,,"",""
ball,1,8.5,Adelaide Strikers,SFM Devine,TT Beaumont,A Shrubsole,0,0,,,,,,"",""
ball,1,8.6,Adelaide Strikers,SFM Devine,TT Beaumont,A Shrubsole,0,1,,1,,,,"",""
ball,1,8.7,Adelaide Strikers,SFM Devine,TT Beaumont,A Shrubsole,0,0,,,,,,"",""
ball,1,9.1,Adelaide Strikers,TT Beaumont,SFM Devine,SW Bates,0,0,,,,,,"",""
ball,1,9.2,Adelaide Strikers,TT Beaumont,SFM Devine,SW Bates,4,0,,,,,,"",""
ball,1,9.3,Adelaide Strikers,TT Beaumont,SFM Devine,SW Bates,0,0,,,,,,"",""
ball,1,9.4,Adelaide Strikers,TT Beaumont,SFM Devine,SW Bates,0,0,,,,,,"",""
ball,1,9.5,Adelaide Strikers,TT Beaumont,SFM Devine,SW Bates,1,0,,,,,,"",""
ball,1,9.6,Adelaide Strikers,SFM Devine,TT Beaumont,SW Bates,1,0,,,,,,"",""
ball,1,10.1,Adelaide Strikers,SFM Devine,TT Beaumont,H Graham,0,0,,,,,,"",""
ball,1,10.2,Adelaide Strikers,SFM Devine,TT Beaumont,H Graham,1,0,,,,,,"",""
ball,1,10.3,Adelaide Strikers,TT Beaumont,SFM Devine,H Graham,2,0,,,,,,"",""
ball,1,10.4,Adelaide Strikers,TT Beaumont,SFM Devine,H Graham,0,0,,,,,,"",""
ball,1,10.5,Adelaide Strikers,TT Beaumont,SFM Devine,H Graham,1,0,,,,,,"",""
ball,1,10.6,Adelaide Strikers,SFM Devine,TT Beaumont,H Graham,1,0,,,,,,"",""
ball,1,11.1,Adelaide Strikers,SFM Devine,TT Beaumont,EL King,4,0,,,,,,"",""
ball,1,11.2,Adelaide Strikers,SFM Devine,TT Beaumont,EL King,2,0,,,,,,"",""
ball,1,11.3,Adelaide Strikers,SFM Devine,TT Beaumont,EL King,0,0,,,,,,caught,SFM Devine
ball,1,11.4,Adelaide Strikers,TT Beaumont,BE Patterson,EL King,1,0,,,,,,"",""
ball,1,11.5,Adelaide Strikers,BE Patterson,TT Beaumont,EL King,0,0,,,,,,"",""
ball,1,11.6,Adelaide Strikers,BE Patterson,TT Beaumont,EL King,0,0,,,,,,"",""
ball,1,12.1,Adelaide Strikers,TT Beaumont,BE Patterson,H Graham,0,3,3,,,,,"",""
ball,1,12.2,Adelaide Strikers,TT Beaumont,BE Patterson,H Graham,1,0,,,,,,"",""
ball,1,12.3,Adelaide Strikers,BE Patterson,TT Beaumont,H Graham,0,0,,,,,,"",""
ball,1,12.4,Adelaide Strikers,BE Patterson,TT Beaumont,H Graham,0,0,,,,,,"",""
ball,1,12.5,Adelaide Strikers,BE Patterson,TT Beaumont,H Graham,1,0,,,,,,"",""
ball,1,12.6,Adelaide Strikers,TT Beaumont,BE Patterson,H Graham,1,0,,,,,,"",""
ball,1,12.7,Adelaide Strikers,BE Patterson,TT Beaumont,H Graham,1,0,,,,,,"",""
ball,1,13.1,Adelaide Strikers,BE Patterson,TT Beaumont,EL King,0,0,,,,,,"",""
ball,1,13.2,Adelaide Strikers,BE Patterson,TT Beaumont,EL King,1,0,,,,,,"",""
ball,1,13.3,Adelaide Strikers,TT Beaumont,BE Patterson,EL King,1,0,,,,,,"",""
ball,1,13.4,Adelaide Strikers,BE Patterson,TT Beaumont,EL King,0,0,,,,,,"",""
ball,1,13.5,Adelaide Strikers,BE Patterson,TT Beaumont,EL King,1,0,,,,,,"",""
ball,1,13.6,Adelaide Strikers,TT Beaumont,BE Patterson,EL King,4,0,,,,,,"",""
ball,1,14.1,Adelaide Strikers,BE Patterson,TT Beaumont,P Cleary,0,0,,,,,,"",""
ball,1,14.2,Adelaide Strikers,BE Patterson,TT Beaumont,P Cleary,1,0,,,,,,"",""
ball,1,14.3,Adelaide Strikers,TT Beaumont,BE Patterson,P Cleary,0,0,,,,,,"",""
ball,1,14.4,Adelaide Strikers,TT Beaumont,BE Patterson,P Cleary,0,0,,,,,,"",""
ball,1,14.5,Adelaide Strikers,TT Beaumont,BE Patterson,P Cleary,1,0,,,,,,"",""
ball,1,14.6,Adelaide Strikers,BE Patterson,TT Beaumont,P Cleary,1,0,,,,,,"",""
ball,1,15.1,Adelaide Strikers,BE Patterson,TT Beaumont,EL King,1,0,,,,,,"",""
ball,1,15.2,Adelaide Strikers,TT Beaumont,BE Patterson,EL King,0,0,,,,,,"",""
ball,1,15.3,Adelaide Strikers,TT Beaumont,BE Patterson,EL King,1,0,,,,,,"",""
ball,1,15.4,Adelaide Strikers,BE Patterson,TT Beaumont,EL King,1,0,,,,,,"",""
ball,1,15.5,Adelaide Strikers,TT Beaumont,BE Patterson,EL King,0,0,,,,,,"",""
ball,1,15.6,Adelaide Strikers,TT Beaumont,BE Patterson,EL King,6,0,,,,,,"",""
ball,1,16.1,Adelaide Strikers,BE Patterson,TT Beaumont,SW Bates,1,0,,,,,,"",""
ball,1,16.2,Adelaide Strikers,TT Beaumont,BE Patterson,SW Bates,2,0,,,,,,"",""
ball,1,16.3,Adelaide Strikers,TT Beaumont,BE Patterson,SW Bates,0,0,,,,,,"",""
ball,1,16.4,Adelaide Strikers,TT Beaumont,BE Patterson,SW Bates,0,0,,,,,,"",""
ball,1,16.5,Adelaide Strikers,TT Beaumont,BE Patterson,SW Bates,0,0,,,,,,run out,TT Beaumont
ball,1,16.6,Adelaide Strikers,BE Patterson,ML Schutt,SW Bates,2,0,,,,,,"",""
ball,1,17.1,Adelaide Strikers,ML Schutt,BE Patterson,P Cleary,1,0,,,,,,"",""
ball,1,17.2,Adelaide Strikers,BE Patterson,ML Schutt,P Cleary,3,0,,,,,,"",""
ball,1,17.3,Adelaide Strikers,ML Schutt,BE Patterson,P Cleary,2,0,,,,,,"",""
ball,1,17.4,Adelaide Strikers,ML Schutt,BE Patterson,P Cleary,0,0,,,,,,caught,ML Schutt
ball,1,17.5,Adelaide Strikers,BE Patterson,SJ Coyte,P Cleary,0,0,,,,,,caught,BE Patterson
ball,1,17.6,Adelaide Strikers,TM McGrath,SJ Coyte,P Cleary,0,0,,,,,,"",""
ball,1,18.1,Adelaide Strikers,SJ Coyte,TM McGrath,SW Bates,1,0,,,,,,"",""
ball,1,18.2,Adelaide Strikers,TM McGrath,SJ Coyte,SW Bates,0,4,,,4,,,"",""
ball,1,18.3,Adelaide Strikers,TM McGrath,SJ Coyte,SW Bates,0,0,,,,,,"",""
ball,1,18.4,Adelaide Strikers,TM McGrath,SJ Coyte,SW Bates,1,0,,,,,,"",""
ball,1,18.5,Adelaide Strikers,SJ Coyte,TM McGrath,SW Bates,1,0,,,,,,"",""
ball,1,18.6,Adelaide Strikers,TM McGrath,SJ Coyte,SW Bates,1,0,,,,,,"",""
ball,1,19.1,Adelaide Strikers,TM McGrath,SJ Coyte,A Shrubsole,1,0,,,,,,"",""
ball,1,19.2,Adelaide Strikers,SJ Coyte,TM McGrath,A Shrubsole,1,0,,,,,,"",""
ball,1,19.3,Adelaide Strikers,TM McGrath,SJ Coyte,A Shrubsole,1,0,,,,,,"",""
ball,1,19.4,Adelaide Strikers,SJ Coyte,TM McGrath,A Shrubsole,0,0,,,,,,"",""
ball,1,19.5,Adelaide Strikers,SJ Coyte,TM McGrath,A Shrubsole,1,0,,,,,,"",""
ball,1,19.6,Adelaide Strikers,TM McGrath,SJ Coyte,A Shrubsole,0,0,,,,,,"",""
ball,2,0.1,Perth Scorchers,SW Bates,EJ Villani,ML Schutt,2,0,,,,,,"",""
ball,2,0.2,Perth Scorchers,SW Bates,EJ Villani,ML Schutt,0,0,,,,,,"",""
ball,2,0.3,Perth Scorchers,SW Bates,EJ Villani,ML Schutt,0,0,,,,,,"",""
ball,2,0.4,Perth Scorchers,SW Bates,EJ Villani,ML Schutt,0,0,,,,,,lbw,SW Bates
ball,2,0.5,Perth Scorchers,NE Bolton,EJ Villani,ML Schutt,0,0,,,,,,"",""
ball,2,0.6,Perth Scorchers,NE Bolton,EJ Villani,ML Schutt,3,0,,,,,,"",""
ball,2,1.1,Perth Scorchers,NE Bolton,EJ Villani,SFM Devine,2,0,,,,,,"",""
ball,2,1.2,Perth Scorchers,NE Bolton,EJ Villani,SFM Devine,0,0,,,,,,"",""
ball,2,1.3,Perth Scorchers,NE Bolton,EJ Villani,SFM Devine,0,0,,,,,,"",""
ball,2,1.4,Perth Scorchers,NE Bolton,EJ Villani,SFM Devine,4,0,,,,,,"",""
ball,2,1.5,Perth Scorchers,NE Bolton,EJ Villani,SFM Devine,1,0,,,,,,"",""
ball,2,1.6,Perth Scorchers,EJ Villani,NE Bolton,SFM Devine,1,0,,,,,,"",""
ball,2,2.1,Perth Scorchers,EJ Villani,NE Bolton,ML Schutt,0,0,,,,,,"",""
ball,2,2.2,Perth Scorchers,EJ Villani,NE Bolton,ML Schutt,0,0,,,,,,"",""
ball,2,2.3,Perth Scorchers,EJ Villani,NE Bolton,ML Schutt,4,0,,,,,,"",""
ball,2,2.4,Perth Scorchers,EJ Villani,NE Bolton,ML Schutt,0,0,,,,,,"",""
ball,2,2.5,Perth Scorchers,EJ Villani,NE Bolton,ML Schutt,0,0,,,,,,"",""
ball,2,2.6,Perth Scorchers,EJ Villani,NE Bolton,ML Schutt,1,0,,,,,,"",""
ball,2,3.1,Perth Scorchers,EJ Villani,NE Bolton,SJ Coyte,4,0,,,,,,"",""
ball,2,3.2,Perth Scorchers,EJ Villani,NE Bolton,SJ Coyte,0,0,,,,,,"",""
ball,2,3.3,Perth Scorchers,EJ Villani,NE Bolton,SJ Coyte,1,0,,,,,,"",""
ball,2,3.4,Perth Scorchers,NE Bolton,EJ Villani,SJ Coyte,1,0,,,,,,"",""
ball,2,3.5,Perth Scorchers,EJ Villani,NE Bolton,SJ Coyte,0,0,,,,,,"",""
ball,2,3.6,Perth Scorchers,EJ Villani,NE Bolton,SJ Coyte,0,0,,,,,,"",""
ball,2,4.1,Perth Scorchers,NE Bolton,EJ Villani,ML Schutt,0,0,,,,,,"",""
ball,2,4.2,Perth Scorchers,NE Bolton,EJ Villani,ML Schutt,1,0,,,,,,"",""
ball,2,4.3,Perth Scorchers,EJ Villani,NE Bolton,ML Schutt,0,0,,,,,,"",""
ball,2,4.4,Perth Scorchers,EJ Villani,NE Bolton,ML Schutt,0,0,,,,,,"",""
ball,2,4.5,Perth Scorchers,EJ Villani,NE Bolton,ML Schutt,0,1,1,,,,,"",""
ball,2,4.6,Perth Scorchers,EJ Villani,NE Bolton,ML Schutt,6,0,,,,,,"",""
ball,2,4.7,Perth Scorchers,EJ Villani,NE Bolton,ML Schutt,0,0,,,,,,"",""
ball,2,5.1,Perth Scorchers,NE Bolton,EJ Villani,SJ Coyte,2,0,,,,,,"",""
ball,2,5.2,Perth Scorchers,NE Bolton,EJ Villani,SJ Coyte,2,0,,,,,,"",""
ball,2,5.3,Perth Scorchers,NE Bolton,EJ Villani,SJ Coyte,1,0,,,,,,"",""
ball,2,5.4,Perth Scorchers,EJ Villani,NE Bolton,SJ Coyte,1,0,,,,,,"",""
ball,2,5.5,Perth Scorchers,NE Bolton,EJ Villani,SJ Coyte,0,1,,,,1,,"",""
ball,2,5.6,Perth Scorchers,EJ Villani,NE Bolton,SJ Coyte,4,0,,,,,,"",""
ball,2,6.1,Perth Scorchers,NE Bolton,EJ Villani,ML Schutt,1,0,,,,,,"",""
ball,2,6.2,Perth Scorchers,EJ Villani,NE Bolton,ML Schutt,1,0,,,,,,"",""
ball,2,6.3,Perth Scorchers,NE Bolton,EJ Villani,ML Schutt,0,0,,,,,,"",""
ball,2,6.4,Perth Scorchers,NE Bolton,EJ Villani,ML Schutt,1,0,,,,,,"",""
ball,2,6.5,Perth Scorchers,EJ Villani,NE Bolton,ML Schutt,0,0,,,,,,"",""
ball,2,6.6,Perth Scorchers,EJ Villani,NE Bolton,ML Schutt,0,0,,,,,,"",""
ball,2,7.1,Perth Scorchers,NE Bolton,EJ Villani,TM McGrath,1,0,,,,,,"",""
ball,2,7.2,Perth Scorchers,EJ Villani,NE Bolton,TM McGrath,0,0,,,,,,"",""
ball,2,7.3,Perth Scorchers,EJ Villani,NE Bolton,TM McGrath,0,0,,,,,,"",""
ball,2,7.4,Perth Scorchers,EJ Villani,NE Bolton,TM McGrath,1,0,,,,,,"",""
ball,2,7.5,Perth Scorchers,NE Bolton,EJ Villani,TM McGrath,1,0,,,,,,"",""
ball,2,7.6,Perth Scorchers,EJ Villani,NE Bolton,TM McGrath,1,0,,,,,,"",""
ball,2,8.1,Perth Scorchers,EJ Villani,NE Bolton,A Wellington,2,0,,,,,,"",""
ball,2,8.2,Perth Scorchers,EJ Villani,NE Bolton,A Wellington,0,0,,,,,,"",""
ball,2,8.3,Perth Scorchers,EJ Villani,NE Bolton,A Wellington,0,0,,,,,,caught,EJ Villani
ball,2,8.4,Perth Scorchers,NE Bolton,H Graham,A Wellington,0,0,,,,,,"",""
ball,2,8.5,Perth Scorchers,NE Bolton,H Graham,A Wellington,0,0,,,,,,"",""
ball,2,8.6,Perth Scorchers,NE Bolton,H Graham,A Wellington,0,0,,,,,,"",""
ball,2,9.1,Perth Scorchers,H Graham,NE Bolton,TM McGrath,1,0,,,,,,"",""
ball,2,9.2,Perth Scorchers,NE Bolton,H Graham,TM McGrath,1,0,,,,,,"",""
ball,2,9.3,Perth Scorchers,H Graham,NE Bolton,TM McGrath,1,0,,,,,,"",""
ball,2,9.4,Perth Scorchers,NE Bolton,H Graham,TM McGrath,1,0,,,,,,"",""
ball,2,9.5,Perth Scorchers,H Graham,NE Bolton,TM McGrath,0,0,,,,,,"",""
ball,2,9.6,Perth Scorchers,H Graham,NE Bolton,TM McGrath,1,0,,,,,,"",""
ball,2,10.1,Perth Scorchers,H Graham,NE Bolton,A Wellington,0,0,,,,,,"",""
ball,2,10.2,Perth Scorchers,H Graham,NE Bolton,A Wellington,0,0,,,,,,"",""
ball,2,10.3,Perth Scorchers,H Graham,NE Bolton,A Wellington,1,0,,,,,,"",""
ball,2,10.4,Perth Scorchers,NE Bolton,H Graham,A Wellington,4,0,,,,,,"",""
ball,2,10.5,Perth Scorchers,NE Bolton,H Graham,A Wellington,0,4,,,4,,,"",""
ball,2,10.6,Perth Scorchers,NE Bolton,H Graham,A Wellington,2,0,,,,,,"",""
ball,2,11.1,Perth Scorchers,H Graham,NE Bolton,TM McGrath,1,0,,,,,,"",""
ball,2,11.2,Perth Scorchers,NE Bolton,H Graham,TM McGrath,0,0,,,,,,"",""
ball,2,11.3,Perth Scorchers,NE Bolton,H Graham,TM McGrath,1,0,,,,,,"",""
ball,2,11.4,Perth Scorchers,H Graham,NE Bolton,TM McGrath,0,0,,,,,,"",""
ball,2,11.5,Perth Scorchers,H Graham,NE Bolton,TM McGrath,0,0,,,,,,"",""
ball,2,11.6,Perth Scorchers,H Graham,NE Bolton,TM McGrath,2,0,,,,,,"",""
ball,2,12.1,Perth Scorchers,NE Bolton,H Graham,A Price,0,0,,,,,,"",""
ball,2,12.2,Perth Scorchers,NE Bolton,H Graham,A Price,1,0,,,,,,"",""
ball,2,12.3,Perth Scorchers,H Graham,NE Bolton,A Price,1,0,,,,,,"",""
ball,2,12.4,Perth Scorchers,NE Bolton,H Graham,A Price,1,0,,,,,,"",""
ball,2,12.5,Perth Scorchers,H Graham,NE Bolton,A Price,4,0,,,,,,"",""
ball,2,12.6,Perth Scorchers,H Graham,NE Bolton,A Price,4,0,,,,,,"",""
ball,2,13.1,Perth Scorchers,NE Bolton,H Graham,TM McGrath,1,0,,,,,,"",""
ball,2,13.2,Perth Scorchers,H Graham,NE Bolton,TM McGrath,1,0,,,,,,"",""
ball,2,13.3,Perth Scorchers,NE Bolton,H Graham,TM McGrath,0,0,,,,,,bowled,NE Bolton
ball,2,13.4,Perth Scorchers,LK Ebsary,H Graham,TM McGrath,1,0,,,,,,"",""
ball,2,13.5,Perth Scorchers,H Graham,LK Ebsary,TM McGrath,1,0,,,,,,"",""
ball,2,13.6,Perth Scorchers,LK Ebsary,H Graham,TM McGrath,0,0,,,,,,"",""
ball,2,14.1,Perth Scorchers,H Graham,LK Ebsary,A Wellington,1,0,,,,,,"",""
ball,2,14.2,Perth Scorchers,LK Ebsary,H Graham,A Wellington,0,0,,,,,,"",""
ball,2,14.3,Perth Scorchers,LK Ebsary,H Graham,A Wellington,0,0,,,,,,"",""
ball,2,14.4,Perth Scorchers,LK Ebsary,H Graham,A Wellington,1,0,,,,,,"",""
ball,2,14.5,Perth Scorchers,H Graham,LK Ebsary,A Wellington,1,0,,,,,,"",""
ball,2,14.6,Perth Scorchers,LK Ebsary,H Graham,A Wellington,1,0,,,,,,"",""
ball,2,15.1,Perth Scorchers,LK Ebsary,H Graham,SJ Coyte,1,0,,,,,,"",""
ball,2,15.2,Perth Scorchers,H Graham,LK Ebsary,SJ Coyte,1,0,,,,,,"",""
ball,2,15.3,Perth Scorchers,LK Ebsary,H Graham,SJ Coyte,1,0,,,,,,"",""
ball,2,15.4,Perth Scorchers,H Graham,LK Ebsary,SJ Coyte,1,0,,,,,,"",""
ball,2,15.5,Perth Scorchers,LK Ebsary,H Graham,SJ Coyte,1,0,,,,,,"",""
ball,2,15.6,Perth Scorchers,H Graham,LK Ebsary,SJ Coyte,2,0,,,,,,"",""
ball,2,16.1,Perth Scorchers,LK Ebsary,H Graham,A Wellington,0,2,,,,2,,"",""
ball,2,16.2,Perth Scorchers,LK Ebsary,H Graham,A Wellington,4,0,,,,,,"",""
ball,2,16.3,Perth Scorchers,LK Ebsary,H Graham,A Wellington,1,0,,,,,,"",""
ball,2,16.4,Perth Scorchers,H Graham,LK Ebsary,A Wellington,0,0,,,,,,"",""
ball,2,16.5,Perth Scorchers,H Graham,LK Ebsary,A Wellington,0,2,,,,2,,"",""
ball,2,16.6,Perth Scorchers,H Graham,LK Ebsary,A Wellington,1,0,,,,,,"",""
ball,2,17.1,Perth Scorchers,H Graham,LK Ebsary,SJ Coyte,0,0,,,,,,"",""
ball,2,17.2,Perth Scorchers,H Graham,LK Ebsary,SJ Coyte,2,0,,,,,,"",""
ball,2,17.3,Perth Scorchers,H Graham,LK Ebsary,SJ Coyte,4,0,,,,,,"",""
ball,2,17.4,Perth Scorchers,H Graham,LK Ebsary,SJ Coyte,4,0,,,,,,"",""
ball,2,17.5,Perth Scorchers,H Graham,LK Ebsary,SJ Coyte,0,0,,,,,,"",""
ball,2,17.6,Perth Scorchers,H Graham,LK Ebsary,SJ Coyte,4,0,,,,,,"",""
