version,1.6.0
info,balls_per_over,6
info,team,Sydney Thunder
info,team,Hobart Hurricanes
info,gender,female
info,season,2016/17
info,date,2017/01/16
info,event,Women's Big Bash League
info,match_number,48
info,venue,Bellerive Oval
info,city,Hobart
info,toss_winner,Sydney Thunder
info,toss_decision,bat
info,player_of_match,AE Satterthwaite
info,umpire,M Qureshi
info,umpire,H Wolff
info,match_referee,Roy Loh
info,winner,Hobart Hurricanes
info,winner_wickets,6
info,player,Sydney Thunder,RL Haynes
info,player,Sydney Thunder,SR Taylor
info,player,Sydney Thunder,AJ Blackwell
info,player,Sydney Thunder,H Kaur
info,player,Sydney Thunder,NJ Carey
info,player,Sydney Thunder,NE Stalenberg
info,player,Sydney Thunder,EA Osborne
info,player,Sydney Thunder,RM Farrell
info,player,Sydney Thunder,L Cheatle
info,player,Sydney Thunder,B Vakarewa
info,player,Sydney Thunder,SL Bates
info,player,Hobart Hurricanes,EA Burns
info,player,Hobart Hurricanes,G Redmayne
info,player,Hobart Hurricanes,HC Knight
info,player,Hobart Hurricanes,AE Satterthwaite
info,player,Hobart Hurricanes,HK Matthews
info,player,Hobart Hurricanes,CL Hall
info,player,Hobart Hurricanes,V Pyke
info,player,Hobart Hurricanes,E Thompson
info,player,Hobart Hurricanes,SK Moloney
info,player,Hobart Hurricanes,B Hepburn
info,player,Hobart Hurricanes,JL Hunter
info,registry,people,AE Satterthwaite,72b7ed1e
info,registry,people,AJ Blackwell,b9164a9b
info,registry,people,B Hepburn,df04fc4f
info,registry,people,B Vakarewa,06f988b8
info,registry,people,CL Hall,6026e2ae
info,registry,people,E Thompson,a7c3c366
info,registry,people,EA Burns,2e0b6638
info,registry,people,EA Osborne,fe731c62
info,registry,people,G Redmayne,324b9eee
info,registry,people,H Kaur,53cd8da6
info,registry,people,H Wolff,e44c17f1
info,registry,people,HC Knight,4ba0289e
info,registry,people,HK Matthews,d32cf49a
info,registry,people,JL Hunter,110839f2
info,registry,people,L Cheatle,275dff85
info,registry,people,M Qureshi,cf34fbef
info,registry,people,NE Stalenberg,609c519e
info,registry,people,NJ Carey,dff806f4
info,registry,people,RL Haynes,d7c6b0fb
info,registry,people,RM Farrell,4ed7d23f
info,registry,people,Roy Loh,10ce549c
info,registry,people,SK Moloney,a0bc8dc1
info,registry,people,SL Bates,0816fb1e
info,registry,people,SR Taylor,92cf79a8
info,registry,people,V Pyke,cb937b2d
ball,1,0.1,Sydney Thunder,RL Haynes,SR Taylor,JL Hunter,4,0,,,,,,"",""
ball,1,0.2,Sydney Thunder,RL Haynes,SR Taylor,JL Hunter,0,0,,,,,,"",""
ball,1,0.3,Sydney Thunder,RL Haynes,SR Taylor,JL Hunter,0,0,,,,,,"",""
ball,1,0.4,Sydney Thunder,RL Haynes,SR Taylor,JL Hunter,1,0,,,,,,"",""
ball,1,0.5,Sydney Thunder,SR Taylor,RL Haynes,JL Hunter,0,0,,,,,,caught,SR Taylor
ball,1,0.6,Sydney Thunder,AJ Blackwell,RL Haynes,JL Hunter,0,0,,,,,,"",""
ball,1,1.1,Sydney Thunder,RL Haynes,AJ Blackwell,V Pyke,2,0,,,,,,"",""
ball,1,1.2,Sydney Thunder,RL Haynes,AJ Blackwell,V Pyke,4,0,,,,,,"",""
ball,1,1.3,Sydney Thunder,RL Haynes,AJ Blackwell,V Pyke,0,0,,,,,,"",""
ball,1,1.4,Sydney Thunder,RL Haynes,AJ Blackwell,V Pyke,4,0,,,,,,"",""
ball,1,1.5,Sydney Thunder,RL Haynes,AJ Blackwell,V Pyke,1,0,,,,,,"",""
ball,1,1.6,Sydney Thunder,AJ Blackwell,RL Haynes,V Pyke,0,0,,,,,,"",""
ball,1,2.1,Sydney Thunder,RL Haynes,AJ Blackwell,JL Hunter,0,0,,,,,,"",""
ball,1,2.2,Sydney Thunder,RL Haynes,AJ Blackwell,JL Hunter,0,1,1,,,,,"",""
ball,1,2.3,Sydney Thunder,RL Haynes,AJ Blackwell,JL Hunter,0,0,,,,,,"",""
ball,1,2.4,Sydney Thunder,RL Haynes,AJ Blackwell,JL Hunter,0,0,,,,,,"",""
ball,1,2.5,Sydney Thunder,RL Haynes,AJ Blackwell,JL Hunter,0,0,,,,,,"",""
ball,1,2.6,Sydney Thunder,RL Haynes,AJ Blackwell,JL Hunter,0,0,,,,,,"",""
ball,1,2.7,Sydney Thunder,RL Haynes,AJ Blackwell,JL Hunter,0,0,,,,,,"",""
ball,1,3.1,Sydney Thunder,AJ Blackwell,RL Haynes,HK Matthews,0,0,,,,,,"",""
ball,1,3.2,Sydney Thunder,AJ Blackwell,RL Haynes,HK Matthews,0,0,,,,,,"",""
ball,1,3.3,Sydney Thunder,AJ Blackwell,RL Haynes,HK Matthews,0,0,,,,,,"",""
ball,1,3.4,Sydney Thunder,AJ Blackwell,RL Haynes,HK Matthews,3,0,,,,,,"",""
ball,1,3.5,Sydney Thunder,RL Haynes,AJ Blackwell,HK Matthews,0,0,,,,,,"",""
ball,1,3.6,Sydney Thunder,RL Haynes,AJ Blackwell,HK Matthews,0,0,,,,,,"",""
ball,1,4.1,Sydney Thunder,AJ Blackwell,RL Haynes,JL Hunter,0,0,,,,,,"",""
ball,1,4.2,Sydney Thunder,AJ Blackwell,RL Haynes,JL Hunter,1,0,,,,,,"",""
ball,1,4.3,Sydney Thunder,RL Haynes,AJ Blackwell,JL Hunter,4,0,,,,,,"",""
ball,1,4.4,Sydney Thunder,RL Haynes,AJ Blackwell,JL Hunter,4,0,,,,,,"",""
ball,1,4.5,Sydney Thunder,RL Haynes,AJ Blackwell,JL Hunter,0,0,,,,,,"",""
ball,1,4.6,Sydney Thunder,RL Haynes,AJ Blackwell,JL Hunter,4,0,,,,,,"",""
ball,1,5.1,Sydney Thunder,AJ Blackwell,RL Haynes,HK Matthews,0,0,,,,,,"",""
ball,1,5.2,Sydney Thunder,AJ Blackwell,RL Haynes,HK Matthews,4,0,,,,,,"",""
ball,1,5.3,Sydney Thunder,AJ Blackwell,RL Haynes,HK Matthews,1,0,,,,,,"",""
ball,1,5.4,Sydney Thunder,RL Haynes,AJ Blackwell,HK Matthews,0,0,,,,,,"",""
ball,1,5.5,Sydney Thunder,RL Haynes,AJ Blackwell,HK Matthews,1,0,,,,,,"",""
ball,1,5.6,Sydney Thunder,AJ Blackwell,RL Haynes,HK Matthews,0,0,,,,,,"",""
ball,1,6.1,Sydney Thunder,RL Haynes,AJ Blackwell,HC Knight,0,0,,,,,,"",""
ball,1,6.2,Sydney Thunder,RL Haynes,AJ Blackwell,HC Knight,1,0,,,,,,"",""
ball,1,6.3,Sydney Thunder,AJ Blackwell,RL Haynes,HC Knight,0,1,,1,,,,"",""
ball,1,6.4,Sydney Thunder,AJ Blackwell,RL Haynes,HC Knight,4,0,,,,,,"",""
ball,1,6.5,Sydney Thunder,AJ Blackwell,RL Haynes,HC Knight,1,0,,,,,,"",""
ball,1,6.6,Sydney Thunder,RL Haynes,AJ Blackwell,HC Knight,1,0,,,,,,"",""
ball,1,6.7,Sydney Thunder,AJ Blackwell,RL Haynes,HC Knight,1,0,,,,,,"",""
ball,1,7.1,Sydney Thunder,AJ Blackwell,RL Haynes,B Hepburn,1,0,,,,,,"",""
ball,1,7.2,Sydney Thunder,RL Haynes,AJ Blackwell,B Hepburn,1,0,,,,,,"",""
ball,1,7.3,Sydney Thunder,AJ Blackwell,RL Haynes,B Hepburn,1,0,,,,,,"",""
ball,1,7.4,Sydney Thunder,RL Haynes,AJ Blackwell,B Hepburn,1,0,,,,,,"",""
ball,1,7.5,Sydney Thunder,AJ Blackwell,RL Haynes,B Hepburn,0,0,,,,,,"",""
ball,1,7.6,Sydney Thunder,AJ Blackwell,RL Haynes,B Hepburn,1,0,,,,,,"",""
ball,1,8.1,Sydney Thunder,AJ Blackwell,RL Haynes,AE Satterthwaite,1,0,,,,,,"",""
ball,1,8.2,Sydney Thunder,RL Haynes,AJ Blackwell,AE Satterthwaite,0,0,,,,,,"",""
ball,1,8.3,Sydney Thunder,RL Haynes,AJ Blackwell,AE Satterthwaite,2,0,,,,,,"",""
ball,1,8.4,Sydney Thunder,RL Haynes,AJ Blackwell,AE Satterthwaite,1,0,,,,,,"",""
ball,1,8.5,Sydney Thunder,AJ Blackwell,RL Haynes,AE Satterthwaite,1,0,,,,,,"",""
ball,1,8.6,Sydney Thunder,RL Haynes,AJ Blackwell,AE Satterthwaite,0,0,,,,,,caught,RL Haynes
ball,1,9.1,Sydney Thunder,H Kaur,AJ Blackwell,B Hepburn,1,0,,,,,,"",""
ball,1,9.2,Sydney Thunder,AJ Blackwell,H Kaur,B Hepburn,0,0,,,,,,"",""
ball,1,9.3,Sydney Thunder,AJ Blackwell,H Kaur,B Hepburn,2,0,,,,,,"",""
ball,1,9.4,Sydney Thunder,AJ Blackwell,H Kaur,B Hepburn,1,0,,,,,,"",""
ball,1,9.5,Sydney Thunder,H Kaur,AJ Blackwell,B Hepburn,0,0,,,,,,"",""
ball,1,9.6,Sydney Thunder,H Kaur,AJ Blackwell,B Hepburn,0,0,,,,,,"",""
ball,1,10.1,Sydney Thunder,AJ Blackwell,H Kaur,AE Satterthwaite,4,0,,,,,,"",""
ball,1,10.2,Sydney Thunder,AJ Blackwell,H Kaur,AE Satterthwaite,0,0,,,,,,"",""
ball,1,10.3,Sydney Thunder,AJ Blackwell,H Kaur,AE Satterthwaite,1,0,,,,,,"",""
ball,1,10.4,Sydney Thunder,H Kaur,AJ Blackwell,AE Satterthwaite,1,0,,,,,,"",""
ball,1,10.5,Sydney Thunder,AJ Blackwell,H Kaur,AE Satterthwaite,0,0,,,,,,"",""
ball,1,10.6,Sydney Thunder,AJ Blackwell,H Kaur,AE Satterthwaite,1,0,,,,,,"",""
ball,1,11.1,Sydney Thunder,AJ Blackwell,H Kaur,HK Matthews,1,0,,,,,,"",""
ball,1,11.2,Sydney Thunder,H Kaur,AJ Blackwell,HK Matthews,1,0,,,,,,"",""
ball,1,11.3,Sydney Thunder,AJ Blackwell,H Kaur,HK Matthews,4,0,,,,,,"",""
ball,1,11.4,Sydney Thunder,AJ Blackwell,H Kaur,HK Matthews,0,0,,,,,,"",""
ball,1,11.5,Sydney Thunder,AJ Blackwell,H Kaur,HK Matthews,0,0,,,,,,"",""
ball,1,11.6,Sydney Thunder,AJ Blackwell,H Kaur,HK Matthews,0,0,,,,,,"",""
ball,1,12.1,Sydney Thunder,H Kaur,AJ Blackwell,HC Knight,0,0,,,,,,"",""
ball,1,12.2,Sydney Thunder,H Kaur,AJ Blackwell,HC Knight,1,0,,,,,,"",""
ball,1,12.3,Sydney Thunder,AJ Blackwell,H Kaur,HC Knight,1,0,,,,,,"",""
ball,1,12.4,Sydney Thunder,H Kaur,AJ Blackwell,HC Knight,1,0,,,,,,"",""
ball,1,12.5,Sydney Thunder,AJ Blackwell,H Kaur,HC Knight,1,0,,,,,,"",""
ball,1,12.6,Sydney Thunder,H Kaur,AJ Blackwell,HC Knight,1,0,,,,,,"",""
ball,1,13.1,Sydney Thunder,H Kaur,AJ Blackwell,V Pyke,0,0,,,,,,caught and bowled,H Kaur
ball,1,13.2,Sydney Thunder,NJ Carey,AJ Blackwell,V Pyke,1,0,,,,,,"",""
ball,1,13.3,Sydney Thunder,AJ Blackwell,NJ Carey,V Pyke,4,0,,,,,,"",""
ball,1,13.4,Sydney Thunder,AJ Blackwell,NJ Carey,V Pyke,0,0,,,,,,"",""
ball,1,13.5,Sydney Thunder,AJ Blackwell,NJ Carey,V Pyke,0,0,,,,,,"",""
ball,1,13.6,Sydney Thunder,AJ Blackwell,NJ Carey,V Pyke,1,0,,,,,,"",""
ball,1,14.1,Sydney Thunder,AJ Blackwell,NJ Carey,JL Hunter,0,0,,,,,,"",""
ball,1,14.2,Sydney Thunder,AJ Blackwell,NJ Carey,JL Hunter,1,0,,,,,,"",""
ball,1,14.3,Sydney Thunder,NJ Carey,AJ Blackwell,JL Hunter,0,0,,,,,,"",""
ball,1,14.4,Sydney Thunder,NJ Carey,AJ Blackwell,JL Hunter,1,0,,,,,,"",""
ball,1,14.5,Sydney Thunder,AJ Blackwell,NJ Carey,JL Hunter,4,0,,,,,,"",""
ball,1,14.6,Sydney Thunder,AJ Blackwell,NJ Carey,JL Hunter,1,0,,,,,,"",""
ball,1,15.1,Sydney Thunder,AJ Blackwell,NJ Carey,B Hepburn,1,0,,,,,,"",""
ball,1,15.2,Sydney Thunder,NJ Carey,AJ Blackwell,B Hepburn,0,0,,,,,,stumped,NJ Carey
ball,1,15.3,Sydney Thunder,NE Stalenberg,AJ Blackwell,B Hepburn,0,0,,,,,,"",""
ball,1,15.4,Sydney Thunder,NE Stalenberg,AJ Blackwell,B Hepburn,1,0,,,,,,"",""
ball,1,15.5,Sydney Thunder,AJ Blackwell,NE Stalenberg,B Hepburn,0,1,,,,1,,"",""
ball,1,15.6,Sydney Thunder,NE Stalenberg,AJ Blackwell,B Hepburn,1,0,,,,,,"",""
ball,1,16.1,Sydney Thunder,NE Stalenberg,AJ Blackwell,AE Satterthwaite,1,0,,,,,,"",""
ball,1,16.2,Sydney Thunder,AJ Blackwell,NE Stalenberg,AE Satterthwaite,0,0,,,,,,"",""
ball,1,16.3,Sydney Thunder,AJ Blackwell,NE Stalenberg,AE Satterthwaite,1,0,,,,,,"",""
ball,1,16.4,Sydney Thunder,NE Stalenberg,AJ Blackwell,AE Satterthwaite,1,0,,,,,,"",""
ball,1,16.5,Sydney Thunder,AJ Blackwell,NE Stalenberg,AE Satterthwaite,0,0,,,,,,caught,AJ Blackwell
ball,1,16.6,Sydney Thunder,EA Osborne,NE Stalenberg,AE Satterthwaite,1,0,,,,,,"",""
ball,1,17.1,Sydney Thunder,EA Osborne,NE Stalenberg,HK Matthews,0,0,,,,,,"",""
ball,1,17.2,Sydney Thunder,EA Osborne,NE Stalenberg,HK Matthews,1,0,,,,,,"",""
ball,1,17.3,Sydney Thunder,NE Stalenberg,EA Osborne,HK Matthews,0,0,,,,,,"",""
ball,1,17.4,Sydney Thunder,NE Stalenberg,EA Osborne,HK Matthews,1,0,,,,,,"",""
ball,1,17.5,Sydney Thunder,EA Osborne,NE Stalenberg,HK Matthews,4,0,,,,,,"",""
ball,1,17.6,Sydney Thunder,EA Osborne,NE Stalenberg,HK Matthews,1,0,,,,,,"",""
ball,1,18.1,Sydney Thunder,EA Osborne,NE Stalenberg,AE Satterthwaite,1,0,,,,,,"",""
ball,1,18.2,Sydney Thunder,NE Stalenberg,EA Osborne,AE Satterthwaite,0,0,,,,,,"",""
ball,1,18.3,Sydney Thunder,NE Stalenberg,EA Osborne,AE Satterthwaite,0,0,,,,,,"",""
ball,1,18.4,Sydney Thunder,NE Stalenberg,EA Osborne,AE Satterthwaite,0,0,,,,,,bowled,NE Stalenberg
ball,1,18.5,Sydney Thunder,RM Farrell,EA Osborne,AE Satterthwaite,0,0,,,,,,caught,RM Farrell
ball,1,18.6,Sydney Thunder,L Cheatle,EA Osborne,AE Satterthwaite,0,0,,,,,,caught,L Cheatle
ball,1,19.1,Sydney Thunder,EA Osborne,B Vakarewa,B Hepburn,0,0,,,,,,"",""
ball,1,19.2,Sydney Thunder,EA Osborne,B Vakarewa,B Hepburn,4,0,,,,,,"",""
ball,1,19.3,Sydney Thunder,EA Osborne,B Vakarewa,B Hepburn,1,0,,,,,,"",""
ball,1,19.4,Sydney Thunder,B Vakarewa,EA Osborne,B Hepburn,0,0,,,,,,"",""
ball,1,19.5,Sydney Thunder,B Vakarewa,EA Osborne,B Hepburn,1,0,,,,,,"",""
ball,1,19.6,Sydney Thunder,EA Osborne,B Vakarewa,B Hepburn,0,0,,,,,,caught,EA Osborne
ball,2,0.1,Hobart Hurricanes,EA Burns,G Redmayne,RM Farrell,0,0,,,,,,"",""
ball,2,0.2,Hobart Hurricanes,EA Burns,G Redmayne,RM Farrell,1,0,,,,,,"",""
ball,2,0.3,Hobart Hurricanes,G Redmayne,EA Burns,RM Farrell,0,1,1,,,,,"",""
ball,2,0.4,Hobart Hurricanes,G Redmayne,EA Burns,RM Farrell,1,0,,,,,,"",""
ball,2,0.5,Hobart Hurricanes,EA Burns,G Redmayne,RM Farrell,1,0,,,,,,"",""
ball,2,0.6,Hobart Hurricanes,G Redmayne,EA Burns,RM Farrell,1,0,,,,,,"",""
ball,2,0.7,Hobart Hurricanes,EA Burns,G Redmayne,RM Farrell,1,0,,,,,,"",""
ball,2,1.1,Hobart Hurricanes,EA Burns,G Redmayne,B Vakarewa,0,0,,,,,,"",""
ball,2,1.2,Hobart Hurricanes,EA Burns,G Redmayne,B Vakarewa,1,0,,,,,,"",""
ball,2,1.3,Hobart Hurricanes,G Redmayne,EA Burns,B Vakarewa,0,0,,,,,,"",""
ball,2,1.4,Hobart Hurricanes,G Redmayne,EA Burns,B Vakarewa,1,0,,,,,,"",""
ball,2,1.5,Hobart Hurricanes,EA Burns,G Redmayne,B Vakarewa,4,0,,,,,,"",""
ball,2,1.6,Hobart Hurricanes,EA Burns,G Redmayne,B Vakarewa,2,0,,,,,,"",""
ball,2,2.1,Hobart Hurricanes,G Redmayne,EA Burns,RM Farrell,1,0,,,,,,"",""
ball,2,2.2,Hobart Hurricanes,EA Burns,G Redmayne,RM Farrell,0,0,,,,,,"",""
ball,2,2.3,Hobart Hurricanes,EA Burns,G Redmayne,RM Farrell,4,0,,,,,,"",""
ball,2,2.4,Hobart Hurricanes,EA Burns,G Redmayne,RM Farrell,0,0,,,,,,"",""
ball,2,2.5,Hobart Hurricanes,EA Burns,G Redmayne,RM Farrell,0,0,,,,,,"",""
ball,2,2.6,Hobart Hurricanes,EA Burns,G Redmayne,RM Farrell,0,0,,,,,,"",""
ball,2,3.1,Hobart Hurricanes,G Redmayne,EA Burns,B Vakarewa,1,0,,,,,,"",""
ball,2,3.2,Hobart Hurricanes,EA Burns,G Redmayne,B Vakarewa,0,0,,,,,,"",""
ball,2,3.3,Hobart Hurricanes,EA Burns,G Redmayne,B Vakarewa,0,2,,,,2,,"",""
ball,2,3.4,Hobart Hurricanes,EA Burns,G Redmayne,B Vakarewa,4,0,,,,,,"",""
ball,2,3.5,Hobart Hurricanes,EA Burns,G Redmayne,B Vakarewa,0,0,,,,,,"",""
ball,2,3.6,Hobart Hurricanes,EA Burns,G Redmayne,B Vakarewa,0,0,,,,,,"",""
ball,2,4.1,Hobart Hurricanes,G Redmayne,EA Burns,SL Bates,0,0,,,,,,"",""
ball,2,4.2,Hobart Hurricanes,G Redmayne,EA Burns,SL Bates,4,0,,,,,,"",""
ball,2,4.3,Hobart Hurricanes,G Redmayne,EA Burns,SL Bates,1,0,,,,,,"",""
ball,2,4.4,Hobart Hurricanes,EA Burns,G Redmayne,SL Bates,4,0,,,,,,"",""
ball,2,4.5,Hobart Hurricanes,EA Burns,G Redmayne,SL Bates,0,0,,,,,,"",""
ball,2,4.6,Hobart Hurricanes,EA Burns,G Redmayne,SL Bates,0,0,,,,,,"",""
ball,2,5.1,Hobart Hurricanes,G Redmayne,EA Burns,SR Taylor,4,0,,,,,,"",""
ball,2,5.2,Hobart Hurricanes,G Redmayne,EA Burns,SR Taylor,0,1,,,,1,,"",""
ball,2,5.3,Hobart Hurricanes,EA Burns,G Redmayne,SR Taylor,0,0,,,,,,"",""
ball,2,5.4,Hobart Hurricanes,EA Burns,G Redmayne,SR Taylor,0,0,,,,,,"",""
ball,2,5.5,Hobart Hurricanes,EA Burns,G Redmayne,SR Taylor,1,0,,,,,,"",""
ball,2,5.6,Hobart Hurricanes,G Redmayne,EA Burns,SR Taylor,0,0,,,,,,"",""
ball,2,6.1,Hobart Hurricanes,EA Burns,G Redmayne,L Cheatle,4,0,,,,,,"",""
ball,2,6.2,Hobart Hurricanes,EA Burns,G Redmayne,L Cheatle,4,0,,,,,,"",""
ball,2,6.3,Hobart Hurricanes,EA Burns,G Redmayne,L Cheatle,1,0,,,,,,"",""
ball,2,6.4,Hobart Hurricanes,G Redmayne,EA Burns,L Cheatle,0,0,,,,,,"",""
ball,2,6.5,Hobart Hurricanes,G Redmayne,EA Burns,L Cheatle,2,0,,,,,,"",""
ball,2,6.6,Hobart Hurricanes,G Redmayne,EA Burns,L Cheatle,1,0,,,,,,"",""
ball,2,7.1,Hobart Hurricanes,G Redmayne,EA Burns,EA Osborne,2,0,,,,,,"",""
ball,2,7.2,Hobart Hurricanes,G Redmayne,EA Burns,EA Osborne,2,0,,,,,,"",""
ball,2,7.3,Hobart Hurricanes,G Redmayne,EA Burns,EA Osborne,0,0,,,,,,"",""
ball,2,7.4,Hobart Hurricanes,G Redmayne,EA Burns,EA Osborne,1,0,,,,,,"",""
ball,2,7.5,Hobart Hurricanes,EA Burns,G Redmayne,EA Osborne,1,0,,,,,,"",""
ball,2,7.6,Hobart Hurricanes,G Redmayne,EA Burns,EA Osborne,0,0,,,,,,caught,G Redmayne
ball,2,8.1,Hobart Hurricanes,EA Burns,HC Knight,H Kaur,4,0,,,,,,"",""
ball,2,8.2,Hobart Hurricanes,EA Burns,HC Knight,H Kaur,0,0,,,,,,"",""
ball,2,8.3,Hobart Hurricanes,EA Burns,HC Knight,H Kaur,0,0,,,,,,"",""
ball,2,8.4,Hobart Hurricanes,EA Burns,HC Knight,H Kaur,1,0,,,,,,"",""
ball,2,8.5,Hobart Hurricanes,HC Knight,EA Burns,H Kaur,1,0,,,,,,"",""
ball,2,8.6,Hobart Hurricanes,EA Burns,HC Knight,H Kaur,0,0,,,,,,caught,EA Burns
ball,2,9.1,Hobart Hurricanes,HC Knight,AE Satterthwaite,EA Osborne,1,0,,,,,,"",""
ball,2,9.2,Hobart Hurricanes,AE Satterthwaite,HC Knight,EA Osborne,1,0,,,,,,"",""
ball,2,9.3,Hobart Hurricanes,HC Knight,AE Satterthwaite,EA Osborne,1,0,,,,,,"",""
ball,2,9.4,Hobart Hurricanes,AE Satterthwaite,HC Knight,EA Osborne,1,0,,,,,,"",""
ball,2,9.5,Hobart Hurricanes,HC Knight,AE Satterthwaite,EA Osborne,0,0,,,,,,"",""
ball,2,9.6,Hobart Hurricanes,HC Knight,AE Satterthwaite,EA Osborne,1,0,,,,,,"",""
ball,2,10.1,Hobart Hurricanes,HC Knight,AE Satterthwaite,H Kaur,0,0,,,,,,"",""
ball,2,10.2,Hobart Hurricanes,HC Knight,AE Satterthwaite,H Kaur,2,0,,,,,,"",""
ball,2,10.3,Hobart Hurricanes,HC Knight,AE Satterthwaite,H Kaur,2,0,,,,,,"",""
ball,2,10.4,Hobart Hurricanes,HC Knight,AE Satterthwaite,H Kaur,1,0,,,,,,"",""
ball,2,10.5,Hobart Hurricanes,AE Satterthwaite,HC Knight,H Kaur,1,0,,,,,,"",""
ball,2,10.6,Hobart Hurricanes,HC Knight,AE Satterthwaite,H Kaur,0,0,,,,,,"",""
ball,2,11.1,Hobart Hurricanes,AE Satterthwaite,HC Knight,EA Osborne,0,0,,,,,,"",""
ball,2,11.2,Hobart Hurricanes,AE Satterthwaite,HC Knight,EA Osborne,0,0,,,,,,"",""
ball,2,11.3,Hobart Hurricanes,AE Satterthwaite,HC Knight,EA Osborne,1,0,,,,,,"",""
ball,2,11.4,Hobart Hurricanes,HC Knight,AE Satterthwaite,EA Osborne,1,0,,,,,,"",""
ball,2,11.5,Hobart Hurricanes,AE Satterthwaite,HC Knight,EA Osborne,0,0,,,,,,"",""
ball,2,11.6,Hobart Hurricanes,AE Satterthwaite,HC Knight,EA Osborne,0,0,,,,,,"",""
ball,2,12.1,Hobart Hurricanes,HC Knight,AE Satterthwaite,H Kaur,1,0,,,,,,"",""
ball,2,12.2,Hobart Hurricanes,AE Satterthwaite,HC Knight,H Kaur,0,0,,,,,,"",""
ball,2,12.3,Hobart Hurricanes,AE Satterthwaite,HC Knight,H Kaur,0,0,,,,,,"",""
ball,2,12.4,Hobart Hurricanes,AE Satterthwaite,HC Knight,H Kaur,0,1,1,,,,,"",""
ball,2,12.5,Hobart Hurricanes,AE Satterthwaite,HC Knight,H Kaur,0,0,,,,,,"",""
ball,2,12.6,Hobart Hurricanes,AE Satterthwaite,HC Knight,H Kaur,1,0,,,,,,run out,AE Satterthwaite
ball,2,12.7,Hobart Hurricanes,HC Knight,HK Matthews,H Kaur,1,0,,,,,,"",""
ball,2,13.1,Hobart Hurricanes,HC Knight,HK Matthews,SR Taylor,1,0,,,,,,"",""
ball,2,13.2,Hobart Hurricanes,HK Matthews,HC Knight,SR Taylor,0,0,,,,,,"",""
ball,2,13.3,Hobart Hurricanes,HK Matthews,HC Knight,SR Taylor,1,0,,,,,,"",""
ball,2,13.4,Hobart Hurricanes,HC Knight,HK Matthews,SR Taylor,1,0,,,,,,"",""
ball,2,13.5,Hobart Hurricanes,HK Matthews,HC Knight,SR Taylor,0,1,1,,,,,"",""
ball,2,13.6,Hobart Hurricanes,HK Matthews,HC Knight,SR Taylor,1,0,,,,,,"",""
ball,2,13.7,Hobart Hurricanes,HC Knight,HK Matthews,SR Taylor,1,0,,,,,,"",""
ball,2,14.1,Hobart Hurricanes,HC Knight,HK Matthews,H Kaur,1,0,,,,,,"",""
ball,2,14.2,Hobart Hurricanes,HK Matthews,HC Knight,H Kaur,0,0,,,,,,"",""
ball,2,14.3,Hobart Hurricanes,HK Matthews,HC Knight,H Kaur,0,0,,,,,,"",""
ball,2,14.4,Hobart Hurricanes,HK Matthews,HC Knight,H Kaur,0,0,,,,,,bowled,HK Matthews
ball,2,14.5,Hobart Hurricanes,CL Hall,HC Knight,H Kaur,0,0,,,,,,"",""
ball,2,14.6,Hobart Hurricanes,CL Hall,HC Knight,H Kaur,1,0,,,,,,"",""
ball,2,15.1,Hobart Hurricanes,CL Hall,HC Knight,SR Taylor,4,0,,,,,,"",""
ball,2,15.2,Hobart Hurricanes,CL Hall,HC Knight,SR Taylor,0,0,,,,,,"",""
ball,2,15.3,Hobart Hurricanes,CL Hall,HC Knight,SR Taylor,1,0,,,,,,"",""
ball,2,15.4,Hobart Hurricanes,HC Knight,CL Hall,SR Taylor,0,0,,,,,,"",""
ball,2,15.5,Hobart Hurricanes,HC Knight,CL Hall,SR Taylor,1,0,,,,,,"",""
ball,2,15.6,Hobart Hurricanes,CL Hall,HC Knight,SR Taylor,0,0,,,,,,"",""
ball,2,16.1,Hobart Hurricanes,HC Knight,CL Hall,SL Bates,0,1,1,,,,,"",""
ball,2,16.2,Hobart Hurricanes,HC Knight,CL Hall,SL Bates,0,0,,,,,,"",""
ball,2,16.3,Hobart Hurricanes,HC Knight,CL Hall,SL Bates,1,0,,,,,,"",""
ball,2,16.4,Hobart Hurricanes,CL Hall,HC Knight,SL Bates,0,0,,,,,,"",""
ball,2,16.5,Hobart Hurricanes,CL Hall,HC Knight,SL Bates,1,0,,,,,,"",""
ball,2,16.6,Hobart Hurricanes,HC Knight,CL Hall,SL Bates,4,0,,,,,,"",""
ball,2,16.7,Hobart Hurricanes,HC Knight,CL Hall,SL Bates,1,0,,,,,,"",""
ball,2,17.1,Hobart Hurricanes,HC Knight,CL Hall,EA Osborne,1,0,,,,,,"",""
ball,2,17.2,Hobart Hurricanes,CL Hall,HC Knight,EA Osborne,1,0,,,,,,"",""
ball,2,17.3,Hobart Hurricanes,HC Knight,CL Hall,EA Osborne,0,0,,,,,,"",""
ball,2,17.4,Hobart Hurricanes,HC Knight,CL Hall,EA Osborne,1,0,,,,,,"",""
ball,2,17.5,Hobart Hurricanes,CL Hall,HC Knight,EA Osborne,1,0,,,,,,"",""
ball,2,17.6,Hobart Hurricanes,HC Knight,CL Hall,EA Osborne,1,0,,,,,,"",""
ball,2,18.1,Hobart Hurricanes,HC Knight,CL Hall,RM Farrell,4,0,,,,,,"",""
ball,2,18.2,Hobart Hurricanes,HC Knight,CL Hall,RM Farrell,4,0,,,,,,"",""
