version,1.6.0
info,balls_per_over,6
info,team,Sydney Sixers
info,team,Hobart Hurricanes
info,gender,female
info,season,2016/17
info,date,2017/01/13
info,event,Women's Big Bash League
info,match_number,42
info,venue,North Sydney Oval
info,city,Sydney
info,toss_winner,Hobart Hurricanes
info,toss_decision,field
info,player_of_match,EA Perry
info,umpire,G Stubbings
info,umpire,BC Treloar
info,match_referee,Ian Thomas
info,winner,Sydney Sixers
info,winner_runs,16
info,player,Sydney Sixers,AJ Healy
info,player,Sydney Sixers,EA Perry
info,player,Sydney Sixers,A Gardner
info,player,Sydney Sixers,SJ McGlashan
info,player,Sydney Sixers,AE Jones
info,player,Sydney Sixers,AR Reakes
info,player,Sydney Sixers,SE Aley
info,player,Sydney Sixers,KJ Garth
info,player,Sydney Sixers,LC Sthalekar
info,player,Sydney Sixers,EA Leys
info,player,Sydney Sixers,LG Smith
info,player,Hobart Hurricanes,EA Burns
info,player,Hobart Hurricanes,G Redmayne
info,player,Hobart Hurricanes,HC Knight
info,player,Hobart Hurricanes,AE Satterthwaite
info,player,Hobart Hurricanes,HK Matthews
info,player,Hobart Hurricanes,CL Hall
info,player,Hobart Hurricanes,V Pyke
info,player,Hobart Hurricanes,E Thompson
info,player,Hobart Hurricanes,SK Moloney
info,player,Hobart Hurricanes,B Hepburn
info,player,Hobart Hurricanes,JL Hunter
info,registry,people,A Gardner,bc969efb
info,registry,people,AE Jones,b05e45e4
info,registry,people,AE Satterthwaite,72b7ed1e
info,registry,people,AJ Healy,321644de
info,registry,people,AR Reakes,13781d43
info,registry,people,B Hepburn,df04fc4f
info,registry,people,BC Treloar,f7e8ee52
info,registry,people,CL Hall,6026e2ae
info,registry,people,E Thompson,a7c3c366
info,registry,people,EA Burns,2e0b6638
info,registry,people,EA Leys,a6d06180
info,registry,people,EA Perry,be150fc8
info,registry,people,G Redmayne,324b9eee
info,registry,people,G Stubbings,ece549e3
info,registry,people,HC Knight,4ba0289e
info,registry,people,HK Matthews,d32cf49a
info,registry,people,Ian Thomas,d4c0dc60
info,registry,people,JL Hunter,110839f2
info,registry,people,KJ Garth,0b69a844
info,registry,people,LC Sthalekar,6bb7a785
info,registry,people,LG Smith,9c515112
info,registry,people,SE Aley,5be043df
info,registry,people,SJ McGlashan,af71535d
info,registry,people,SK Moloney,a0bc8dc1
info,registry,people,V Pyke,cb937b2d
ball,1,0.1,Sydney Sixers,AJ Healy,EA Perry,V Pyke,0,0,,,,,,"",""
ball,1,0.2,Sydney Sixers,AJ Healy,EA Perry,V Pyke,0,0,,,,,,"",""
ball,1,0.3,Sydney Sixers,AJ Healy,EA Perry,V Pyke,2,0,,,,,,"",""
ball,1,0.4,Sydney Sixers,AJ Healy,EA Perry,V Pyke,4,0,,,,,,"",""
ball,1,0.5,Sydney Sixers,AJ Healy,EA Perry,V Pyke,0,0,,,,,,"",""
ball,1,0.6,Sydney Sixers,AJ Healy,EA Perry,V Pyke,1,0,,,,,,"",""
ball,1,1.1,Sydney Sixers,AJ Healy,EA Perry,JL Hunter,0,0,,,,,,"",""
ball,1,1.2,Sydney Sixers,AJ Healy,EA Perry,JL Hunter,0,0,,,,,,"",""
ball,1,1.3,Sydney Sixers,AJ Healy,EA Perry,JL Hunter,0,0,,,,,,"",""
ball,1,1.4,Sydney Sixers,AJ Healy,EA Perry,JL Hunter,4,0,,,,,,"",""
ball,1,1.5,Sydney Sixers,AJ Healy,EA Perry,JL Hunter,0,0,,,,,,"",""
ball,1,1.6,Sydney Sixers,AJ Healy,EA Perry,JL Hunter,0,0,,,,,,caught,AJ Healy
ball,1,2.1,Sydney Sixers,EA Perry,A Gardner,V Pyke,0,0,,,,,,"",""
ball,1,2.2,Sydney Sixers,EA Perry,A Gardner,V Pyke,0,1,1,,,,,"",""
ball,1,2.3,Sydney Sixers,EA Perry,A Gardner,V Pyke,0,0,,,,,,"",""
ball,1,2.4,Sydney Sixers,EA Perry,A Gardner,V Pyke,1,0,,,,,,"",""
ball,1,2.5,Sydney Sixers,A Gardner,EA Perry,V Pyke,0,0,,,,,,"",""
ball,1,2.6,Sydney Sixers,A Gardner,EA Perry,V Pyke,1,0,,,,,,"",""
ball,1,2.7,Sydney Sixers,EA Perry,A Gardner,V Pyke,1,0,,,,,,"",""
ball,1,3.1,Sydney Sixers,EA Perry,A Gardner,JL Hunter,0,0,,,,,,"",""
ball,1,3.2,Sydney Sixers,EA Perry,A Gardner,JL Hunter,0,0,,,,,,"",""
ball,1,3.3,Sydney Sixers,EA Perry,A Gardner,JL Hunter,0,0,,,,,,"",""
ball,1,3.4,Sydney Sixers,EA Perry,A Gardner,JL Hunter,0,0,,,,,,"",""
ball,1,3.5,Sydney Sixers,EA Perry,A Gardner,JL Hunter,0,0,,,,,,"",""
ball,1,3.6,Sydney Sixers,EA Perry,A Gardner,JL Hunter,0,0,,,,,,"",""
ball,1,4.1,Sydney Sixers,A Gardner,EA Perry,HK Matthews,0,0,,,,,,"",""
ball,1,4.2,Sydney Sixers,A Gardner,EA Perry,HK Matthews,0,0,,,,,,"",""
ball,1,4.3,Sydney Sixers,A Gardner,EA Perry,HK Matthews,1,0,,,,,,"",""
ball,1,4.4,Sydney Sixers,EA Perry,A Gardner,HK Matthews,1,0,,,,,,"",""
ball,1,4.5,Sydney Sixers,A Gardner,EA Perry,HK Matthews,1,0,,,,,,"",""
ball,1,4.6,Sydney Sixers,EA Perry,A Gardner,HK Matthews,0,0,,,,,,"",""
ball,1,5.1,Sydney Sixers,A Gardner,EA Perry,JL Hunter,0,0,,,,,,bowled,A Gardner
ball,1,5.2,Sydney Sixers,SJ McGlashan,EA Perry,JL Hunter,0,0,,,,,,"",""
ball,1,5.3,Sydney Sixers,SJ McGlashan,EA Perry,JL Hunter,0,0,,,,,,"",""
ball,1,5.4,Sydney Sixers,SJ McGlashan,EA Perry,JL Hunter,1,0,,,,,,"",""
ball,1,5.5,Sydney Sixers,EA Perry,SJ McGlashan,JL Hunter,1,0,,,,,,"",""
ball,1,5.6,Sydney Sixers,SJ McGlashan,EA Perry,JL Hunter,1,0,,,,,,"",""
ball,1,6.1,Sydney Sixers,SJ McGlashan,EA Perry,B Hepburn,0,1,,1,,,,"",""
ball,1,6.2,Sydney Sixers,SJ McGlashan,EA Perry,B Hepburn,1,0,,,,,,"",""
ball,1,6.3,Sydney Sixers,EA Perry,SJ McGlashan,B Hepburn,1,0,,,,,,"",""
ball,1,6.4,Sydney Sixers,SJ McGlashan,EA Perry,B Hepburn,0,0,,,,,,"",""
ball,1,6.5,Sydney Sixers,SJ McGlashan,EA Perry,B Hepburn,2,0,,,,,,"",""
ball,1,6.6,Sydney Sixers,SJ McGlashan,EA Perry,B Hepburn,1,0,,,,,,"",""
ball,1,6.7,Sydney Sixers,EA Perry,SJ McGlashan,B Hepburn,0,0,,,,,,"",""
ball,1,7.1,Sydney Sixers,SJ McGlashan,EA Perry,JL Hunter,2,0,,,,,,"",""
ball,1,7.2,Sydney Sixers,SJ McGlashan,EA Perry,JL Hunter,2,0,,,,,,"",""
ball,1,7.3,Sydney Sixers,SJ McGlashan,EA Perry,JL Hunter,1,0,,,,,,"",""
ball,1,7.4,Sydney Sixers,EA Perry,SJ McGlashan,JL Hunter,1,0,,,,,,"",""
ball,1,7.5,Sydney Sixers,SJ McGlashan,EA Perry,JL Hunter,0,0,,,,,,"",""
ball,1,7.6,Sydney Sixers,SJ McGlashan,EA Perry,JL Hunter,0,0,,,,,,"",""
ball,1,8.1,Sydney Sixers,EA Perry,SJ McGlashan,HK Matthews,0,0,,,,,,"",""
ball,1,8.2,Sydney Sixers,EA Perry,SJ McGlashan,HK Matthews,0,0,,,,,,"",""
ball,1,8.3,Sydney Sixers,EA Perry,SJ McGlashan,HK Matthews,0,0,,,,,,"",""
ball,1,8.4,Sydney Sixers,EA Perry,SJ McGlashan,HK Matthews,1,0,,,,,,"",""
ball,1,8.5,Sydney Sixers,SJ McGlashan,EA Perry,HK Matthews,0,0,,,,,,"",""
ball,1,8.6,Sydney Sixers,SJ McGlashan,EA Perry,HK Matthews,4,0,,,,,,"",""
ball,1,9.1,Sydney Sixers,EA Perry,SJ McGlashan,AE Satterthwaite,2,0,,,,,,"",""
ball,1,9.2,Sydney Sixers,EA Perry,SJ McGlashan,AE Satterthwaite,1,0,,,,,,"",""
ball,1,9.3,Sydney Sixers,SJ McGlashan,EA Perry,AE Satterthwaite,1,0,,,,,,"",""
ball,1,9.4,Sydney Sixers,EA Perry,SJ McGlashan,AE Satterthwaite,2,0,,,,,,"",""
ball,1,9.5,Sydney Sixers,EA Perry,SJ McGlashan,AE Satterthwaite,0,0,,,,,,"",""
ball,1,9.6,Sydney Sixers,EA Perry,SJ McGlashan,AE Satterthwaite,1,0,,,,,,"",""
ball,1,10.1,Sydney Sixers,EA Perry,SJ McGlashan,B Hepburn,1,0,,,,,,"",""
ball,1,10.2,Sydney Sixers,SJ McGlashan,EA Perry,B Hepburn,0,0,,,,,,stumped,SJ McGlashan
ball,1,10.3,Sydney Sixers,AE Jones,EA Perry,B Hepburn,1,0,,,,,,"",""
ball,1,10.4,Sydney Sixers,EA Perry,AE Jones,B Hepburn,1,0,,,,,,"",""
ball,1,10.5,Sydney Sixers,AE Jones,EA Perry,B Hepburn,1,0,,,,,,"",""
ball,1,10.6,Sydney Sixers,EA Perry,AE Jones,B Hepburn,1,0,,,,,,"",""
ball,1,11.1,Sydney Sixers,EA Perry,AE Jones,AE Satterthwaite,0,0,,,,,,"",""
ball,1,11.2,Sydney Sixers,EA Perry,AE Jones,AE Satterthwaite,1,0,,,,,,"",""
ball,1,11.3,Sydney Sixers,AE Jones,EA Perry,AE Satterthwaite,0,0,,,,,,"",""
ball,1,11.4,Sydney Sixers,AE Jones,EA Perry,AE Satterthwaite,1,0,,,,,,"",""
ball,1,11.5,Sydney Sixers,EA Perry,AE Jones,AE Satterthwaite,1,0,,,,,,"",""
ball,1,11.6,Sydney Sixers,AE Jones,EA Perry,AE Satterthwaite,0,0,,,,,,"",""
ball,1,12.1,Sydney Sixers,EA Perry,AE Jones,HK Matthews,0,0,,,,,,"",""
ball,1,12.2,Sydney Sixers,EA Perry,AE Jones,HK Matthews,0,1,1,,,,,"",""
ball,1,12.3,Sydney Sixers,EA Perry,AE Jones,HK Matthews,0,0,,,,,,"",""
ball,1,12.4,Sydney Sixers,EA Perry,AE Jones,HK Matthews,1,0,,,,,,"",""
ball,1,12.5,Sydney Sixers,AE Jones,EA Perry,HK Matthews,1,0,,,,,,"",""
ball,1,12.6,Sydney Sixers,EA Perry,AE Jones,HK Matthews,1,0,,,,,,"",""
ball,1,12.7,Sydney Sixers,AE Jones,EA Perry,HK Matthews,0,0,,,,,,"",""
ball,1,13.1,Sydney Sixers,EA Perry,AE Jones,EA Burns,1,0,,,,,,"",""
ball,1,13.2,Sydney Sixers,AE Jones,EA Perry,EA Burns,1,0,,,,,,"",""
ball,1,13.3,Sydney Sixers,EA Perry,AE Jones,EA Burns,4,0,,,,,,"",""
ball,1,13.4,Sydney Sixers,EA Perry,AE Jones,EA Burns,4,0,,,,,,"",""
ball,1,13.5,Sydney Sixers,EA Perry,AE Jones,EA Burns,1,0,,,,,,"",""
ball,1,13.6,Sydney Sixers,AE Jones,EA Perry,EA Burns,0,0,,,,,,"",""
ball,1,14.1,Sydney Sixers,EA Perry,AE Jones,B Hepburn,0,0,,,,,,"",""
ball,1,14.2,Sydney Sixers,EA Perry,AE Jones,B Hepburn,6,0,,,,,,"",""
ball,1,14.3,Sydney Sixers,EA Perry,AE Jones,B Hepburn,0,0,,,,,,"",""
ball,1,14.4,Sydney Sixers,EA Perry,AE Jones,B Hepburn,0,1,1,,,,,"",""
ball,1,14.5,Sydney Sixers,EA Perry,AE Jones,B Hepburn,0,0,,,,,,"",""
ball,1,14.6,Sydney Sixers,EA Perry,AE Jones,B Hepburn,1,0,,,,,,"",""
ball,1,14.7,Sydney Sixers,AE Jones,EA Perry,B Hepburn,2,0,,,,,,"",""
ball,1,15.1,Sydney Sixers,EA Perry,AE Jones,V Pyke,3,0,,,,,,"",""
ball,1,15.2,Sydney Sixers,AE Jones,EA Perry,V Pyke,0,0,,,,,,caught,AE Jones
ball,1,15.3,Sydney Sixers,AR Reakes,EA Perry,V Pyke,0,0,,,,,,"",""
ball,1,15.4,Sydney Sixers,AR Reakes,EA Perry,V Pyke,1,0,,,,,,"",""
ball,1,15.5,Sydney Sixers,EA Perry,AR Reakes,V Pyke,4,0,,,,,,"",""
ball,1,15.6,Sydney Sixers,EA Perry,AR Reakes,V Pyke,0,5,5,,,,,"",""
ball,1,15.7,Sydney Sixers,EA Perry,AR Reakes,V Pyke,0,0,,,,,,"",""
ball,1,16.1,Sydney Sixers,AR Reakes,EA Perry,HK Matthews,0,1,1,,,,,"",""
ball,1,16.2,Sydney Sixers,AR Reakes,EA Perry,HK Matthews,0,0,,,,,,bowled,AR Reakes
ball,1,16.3,Sydney Sixers,SE Aley,EA Perry,HK Matthews,1,0,,,,,,"",""
ball,1,16.4,Sydney Sixers,EA Perry,SE Aley,HK Matthews,6,0,,,,,,"",""
ball,1,16.5,Sydney Sixers,EA Perry,SE Aley,HK Matthews,1,0,,,,,,"",""
ball,1,16.6,Sydney Sixers,SE Aley,EA Perry,HK Matthews,1,0,,,,,,"",""
ball,1,16.7,Sydney Sixers,EA Perry,SE Aley,HK Matthews,1,0,,,,,,"",""
ball,1,17.1,Sydney Sixers,EA Perry,SE Aley,AE Satterthwaite,6,0,,,,,,"",""
ball,1,17.2,Sydney Sixers,EA Perry,SE Aley,AE Satterthwaite,1,0,,,,,,"",""
ball,1,17.3,Sydney Sixers,SE Aley,EA Perry,AE Satterthwaite,1,0,,,,,,"",""
ball,1,17.4,Sydney Sixers,EA Perry,SE Aley,AE Satterthwaite,1,0,,,,,,"",""
ball,1,17.5,Sydney Sixers,SE Aley,EA Perry,AE Satterthwaite,0,1,1,,,,,"",""
ball,1,17.6,Sydney Sixers,SE Aley,EA Perry,AE Satterthwaite,2,0,,,,,,"",""
ball,1,17.7,Sydney Sixers,SE Aley,EA Perry,AE Satterthwaite,4,0,,,,,,"",""
ball,1,18.1,Sydney Sixers,EA Perry,SE Aley,B Hepburn,0,0,,,,,,caught,EA Perry
ball,1,18.2,Sydney Sixers,SE Aley,KJ Garth,B Hepburn,2,0,,,,,,"",""
ball,1,18.3,Sydney Sixers,SE Aley,KJ Garth,B Hepburn,2,0,,,,,,"",""
ball,1,18.4,Sydney Sixers,SE Aley,KJ Garth,B Hepburn,1,0,,,,,,"",""
ball,1,18.5,Sydney Sixers,KJ Garth,SE Aley,B Hepburn,0,0,,,,,,"",""
ball,1,18.6,Sydney Sixers,KJ Garth,SE Aley,B Hepburn,1,0,,,,,,"",""
ball,1,19.1,Sydney Sixers,KJ Garth,SE Aley,AE Satterthwaite,2,0,,,,,,"",""
ball,1,19.2,Sydney Sixers,KJ Garth,SE Aley,AE Satterthwaite,1,0,,,,,,"",""
ball,1,19.3,Sydney Sixers,SE Aley,KJ Garth,AE Satterthwaite,1,0,,,,,,"",""
ball,1,19.4,Sydney Sixers,KJ Garth,SE Aley,AE Satterthwaite,4,0,,,,,,"",""
ball,1,19.5,Sydney Sixers,KJ Garth,SE Aley,AE Satterthwaite,1,0,,,,,,"",""
ball,1,19.6,Sydney Sixers,SE Aley,KJ Garth,AE Satterthwaite,1,0,,,,,,"",""
ball,2,0.1,Hobart Hurricanes,EA Burns,G Redmayne,A Gardner,0,0,,,,,,caught,EA Burns
ball,2,0.2,Hobart Hurricanes,HC Knight,G Redmayne,A Gardner,4,0,,,,,,"",""
ball,2,0.3,Hobart Hurricanes,HC Knight,G Redmayne,A Gardner,0,0,,,,,,"",""
ball,2,0.4,Hobart Hurricanes,HC Knight,G Redmayne,A Gardner,0,0,,,,,,"",""
ball,2,0.5,Hobart Hurricanes,HC Knight,G Redmayne,A Gardner,0,0,,,,,,"",""
ball,2,0.6,Hobart Hurricanes,HC Knight,G Redmayne,A Gardner,1,0,,,,,,"",""
ball,2,1.1,Hobart Hurricanes,HC Knight,G Redmayne,EA Perry,1,0,,,,,,"",""
ball,2,1.2,Hobart Hurricanes,G Redmayne,HC Knight,EA Perry,0,0,,,,,,"",""
ball,2,1.3,Hobart Hurricanes,G Redmayne,HC Knight,EA Perry,0,0,,,,,,"",""
ball,2,1.4,Hobart Hurricanes,G Redmayne,HC Knight,EA Perry,1,0,,,,,,"",""
ball,2,1.5,Hobart Hurricanes,HC Knight,G Redmayne,EA Perry,1,0,,,,,,"",""
ball,2,1.6,Hobart Hurricanes,G Redmayne,HC Knight,EA Perry,0,0,,,,,,"",""
ball,2,2.1,Hobart Hurricanes,HC Knight,G Redmayne,SE Aley,1,0,,,,,,"",""
ball,2,2.2,Hobart Hurricanes,G Redmayne,HC Knight,SE Aley,0,1,1,,,,,"",""
ball,2,2.3,Hobart Hurricanes,G Redmayne,HC Knight,SE Aley,0,0,,,,,,"",""
ball,2,2.4,Hobart Hurricanes,G Redmayne,HC Knight,SE Aley,0,0,,,,,,"",""
ball,2,2.5,Hobart Hurricanes,G Redmayne,HC Knight,SE Aley,0,0,,,,,,"",""
ball,2,2.6,Hobart Hurricanes,G Redmayne,HC Knight,SE Aley,1,0,,,,,,"",""
ball,2,2.7,Hobart Hurricanes,HC Knight,G Redmayne,SE Aley,0,0,,,,,,"",""
ball,2,3.1,Hobart Hurricanes,G Redmayne,HC Knight,EA Perry,2,0,,,,,,"",""
ball,2,3.2,Hobart Hurricanes,G Redmayne,HC Knight,EA Perry,2,0,,,,,,"",""
ball,2,3.3,Hobart Hurricanes,G Redmayne,HC Knight,EA Perry,0,0,,,,,,"",""
ball,2,3.4,Hobart Hurricanes,G Redmayne,HC Knight,EA Perry,4,0,,,,,,"",""
ball,2,3.5,Hobart Hurricanes,G Redmayne,HC Knight,EA Perry,0,0,,,,,,bowled,G Redmayne
ball,2,3.6,Hobart Hurricanes,AE Satterthwaite,HC Knight,EA Perry,1,0,,,,,,"",""
ball,2,4.1,Hobart Hurricanes,AE Satterthwaite,HC Knight,SE Aley,0,0,,,,,,bowled,AE Satterthwaite
ball,2,4.2,Hobart Hurricanes,HK Matthews,HC Knight,SE Aley,1,0,,,,,,"",""
ball,2,4.3,Hobart Hurricanes,HC Knight,HK Matthews,SE Aley,1,0,,,,,,"",""
ball,2,4.4,Hobart Hurricanes,HK Matthews,HC Knight,SE Aley,1,0,,,,,,"",""
ball,2,4.5,Hobart Hurricanes,HC Knight,HK Matthews,SE Aley,4,0,,,,,,"",""
ball,2,4.6,Hobart Hurricanes,HC Knight,HK Matthews,SE Aley,0,0,,,,,,"",""
ball,2,5.1,Hobart Hurricanes,HK Matthews,HC Knight,EA Perry,1,0,,,,,,run out,HK Matthews
ball,2,5.2,Hobart Hurricanes,CL Hall,HC Knight,EA Perry,0,0,,,,,,"",""
ball,2,5.3,Hobart Hurricanes,CL Hall,HC Knight,EA Perry,0,0,,,,,,"",""
ball,2,5.4,Hobart Hurricanes,CL Hall,HC Knight,EA Perry,0,0,,,,,,"",""
ball,2,5.5,Hobart Hurricanes,CL Hall,HC Knight,EA Perry,0,0,,,,,,"",""
ball,2,5.6,Hobart Hurricanes,CL Hall,HC Knight,EA Perry,0,0,,,,,,"",""
ball,2,6.1,Hobart Hurricanes,HC Knight,CL Hall,SE Aley,1,0,,,,,,"",""
ball,2,6.2,Hobart Hurricanes,CL Hall,HC Knight,SE Aley,4,0,,,,,,"",""
ball,2,6.3,Hobart Hurricanes,CL Hall,HC Knight,SE Aley,0,0,,,,,,"",""
ball,2,6.4,Hobart Hurricanes,CL Hall,HC Knight,SE Aley,1,0,,,,,,"",""
ball,2,6.5,Hobart Hurricanes,HC Knight,CL Hall,SE Aley,1,0,,,,,,"",""
ball,2,6.6,Hobart Hurricanes,CL Hall,HC Knight,SE Aley,0,0,,,,,,"",""
ball,2,7.1,Hobart Hurricanes,HC Knight,CL Hall,KJ Garth,0,0,,,,,,"",""
ball,2,7.2,Hobart Hurricanes,HC Knight,CL Hall,KJ Garth,1,0,,,,,,"",""
ball,2,7.3,Hobart Hurricanes,CL Hall,HC Knight,KJ Garth,0,0,,,,,,"",""
ball,2,7.4,Hobart Hurricanes,CL Hall,HC Knight,KJ Garth,0,0,,,,,,"",""
ball,2,7.5,Hobart Hurricanes,CL Hall,HC Knight,KJ Garth,1,0,,,,,,"",""
ball,2,7.6,Hobart Hurricanes,HC Knight,CL Hall,KJ Garth,1,0,,,,,,"",""
ball,2,8.1,Hobart Hurricanes,HC Knight,CL Hall,LG Smith,1,0,,,,,,"",""
ball,2,8.2,Hobart Hurricanes,CL Hall,HC Knight,LG Smith,1,0,,,,,,"",""
ball,2,8.3,Hobart Hurricanes,HC Knight,CL Hall,LG Smith,1,0,,,,,,"",""
ball,2,8.4,Hobart Hurricanes,CL Hall,HC Knight,LG Smith,0,0,,,,,,"",""
ball,2,8.5,Hobart Hurricanes,CL Hall,HC Knight,LG Smith,2,0,,,,,,"",""
ball,2,8.6,Hobart Hurricanes,CL Hall,HC Knight,LG Smith,0,0,,,,,,"",""
ball,2,9.1,Hobart Hurricanes,HC Knight,CL Hall,AR Reakes,1,0,,,,,,"",""
ball,2,9.2,Hobart Hurricanes,CL Hall,HC Knight,AR Reakes,4,0,,,,,,"",""
ball,2,9.3,Hobart Hurricanes,CL Hall,HC Knight,AR Reakes,1,0,,,,,,"",""
ball,2,9.4,Hobart Hurricanes,HC Knight,CL Hall,AR Reakes,1,0,,,,,,"",""
ball,2,9.5,Hobart Hurricanes,CL Hall,HC Knight,AR Reakes,0,0,,,,,,"",""
ball,2,9.6,Hobart Hurricanes,CL Hall,HC Knight,AR Reakes,0,1,1,,,,,"",""
ball,2,9.7,Hobart Hurricanes,CL Hall,HC Knight,AR Reakes,0,0,,,,,,"",""
ball,2,10.1,Hobart Hurricanes,HC Knight,CL Hall,LG Smith,1,0,,,,,,"",""
ball,2,10.2,Hobart Hurricanes,CL Hall,HC Knight,LG Smith,1,0,,,,,,"",""
ball,2,10.3,Hobart Hurricanes,HC Knight,CL Hall,LG Smith,1,0,,,,,,"",""
ball,2,10.4,Hobart Hurricanes,CL Hall,HC Knight,LG Smith,1,0,,,,,,"",""
ball,2,10.5,Hobart Hurricanes,HC Knight,CL Hall,LG Smith,0,0,,,,,,"",""
ball,2,10.6,Hobart Hurricanes,HC Knight,CL Hall,LG Smith,1,0,,,,,,"",""
ball,2,11.1,Hobart Hurricanes,HC Knight,CL Hall,KJ Garth,0,0,,,,,,"",""
ball,2,11.2,Hobart Hurricanes,HC Knight,CL Hall,KJ Garth,1,0,,,,,,"",""
ball,2,11.3,Hobart Hurricanes,CL Hall,HC Knight,KJ Garth,1,0,,,,,,"",""
ball,2,11.4,Hobart Hurricanes,HC Knight,CL Hall,KJ Garth,2,0,,,,,,"",""
ball,2,11.5,Hobart Hurricanes,HC Knight,CL Hall,KJ Garth,4,0,,,,,,"",""
ball,2,11.6,Hobart Hurricanes,HC Knight,CL Hall,KJ Garth,0,0,,,,,,lbw,HC Knight
ball,2,12.1,Hobart Hurricanes,CL Hall,V Pyke,LG Smith,0,0,,,,,,"",""
ball,2,12.2,Hobart Hurricanes,CL Hall,V Pyke,LG Smith,1,0,,,,,,"",""
ball,2,12.3,Hobart Hurricanes,V Pyke,CL Hall,LG Smith,0,0,,,,,,"",""
ball,2,12.4,Hobart Hurricanes,V Pyke,CL Hall,LG Smith,0,0,,,,,,"",""
ball,2,12.5,Hobart Hurricanes,V Pyke,CL Hall,LG Smith,1,0,,,,,,"",""
ball,2,12.6,Hobart Hurricanes,CL Hall,V Pyke,LG Smith,1,0,,,,,,"",""
ball,2,13.1,Hobart Hurricanes,CL Hall,V Pyke,KJ Garth,0,0,,,,,,"",""
ball,2,13.2,Hobart Hurricanes,CL Hall,V Pyke,KJ Garth,2,0,,,,,,"",""
ball,2,13.3,Hobart Hurricanes,CL Hall,V Pyke,KJ Garth,2,0,,,,,,"",""
ball,2,13.4,Hobart Hurricanes,CL Hall,V Pyke,KJ Garth,4,0,,,,,,"",""
ball,2,13.5,Hobart Hurricanes,CL Hall,V Pyke,KJ Garth,1,0,,,,,,"",""
ball,2,13.6,Hobart Hurricanes,V Pyke,CL Hall,KJ Garth,0,0,,,,,,"",""
ball,2,14.1,Hobart Hurricanes,CL Hall,V Pyke,EA Leys,0,0,,,,,,"",""
ball,2,14.2,Hobart Hurricanes,CL Hall,V Pyke,EA Leys,0,0,,,,,,"",""
ball,2,14.3,Hobart Hurricanes,CL Hall,V Pyke,EA Leys,2,0,,,,,,"",""
ball,2,14.4,Hobart Hurricanes,CL Hall,V Pyke,EA Leys,1,0,,,,,,"",""
ball,2,14.5,Hobart Hurricanes,V Pyke,CL Hall,EA Leys,4,0,,,,,,"",""
ball,2,14.6,Hobart Hurricanes,V Pyke,CL Hall,EA Leys,0,0,,,,,,"",""
ball,2,15.1,Hobart Hurricanes,CL Hall,V Pyke,LC Sthalekar,1,0,,,,,,"",""
ball,2,15.2,Hobart Hurricanes,V Pyke,CL Hall,LC Sthalekar,0,0,,,,,,"",""
ball,2,15.3,Hobart Hurricanes,V Pyke,CL Hall,LC Sthalekar,1,0,,,,,,"",""
ball,2,15.4,Hobart Hurricanes,CL Hall,V Pyke,LC Sthalekar,4,0,,,,,,"",""
ball,2,15.5,Hobart Hurricanes,CL Hall,V Pyke,LC Sthalekar,0,0,,,,,,"",""
ball,2,15.6,Hobart Hurricanes,CL Hall,V Pyke,LC Sthalekar,1,0,,,,,,"",""
ball,2,16.1,Hobart Hurricanes,CL Hall,V Pyke,LG Smith,1,0,,,,,,"",""
ball,2,16.2,Hobart Hurricanes,V Pyke,CL Hall,LG Smith,0,1,,,,1,,"",""
ball,2,16.3,Hobart Hurricanes,CL Hall,V Pyke,LG Smith,0,0,,,,,,"",""
ball,2,16.4,Hobart Hurricanes,CL Hall,V Pyke,LG Smith,4,0,,,,,,"",""
ball,2,16.5,Hobart Hurricanes,CL Hall,V Pyke,LG Smith,0,0,,,,,,bowled,CL Hall
ball,2,16.6,Hobart Hurricanes,E Thompson,V Pyke,LG Smith,1,0,,,,,,"",""
ball,2,17.1,Hobart Hurricanes,E Thompson,V Pyke,KJ Garth,4,0,,,,,,"",""
ball,2,17.2,Hobart Hurricanes,E Thompson,V Pyke,KJ Garth,1,0,,,,,,"",""
ball,2,17.3,Hobart Hurricanes,V Pyke,E Thompson,KJ Garth,2,0,,,,,,"",""
ball,2,17.4,Hobart Hurricanes,V Pyke,E Thompson,KJ Garth,1,0,,,,,,"",""
ball,2,17.5,Hobart Hurricanes,E Thompson,V Pyke,KJ Garth,1,0,,,,,,"",""
ball,2,17.6,Hobart Hurricanes,V Pyke,E Thompson,KJ Garth,1,0,,,,,,"",""
ball,2,18.1,Hobart Hurricanes,V Pyke,E Thompson,SE Aley,0,0,,,,,,"",""
ball,2,18.2,Hobart Hurricanes,V Pyke,E Thompson,SE Aley,1,0,,,,,,"",""
ball,2,18.3,Hobart Hurricanes,E Thompson,V Pyke,SE Aley,1,0,,,,,,"",""
ball,2,18.4,Hobart Hurricanes,V Pyke,E Thompson,SE Aley,0,0,,,,,,stumped,V Pyke
ball,2,18.5,Hobart Hurricanes,SK Moloney,E Thompson,SE Aley,1,0,,,,,,"",""
ball,2,18.6,Hobart Hurricanes,E Thompson,SK Moloney,SE Aley,0,0,,,,,,caught,E Thompson
ball,2,19.1,Hobart Hurricanes,B Hepburn,SK Moloney,EA Perry,1,0,,,,,,"",""
ball,2,19.2,Hobart Hurricanes,SK Moloney,B Hepburn,EA Perry,4,0,,,,,,"",""
ball,2,19.3,Hobart Hurricanes,SK Moloney,B Hepburn,EA Perry,0,0,,,,,,"",""
ball,2,19.4,Hobart Hurricanes,SK Moloney,B Hepburn,EA Perry,1,0,,,,,,"",""
ball,2,19.5,Hobart Hurricanes,B Hepburn,SK Moloney,EA Perry,1,0,,,,,,"",""
ball,2,19.6,Hobart Hurricanes,SK Moloney,B Hepburn,EA Perry,0,1,,,,1,,"",""
