version,1.6.0
info,balls_per_over,6
info,team,Brisbane Heat
info,team,Hobart Hurricanes
info,gender,female
info,season,2016/17
info,date,2017/01/09
info,event,Women's Big Bash League
info,match_number,39
info,venue,Bellerive Oval
info,city,Hobart
info,toss_winner,Brisbane Heat
info,toss_decision,bat
info,player_of_match,HK Matthews
info,umpire,M Qureshi
info,umpire,DR Close
info,match_referee,Roy Loh
info,winner,Hobart Hurricanes
info,winner_wickets,8
info,player,Brisbane Heat,BL Mooney
info,player,Brisbane Heat,KL Short
info,player,Brisbane Heat,JL Jonassen
info,player,Brisbane Heat,L Winfield
info,player,Brisbane Heat,S Mandhana
info,player,Brisbane Heat,DM Kimmince
info,player,Brisbane Heat,L Harris
info,player,Brisbane Heat,JL Barsby
info,player,Brisbane Heat,H Birkett
info,player,Brisbane Heat,SJ Johnson
info,player,Brisbane Heat,K Sutherland
info,player,Hobart Hurricanes,EA Burns
info,player,Hobart Hurricanes,G Redmayne
info,player,Hobart Hurricanes,HC Knight
info,player,Hobart Hurricanes,AE Satterthwaite
info,player,Hobart Hurricanes,HK Matthews
info,player,Hobart Hurricanes,E Thompson
info,player,Hobart Hurricanes,CL Hall
info,player,Hobart Hurricanes,SK Moloney
info,player,Hobart Hurricanes,V Pyke
info,player,Hobart Hurricanes,B Hepburn
info,player,Hobart Hurricanes,JL Hunter
info,registry,people,AE Satterthwaite,72b7ed1e
info,registry,people,B Hepburn,df04fc4f
info,registry,people,BL Mooney,52d1dbc8
info,registry,people,CL Hall,6026e2ae
info,registry,people,DM Kimmince,d693012d
info,registry,people,DR Close,4cae2b0c
info,registry,people,E Thompson,a7c3c366
info,registry,people,EA Burns,2e0b6638
info,registry,people,G Redmayne,324b9eee
info,registry,people,H Birkett,852820e3
info,registry,people,HC Knight,4ba0289e
info,registry,people,HK Matthews,d32cf49a
info,registry,people,JL Barsby,47bcaf7a
info,registry,people,JL Hunter,110839f2
info,registry,people,JL Jonassen,0475a86b
info,registry,people,K Sutherland,98797fb4
info,registry,people,KL Short,712bd44c
info,registry,people,L Harris,36e2dc83
info,registry,people,L Winfield,5230a33d
info,registry,people,M Qureshi,cf34fbef
info,registry,people,Roy Loh,10ce549c
info,registry,people,S Mandhana,5d2eda89
info,registry,people,SJ Johnson,d7b754d4
info,registry,people,SK Moloney,a0bc8dc1
info,registry,people,V Pyke,cb937b2d
ball,1,0.1,Brisbane Heat,BL Mooney,KL Short,JL Hunter,0,0,,,,,,"",""
ball,1,0.2,Brisbane Heat,BL Mooney,KL Short,JL Hunter,0,1,1,,,,,"",""
ball,1,0.3,Brisbane Heat,BL Mooney,KL Short,JL Hunter,1,0,,,,,,"",""
ball,1,0.4,Brisbane Heat,KL Short,BL Mooney,JL Hunter,1,0,,,,,,"",""
ball,1,0.5,Brisbane Heat,BL Mooney,KL Short,JL Hunter,0,0,,,,,,"",""
ball,1,0.6,Brisbane Heat,BL Mooney,KL Short,JL Hunter,0,0,,,,,,caught,BL Mooney
ball,1,0.7,Brisbane Heat,JL Jonassen,KL Short,JL Hunter,0,0,,,,,,"",""
ball,1,1.1,Brisbane Heat,KL Short,JL Jonassen,HK Matthews,4,0,,,,,,"",""
ball,1,1.2,Brisbane Heat,KL Short,JL Jonassen,HK Matthews,0,0,,,,,,"",""
ball,1,1.3,Brisbane Heat,KL Short,JL Jonassen,HK Matthews,1,0,,,,,,"",""
ball,1,1.4,Brisbane Heat,JL Jonassen,KL Short,HK Matthews,4,0,,,,,,"",""
ball,1,1.5,Brisbane Heat,JL Jonassen,KL Short,HK Matthews,0,0,,,,,,"",""
ball,1,1.6,Brisbane Heat,JL Jonassen,KL Short,HK Matthews,0,0,,,,,,"",""
ball,1,2.1,Brisbane Heat,KL Short,JL Jonassen,JL Hunter,1,0,,,,,,"",""
ball,1,2.2,Brisbane Heat,JL Jonassen,KL Short,JL Hunter,0,0,,,,,,"",""
ball,1,2.3,Brisbane Heat,JL Jonassen,KL Short,JL Hunter,4,0,,,,,,"",""
ball,1,2.4,Brisbane Heat,JL Jonassen,KL Short,JL Hunter,1,0,,,,,,"",""
ball,1,2.5,Brisbane Heat,KL Short,JL Jonassen,JL Hunter,0,1,1,,,,,"",""
ball,1,2.6,Brisbane Heat,KL Short,JL Jonassen,JL Hunter,1,0,,,,,,"",""
ball,1,2.7,Brisbane Heat,JL Jonassen,KL Short,JL Hunter,0,0,,,,,,"",""
ball,1,3.1,Brisbane Heat,KL Short,JL Jonassen,V Pyke,1,0,,,,,,"",""
ball,1,3.2,Brisbane Heat,JL Jonassen,KL Short,V Pyke,1,0,,,,,,"",""
ball,1,3.3,Brisbane Heat,KL Short,JL Jonassen,V Pyke,0,0,,,,,,"",""
ball,1,3.4,Brisbane Heat,KL Short,JL Jonassen,V Pyke,0,0,,,,,,"",""
ball,1,3.5,Brisbane Heat,KL Short,JL Jonassen,V Pyke,1,0,,,,,,"",""
ball,1,3.6,Brisbane Heat,JL Jonassen,KL Short,V Pyke,0,0,,,,,,"",""
ball,1,4.1,Brisbane Heat,KL Short,JL Jonassen,JL Hunter,0,0,,,,,,"",""
ball,1,4.2,Brisbane Heat,KL Short,JL Jonassen,JL Hunter,0,0,,,,,,caught,KL Short
ball,1,4.3,Brisbane Heat,L Winfield,JL Jonassen,JL Hunter,0,0,,,,,,"",""
ball,1,4.4,Brisbane Heat,L Winfield,JL Jonassen,JL Hunter,4,0,,,,,,"",""
ball,1,4.5,Brisbane Heat,L Winfield,JL Jonassen,JL Hunter,1,0,,,,,,"",""
ball,1,4.6,Brisbane Heat,JL Jonassen,L Winfield,JL Hunter,3,0,,,,,,"",""
ball,1,5.1,Brisbane Heat,JL Jonassen,L Winfield,AE Satterthwaite,4,0,,,,,,"",""
ball,1,5.2,Brisbane Heat,JL Jonassen,L Winfield,AE Satterthwaite,1,0,,,,,,"",""
ball,1,5.3,Brisbane Heat,L Winfield,JL Jonassen,AE Satterthwaite,1,0,,,,,,"",""
ball,1,5.4,Brisbane Heat,JL Jonassen,L Winfield,AE Satterthwaite,0,0,,,,,,"",""
ball,1,5.5,Brisbane Heat,JL Jonassen,L Winfield,AE Satterthwaite,0,0,,,,,,caught,JL Jonassen
ball,1,5.6,Brisbane Heat,L Winfield,S Mandhana,AE Satterthwaite,1,0,,,,,,"",""
ball,1,6.1,Brisbane Heat,L Winfield,S Mandhana,JL Hunter,0,0,,,,,,caught and bowled,L Winfield
ball,1,6.2,Brisbane Heat,DM Kimmince,S Mandhana,JL Hunter,0,0,,,,,,"",""
ball,1,6.3,Brisbane Heat,DM Kimmince,S Mandhana,JL Hunter,0,0,,,,,,"",""
ball,1,6.4,Brisbane Heat,DM Kimmince,S Mandhana,JL Hunter,0,0,,,,,,"",""
ball,1,6.5,Brisbane Heat,DM Kimmince,S Mandhana,JL Hunter,0,0,,,,,,"",""
ball,1,6.6,Brisbane Heat,DM Kimmince,S Mandhana,JL Hunter,0,0,,,,,,"",""
ball,1,7.1,Brisbane Heat,S Mandhana,DM Kimmince,B Hepburn,4,0,,,,,,"",""
ball,1,7.2,Brisbane Heat,S Mandhana,DM Kimmince,B Hepburn,0,0,,,,,,"",""
ball,1,7.3,Brisbane Heat,S Mandhana,DM Kimmince,B Hepburn,1,0,,,,,,"",""
ball,1,7.4,Brisbane Heat,DM Kimmince,S Mandhana,B Hepburn,1,0,,,,,,"",""
ball,1,7.5,Brisbane Heat,S Mandhana,DM Kimmince,B Hepburn,1,0,,,,,,"",""
ball,1,7.6,Brisbane Heat,DM Kimmince,S Mandhana,B Hepburn,0,0,,,,,,"",""
ball,1,8.1,Brisbane Heat,S Mandhana,DM Kimmince,EA Burns,0,0,,,,,,"",""
ball,1,8.2,Brisbane Heat,S Mandhana,DM Kimmince,EA Burns,0,0,,,,,,"",""
ball,1,8.3,Brisbane Heat,S Mandhana,DM Kimmince,EA Burns,0,0,,,,,,"",""
ball,1,8.4,Brisbane Heat,S Mandhana,DM Kimmince,EA Burns,1,0,,,,,,"",""
ball,1,8.5,Brisbane Heat,DM Kimmince,S Mandhana,EA Burns,1,0,,,,,,"",""
ball,1,8.6,Brisbane Heat,S Mandhana,DM Kimmince,EA Burns,1,0,,,,,,"",""
ball,1,9.1,Brisbane Heat,S Mandhana,DM Kimmince,B Hepburn,0,0,,,,,,"",""
ball,1,9.2,Brisbane Heat,S Mandhana,DM Kimmince,B Hepburn,1,0,,,,,,"",""
ball,1,9.3,Brisbane Heat,DM Kimmince,S Mandhana,B Hepburn,1,0,,,,,,"",""
ball,1,9.4,Brisbane Heat,S Mandhana,DM Kimmince,B Hepburn,1,0,,,,,,"",""
ball,1,9.5,Brisbane Heat,DM Kimmince,S Mandhana,B Hepburn,1,0,,,,,,"",""
ball,1,9.6,Brisbane Heat,S Mandhana,DM Kimmince,B Hepburn,4,0,,,,,,"",""
ball,1,10.1,Brisbane Heat,DM Kimmince,S Mandhana,EA Burns,1,0,,,,,,"",""
ball,1,10.2,Brisbane Heat,S Mandhana,DM Kimmince,EA Burns,0,0,,,,,,"",""
ball,1,10.3,Brisbane Heat,S Mandhana,DM Kimmince,EA Burns,0,0,,,,,,"",""
ball,1,10.4,Brisbane Heat,S Mandhana,DM Kimmince,EA Burns,2,0,,,,,,"",""
ball,1,10.5,Brisbane Heat,S Mandhana,DM Kimmince,EA Burns,4,0,,,,,,"",""
ball,1,10.6,Brisbane Heat,S Mandhana,DM Kimmince,EA Burns,1,0,,,,,,"",""
ball,1,11.1,Brisbane Heat,S Mandhana,DM Kimmince,AE Satterthwaite,1,0,,,,,,"",""
ball,1,11.2,Brisbane Heat,DM Kimmince,S Mandhana,AE Satterthwaite,1,0,,,,,,"",""
ball,1,11.3,Brisbane Heat,S Mandhana,DM Kimmince,AE Satterthwaite,1,0,,,,,,"",""
ball,1,11.4,Brisbane Heat,DM Kimmince,S Mandhana,AE Satterthwaite,1,0,,,,,,"",""
ball,1,11.5,Brisbane Heat,S Mandhana,DM Kimmince,AE Satterthwaite,0,0,,,,,,"",""
ball,1,11.6,Brisbane Heat,S Mandhana,DM Kimmince,AE Satterthwaite,4,0,,,,,,"",""
ball,1,12.1,Brisbane Heat,DM Kimmince,S Mandhana,EA Burns,0,0,,,,,,"",""
ball,1,12.2,Brisbane Heat,DM Kimmince,S Mandhana,EA Burns,0,0,,,,,,"",""
ball,1,12.3,Brisbane Heat,DM Kimmince,S Mandhana,EA Burns,1,0,,,,,,"",""
ball,1,12.4,Brisbane Heat,S Mandhana,DM Kimmince,EA Burns,2,0,,,,,,"",""
ball,1,12.5,Brisbane Heat,S Mandhana,DM Kimmince,EA Burns,1,0,,,,,,"",""
ball,1,12.6,Brisbane Heat,DM Kimmince,S Mandhana,EA Burns,1,0,,,,,,"",""
ball,1,13.1,Brisbane Heat,DM Kimmince,S Mandhana,V Pyke,1,0,,,,,,"",""
ball,1,13.2,Brisbane Heat,S Mandhana,DM Kimmince,V Pyke,4,0,,,,,,"",""
ball,1,13.3,Brisbane Heat,S Mandhana,DM Kimmince,V Pyke,0,0,,,,,,"",""
ball,1,13.4,Brisbane Heat,S Mandhana,DM Kimmince,V Pyke,1,0,,,,,,"",""
ball,1,13.5,Brisbane Heat,DM Kimmince,S Mandhana,V Pyke,0,0,,,,,,"",""
ball,1,13.6,Brisbane Heat,DM Kimmince,S Mandhana,V Pyke,2,0,,,,,,"",""
ball,1,14.1,Brisbane Heat,S Mandhana,DM Kimmince,B Hepburn,4,0,,,,,,"",""
ball,1,14.2,Brisbane Heat,S Mandhana,DM Kimmince,B Hepburn,0,0,,,,,,"",""
ball,1,14.3,Brisbane Heat,S Mandhana,DM Kimmince,B Hepburn,0,0,,,,,,"",""
ball,1,14.4,Brisbane Heat,S Mandhana,DM Kimmince,B Hepburn,1,0,,,,,,"",""
ball,1,14.5,Brisbane Heat,DM Kimmince,S Mandhana,B Hepburn,1,0,,,,,,"",""
ball,1,14.6,Brisbane Heat,S Mandhana,DM Kimmince,B Hepburn,0,0,,,,,,"",""
ball,1,15.1,Brisbane Heat,DM Kimmince,S Mandhana,HK Matthews,0,0,,,,,,"",""
ball,1,15.2,Brisbane Heat,DM Kimmince,S Mandhana,HK Matthews,1,0,,,,,,"",""
ball,1,15.3,Brisbane Heat,S Mandhana,DM Kimmince,HK Matthews,0,0,,,,,,stumped,S Mandhana
ball,1,15.4,Brisbane Heat,L Harris,DM Kimmince,HK Matthews,1,0,,,,,,"",""
ball,1,15.5,Brisbane Heat,DM Kimmince,L Harris,HK Matthews,0,0,,,,,,caught,DM Kimmince
ball,1,15.6,Brisbane Heat,L Harris,JL Barsby,HK Matthews,1,0,,,,,,"",""
ball,1,16.1,Brisbane Heat,L Harris,JL Barsby,EA Burns,1,0,,,,,,"",""
ball,1,16.2,Brisbane Heat,JL Barsby,L Harris,EA Burns,0,0,,,,,,"",""
ball,1,16.3,Brisbane Heat,JL Barsby,L Harris,EA Burns,1,0,,,,,,"",""
ball,1,16.4,Brisbane Heat,L Harris,JL Barsby,EA Burns,2,0,,,,,,"",""
ball,1,16.5,Brisbane Heat,L Harris,JL Barsby,EA Burns,6,0,,,,,,"",""
ball,1,16.6,Brisbane Heat,L Harris,JL Barsby,EA Burns,1,0,,,,,,"",""
ball,1,17.1,Brisbane Heat,L Harris,JL Barsby,HK Matthews,0,0,,,,,,run out,L Harris
ball,1,17.2,Brisbane Heat,JL Barsby,H Birkett,HK Matthews,1,0,,,,,,"",""
ball,1,17.3,Brisbane Heat,H Birkett,JL Barsby,HK Matthews,1,0,,,,,,"",""
ball,1,17.4,Brisbane Heat,JL Barsby,H Birkett,HK Matthews,0,0,,,,,,bowled,JL Barsby
ball,1,17.5,Brisbane Heat,SJ Johnson,H Birkett,HK Matthews,2,0,,,,,,"",""
ball,1,17.6,Brisbane Heat,SJ Johnson,H Birkett,HK Matthews,0,0,,,,,,"",""
ball,1,18.1,Brisbane Heat,H Birkett,SJ Johnson,AE Satterthwaite,1,0,,,,,,"",""
ball,1,18.2,Brisbane Heat,SJ Johnson,H Birkett,AE Satterthwaite,2,0,,,,,,"",""
ball,1,18.3,Brisbane Heat,SJ Johnson,H Birkett,AE Satterthwaite,0,1,1,,,,,"",""
ball,1,18.4,Brisbane Heat,SJ Johnson,H Birkett,AE Satterthwaite,2,0,,,,,,"",""
ball,1,18.5,Brisbane Heat,SJ Johnson,H Birkett,AE Satterthwaite,1,0,,,,,,"",""
ball,1,18.6,Brisbane Heat,H Birkett,SJ Johnson,AE Satterthwaite,2,0,,,,,,"",""
ball,1,18.7,Brisbane Heat,H Birkett,SJ Johnson,AE Satterthwaite,1,0,,,,,,"",""
ball,1,19.1,Brisbane Heat,H Birkett,SJ Johnson,HK Matthews,1,0,,,,,,"",""
ball,1,19.2,Brisbane Heat,SJ Johnson,H Birkett,HK Matthews,0,1,1,,,,,"",""
ball,1,19.3,Brisbane Heat,SJ Johnson,H Birkett,HK Matthews,0,0,,,,,,caught,SJ Johnson
ball,1,19.4,Brisbane Heat,K Sutherland,H Birkett,HK Matthews,1,0,,,,,,"",""
ball,1,19.5,Brisbane Heat,H Birkett,K Sutherland,HK Matthews,0,0,,,,,,caught,H Birkett
ball,2,0.1,Hobart Hurricanes,EA Burns,G Redmayne,JL Jonassen,0,0,,,,,,"",""
ball,2,0.2,Hobart Hurricanes,EA Burns,G Redmayne,JL Jonassen,1,0,,,,,,"",""
ball,2,0.3,Hobart Hurricanes,G Redmayne,EA Burns,JL Jonassen,0,0,,,,,,"",""
ball,2,0.4,Hobart Hurricanes,G Redmayne,EA Burns,JL Jonassen,1,0,,,,,,"",""
ball,2,0.5,Hobart Hurricanes,EA Burns,G Redmayne,JL Jonassen,4,0,,,,,,"",""
ball,2,0.6,Hobart Hurricanes,EA Burns,G Redmayne,JL Jonassen,0,0,,,,,,"",""
ball,2,1.1,Hobart Hurricanes,G Redmayne,EA Burns,H Birkett,1,0,,,,,,"",""
ball,2,1.2,Hobart Hurricanes,EA Burns,G Redmayne,H Birkett,0,0,,,,,,"",""
ball,2,1.3,Hobart Hurricanes,EA Burns,G Redmayne,H Birkett,4,0,,,,,,"",""
ball,2,1.4,Hobart Hurricanes,EA Burns,G Redmayne,H Birkett,1,0,,,,,,"",""
ball,2,1.5,Hobart Hurricanes,G Redmayne,EA Burns,H Birkett,0,0,,,,,,"",""
ball,2,1.6,Hobart Hurricanes,G Redmayne,EA Burns,H Birkett,1,0,,,,,,"",""
ball,2,2.1,Hobart Hurricanes,G Redmayne,EA Burns,JL Jonassen,0,0,,,,,,"",""
ball,2,2.2,Hobart Hurricanes,G Redmayne,EA Burns,JL Jonassen,1,0,,,,,,"",""
ball,2,2.3,Hobart Hurricanes,EA Burns,G Redmayne,JL Jonassen,1,0,,,,,,"",""
ball,2,2.4,Hobart Hurricanes,G Redmayne,EA Burns,JL Jonassen,0,0,,,,,,"",""
ball,2,2.5,Hobart Hurricanes,G Redmayne,EA Burns,JL Jonassen,1,0,,,,,,"",""
ball,2,2.6,Hobart Hurricanes,EA Burns,G Redmayne,JL Jonassen,0,0,,,,,,"",""
ball,2,3.1,Hobart Hurricanes,G Redmayne,EA Burns,H Birkett,4,0,,,,,,"",""
ball,2,3.2,Hobart Hurricanes,G Redmayne,EA Burns,H Birkett,0,0,,,,,,"",""
ball,2,3.3,Hobart Hurricanes,G Redmayne,EA Burns,H Birkett,1,0,,,,,,"",""
ball,2,3.4,Hobart Hurricanes,EA Burns,G Redmayne,H Birkett,0,0,,,,,,"",""
ball,2,3.5,Hobart Hurricanes,EA Burns,G Redmayne,H Birkett,1,0,,,,,,"",""
ball,2,3.6,Hobart Hurricanes,G Redmayne,EA Burns,H Birkett,0,0,,,,,,"",""
ball,2,4.1,Hobart Hurricanes,EA Burns,G Redmayne,SJ Johnson,1,0,,,,,,"",""
ball,2,4.2,Hobart Hurricanes,G Redmayne,EA Burns,SJ Johnson,1,0,,,,,,"",""
ball,2,4.3,Hobart Hurricanes,EA Burns,G Redmayne,SJ Johnson,4,0,,,,,,"",""
ball,2,4.4,Hobart Hurricanes,EA Burns,G Redmayne,SJ Johnson,0,1,1,,,,,"",""
ball,2,4.5,Hobart Hurricanes,EA Burns,G Redmayne,SJ Johnson,1,0,,,,,,"",""
ball,2,4.6,Hobart Hurricanes,G Redmayne,EA Burns,SJ Johnson,0,0,,,,,,"",""
ball,2,4.7,Hobart Hurricanes,G Redmayne,EA Burns,SJ Johnson,1,0,,,,,,"",""
ball,2,5.1,Hobart Hurricanes,G Redmayne,EA Burns,DM Kimmince,0,0,,,,,,"",""
ball,2,5.2,Hobart Hurricanes,G Redmayne,EA Burns,DM Kimmince,1,0,,,,,,"",""
ball,2,5.3,Hobart Hurricanes,EA Burns,G Redmayne,DM Kimmince,0,0,,,,,,"",""
ball,2,5.4,Hobart Hurricanes,EA Burns,G Redmayne,DM Kimmince,0,0,,,,,,"",""
ball,2,5.5,Hobart Hurricanes,EA Burns,G Redmayne,DM Kimmince,0,0,,,,,,"",""
ball,2,5.6,Hobart Hurricanes,EA Burns,G Redmayne,DM Kimmince,0,0,,,,,,caught,EA Burns
ball,2,6.1,Hobart Hurricanes,HC Knight,G Redmayne,SJ Johnson,0,0,,,,,,"",""
ball,2,6.2,Hobart Hurricanes,HC Knight,G Redmayne,SJ Johnson,1,0,,,,,,"",""
ball,2,6.3,Hobart Hurricanes,G Redmayne,HC Knight,SJ Johnson,0,0,,,,,,"",""
ball,2,6.4,Hobart Hurricanes,G Redmayne,HC Knight,SJ Johnson,2,0,,,,,,"",""
ball,2,6.5,Hobart Hurricanes,G Redmayne,HC Knight,SJ Johnson,1,0,,,,,,"",""
ball,2,6.6,Hobart Hurricanes,HC Knight,G Redmayne,SJ Johnson,1,0,,,,,,"",""
ball,2,7.1,Hobart Hurricanes,HC Knight,G Redmayne,DM Kimmince,1,0,,,,,,"",""
ball,2,7.2,Hobart Hurricanes,G Redmayne,HC Knight,DM Kimmince,0,0,,,,,,"",""
ball,2,7.3,Hobart Hurricanes,G Redmayne,HC Knight,DM Kimmince,4,0,,,,,,"",""
ball,2,7.4,Hobart Hurricanes,G Redmayne,HC Knight,DM Kimmince,1,0,,,,,,"",""
ball,2,7.5,Hobart Hurricanes,HC Knight,G Redmayne,DM Kimmince,1,0,,,,,,"",""
ball,2,7.6,Hobart Hurricanes,G Redmayne,HC Knight,DM Kimmince,4,0,,,,,,"",""
ball,2,8.1,Hobart Hurricanes,HC Knight,G Redmayne,K Sutherland,0,1,1,,,,,"",""
ball,2,8.2,Hobart Hurricanes,HC Knight,G Redmayne,K Sutherland,0,0,,,,,,"",""
ball,2,8.3,Hobart Hurricanes,HC Knight,G Redmayne,K Sutherland,1,0,,,,,,"",""
ball,2,8.4,Hobart Hurricanes,G Redmayne,HC Knight,K Sutherland,0,0,,,,,,"",""
ball,2,8.5,Hobart Hurricanes,G Redmayne,HC Knight,K Sutherland,4,0,,,,,,"",""
ball,2,8.6,Hobart Hurricanes,G Redmayne,HC Knight,K Sutherland,4,0,,,,,,"",""
ball,2,8.7,Hobart Hurricanes,G Redmayne,HC Knight,K Sutherland,4,0,,,,,,"",""
ball,2,9.1,Hobart Hurricanes,HC Knight,G Redmayne,JL Barsby,1,0,,,,,,"",""
ball,2,9.2,Hobart Hurricanes,G Redmayne,HC Knight,JL Barsby,2,0,,,,,,"",""
ball,2,9.3,Hobart Hurricanes,G Redmayne,HC Knight,JL Barsby,1,0,,,,,,"",""
ball,2,9.4,Hobart Hurricanes,HC Knight,G Redmayne,JL Barsby,0,0,,,,,,"",""
ball,2,9.5,Hobart Hurricanes,HC Knight,G Redmayne,JL Barsby,1,0,,,,,,"",""
ball,2,9.6,Hobart Hurricanes,G Redmayne,HC Knight,JL Barsby,1,0,,,,,,"",""
ball,2,10.1,Hobart Hurricanes,G Redmayne,HC Knight,S Mandhana,1,0,,,,,,"",""
ball,2,10.2,Hobart Hurricanes,HC Knight,G Redmayne,S Mandhana,4,0,,,,,,"",""
ball,2,10.3,Hobart Hurricanes,HC Knight,G Redmayne,S Mandhana,0,0,,,,,,"",""
ball,2,10.4,Hobart Hurricanes,HC Knight,G Redmayne,S Mandhana,1,0,,,,,,"",""
ball,2,10.5,Hobart Hurricanes,G Redmayne,HC Knight,S Mandhana,1,0,,,,,,"",""
ball,2,10.6,Hobart Hurricanes,HC Knight,G Redmayne,S Mandhana,0,0,,,,,,"",""
ball,2,11.1,Hobart Hurricanes,G Redmayne,HC Knight,JL Barsby,1,0,,,,,,"",""
ball,2,11.2,Hobart Hurricanes,HC Knight,G Redmayne,JL Barsby,1,0,,,,,,"",""
ball,2,11.3,Hobart Hurricanes,G Redmayne,HC Knight,JL Barsby,2,0,,,,,,"",""
ball,2,11.4,Hobart Hurricanes,G Redmayne,HC Knight,JL Barsby,0,0,,,,,,"",""
ball,2,11.5,Hobart Hurricanes,G Redmayne,HC Knight,JL Barsby,0,0,,,,,,"",""
ball,2,11.6,Hobart Hurricanes,G Redmayne,HC Knight,JL Barsby,2,0,,,,,,"",""
ball,2,12.1,Hobart Hurricanes,HC Knight,G Redmayne,JL Jonassen,2,0,,,,,,"",""
ball,2,12.2,Hobart Hurricanes,HC Knight,G Redmayne,JL Jonassen,0,0,,,,,,caught,HC Knight
ball,2,12.3,Hobart Hurricanes,AE Satterthwaite,G Redmayne,JL Jonassen,0,0,,,,,,"",""
ball,2,12.4,Hobart Hurricanes,AE Satterthwaite,G Redmayne,JL Jonassen,0,0,,,,,,"",""
ball,2,12.5,Hobart Hurricanes,AE Satterthwaite,G Redmayne,JL Jonassen,1,0,,,,,,"",""
ball,2,12.6,Hobart Hurricanes,G Redmayne,AE Satterthwaite,JL Jonassen,0,0,,,,,,"",""
ball,2,13.1,Hobart Hurricanes,AE Satterthwaite,G Redmayne,JL Barsby,0,0,,,,,,"",""
ball,2,13.2,Hobart Hurricanes,AE Satterthwaite,G Redmayne,JL Barsby,1,0,,,,,,"",""
ball,2,13.3,Hobart Hurricanes,G Redmayne,AE Satterthwaite,JL Barsby,1,0,,,,,,"",""
ball,2,13.4,Hobart Hurricanes,AE Satterthwaite,G Redmayne,JL Barsby,1,0,,,,,,"",""
ball,2,13.5,Hobart Hurricanes,G Redmayne,AE Satterthwaite,JL Barsby,2,0,,,,,,"",""
ball,2,13.6,Hobart Hurricanes,G Redmayne,AE Satterthwaite,JL Barsby,0,0,,,,,,"",""
ball,2,14.1,Hobart Hurricanes,AE Satterthwaite,G Redmayne,H Birkett,0,0,,,,,,"",""
ball,2,14.2,Hobart Hurricanes,AE Satterthwaite,G Redmayne,H Birkett,2,0,,,,,,"",""
ball,2,14.3,Hobart Hurricanes,AE Satterthwaite,G Redmayne,H Birkett,0,0,,,,,,"",""
ball,2,14.4,Hobart Hurricanes,AE Satterthwaite,G Redmayne,H Birkett,4,0,,,,,,"",""
ball,2,14.5,Hobart Hurricanes,AE Satterthwaite,G Redmayne,H Birkett,1,0,,,,,,"",""
ball,2,14.6,Hobart Hurricanes,G Redmayne,AE Satterthwaite,H Birkett,2,0,,,,,,"",""
ball,2,15.1,Hobart Hurricanes,AE Satterthwaite,G Redmayne,DM Kimmince,0,0,,,,,,"",""
ball,2,15.2,Hobart Hurricanes,AE Satterthwaite,G Redmayne,DM Kimmince,1,0,,,,,,"",""
ball,2,15.3,Hobart Hurricanes,G Redmayne,AE Satterthwaite,DM Kimmince,0,1,1,,,,,"",""
ball,2,15.4,Hobart Hurricanes,G Redmayne,AE Satterthwaite,DM Kimmince,1,0,,,,,,"",""
ball,2,15.5,Hobart Hurricanes,AE Satterthwaite,G Redmayne,DM Kimmince,4,0,,,,,,"",""
ball,2,15.6,Hobart Hurricanes,AE Satterthwaite,G Redmayne,DM Kimmince,1,0,,,,,,"",""
ball,2,15.7,Hobart Hurricanes,G Redmayne,AE Satterthwaite,DM Kimmince,4,0,,,,,,"",""
ball,2,16.1,Hobart Hurricanes,AE Satterthwaite,G Redmayne,JL Jonassen,0,0,,,,,,"",""
ball,2,16.2,Hobart Hurricanes,AE Satterthwaite,G Redmayne,JL Jonassen,0,0,,,,,,"",""
ball,2,16.3,Hobart Hurricanes,AE Satterthwaite,G Redmayne,JL Jonassen,2,0,,,,,,"",""
ball,2,16.4,Hobart Hurricanes,AE Satterthwaite,G Redmayne,JL Jonassen,1,0,,,,,,"",""
ball,2,16.5,Hobart Hurricanes,G Redmayne,AE Satterthwaite,JL Jonassen,1,0,,,,,,"",""
ball,2,16.6,Hobart Hurricanes,AE Satterthwaite,G Redmayne,JL Jonassen,0,0,,,,,,"",""
ball,2,17.1,Hobart Hurricanes,G Redmayne,AE Satterthwaite,JL Barsby,4,0,,,,,,"",""
ball,2,17.2,Hobart Hurricanes,G Redmayne,AE Satterthwaite,JL Barsby,0,0,,,,,,"",""
ball,2,17.3,Hobart Hurricanes,G Redmayne,AE Satterthwaite,JL Barsby,1,0,,,,,,"",""
ball,2,17.4,Hobart Hurricanes,AE Satterthwaite,G Redmayne,JL Barsby,0,0,,,,,,"",""
ball,2,17.5,Hobart Hurricanes,AE Satterthwaite,G Redmayne,JL Barsby,2,0,,,,,,"",""
ball,2,17.6,Hobart Hurricanes,AE Satterthwaite,G Redmayne,JL Barsby,1,0,,,,,,"",""
ball,2,18.1,Hobart Hurricanes,AE Satterthwaite,G Redmayne,H Birkett,0,0,,,,,,"",""
ball,2,18.2,Hobart Hurricanes,AE Satterthwaite,G Redmayne,H Birkett,0,0,,,,,,"",""
ball,2,18.3,Hobart Hurricanes,AE Satterthwaite,G Redmayne,H Birkett,0,1,1,,,,,"",""
