version,1.6.0
info,balls_per_over,6
info,team,Hobart Hurricanes
info,team,Sydney Thunder
info,gender,female
info,season,2016/17
info,date,2017/01/05
info,event,Women's Big Bash League
info,match_number,34
info,venue,Aurora Stadium
info,city,Launceston
info,toss_winner,Hobart Hurricanes
info,toss_decision,bat
info,player_of_match,HC Knight
info,umpire,M Qureshi
info,umpire,DR Close
info,match_referee,Roy Loh
info,winner,Hobart Hurricanes
info,winner_runs,44
info,player,Hobart Hurricanes,EA Burns
info,player,Hobart Hurricanes,G Redmayne
info,player,Hobart Hurricanes,HC Knight
info,player,Hobart Hurricanes,AE Satterthwaite
info,player,Hobart Hurricanes,HK Matthews
info,player,Hobart Hurricanes,CL Hall
info,player,Hobart Hurricanes,V Pyke
info,player,Hobart Hurricanes,E Thompson
info,player,Hobart Hurricanes,B Hepburn
info,player,Hobart Hurricanes,JL Hunter
info,player,Hobart Hurricanes,C Raack
info,player,Sydney Thunder,RL Haynes
info,player,Sydney Thunder,SR Taylor
info,player,Sydney Thunder,NE Stalenberg
info,player,Sydney Thunder,AJ Blackwell
info,player,Sydney Thunder,H Kaur
info,player,Sydney Thunder,NJ Carey
info,player,Sydney Thunder,EA Osborne
info,player,Sydney Thunder,RM Farrell
info,player,Sydney Thunder,CJ Koski
info,player,Sydney Thunder,L Cheatle
info,player,Sydney Thunder,SL Bates
info,registry,people,AE Satterthwaite,72b7ed1e
info,registry,people,AJ Blackwell,b9164a9b
info,registry,people,B Hepburn,df04fc4f
info,registry,people,C Raack,28aba384
info,registry,people,CJ Koski,0f00b4d7
info,registry,people,CL Hall,6026e2ae
info,registry,people,DR Close,4cae2b0c
info,registry,people,E Thompson,a7c3c366
info,registry,people,EA Burns,2e0b6638
info,registry,people,EA Osborne,fe731c62
info,registry,people,G Redmayne,324b9eee
info,registry,people,H Kaur,53cd8da6
info,registry,people,HC Knight,4ba0289e
info,registry,people,HK Matthews,d32cf49a
info,registry,people,JL Hunter,110839f2
info,registry,people,L Cheatle,275dff85
info,registry,people,M Qureshi,cf34fbef
info,registry,people,NE Stalenberg,609c519e
info,registry,people,NJ Carey,dff806f4
info,registry,people,RL Haynes,d7c6b0fb
info,registry,people,RM Farrell,4ed7d23f
info,registry,people,Roy Loh,10ce549c
info,registry,people,SL Bates,0816fb1e
info,registry,people,SR Taylor,92cf79a8
info,registry,people,V Pyke,cb937b2d
ball,1,0.1,Hobart Hurricanes,EA Burns,G Redmayne,SL Bates,2,0,,,,,,"",""
ball,1,0.2,Hobart Hurricanes,EA Burns,G Redmayne,SL Bates,0,0,,,,,,"",""
ball,1,0.3,Hobart Hurricanes,EA Burns,G Redmayne,SL Bates,1,0,,,,,,"",""
ball,1,0.4,Hobart Hurricanes,G Redmayne,EA Burns,SL Bates,0,0,,,,,,"",""
ball,1,0.5,Hobart Hurricanes,G Redmayne,EA Burns,SL Bates,0,0,,,,,,"",""
ball,1,0.6,Hobart Hurricanes,G Redmayne,EA Burns,SL Bates,0,0,,,,,,"",""
ball,1,1.1,Hobart Hurricanes,EA Burns,G Redmayne,L Cheatle,0,1,1,,,,,"",""
ball,1,1.2,Hobart Hurricanes,EA Burns,G Redmayne,L Cheatle,0,4,,,,4,,"",""
ball,1,1.3,Hobart Hurricanes,EA Burns,G Redmayne,L Cheatle,4,0,,,,,,"",""
ball,1,1.4,Hobart Hurricanes,EA Burns,G Redmayne,L Cheatle,0,0,,,,,,"",""
ball,1,1.5,Hobart Hurricanes,EA Burns,G Redmayne,L Cheatle,0,0,,,,,,"",""
ball,1,1.6,Hobart Hurricanes,EA Burns,G Redmayne,L Cheatle,0,1,,,,1,,"",""
ball,1,1.7,Hobart Hurricanes,G Redmayne,EA Burns,L Cheatle,0,0,,,,,,"",""
ball,1,2.1,Hobart Hurricanes,EA Burns,G Redmayne,SL Bates,2,0,,,,,,"",""
ball,1,2.2,Hobart Hurricanes,EA Burns,G Redmayne,SL Bates,2,0,,,,,,"",""
ball,1,2.3,Hobart Hurricanes,EA Burns,G Redmayne,SL Bates,6,0,,,,,,"",""
ball,1,2.4,Hobart Hurricanes,EA Burns,G Redmayne,SL Bates,0,0,,,,,,"",""
ball,1,2.5,Hobart Hurricanes,EA Burns,G Redmayne,SL Bates,6,0,,,,,,"",""
ball,1,2.6,Hobart Hurricanes,EA Burns,G Redmayne,SL Bates,0,0,,,,,,"",""
ball,1,3.1,Hobart Hurricanes,G Redmayne,EA Burns,RM Farrell,0,0,,,,,,"",""
ball,1,3.2,Hobart Hurricanes,G Redmayne,EA Burns,RM Farrell,0,0,,,,,,"",""
ball,1,3.3,Hobart Hurricanes,G Redmayne,EA Burns,RM Farrell,0,0,,,,,,"",""
ball,1,3.4,Hobart Hurricanes,G Redmayne,EA Burns,RM Farrell,1,0,,,,,,"",""
ball,1,3.5,Hobart Hurricanes,EA Burns,G Redmayne,RM Farrell,0,0,,,,,,"",""
ball,1,3.6,Hobart Hurricanes,EA Burns,G Redmayne,RM Farrell,0,0,,,,,,"",""
ball,1,4.1,Hobart Hurricanes,G Redmayne,EA Burns,NJ Carey,1,0,,,,,,"",""
ball,1,4.2,Hobart Hurricanes,EA Burns,G Redmayne,NJ Carey,1,0,,,,,,"",""
ball,1,4.3,Hobart Hurricanes,G Redmayne,EA Burns,NJ Carey,0,0,,,,,,"",""
ball,1,4.4,Hobart Hurricanes,G Redmayne,EA Burns,NJ Carey,1,0,,,,,,"",""
ball,1,4.5,Hobart Hurricanes,EA Burns,G Redmayne,NJ Carey,2,1,,1,,,,"",""
ball,1,4.6,Hobart Hurricanes,EA Burns,G Redmayne,NJ Carey,1,0,,,,,,"",""
ball,1,4.7,Hobart Hurricanes,G Redmayne,EA Burns,NJ Carey,0,0,,,,,,"",""
ball,1,5.1,Hobart Hurricanes,EA Burns,G Redmayne,RM Farrell,1,0,,,,,,"",""
ball,1,5.2,Hobart Hurricanes,G Redmayne,EA Burns,RM Farrell,4,0,,,,,,"",""
ball,1,5.3,Hobart Hurricanes,G Redmayne,EA Burns,RM Farrell,1,0,,,,,,"",""
ball,1,5.4,Hobart Hurricanes,EA Burns,G Redmayne,RM Farrell,0,0,,,,,,"",""
ball,1,5.5,Hobart Hurricanes,EA Burns,G Redmayne,RM Farrell,1,0,,,,,,"",""
ball,1,5.6,Hobart Hurricanes,G Redmayne,EA Burns,RM Farrell,0,0,,,,,,bowled,G Redmayne
ball,1,6.1,Hobart Hurricanes,EA Burns,HC Knight,NJ Carey,1,1,,1,,,,"",""
ball,1,6.2,Hobart Hurricanes,HC Knight,EA Burns,NJ Carey,4,0,,,,,,"",""
ball,1,6.3,Hobart Hurricanes,HC Knight,EA Burns,NJ Carey,0,0,,,,,,"",""
ball,1,6.4,Hobart Hurricanes,HC Knight,EA Burns,NJ Carey,4,0,,,,,,"",""
ball,1,6.5,Hobart Hurricanes,HC Knight,EA Burns,NJ Carey,0,0,,,,,,"",""
ball,1,6.6,Hobart Hurricanes,HC Knight,EA Burns,NJ Carey,0,0,,,,,,"",""
ball,1,6.7,Hobart Hurricanes,HC Knight,EA Burns,NJ Carey,0,0,,,,,,"",""
ball,1,7.1,Hobart Hurricanes,EA Burns,HC Knight,EA Osborne,4,0,,,,,,"",""
ball,1,7.2,Hobart Hurricanes,EA Burns,HC Knight,EA Osborne,1,0,,,,,,"",""
ball,1,7.3,Hobart Hurricanes,HC Knight,EA Burns,EA Osborne,0,0,,,,,,"",""
ball,1,7.4,Hobart Hurricanes,HC Knight,EA Burns,EA Osborne,4,0,,,,,,"",""
ball,1,7.5,Hobart Hurricanes,HC Knight,EA Burns,EA Osborne,1,0,,,,,,"",""
ball,1,7.6,Hobart Hurricanes,EA Burns,HC Knight,EA Osborne,0,0,,,,,,"",""
ball,1,8.1,Hobart Hurricanes,HC Knight,EA Burns,L Cheatle,0,0,,,,,,"",""
ball,1,8.2,Hobart Hurricanes,HC Knight,EA Burns,L Cheatle,4,0,,,,,,"",""
ball,1,8.3,Hobart Hurricanes,HC Knight,EA Burns,L Cheatle,1,0,,,,,,"",""
ball,1,8.4,Hobart Hurricanes,EA Burns,HC Knight,L Cheatle,0,0,,,,,,"",""
ball,1,8.5,Hobart Hurricanes,EA Burns,HC Knight,L Cheatle,0,0,,,,,,"",""
ball,1,8.6,Hobart Hurricanes,EA Burns,HC Knight,L Cheatle,1,0,,,,,,"",""
ball,1,9.1,Hobart Hurricanes,EA Burns,HC Knight,EA Osborne,0,0,,,,,,"",""
ball,1,9.2,Hobart Hurricanes,EA Burns,HC Knight,EA Osborne,1,0,,,,,,"",""
ball,1,9.3,Hobart Hurricanes,HC Knight,EA Burns,EA Osborne,4,0,,,,,,"",""
ball,1,9.4,Hobart Hurricanes,HC Knight,EA Burns,EA Osborne,0,0,,,,,,"",""
ball,1,9.5,Hobart Hurricanes,HC Knight,EA Burns,EA Osborne,0,0,,,,,,"",""
ball,1,9.6,Hobart Hurricanes,HC Knight,EA Burns,EA Osborne,0,0,,,,,,"",""
ball,1,10.1,Hobart Hurricanes,EA Burns,HC Knight,L Cheatle,0,0,,,,,,"",""
ball,1,10.2,Hobart Hurricanes,EA Burns,HC Knight,L Cheatle,0,0,,,,,,"",""
ball,1,10.3,Hobart Hurricanes,EA Burns,HC Knight,L Cheatle,0,1,,,,1,,"",""
ball,1,10.4,Hobart Hurricanes,HC Knight,EA Burns,L Cheatle,4,0,,,,,,"",""
ball,1,10.5,Hobart Hurricanes,HC Knight,EA Burns,L Cheatle,1,0,,,,,,"",""
ball,1,10.6,Hobart Hurricanes,EA Burns,HC Knight,L Cheatle,0,0,,,,,,"",""
ball,1,11.1,Hobart Hurricanes,HC Knight,EA Burns,EA Osborne,0,0,,,,,,"",""
ball,1,11.2,Hobart Hurricanes,HC Knight,EA Burns,EA Osborne,1,0,,,,,,"",""
ball,1,11.3,Hobart Hurricanes,EA Burns,HC Knight,EA Osborne,1,0,,,,,,"",""
ball,1,11.4,Hobart Hurricanes,HC Knight,EA Burns,EA Osborne,1,0,,,,,,"",""
ball,1,11.5,Hobart Hurricanes,EA Burns,HC Knight,EA Osborne,1,0,,,,,,"",""
ball,1,11.6,Hobart Hurricanes,HC Knight,EA Burns,EA Osborne,2,0,,,,,,"",""
ball,1,12.1,Hobart Hurricanes,EA Burns,HC Knight,RM Farrell,1,0,,,,,,"",""
ball,1,12.2,Hobart Hurricanes,HC Knight,EA Burns,RM Farrell,0,2,2,,,,,"",""
ball,1,12.3,Hobart Hurricanes,EA Burns,HC Knight,RM Farrell,1,0,,,,,,"",""
ball,1,12.4,Hobart Hurricanes,HC Knight,EA Burns,RM Farrell,4,0,,,,,,"",""
ball,1,12.5,Hobart Hurricanes,HC Knight,EA Burns,RM Farrell,2,0,,,,,,"",""
ball,1,12.6,Hobart Hurricanes,HC Knight,EA Burns,RM Farrell,1,0,,,,,,"",""
ball,1,12.7,Hobart Hurricanes,EA Burns,HC Knight,RM Farrell,0,0,,,,,,"",""
ball,1,13.1,Hobart Hurricanes,HC Knight,EA Burns,RL Haynes,1,0,,,,,,"",""
ball,1,13.2,Hobart Hurricanes,EA Burns,HC Knight,RL Haynes,0,0,,,,,,"",""
ball,1,13.3,Hobart Hurricanes,EA Burns,HC Knight,RL Haynes,0,0,,,,,,"",""
ball,1,13.4,Hobart Hurricanes,EA Burns,HC Knight,RL Haynes,2,0,,,,,,"",""
ball,1,13.5,Hobart Hurricanes,EA Burns,HC Knight,RL Haynes,1,0,,,,,,"",""
ball,1,13.6,Hobart Hurricanes,HC Knight,EA Burns,RL Haynes,4,0,,,,,,"",""
ball,1,14.1,Hobart Hurricanes,EA Burns,HC Knight,NJ Carey,0,0,,,,,,"",""
ball,1,14.2,Hobart Hurricanes,EA Burns,HC Knight,NJ Carey,2,0,,,,,,"",""
ball,1,14.3,Hobart Hurricanes,EA Burns,HC Knight,NJ Carey,0,0,,,,,,bowled,EA Burns
ball,1,14.4,Hobart Hurricanes,AE Satterthwaite,HC Knight,NJ Carey,4,1,,1,,,,"",""
ball,1,14.5,Hobart Hurricanes,AE Satterthwaite,HC Knight,NJ Carey,4,0,,,,,,"",""
ball,1,14.6,Hobart Hurricanes,AE Satterthwaite,HC Knight,NJ Carey,0,0,,,,,,"",""
ball,1,14.7,Hobart Hurricanes,AE Satterthwaite,HC Knight,NJ Carey,4,0,,,,,,"",""
ball,1,15.1,Hobart Hurricanes,HC Knight,AE Satterthwaite,SL Bates,4,0,,,,,,"",""
ball,1,15.2,Hobart Hurricanes,HC Knight,AE Satterthwaite,SL Bates,0,0,,,,,,caught,HC Knight
ball,1,15.3,Hobart Hurricanes,HK Matthews,AE Satterthwaite,SL Bates,0,0,,,,,,"",""
ball,1,15.4,Hobart Hurricanes,HK Matthews,AE Satterthwaite,SL Bates,1,0,,,,,,"",""
ball,1,15.5,Hobart Hurricanes,AE Satterthwaite,HK Matthews,SL Bates,0,0,,,,,,"",""
ball,1,15.6,Hobart Hurricanes,AE Satterthwaite,HK Matthews,SL Bates,1,0,,,,,,"",""
ball,1,16.1,Hobart Hurricanes,AE Satterthwaite,HK Matthews,L Cheatle,0,5,5,,,,,"",""
ball,1,16.2,Hobart Hurricanes,AE Satterthwaite,HK Matthews,L Cheatle,1,0,,,,,,"",""
ball,1,16.3,Hobart Hurricanes,HK Matthews,AE Satterthwaite,L Cheatle,2,0,,,,,,"",""
ball,1,16.4,Hobart Hurricanes,HK Matthews,AE Satterthwaite,L Cheatle,1,0,,,,,,"",""
ball,1,16.5,Hobart Hurricanes,AE Satterthwaite,HK Matthews,L Cheatle,0,0,,,,,,"",""
ball,1,16.6,Hobart Hurricanes,AE Satterthwaite,HK Matthews,L Cheatle,1,0,,,,,,"",""
ball,1,16.7,Hobart Hurricanes,HK Matthews,AE Satterthwaite,L Cheatle,0,0,,,,,,"",""
ball,1,17.1,Hobart Hurricanes,AE Satterthwaite,HK Matthews,EA Osborne,0,0,,,,,,"",""
ball,1,17.2,Hobart Hurricanes,AE Satterthwaite,HK Matthews,EA Osborne,1,0,,,,,,"",""
ball,1,17.3,Hobart Hurricanes,HK Matthews,AE Satterthwaite,EA Osborne,1,0,,,,,,"",""
ball,1,17.4,Hobart Hurricanes,AE Satterthwaite,HK Matthews,EA Osborne,1,0,,,,,,"",""
ball,1,17.5,Hobart Hurricanes,HK Matthews,AE Satterthwaite,EA Osborne,0,0,,,,,,"",""
ball,1,17.6,Hobart Hurricanes,HK Matthews,AE Satterthwaite,EA Osborne,2,0,,,,,,"",""
ball,1,18.1,Hobart Hurricanes,AE Satterthwaite,HK Matthews,NJ Carey,0,3,3,,,,,"",""
ball,1,18.2,Hobart Hurricanes,AE Satterthwaite,HK Matthews,NJ Carey,0,1,,1,,,,"",""
ball,1,18.3,Hobart Hurricanes,AE Satterthwaite,HK Matthews,NJ Carey,3,1,,1,,,,"",""
ball,1,18.4,Hobart Hurricanes,HK Matthews,AE Satterthwaite,NJ Carey,1,0,,,,,,"",""
ball,1,18.5,Hobart Hurricanes,AE Satterthwaite,HK Matthews,NJ Carey,0,0,,,,,,"",""
ball,1,18.6,Hobart Hurricanes,AE Satterthwaite,HK Matthews,NJ Carey,0,0,,,,,,"",""
ball,1,18.7,Hobart Hurricanes,AE Satterthwaite,HK Matthews,NJ Carey,1,0,,,,,,"",""
ball,1,18.8,Hobart Hurricanes,HK Matthews,AE Satterthwaite,NJ Carey,4,0,,,,,,"",""
ball,1,18.9,Hobart Hurricanes,HK Matthews,AE Satterthwaite,NJ Carey,4,0,,,,,,"",""
ball,1,19.1,Hobart Hurricanes,AE Satterthwaite,HK Matthews,SL Bates,0,0,,,,,,"",""
ball,1,19.2,Hobart Hurricanes,AE Satterthwaite,HK Matthews,SL Bates,4,0,,,,,,"",""
ball,1,19.3,Hobart Hurricanes,AE Satterthwaite,HK Matthews,SL Bates,4,0,,,,,,"",""
ball,1,19.4,Hobart Hurricanes,AE Satterthwaite,HK Matthews,SL Bates,0,0,,,,,,"",""
ball,1,19.5,Hobart Hurricanes,AE Satterthwaite,HK Matthews,SL Bates,2,0,,,,,,"",""
ball,1,19.6,Hobart Hurricanes,AE Satterthwaite,HK Matthews,SL Bates,1,0,,,,,,"",""
ball,2,0.1,Sydney Thunder,RL Haynes,SR Taylor,V Pyke,4,1,,1,,,,"",""
ball,2,0.2,Sydney Thunder,RL Haynes,SR Taylor,V Pyke,1,0,,,,,,"",""
ball,2,0.3,Sydney Thunder,SR Taylor,RL Haynes,V Pyke,0,0,,,,,,"",""
ball,2,0.4,Sydney Thunder,SR Taylor,RL Haynes,V Pyke,0,0,,,,,,"",""
ball,2,0.5,Sydney Thunder,SR Taylor,RL Haynes,V Pyke,0,0,,,,,,"",""
ball,2,0.6,Sydney Thunder,SR Taylor,RL Haynes,V Pyke,1,0,,,,,,"",""
ball,2,0.7,Sydney Thunder,RL Haynes,SR Taylor,V Pyke,1,0,,,,,,"",""
ball,2,1.1,Sydney Thunder,RL Haynes,SR Taylor,JL Hunter,0,0,,,,,,"",""
ball,2,1.2,Sydney Thunder,RL Haynes,SR Taylor,JL Hunter,0,0,,,,,,"",""
ball,2,1.3,Sydney Thunder,RL Haynes,SR Taylor,JL Hunter,0,0,,,,,,"",""
ball,2,1.4,Sydney Thunder,RL Haynes,SR Taylor,JL Hunter,1,0,,,,,,"",""
ball,2,1.5,Sydney Thunder,SR Taylor,RL Haynes,JL Hunter,0,0,,,,,,"",""
ball,2,1.6,Sydney Thunder,SR Taylor,RL Haynes,JL Hunter,4,0,,,,,,"",""
ball,2,2.1,Sydney Thunder,RL Haynes,SR Taylor,HK Matthews,1,0,,,,,,"",""
ball,2,2.2,Sydney Thunder,SR Taylor,RL Haynes,HK Matthews,4,0,,,,,,"",""
ball,2,2.3,Sydney Thunder,SR Taylor,RL Haynes,HK Matthews,0,0,,,,,,"",""
ball,2,2.4,Sydney Thunder,SR Taylor,RL Haynes,HK Matthews,1,0,,,,,,"",""
ball,2,2.5,Sydney Thunder,RL Haynes,SR Taylor,HK Matthews,4,0,,,,,,"",""
ball,2,2.6,Sydney Thunder,RL Haynes,SR Taylor,HK Matthews,1,0,,,,,,"",""
ball,2,3.1,Sydney Thunder,RL Haynes,SR Taylor,JL Hunter,1,0,,,,,,run out,SR Taylor
ball,2,3.2,Sydney Thunder,RL Haynes,NE Stalenberg,JL Hunter,0,0,,,,,,"",""
ball,2,3.3,Sydney Thunder,RL Haynes,NE Stalenberg,JL Hunter,4,0,,,,,,"",""
ball,2,3.4,Sydney Thunder,RL Haynes,NE Stalenberg,JL Hunter,0,0,,,,,,"",""
ball,2,3.5,Sydney Thunder,RL Haynes,NE Stalenberg,JL Hunter,0,0,,,,,,"",""
ball,2,3.6,Sydney Thunder,RL Haynes,NE Stalenberg,JL Hunter,0,0,,,,,,"",""
ball,2,4.1,Sydney Thunder,NE Stalenberg,RL Haynes,AE Satterthwaite,2,0,,,,,,"",""
ball,2,4.2,Sydney Thunder,NE Stalenberg,RL Haynes,AE Satterthwaite,1,0,,,,,,"",""
ball,2,4.3,Sydney Thunder,RL Haynes,NE Stalenberg,AE Satterthwaite,4,0,,,,,,"",""
ball,2,4.4,Sydney Thunder,RL Haynes,NE Stalenberg,AE Satterthwaite,0,0,,,,,,"",""
ball,2,4.5,Sydney Thunder,RL Haynes,NE Stalenberg,AE Satterthwaite,1,0,,,,,,"",""
ball,2,4.6,Sydney Thunder,NE Stalenberg,RL Haynes,AE Satterthwaite,0,0,,,,,,"",""
ball,2,5.1,Sydney Thunder,RL Haynes,NE Stalenberg,JL Hunter,1,0,,,,,,"",""
ball,2,5.2,Sydney Thunder,NE Stalenberg,RL Haynes,JL Hunter,1,0,,,,,,"",""
ball,2,5.3,Sydney Thunder,RL Haynes,NE Stalenberg,JL Hunter,4,0,,,,,,"",""
ball,2,5.4,Sydney Thunder,RL Haynes,NE Stalenberg,JL Hunter,0,0,,,,,,caught,RL Haynes
ball,2,5.5,Sydney Thunder,AJ Blackwell,NE Stalenberg,JL Hunter,1,0,,,,,,"",""
ball,2,5.6,Sydney Thunder,NE Stalenberg,AJ Blackwell,JL Hunter,1,0,,,,,,"",""
ball,2,6.1,Sydney Thunder,NE Stalenberg,AJ Blackwell,B Hepburn,1,0,,,,,,"",""
ball,2,6.2,Sydney Thunder,AJ Blackwell,NE Stalenberg,B Hepburn,0,0,,,,,,"",""
ball,2,6.3,Sydney Thunder,AJ Blackwell,NE Stalenberg,B Hepburn,0,0,,,,,,"",""
ball,2,6.4,Sydney Thunder,AJ Blackwell,NE Stalenberg,B Hepburn,1,0,,,,,,"",""
ball,2,6.5,Sydney Thunder,NE Stalenberg,AJ Blackwell,B Hepburn,2,0,,,,,,"",""
ball,2,6.6,Sydney Thunder,NE Stalenberg,AJ Blackwell,B Hepburn,2,0,,,,,,"",""
ball,2,7.1,Sydney Thunder,AJ Blackwell,NE Stalenberg,C Raack,4,0,,,,,,"",""
ball,2,7.2,Sydney Thunder,AJ Blackwell,NE Stalenberg,C Raack,1,0,,,,,,"",""
ball,2,7.3,Sydney Thunder,NE Stalenberg,AJ Blackwell,C Raack,0,0,,,,,,"",""
ball,2,7.4,Sydney Thunder,NE Stalenberg,AJ Blackwell,C Raack,1,0,,,,,,"",""
ball,2,7.5,Sydney Thunder,AJ Blackwell,NE Stalenberg,C Raack,0,0,,,,,,"",""
ball,2,7.6,Sydney Thunder,AJ Blackwell,NE Stalenberg,C Raack,1,0,,,,,,"",""
ball,2,8.1,Sydney Thunder,AJ Blackwell,NE Stalenberg,B Hepburn,2,0,,,,,,"",""
ball,2,8.2,Sydney Thunder,AJ Blackwell,NE Stalenberg,B Hepburn,1,0,,,,,,"",""
ball,2,8.3,Sydney Thunder,NE Stalenberg,AJ Blackwell,B Hepburn,0,0,,,,,,"",""
ball,2,8.4,Sydney Thunder,NE Stalenberg,AJ Blackwell,B Hepburn,0,0,,,,,,"",""
ball,2,8.5,Sydney Thunder,NE Stalenberg,AJ Blackwell,B Hepburn,0,0,,,,,,caught,NE Stalenberg
ball,2,8.6,Sydney Thunder,AJ Blackwell,H Kaur,B Hepburn,1,0,,,,,,"",""
ball,2,9.1,Sydney Thunder,AJ Blackwell,H Kaur,C Raack,4,0,,,,,,"",""
ball,2,9.2,Sydney Thunder,AJ Blackwell,H Kaur,C Raack,1,0,,,,,,"",""
ball,2,9.3,Sydney Thunder,H Kaur,AJ Blackwell,C Raack,0,0,,,,,,"",""
ball,2,9.4,Sydney Thunder,H Kaur,AJ Blackwell,C Raack,0,0,,,,,,"",""
ball,2,9.5,Sydney Thunder,H Kaur,AJ Blackwell,C Raack,0,0,,,,,,"",""
ball,2,9.6,Sydney Thunder,H Kaur,AJ Blackwell,C Raack,1,0,,,,,,"",""
ball,2,10.1,Sydney Thunder,H Kaur,AJ Blackwell,HK Matthews,1,0,,,,,,"",""
ball,2,10.2,Sydney Thunder,AJ Blackwell,H Kaur,HK Matthews,1,0,,,,,,"",""
ball,2,10.3,Sydney Thunder,H Kaur,AJ Blackwell,HK Matthews,1,0,,,,,,"",""
ball,2,10.4,Sydney Thunder,AJ Blackwell,H Kaur,HK Matthews,2,0,,,,,,"",""
ball,2,10.5,Sydney Thunder,AJ Blackwell,H Kaur,HK Matthews,0,0,,,,,,lbw,AJ Blackwell
ball,2,10.6,Sydney Thunder,NJ Carey,H Kaur,HK Matthews,0,0,,,,,,"",""
ball,2,11.1,Sydney Thunder,H Kaur,NJ Carey,AE Satterthwaite,1,0,,,,,,"",""
ball,2,11.2,Sydney Thunder,NJ Carey,H Kaur,AE Satterthwaite,0,0,,,,,,"",""
ball,2,11.3,Sydney Thunder,NJ Carey,H Kaur,AE Satterthwaite,1,0,,,,,,"",""
ball,2,11.4,Sydney Thunder,H Kaur,NJ Carey,AE Satterthwaite,0,0,,,,,,"",""
ball,2,11.5,Sydney Thunder,H Kaur,NJ Carey,AE Satterthwaite,2,0,,,,,,"",""
ball,2,11.6,Sydney Thunder,H Kaur,NJ Carey,AE Satterthwaite,1,0,,,,,,"",""
ball,2,12.1,Sydney Thunder,H Kaur,NJ Carey,B Hepburn,0,0,,,,,,"",""
ball,2,12.2,Sydney Thunder,H Kaur,NJ Carey,B Hepburn,1,0,,,,,,"",""
ball,2,12.3,Sydney Thunder,NJ Carey,H Kaur,B Hepburn,0,0,,,,,,"",""
ball,2,12.4,Sydney Thunder,NJ Carey,H Kaur,B Hepburn,1,0,,,,,,"",""
ball,2,12.5,Sydney Thunder,H Kaur,NJ Carey,B Hepburn,1,0,,,,,,"",""
ball,2,12.6,Sydney Thunder,NJ Carey,H Kaur,B Hepburn,4,0,,,,,,"",""
ball,2,13.1,Sydney Thunder,H Kaur,NJ Carey,JL Hunter,2,0,,,,,,"",""
ball,2,13.2,Sydney Thunder,H Kaur,NJ Carey,JL Hunter,2,0,,,,,,"",""
ball,2,13.3,Sydney Thunder,H Kaur,NJ Carey,JL Hunter,1,0,,,,,,"",""
ball,2,13.4,Sydney Thunder,NJ Carey,H Kaur,JL Hunter,1,0,,,,,,"",""
ball,2,13.5,Sydney Thunder,H Kaur,NJ Carey,JL Hunter,1,0,,,,,,"",""
ball,2,13.6,Sydney Thunder,NJ Carey,H Kaur,JL Hunter,0,0,,,,,,caught,NJ Carey
ball,2,14.1,Sydney Thunder,H Kaur,EA Osborne,V Pyke,1,0,,,,,,"",""
ball,2,14.2,Sydney Thunder,EA Osborne,H Kaur,V Pyke,0,0,,,,,,"",""
ball,2,14.3,Sydney Thunder,EA Osborne,H Kaur,V Pyke,0,0,,,,,,"",""
ball,2,14.4,Sydney Thunder,EA Osborne,H Kaur,V Pyke,1,0,,,,,,"",""
ball,2,14.5,Sydney Thunder,H Kaur,EA Osborne,V Pyke,0,0,,,,,,"",""
ball,2,14.6,Sydney Thunder,H Kaur,EA Osborne,V Pyke,0,0,,,,,,"",""
ball,2,15.1,Sydney Thunder,EA Osborne,H Kaur,AE Satterthwaite,0,1,,,,1,,"",""
ball,2,15.2,Sydney Thunder,H Kaur,EA Osborne,AE Satterthwaite,0,0,,,,,,"",""
ball,2,15.3,Sydney Thunder,H Kaur,EA Osborne,AE Satterthwaite,1,0,,,,,,"",""
ball,2,15.4,Sydney Thunder,EA Osborne,H Kaur,AE Satterthwaite,0,0,,,,,,run out,EA Osborne
ball,2,15.5,Sydney Thunder,H Kaur,RM Farrell,AE Satterthwaite,1,0,,,,,,"",""
ball,2,15.6,Sydney Thunder,RM Farrell,H Kaur,AE Satterthwaite,0,0,,,,,,caught,RM Farrell
ball,2,16.1,Sydney Thunder,H Kaur,CJ Koski,V Pyke,2,0,,,,,,"",""
ball,2,16.2,Sydney Thunder,H Kaur,CJ Koski,V Pyke,1,0,,,,,,"",""
ball,2,16.3,Sydney Thunder,CJ Koski,H Kaur,V Pyke,1,0,,,,,,"",""
ball,2,16.4,Sydney Thunder,H Kaur,CJ Koski,V Pyke,1,0,,,,,,"",""
ball,2,16.5,Sydney Thunder,CJ Koski,H Kaur,V Pyke,4,0,,,,,,"",""
ball,2,16.6,Sydney Thunder,CJ Koski,H Kaur,V Pyke,1,0,,,,,,"",""
ball,2,17.1,Sydney Thunder,CJ Koski,H Kaur,AE Satterthwaite,2,0,,,,,,"",""
ball,2,17.2,Sydney Thunder,CJ Koski,H Kaur,AE Satterthwaite,2,0,,,,,,"",""
ball,2,17.3,Sydney Thunder,CJ Koski,H Kaur,AE Satterthwaite,0,0,,,,,,caught,CJ Koski
ball,2,17.4,Sydney Thunder,H Kaur,L Cheatle,AE Satterthwaite,1,0,,,,,,"",""
ball,2,17.5,Sydney Thunder,L Cheatle,H Kaur,AE Satterthwaite,1,0,,,,,,"",""
ball,2,17.6,Sydney Thunder,H Kaur,L Cheatle,AE Satterthwaite,0,0,,,,,,"",""
ball,2,18.1,Sydney Thunder,L Cheatle,H Kaur,B Hepburn,0,0,,,,,,"",""
ball,2,18.2,Sydney Thunder,L Cheatle,H Kaur,B Hepburn,2,0,,,,,,"",""
ball,2,18.3,Sydney Thunder,L Cheatle,H Kaur,B Hepburn,0,0,,,,,,"",""
ball,2,18.4,Sydney Thunder,L Cheatle,H Kaur,B Hepburn,0,0,,,,,,stumped,L Cheatle
ball,2,18.5,Sydney Thunder,SL Bates,H Kaur,B Hepburn,0,0,,,,,,"",""
ball,2,18.6,Sydney Thunder,SL Bates,H Kaur,B Hepburn,1,0,,,,,,"",""
ball,2,19.1,Sydney Thunder,SL Bates,H Kaur,HK Matthews,0,1,1,,,,,"",""
ball,2,19.2,Sydney Thunder,SL Bates,H Kaur,HK Matthews,0,0,,,,,,"",""
ball,2,19.3,Sydney Thunder,SL Bates,H Kaur,HK Matthews,1,0,,,,,,"",""
ball,2,19.4,Sydney Thunder,H Kaur,SL Bates,HK Matthews,0,0,,,,,,"",""
ball,2,19.5,Sydney Thunder,H Kaur,SL Bates,HK Matthews,4,0,,,,,,"",""
ball,2,19.6,Sydney Thunder,H Kaur,SL Bates,HK Matthews,4,0,,,,,,"",""
ball,2,19.7,Sydney Thunder,H Kaur,SL Bates,HK Matthews,1,0,,,,,,"",""
