version,1.6.0
info,balls_per_over,6
info,team,Middlesex
info,team,Sussex
info,gender,male
info,season,2017
info,date,2017/07/28
info,event,NatWest T20 Blast
info,venue,County Ground
info,city,Hove
info,toss_winner,Middlesex
info,toss_decision,bat
info,umpire,NGB Cook
info,umpire,RJ Bailey
info,tv_umpire,NL Bainton
info,outcome,no result
info,player,Middlesex,NRT Gubbins
info,player,Middlesex,BB McCullum
info,player,Middlesex,JA Simpson
info,player,Middlesex,EJG Morgan
info,player,Middlesex,JEC Franklin
info,player,Middlesex,GFB Scott
info,player,Middlesex,RF Higgins
info,player,Middlesex,TG Southee
info,player,Middlesex,NA Sowter
info,player,Middlesex,TG Helm
info,player,Middlesex,ST Finn
info,player,Sussex,CD Nash
info,player,Sussex,S van Zyl
info,player,Sussex,LRPL Taylor
info,player,Sussex,LJ Evans
info,player,Sussex,BC Brown
info,player,Sussex,CJ Jordan
info,player,Sussex,D Wiese
info,player,Sussex,JC Archer
info,player,Sussex,WAT Beer
info,player,Sussex,DR Briggs
info,player,Sussex,GHS Garton
info,registry,people,BB McCullum,b8a55852
info,registry,people,BC Brown,8af86756
info,registry,people,CD Nash,6f049d41
info,registry,people,CJ Jordan,ffe699c0
info,registry,people,D Wiese,aa8d28ae
info,registry,people,DR Briggs,f3abd0c9
info,registry,people,EJG Morgan,d2a6c0e6
info,registry,people,GFB Scott,c2b6764d
info,registry,people,GHS Garton,be869ccf
info,registry,people,JA Simpson,f05fe9b1
info,registry,people,JC Archer,5574750c
info,registry,people,JEC Franklin,cf73ad76
info,registry,people,LJ Evans,1c513d54
info,registry,people,LRPL Taylor,b61a3e1a
info,registry,people,NA Sowter,ee0c05c0
info,registry,people,NGB Cook,772fe461
info,registry,people,NL Bainton,cd219cb3
info,registry,people,NRT Gubbins,c1a89821
info,registry,people,RF Higgins,ad212f96
info,registry,people,RJ Bailey,6bd04fa5
info,registry,people,S van Zyl,f4dfcbb4
info,registry,people,ST Finn,ccdd8308
info,registry,people,TG Helm,74a274cc
info,registry,people,TG Southee,13c35c9e
info,registry,people,WAT Beer,98eacfe5
ball,1,0.1,Middlesex,NRT Gubbins,BB McCullum,DR Briggs,0,0,,,,,,"",""
ball,1,0.2,Middlesex,NRT Gubbins,BB McCullum,DR Briggs,0,0,,,,,,"",""
ball,1,0.3,Middlesex,NRT Gubbins,BB McCullum,DR Briggs,0,0,,,,,,"",""
ball,1,0.4,Middlesex,NRT Gubbins,BB McCullum,DR Briggs,0,0,,,,,,"",""
ball,1,0.5,Middlesex,NRT Gubbins,BB McCullum,DR Briggs,1,0,,,,,,"",""
ball,1,0.6,Middlesex,BB McCullum,NRT Gubbins,DR Briggs,0,0,,,,,,"",""
ball,1,1.1,Middlesex,NRT Gubbins,BB McCullum,D Wiese,0,0,,,,,,"",""
ball,1,1.2,Middlesex,NRT Gubbins,BB McCullum,D Wiese,1,0,,,,,,"",""
ball,1,1.3,Middlesex,BB McCullum,NRT Gubbins,D Wiese,1,0,,,,,,"",""
ball,1,1.4,Middlesex,NRT Gubbins,BB McCullum,D Wiese,0,0,,,,,,caught,NRT Gubbins
ball,1,1.5,Middlesex,JA Simpson,BB McCullum,D Wiese,0,0,,,,,,"",""
ball,1,1.6,Middlesex,JA Simpson,BB McCullum,D Wiese,1,0,,,,,,"",""
ball,1,2.1,Middlesex,JA Simpson,BB McCullum,DR Briggs,1,0,,,,,,"",""
ball,1,2.2,Middlesex,BB McCullum,JA Simpson,DR Briggs,4,0,,,,,,"",""
ball,1,2.3,Middlesex,BB McCullum,JA Simpson,DR Briggs,0,0,,,,,,"",""
ball,1,2.4,Middlesex,BB McCullum,JA Simpson,DR Briggs,0,0,,,,,,"",""
ball,1,2.5,Middlesex,BB McCullum,JA Simpson,DR Briggs,0,0,,,,,,"",""
ball,1,2.6,Middlesex,BB McCullum,JA Simpson,DR Briggs,4,0,,,,,,"",""
ball,1,3.1,Middlesex,JA Simpson,BB McCullum,D Wiese,4,0,,,,,,"",""
ball,1,3.2,Middlesex,JA Simpson,BB McCullum,D Wiese,1,0,,,,,,"",""
ball,1,3.3,Middlesex,BB McCullum,JA Simpson,D Wiese,6,0,,,,,,"",""
ball,1,3.4,Middlesex,BB McCullum,JA Simpson,D Wiese,6,0,,,,,,"",""
ball,1,3.5,Middlesex,BB McCullum,JA Simpson,D Wiese,0,0,,,,,,"",""
ball,1,3.6,Middlesex,BB McCullum,JA Simpson,D Wiese,1,0,,,,,,"",""
ball,1,4.1,Middlesex,BB McCullum,JA Simpson,JC Archer,1,0,,,,,,"",""
ball,1,4.2,Middlesex,JA Simpson,BB McCullum,JC Archer,0,0,,,,,,"",""
ball,1,4.3,Middlesex,JA Simpson,BB McCullum,JC Archer,0,1,,,,1,,"",""
ball,1,4.4,Middlesex,BB McCullum,JA Simpson,JC Archer,1,0,,,,,,"",""
ball,1,4.5,Middlesex,JA Simpson,BB McCullum,JC Archer,4,0,,,,,,"",""
ball,1,4.6,Middlesex,JA Simpson,BB McCullum,JC Archer,0,0,,,,,,"",""
ball,1,5.1,Middlesex,BB McCullum,JA Simpson,CJ Jordan,2,0,,,,,,"",""
ball,1,5.2,Middlesex,BB McCullum,JA Simpson,CJ Jordan,0,0,,,,,,caught,BB McCullum
ball,1,5.3,Middlesex,EJG Morgan,JA Simpson,CJ Jordan,0,0,,,,,,"",""
ball,1,5.4,Middlesex,EJG Morgan,JA Simpson,CJ Jordan,4,0,,,,,,"",""
ball,1,5.5,Middlesex,EJG Morgan,JA Simpson,CJ Jordan,0,0,,,,,,"",""
ball,1,5.6,Middlesex,EJG Morgan,JA Simpson,CJ Jordan,0,0,,,,,,"",""
ball,1,6.1,Middlesex,JA Simpson,EJG Morgan,JC Archer,0,0,,,,,,caught,JA Simpson
ball,1,6.2,Middlesex,EJG Morgan,JEC Franklin,JC Archer,0,0,,,,,,"",""
ball,1,6.3,Middlesex,EJG Morgan,JEC Franklin,JC Archer,0,0,,,,,,caught,EJG Morgan
ball,1,6.4,Middlesex,GFB Scott,JEC Franklin,JC Archer,4,0,,,,,,"",""
ball,1,6.5,Middlesex,GFB Scott,JEC Franklin,JC Archer,0,0,,,,,,"",""
ball,1,6.6,Middlesex,GFB Scott,JEC Franklin,JC Archer,0,0,,,,,,"",""
ball,1,7.1,Middlesex,JEC Franklin,GFB Scott,CJ Jordan,0,0,,,,,,"",""
ball,1,7.2,Middlesex,JEC Franklin,GFB Scott,CJ Jordan,0,0,,,,,,"",""
ball,1,7.3,Middlesex,JEC Franklin,GFB Scott,CJ Jordan,0,0,,,,,,"",""
ball,1,7.4,Middlesex,JEC Franklin,GFB Scott,CJ Jordan,4,0,,,,,,"",""
ball,1,7.5,Middlesex,JEC Franklin,GFB Scott,CJ Jordan,0,0,,,,,,"",""
ball,1,7.6,Middlesex,JEC Franklin,GFB Scott,CJ Jordan,1,0,,,,,,"",""
ball,1,8.1,Middlesex,JEC Franklin,GFB Scott,JC Archer,0,0,,,,,,"",""
ball,1,8.2,Middlesex,JEC Franklin,GFB Scott,JC Archer,1,0,,,,,,"",""
ball,1,8.3,Middlesex,GFB Scott,JEC Franklin,JC Archer,0,0,,,,,,"",""
ball,1,8.4,Middlesex,GFB Scott,JEC Franklin,JC Archer,0,6,,6,,,,"",""
ball,1,8.5,Middlesex,GFB Scott,JEC Franklin,JC Archer,0,0,,,,,,"",""
ball,1,8.6,Middlesex,GFB Scott,JEC Franklin,JC Archer,0,0,,,,,,"",""
ball,1,8.7,Middlesex,GFB Scott,JEC Franklin,JC Archer,0,0,,,,,,"",""
ball,1,9.1,Middlesex,JEC Franklin,GFB Scott,GHS Garton,1,0,,,,,,"",""
ball,1,9.2,Middlesex,GFB Scott,JEC Franklin,GHS Garton,0,0,,,,,,"",""
ball,1,9.3,Middlesex,GFB Scott,JEC Franklin,GHS Garton,4,0,,,,,,"",""
ball,1,9.4,Middlesex,GFB Scott,JEC Franklin,GHS Garton,1,0,,,,,,"",""
ball,1,9.5,Middlesex,JEC Franklin,GFB Scott,GHS Garton,2,0,,,,,,"",""
ball,1,9.6,Middlesex,JEC Franklin,GFB Scott,GHS Garton,0,0,,,,,,"",""
ball,1,10.1,Middlesex,GFB Scott,JEC Franklin,DR Briggs,0,0,,,,,,"",""
ball,1,10.2,Middlesex,GFB Scott,JEC Franklin,DR Briggs,0,0,,,,,,"",""
ball,1,10.3,Middlesex,GFB Scott,JEC Franklin,DR Briggs,0,0,,,,,,"",""
ball,1,10.4,Middlesex,GFB Scott,JEC Franklin,DR Briggs,0,0,,,,,,"",""
ball,1,10.5,Middlesex,GFB Scott,JEC Franklin,DR Briggs,0,0,,,,,,"",""
ball,1,10.6,Middlesex,GFB Scott,JEC Franklin,DR Briggs,1,0,,,,,,"",""
ball,1,11.1,Middlesex,GFB Scott,JEC Franklin,GHS Garton,1,0,,,,,,"",""
ball,1,11.2,Middlesex,JEC Franklin,GFB Scott,GHS Garton,0,0,,,,,,"",""
ball,1,11.3,Middlesex,JEC Franklin,GFB Scott,GHS Garton,1,0,,,,,,"",""
ball,1,11.4,Middlesex,GFB Scott,JEC Franklin,GHS Garton,2,0,,,,,,"",""
ball,1,11.5,Middlesex,GFB Scott,JEC Franklin,GHS Garton,1,0,,,,,,"",""
ball,1,11.6,Middlesex,JEC Franklin,GFB Scott,GHS Garton,0,0,,,,,,"",""
ball,1,12.1,Middlesex,GFB Scott,JEC Franklin,DR Briggs,1,0,,,,,,"",""
ball,1,12.2,Middlesex,JEC Franklin,GFB Scott,DR Briggs,6,0,,,,,,"",""
ball,1,12.3,Middlesex,JEC Franklin,GFB Scott,DR Briggs,0,0,,,,,,caught,JEC Franklin
ball,1,12.4,Middlesex,GFB Scott,RF Higgins,DR Briggs,0,0,,,,,,"",""
ball,1,12.5,Middlesex,GFB Scott,RF Higgins,DR Briggs,1,0,,,,,,"",""
ball,1,12.6,Middlesex,RF Higgins,GFB Scott,DR Briggs,1,0,,,,,,"",""
ball,1,13.1,Middlesex,RF Higgins,GFB Scott,WAT Beer,0,0,,,,,,"",""
ball,1,13.2,Middlesex,RF Higgins,GFB Scott,WAT Beer,2,0,,,,,,"",""
ball,1,13.3,Middlesex,RF Higgins,GFB Scott,WAT Beer,0,0,,,,,,"",""
ball,1,13.4,Middlesex,RF Higgins,GFB Scott,WAT Beer,1,0,,,,,,"",""
ball,1,13.5,Middlesex,GFB Scott,RF Higgins,WAT Beer,0,0,,,,,,"",""
ball,1,13.6,Middlesex,GFB Scott,RF Higgins,WAT Beer,1,0,,,,,,"",""
ball,1,14.1,Middlesex,GFB Scott,RF Higgins,GHS Garton,1,0,,,,,,"",""
ball,1,14.2,Middlesex,RF Higgins,GFB Scott,GHS Garton,4,0,,,,,,"",""
ball,1,14.3,Middlesex,RF Higgins,GFB Scott,GHS Garton,1,0,,,,,,"",""
ball,1,14.4,Middlesex,GFB Scott,RF Higgins,GHS Garton,0,0,,,,,,"",""
ball,1,14.5,Middlesex,GFB Scott,RF Higgins,GHS Garton,4,0,,,,,,"",""
ball,1,14.6,Middlesex,GFB Scott,RF Higgins,GHS Garton,6,0,,,,,,"",""
ball,1,15.1,Middlesex,RF Higgins,GFB Scott,WAT Beer,4,0,,,,,,"",""
ball,1,15.2,Middlesex,RF Higgins,GFB Scott,WAT Beer,1,0,,,,,,"",""
ball,1,15.3,Middlesex,GFB Scott,RF Higgins,WAT Beer,2,0,,,,,,"",""
ball,1,15.4,Middlesex,GFB Scott,RF Higgins,WAT Beer,4,0,,,,,,"",""
ball,1,15.5,Middlesex,GFB Scott,RF Higgins,WAT Beer,1,0,,,,,,"",""
ball,1,15.6,Middlesex,RF Higgins,GFB Scott,WAT Beer,1,0,,,,,,"",""
ball,1,16.1,Middlesex,RF Higgins,GFB Scott,CJ Jordan,4,0,,,,,,"",""
ball,1,16.2,Middlesex,RF Higgins,GFB Scott,CJ Jordan,0,1,1,,,,,"",""
ball,1,16.3,Middlesex,RF Higgins,GFB Scott,CJ Jordan,6,0,,,,,,"",""
ball,1,16.4,Middlesex,RF Higgins,GFB Scott,CJ Jordan,0,0,,,,,,"",""
ball,1,16.5,Middlesex,RF Higgins,GFB Scott,CJ Jordan,4,0,,,,,,"",""
ball,1,16.6,Middlesex,RF Higgins,GFB Scott,CJ Jordan,1,0,,,,,,"",""
ball,1,16.7,Middlesex,GFB Scott,RF Higgins,CJ Jordan,0,0,,,,,,"",""
ball,1,17.1,Middlesex,RF Higgins,GFB Scott,D Wiese,1,0,,,,,,"",""
ball,1,17.2,Middlesex,GFB Scott,RF Higgins,D Wiese,1,0,,,,,,"",""
ball,1,17.3,Middlesex,RF Higgins,GFB Scott,D Wiese,0,0,,,,,,caught,RF Higgins
ball,1,17.4,Middlesex,GFB Scott,TG Southee,D Wiese,2,0,,,,,,"",""
