version,1.6.0
info,balls_per_over,6
info,team,Yorkshire
info,team,Derbyshire
info,gender,male
info,season,2017
info,date,2017/08/03
info,event,NatWest T20 Blast
info,venue,Headingley
info,city,Leeds
info,toss_winner,Yorkshire
info,toss_decision,bat
info,player_of_match,BA Godleman
info,umpire,RT Robinson
info,umpire,NGB Cook
info,winner,Derbyshire
info,winner_wickets,5
info,player,Yorkshire,T Kohler-Cadmore
info,player,Yorkshire,A Lyth
info,player,Yorkshire,DJ Willey
info,player,Yorkshire,SE Marsh
info,player,Yorkshire,Sarfraz Ahmed
info,player,Yorkshire,JA Leaning
info,player,Yorkshire,TT Bresnan
info,player,Yorkshire,AU Rashid
info,player,Yorkshire,Azeem Rafiq
info,player,Yorkshire,SA Patterson
info,player,Yorkshire,MD Fisher
info,player,Derbyshire,BA Godleman
info,player,Derbyshire,TA Wood
info,player,Derbyshire,LM Reece
info,player,Derbyshire,WL Madsen
info,player,Derbyshire,GC Wilson
info,player,Derbyshire,MJ Henry
info,player,Derbyshire,AL Hughes
info,player,Derbyshire,D Smit
info,player,Derbyshire,GC Viljoen
info,player,Derbyshire,BD Cotton
info,player,Derbyshire,Imran Tahir
info,registry,people,A Lyth,70b8fd28
info,registry,people,AL Hughes,1066a976
info,registry,people,AU Rashid,249d60c9
info,registry,people,Azeem Rafiq,5fcb6fb1
info,registry,people,BA Godleman,b26b1e3d
info,registry,people,BD Cotton,a7e8ff19
info,registry,people,D Smit,4bb02ef1
info,registry,people,DJ Willey,7f048519
info,registry,people,GC Viljoen,a316d663
info,registry,people,GC Wilson,05de1a5a
info,registry,people,Imran Tahir,acee4cc4
info,registry,people,JA Leaning,f2ab7a69
info,registry,people,K Carver,d8b24492
info,registry,people,LM Reece,9789e56e
info,registry,people,MD Fisher,8f2dfebf
info,registry,people,MJ Henry,e84ac20c
info,registry,people,NGB Cook,772fe461
info,registry,people,RT Robinson,b143c87d
info,registry,people,SA Patterson,b21ed464
info,registry,people,SE Marsh,508a1ea7
info,registry,people,Sarfraz Ahmed,2254ab79
info,registry,people,T Kohler-Cadmore,f836b33d
info,registry,people,TA Wood,884f72a1
info,registry,people,TT Bresnan,58043739
info,registry,people,WL Madsen,86e0f3f0
ball,1,0.1,Yorkshire,T Kohler-Cadmore,A Lyth,WL Madsen,0,0,,,,,,"",""
ball,1,0.2,Yorkshire,T Kohler-Cadmore,A Lyth,WL Madsen,4,0,,,,,,"",""
ball,1,0.3,Yorkshire,T Kohler-Cadmore,A Lyth,WL Madsen,0,0,,,,,,"",""
ball,1,0.4,Yorkshire,T Kohler-Cadmore,A Lyth,WL Madsen,1,0,,,,,,"",""
ball,1,0.5,Yorkshire,A Lyth,T Kohler-Cadmore,WL Madsen,0,0,,,,,,"",""
ball,1,0.6,Yorkshire,A Lyth,T Kohler-Cadmore,WL Madsen,1,0,,,,,,"",""
ball,1,1.1,Yorkshire,A Lyth,T Kohler-Cadmore,MJ Henry,0,0,,,,,,"",""
ball,1,1.2,Yorkshire,A Lyth,T Kohler-Cadmore,MJ Henry,1,0,,,,,,"",""
ball,1,1.3,Yorkshire,T Kohler-Cadmore,A Lyth,MJ Henry,0,0,,,,,,"",""
ball,1,1.4,Yorkshire,T Kohler-Cadmore,A Lyth,MJ Henry,2,0,,,,,,"",""
ball,1,1.5,Yorkshire,T Kohler-Cadmore,A Lyth,MJ Henry,0,1,1,,,,,"",""
ball,1,1.6,Yorkshire,T Kohler-Cadmore,A Lyth,MJ Henry,0,0,,,,,,"",""
ball,1,1.7,Yorkshire,T Kohler-Cadmore,A Lyth,MJ Henry,0,1,1,,,,,"",""
ball,1,1.8,Yorkshire,T Kohler-Cadmore,A Lyth,MJ Henry,0,0,,,,,,"",""
ball,1,2.1,Yorkshire,A Lyth,T Kohler-Cadmore,GC Viljoen,4,0,,,,,,"",""
ball,1,2.2,Yorkshire,A Lyth,T Kohler-Cadmore,GC Viljoen,0,0,,,,,,"",""
ball,1,2.3,Yorkshire,A Lyth,T Kohler-Cadmore,GC Viljoen,4,0,,,,,,"",""
ball,1,2.4,Yorkshire,A Lyth,T Kohler-Cadmore,GC Viljoen,1,0,,,,,,"",""
ball,1,2.5,Yorkshire,T Kohler-Cadmore,A Lyth,GC Viljoen,0,0,,,,,,"",""
ball,1,2.6,Yorkshire,T Kohler-Cadmore,A Lyth,GC Viljoen,0,0,,,,,,"",""
ball,1,3.1,Yorkshire,A Lyth,T Kohler-Cadmore,MJ Henry,1,0,,,,,,"",""
ball,1,3.2,Yorkshire,T Kohler-Cadmore,A Lyth,MJ Henry,0,0,,,,,,"",""
ball,1,3.3,Yorkshire,T Kohler-Cadmore,A Lyth,MJ Henry,4,0,,,,,,"",""
ball,1,3.4,Yorkshire,T Kohler-Cadmore,A Lyth,MJ Henry,6,0,,,,,,"",""
ball,1,3.5,Yorkshire,T Kohler-Cadmore,A Lyth,MJ Henry,1,0,,,,,,"",""
ball,1,3.6,Yorkshire,A Lyth,T Kohler-Cadmore,MJ Henry,0,0,,,,,,"",""
ball,1,4.1,Yorkshire,T Kohler-Cadmore,A Lyth,BD Cotton,6,0,,,,,,"",""
ball,1,4.2,Yorkshire,T Kohler-Cadmore,A Lyth,BD Cotton,1,0,,,,,,"",""
ball,1,4.3,Yorkshire,A Lyth,T Kohler-Cadmore,BD Cotton,1,0,,,,,,"",""
ball,1,4.4,Yorkshire,T Kohler-Cadmore,A Lyth,BD Cotton,4,0,,,,,,"",""
ball,1,4.5,Yorkshire,T Kohler-Cadmore,A Lyth,BD Cotton,0,0,,,,,,caught,T Kohler-Cadmore
ball,1,4.6,Yorkshire,A Lyth,DJ Willey,BD Cotton,0,0,,,,,,"",""
ball,1,5.1,Yorkshire,DJ Willey,A Lyth,WL Madsen,1,0,,,,,,"",""
ball,1,5.2,Yorkshire,A Lyth,DJ Willey,WL Madsen,1,0,,,,,,"",""
ball,1,5.3,Yorkshire,DJ Willey,A Lyth,WL Madsen,1,0,,,,,,"",""
ball,1,5.4,Yorkshire,A Lyth,DJ Willey,WL Madsen,0,0,,,,,,"",""
ball,1,5.5,Yorkshire,A Lyth,DJ Willey,WL Madsen,1,0,,,,,,"",""
ball,1,5.6,Yorkshire,DJ Willey,A Lyth,WL Madsen,6,0,,,,,,"",""
ball,1,6.1,Yorkshire,A Lyth,DJ Willey,Imran Tahir,1,0,,,,,,"",""
ball,1,6.2,Yorkshire,DJ Willey,A Lyth,Imran Tahir,1,0,,,,,,"",""
ball,1,6.3,Yorkshire,A Lyth,DJ Willey,Imran Tahir,2,0,,,,,,"",""
ball,1,6.4,Yorkshire,A Lyth,DJ Willey,Imran Tahir,2,0,,,,,,"",""
ball,1,6.5,Yorkshire,A Lyth,DJ Willey,Imran Tahir,2,0,,,,,,"",""
ball,1,6.6,Yorkshire,A Lyth,DJ Willey,Imran Tahir,1,0,,,,,,"",""
ball,1,7.1,Yorkshire,A Lyth,DJ Willey,GC Viljoen,4,0,,,,,,"",""
ball,1,7.2,Yorkshire,A Lyth,DJ Willey,GC Viljoen,2,0,,,,,,"",""
ball,1,7.3,Yorkshire,A Lyth,DJ Willey,GC Viljoen,1,0,,,,,,"",""
ball,1,7.4,Yorkshire,DJ Willey,A Lyth,GC Viljoen,4,0,,,,,,"",""
ball,1,7.5,Yorkshire,DJ Willey,A Lyth,GC Viljoen,0,1,1,,,,,"",""
ball,1,7.6,Yorkshire,DJ Willey,A Lyth,GC Viljoen,1,0,,,,,,"",""
ball,1,7.7,Yorkshire,A Lyth,DJ Willey,GC Viljoen,1,0,,,,,,"",""
ball,1,8.1,Yorkshire,A Lyth,DJ Willey,Imran Tahir,1,0,,,,,,"",""
ball,1,8.2,Yorkshire,DJ Willey,A Lyth,Imran Tahir,1,0,,,,,,"",""
ball,1,8.3,Yorkshire,A Lyth,DJ Willey,Imran Tahir,1,0,,,,,,"",""
ball,1,8.4,Yorkshire,DJ Willey,A Lyth,Imran Tahir,0,0,,,,,,caught,DJ Willey
ball,1,8.5,Yorkshire,A Lyth,SE Marsh,Imran Tahir,1,0,,,,,,"",""
ball,1,8.6,Yorkshire,SE Marsh,A Lyth,Imran Tahir,0,0,,,,,,"",""
ball,1,9.1,Yorkshire,A Lyth,SE Marsh,WL Madsen,0,0,,,,,,caught,A Lyth
ball,1,9.2,Yorkshire,SE Marsh,Sarfraz Ahmed,WL Madsen,2,0,,,,,,"",""
ball,1,9.3,Yorkshire,SE Marsh,Sarfraz Ahmed,WL Madsen,0,0,,,,,,"",""
ball,1,9.4,Yorkshire,SE Marsh,Sarfraz Ahmed,WL Madsen,1,0,,,,,,"",""
ball,1,9.5,Yorkshire,Sarfraz Ahmed,SE Marsh,WL Madsen,0,0,,,,,,"",""
ball,1,9.6,Yorkshire,Sarfraz Ahmed,SE Marsh,WL Madsen,1,0,,,,,,"",""
ball,1,10.1,Yorkshire,Sarfraz Ahmed,SE Marsh,AL Hughes,0,0,,,,,,"",""
ball,1,10.2,Yorkshire,Sarfraz Ahmed,SE Marsh,AL Hughes,1,0,,,,,,"",""
ball,1,10.3,Yorkshire,SE Marsh,Sarfraz Ahmed,AL Hughes,0,0,,,,,,"",""
ball,1,10.4,Yorkshire,SE Marsh,Sarfraz Ahmed,AL Hughes,1,0,,,,,,"",""
ball,1,10.5,Yorkshire,Sarfraz Ahmed,SE Marsh,AL Hughes,0,0,,,,,,"",""
ball,1,10.6,Yorkshire,Sarfraz Ahmed,SE Marsh,AL Hughes,1,0,,,,,,"",""
ball,1,11.1,Yorkshire,Sarfraz Ahmed,SE Marsh,WL Madsen,1,0,,,,,,"",""
ball,1,11.2,Yorkshire,SE Marsh,Sarfraz Ahmed,WL Madsen,1,0,,,,,,"",""
ball,1,11.3,Yorkshire,Sarfraz Ahmed,SE Marsh,WL Madsen,1,0,,,,,,"",""
ball,1,11.4,Yorkshire,SE Marsh,Sarfraz Ahmed,WL Madsen,1,0,,,,,,"",""
ball,1,11.5,Yorkshire,Sarfraz Ahmed,SE Marsh,WL Madsen,1,0,,,,,,"",""
ball,1,11.6,Yorkshire,SE Marsh,Sarfraz Ahmed,WL Madsen,4,0,,,,,,"",""
ball,1,12.1,Yorkshire,Sarfraz Ahmed,SE Marsh,AL Hughes,1,0,,,,,,"",""
ball,1,12.2,Yorkshire,SE Marsh,Sarfraz Ahmed,AL Hughes,1,0,,,,,,"",""
ball,1,12.3,Yorkshire,Sarfraz Ahmed,SE Marsh,AL Hughes,6,0,,,,,,"",""
ball,1,12.4,Yorkshire,Sarfraz Ahmed,SE Marsh,AL Hughes,2,0,,,,,,"",""
ball,1,12.5,Yorkshire,Sarfraz Ahmed,SE Marsh,AL Hughes,0,0,,,,,,"",""
ball,1,12.6,Yorkshire,Sarfraz Ahmed,SE Marsh,AL Hughes,0,0,,,,,,"",""
ball,1,13.1,Yorkshire,SE Marsh,Sarfraz Ahmed,Imran Tahir,1,0,,,,,,"",""
ball,1,13.2,Yorkshire,Sarfraz Ahmed,SE Marsh,Imran Tahir,0,0,,,,,,"",""
ball,1,13.3,Yorkshire,Sarfraz Ahmed,SE Marsh,Imran Tahir,0,0,,,,,,"",""
ball,1,13.4,Yorkshire,Sarfraz Ahmed,SE Marsh,Imran Tahir,6,0,,,,,,"",""
ball,1,13.5,Yorkshire,Sarfraz Ahmed,SE Marsh,Imran Tahir,0,0,,,,,,"",""
ball,1,13.6,Yorkshire,Sarfraz Ahmed,SE Marsh,Imran Tahir,1,0,,,,,,"",""
ball,1,14.1,Yorkshire,Sarfraz Ahmed,SE Marsh,AL Hughes,6,0,,,,,,"",""
ball,1,14.2,Yorkshire,Sarfraz Ahmed,SE Marsh,AL Hughes,0,0,,,,,,"",""
ball,1,14.3,Yorkshire,Sarfraz Ahmed,SE Marsh,AL Hughes,1,0,,,,,,"",""
ball,1,14.4,Yorkshire,SE Marsh,Sarfraz Ahmed,AL Hughes,1,0,,,,,,"",""
ball,1,14.5,Yorkshire,Sarfraz Ahmed,SE Marsh,AL Hughes,1,0,,,,,,"",""
ball,1,14.6,Yorkshire,SE Marsh,Sarfraz Ahmed,AL Hughes,1,0,,,,,,"",""
ball,1,15.1,Yorkshire,SE Marsh,Sarfraz Ahmed,Imran Tahir,1,0,,,,,,"",""
ball,1,15.2,Yorkshire,Sarfraz Ahmed,SE Marsh,Imran Tahir,2,0,,,,,,"",""
ball,1,15.3,Yorkshire,Sarfraz Ahmed,SE Marsh,Imran Tahir,1,0,,,,,,"",""
ball,1,15.4,Yorkshire,SE Marsh,Sarfraz Ahmed,Imran Tahir,0,0,,,,,,"",""
ball,1,15.5,Yorkshire,SE Marsh,Sarfraz Ahmed,Imran Tahir,6,0,,,,,,"",""
ball,1,15.6,Yorkshire,SE Marsh,Sarfraz Ahmed,Imran Tahir,0,0,,,,,,"",""
ball,1,16.1,Yorkshire,Sarfraz Ahmed,SE Marsh,MJ Henry,0,0,,,,,,"",""
ball,1,16.2,Yorkshire,Sarfraz Ahmed,SE Marsh,MJ Henry,1,0,,,,,,"",""
ball,1,16.3,Yorkshire,SE Marsh,Sarfraz Ahmed,MJ Henry,0,1,,,,1,,"",""
ball,1,16.4,Yorkshire,Sarfraz Ahmed,SE Marsh,MJ Henry,0,0,,,,,,"",""
ball,1,16.5,Yorkshire,Sarfraz Ahmed,SE Marsh,MJ Henry,4,0,,,,,,"",""
ball,1,16.6,Yorkshire,Sarfraz Ahmed,SE Marsh,MJ Henry,4,0,,,,,,"",""
ball,1,17.1,Yorkshire,SE Marsh,Sarfraz Ahmed,GC Viljoen,2,0,,,,,,"",""
ball,1,17.2,Yorkshire,SE Marsh,Sarfraz Ahmed,GC Viljoen,1,0,,,,,,"",""
ball,1,17.3,Yorkshire,Sarfraz Ahmed,SE Marsh,GC Viljoen,0,0,,,,,,bowled,Sarfraz Ahmed
ball,1,17.4,Yorkshire,JA Leaning,SE Marsh,GC Viljoen,4,0,,,,,,"",""
ball,1,17.5,Yorkshire,JA Leaning,SE Marsh,GC Viljoen,2,0,,,,,,"",""
ball,1,17.6,Yorkshire,JA Leaning,SE Marsh,GC Viljoen,0,0,,,,,,bowled,JA Leaning
ball,1,18.1,Yorkshire,SE Marsh,TT Bresnan,MJ Henry,0,0,,,,,,"",""
ball,1,18.2,Yorkshire,SE Marsh,TT Bresnan,MJ Henry,4,0,,,,,,"",""
ball,1,18.3,Yorkshire,SE Marsh,TT Bresnan,MJ Henry,1,0,,,,,,"",""
ball,1,18.4,Yorkshire,TT Bresnan,SE Marsh,MJ Henry,0,1,1,,,,,"",""
ball,1,18.5,Yorkshire,TT Bresnan,SE Marsh,MJ Henry,0,1,1,,,,,"",""
ball,1,18.6,Yorkshire,TT Bresnan,SE Marsh,MJ Henry,0,1,1,,,,,"",""
ball,1,18.7,Yorkshire,TT Bresnan,SE Marsh,MJ Henry,2,0,,,,,,"",""
ball,1,18.8,Yorkshire,TT Bresnan,SE Marsh,MJ Henry,1,0,,,,,,"",""
ball,1,18.9,Yorkshire,SE Marsh,TT Bresnan,MJ Henry,1,0,,,,,,"",""
ball,1,19.1,Yorkshire,SE Marsh,TT Bresnan,GC Viljoen,1,0,,,,,,"",""
ball,1,19.2,Yorkshire,TT Bresnan,SE Marsh,GC Viljoen,6,0,,,,,,"",""
ball,1,19.3,Yorkshire,TT Bresnan,SE Marsh,GC Viljoen,4,0,,,,,,"",""
ball,1,19.4,Yorkshire,TT Bresnan,SE Marsh,GC Viljoen,2,0,,,,,,"",""
ball,1,19.5,Yorkshire,TT Bresnan,SE Marsh,GC Viljoen,1,0,,,,,,"",""
ball,1,19.6,Yorkshire,SE Marsh,TT Bresnan,GC Viljoen,0,0,,,,,,"",""
ball,2,0.1,Derbyshire,BA Godleman,TA Wood,DJ Willey,0,0,,,,,,"",""
ball,2,0.2,Derbyshire,BA Godleman,TA Wood,DJ Willey,0,0,,,,,,"",""
ball,2,0.3,Derbyshire,BA Godleman,TA Wood,DJ Willey,1,0,,,,,,"",""
ball,2,0.4,Derbyshire,TA Wood,BA Godleman,DJ Willey,0,0,,,,,,"",""
ball,2,0.5,Derbyshire,TA Wood,BA Godleman,DJ Willey,0,2,,2,,,,"",""
ball,2,0.6,Derbyshire,TA Wood,BA Godleman,DJ Willey,1,0,,,,,,"",""
ball,2,0.7,Derbyshire,BA Godleman,TA Wood,DJ Willey,1,0,,,,,,"",""
ball,2,1.1,Derbyshire,BA Godleman,TA Wood,TT Bresnan,0,0,,,,,,"",""
ball,2,1.2,Derbyshire,BA Godleman,TA Wood,TT Bresnan,0,0,,,,,,"",""
ball,2,1.3,Derbyshire,BA Godleman,TA Wood,TT Bresnan,1,0,,,,,,"",""
ball,2,1.4,Derbyshire,TA Wood,BA Godleman,TT Bresnan,0,0,,,,,,"",""
ball,2,1.5,Derbyshire,TA Wood,BA Godleman,TT Bresnan,1,0,,,,,,"",""
ball,2,1.6,Derbyshire,BA Godleman,TA Wood,TT Bresnan,6,0,,,,,,"",""
ball,2,2.1,Derbyshire,TA Wood,BA Godleman,DJ Willey,1,0,,,,,,"",""
ball,2,2.2,Derbyshire,BA Godleman,TA Wood,DJ Willey,3,0,,,,,,"",""
ball,2,2.3,Derbyshire,TA Wood,BA Godleman,DJ Willey,4,0,,,,,,"",""
ball,2,2.4,Derbyshire,TA Wood,BA Godleman,DJ Willey,1,0,,,,,,"",""
ball,2,2.5,Derbyshire,BA Godleman,TA Wood,DJ Willey,1,0,,,,,,"",""
ball,2,2.6,Derbyshire,TA Wood,BA Godleman,DJ Willey,1,0,,,,,,"",""
ball,2,3.1,Derbyshire,TA Wood,BA Godleman,TT Bresnan,0,0,,,,,,caught,TA Wood
ball,2,3.2,Derbyshire,BA Godleman,LM Reece,TT Bresnan,1,0,,,,,,"",""
ball,2,3.3,Derbyshire,LM Reece,BA Godleman,TT Bresnan,0,0,,,,,,"",""
ball,2,3.4,Derbyshire,LM Reece,BA Godleman,TT Bresnan,0,0,,,,,,"",""
ball,2,3.5,Derbyshire,LM Reece,BA Godleman,TT Bresnan,1,0,,,,,,"",""
ball,2,3.6,Derbyshire,BA Godleman,LM Reece,TT Bresnan,0,1,,,,1,,"",""
ball,2,4.1,Derbyshire,BA Godleman,LM Reece,DJ Willey,4,0,,,,,,"",""
ball,2,4.2,Derbyshire,BA Godleman,LM Reece,DJ Willey,4,0,,,,,,"",""
ball,2,4.3,Derbyshire,BA Godleman,LM Reece,DJ Willey,6,0,,,,,,"",""
ball,2,4.4,Derbyshire,BA Godleman,LM Reece,DJ Willey,1,0,,,,,,"",""
ball,2,4.5,Derbyshire,LM Reece,BA Godleman,DJ Willey,0,0,,,,,,"",""
ball,2,4.6,Derbyshire,LM Reece,BA Godleman,DJ Willey,0,0,,,,,,"",""
ball,2,5.1,Derbyshire,BA Godleman,LM Reece,SA Patterson,0,1,1,,,,,"",""
ball,2,5.2,Derbyshire,BA Godleman,LM Reece,SA Patterson,1,0,,,,,,"",""
ball,2,5.3,Derbyshire,LM Reece,BA Godleman,SA Patterson,1,0,,,,,,"",""
ball,2,5.4,Derbyshire,BA Godleman,LM Reece,SA Patterson,1,0,,,,,,"",""
ball,2,5.5,Derbyshire,LM Reece,BA Godleman,SA Patterson,0,0,,,,,,caught,LM Reece
ball,2,5.6,Derbyshire,BA Godleman,WL Madsen,SA Patterson,4,0,,,,,,"",""
ball,2,5.7,Derbyshire,BA Godleman,WL Madsen,SA Patterson,2,0,,,,,,"",""
ball,2,6.1,Derbyshire,WL Madsen,BA Godleman,Azeem Rafiq,4,0,,,,,,"",""
ball,2,6.2,Derbyshire,WL Madsen,BA Godleman,Azeem Rafiq,1,0,,,,,,"",""
ball,2,6.3,Derbyshire,BA Godleman,WL Madsen,Azeem Rafiq,0,1,,,,1,,"",""
ball,2,6.4,Derbyshire,WL Madsen,BA Godleman,Azeem Rafiq,1,2,,2,,,,"",""
ball,2,6.5,Derbyshire,BA Godleman,WL Madsen,Azeem Rafiq,6,0,,,,,,"",""
ball,2,6.6,Derbyshire,BA Godleman,WL Madsen,Azeem Rafiq,0,0,,,,,,"",""
ball,2,6.7,Derbyshire,BA Godleman,WL Madsen,Azeem Rafiq,1,0,,,,,,"",""
ball,2,7.1,Derbyshire,BA Godleman,WL Madsen,AU Rashid,0,4,,,4,,,"",""
ball,2,7.2,Derbyshire,BA Godleman,WL Madsen,AU Rashid,0,0,,,,,,"",""
ball,2,7.3,Derbyshire,BA Godleman,WL Madsen,AU Rashid,0,0,,,,,,"",""
ball,2,7.4,Derbyshire,BA Godleman,WL Madsen,AU Rashid,1,0,,,,,,"",""
ball,2,7.5,Derbyshire,WL Madsen,BA Godleman,AU Rashid,1,0,,,,,,"",""
ball,2,7.6,Derbyshire,BA Godleman,WL Madsen,AU Rashid,0,0,,,,,,"",""
ball,2,8.1,Derbyshire,WL Madsen,BA Godleman,Azeem Rafiq,1,0,,,,,,"",""
ball,2,8.2,Derbyshire,BA Godleman,WL Madsen,Azeem Rafiq,1,0,,,,,,"",""
ball,2,8.3,Derbyshire,WL Madsen,BA Godleman,Azeem Rafiq,1,0,,,,,,"",""
ball,2,8.4,Derbyshire,BA Godleman,WL Madsen,Azeem Rafiq,1,0,,,,,,"",""
ball,2,8.5,Derbyshire,WL Madsen,BA Godleman,Azeem Rafiq,1,0,,,,,,"",""
ball,2,8.6,Derbyshire,BA Godleman,WL Madsen,Azeem Rafiq,1,0,,,,,,"",""
ball,2,9.1,Derbyshire,BA Godleman,WL Madsen,AU Rashid,4,0,,,,,,"",""
ball,2,9.2,Derbyshire,BA Godleman,WL Madsen,AU Rashid,0,0,,,,,,"",""
ball,2,9.3,Derbyshire,BA Godleman,WL Madsen,AU Rashid,1,0,,,,,,"",""
ball,2,9.4,Derbyshire,WL Madsen,BA Godleman,AU Rashid,0,0,,,,,,"",""
ball,2,9.5,Derbyshire,WL Madsen,BA Godleman,AU Rashid,1,0,,,,,,"",""
ball,2,9.6,Derbyshire,BA Godleman,WL Madsen,AU Rashid,1,0,,,,,,"",""
ball,2,10.1,Derbyshire,BA Godleman,WL Madsen,Azeem Rafiq,4,0,,,,,,"",""
ball,2,10.2,Derbyshire,BA Godleman,WL Madsen,Azeem Rafiq,0,1,1,,,,,"",""
ball,2,10.3,Derbyshire,BA Godleman,WL Madsen,Azeem Rafiq,1,0,,,,,,"",""
ball,2,10.4,Derbyshire,WL Madsen,BA Godleman,Azeem Rafiq,4,0,,,,,,"",""
ball,2,10.5,Derbyshire,WL Madsen,BA Godleman,Azeem Rafiq,2,0,,,,,,"",""
ball,2,10.6,Derbyshire,WL Madsen,BA Godleman,Azeem Rafiq,1,0,,,,,,"",""
ball,2,10.7,Derbyshire,BA Godleman,WL Madsen,Azeem Rafiq,1,0,,,,,,"",""
ball,2,11.1,Derbyshire,BA Godleman,WL Madsen,AU Rashid,1,0,,,,,,"",""
ball,2,11.2,Derbyshire,WL Madsen,BA Godleman,AU Rashid,1,0,,,,,,"",""
ball,2,11.3,Derbyshire,BA Godleman,WL Madsen,AU Rashid,1,0,,,,,,"",""
ball,2,11.4,Derbyshire,WL Madsen,BA Godleman,AU Rashid,4,0,,,,,,"",""
ball,2,11.5,Derbyshire,WL Madsen,BA Godleman,AU Rashid,1,0,,,,,,"",""
ball,2,11.6,Derbyshire,BA Godleman,WL Madsen,AU Rashid,1,0,,,,,,"",""
ball,2,12.1,Derbyshire,BA Godleman,WL Madsen,MD Fisher,0,0,,,,,,"",""
ball,2,12.2,Derbyshire,BA Godleman,WL Madsen,MD Fisher,1,0,,,,,,"",""
ball,2,12.3,Derbyshire,WL Madsen,BA Godleman,MD Fisher,4,0,,,,,,"",""
ball,2,12.4,Derbyshire,WL Madsen,BA Godleman,MD Fisher,0,0,,,,,,"",""
ball,2,12.5,Derbyshire,WL Madsen,BA Godleman,MD Fisher,1,0,,,,,,"",""
ball,2,12.6,Derbyshire,BA Godleman,WL Madsen,MD Fisher,1,0,,,,,,"",""
ball,2,13.1,Derbyshire,BA Godleman,WL Madsen,DJ Willey,1,0,,,,,,"",""
ball,2,13.2,Derbyshire,WL Madsen,BA Godleman,DJ Willey,3,0,,,,,,"",""
ball,2,13.3,Derbyshire,BA Godleman,WL Madsen,DJ Willey,1,0,,,,,,"",""
ball,2,13.4,Derbyshire,WL Madsen,BA Godleman,DJ Willey,1,0,,,,,,"",""
ball,2,13.5,Derbyshire,BA Godleman,WL Madsen,DJ Willey,0,0,,,,,,caught,BA Godleman
ball,2,13.6,Derbyshire,GC Wilson,WL Madsen,DJ Willey,0,0,,,,,,"",""
ball,2,14.1,Derbyshire,WL Madsen,GC Wilson,SA Patterson,0,0,,,,,,"",""
ball,2,14.2,Derbyshire,WL Madsen,GC Wilson,SA Patterson,0,0,,,,,,"",""
ball,2,14.3,Derbyshire,WL Madsen,GC Wilson,SA Patterson,0,1,1,,,,,"",""
ball,2,14.4,Derbyshire,WL Madsen,GC Wilson,SA Patterson,1,0,,,,,,"",""
ball,2,14.5,Derbyshire,GC Wilson,WL Madsen,SA Patterson,0,0,,,,,,"",""
ball,2,14.6,Derbyshire,GC Wilson,WL Madsen,SA Patterson,0,1,1,,,,,"",""
ball,2,14.7,Derbyshire,GC Wilson,WL Madsen,SA Patterson,4,0,,,,,,"",""
ball,2,14.8,Derbyshire,GC Wilson,WL Madsen,SA Patterson,2,0,,,,,,"",""
ball,2,15.1,Derbyshire,WL Madsen,GC Wilson,TT Bresnan,2,0,,,,,,"",""
ball,2,15.2,Derbyshire,WL Madsen,GC Wilson,TT Bresnan,0,1,,,,1,,"",""
ball,2,15.3,Derbyshire,GC Wilson,WL Madsen,TT Bresnan,1,0,,,,,,"",""
ball,2,15.4,Derbyshire,WL Madsen,GC Wilson,TT Bresnan,1,0,,,,,,"",""
ball,2,15.5,Derbyshire,GC Wilson,WL Madsen,TT Bresnan,0,0,,,,,,"",""
ball,2,15.6,Derbyshire,GC Wilson,WL Madsen,TT Bresnan,1,0,,,,,,"",""
ball,2,16.1,Derbyshire,GC Wilson,WL Madsen,SA Patterson,1,0,,,,,,"",""
ball,2,16.2,Derbyshire,WL Madsen,GC Wilson,SA Patterson,2,0,,,,,,"",""
ball,2,16.3,Derbyshire,WL Madsen,GC Wilson,SA Patterson,1,0,,,,,,"",""
ball,2,16.4,Derbyshire,GC Wilson,WL Madsen,SA Patterson,1,0,,,,,,"",""
ball,2,16.5,Derbyshire,WL Madsen,GC Wilson,SA Patterson,1,0,,,,,,"",""
ball,2,16.6,Derbyshire,GC Wilson,WL Madsen,SA Patterson,4,0,,,,,,"",""
ball,2,17.1,Derbyshire,WL Madsen,GC Wilson,AU Rashid,0,1,,,,1,,"",""
ball,2,17.2,Derbyshire,GC Wilson,WL Madsen,AU Rashid,1,0,,,,,,"",""
ball,2,17.3,Derbyshire,WL Madsen,GC Wilson,AU Rashid,0,0,,,,,,"",""
ball,2,17.4,Derbyshire,WL Madsen,GC Wilson,AU Rashid,6,0,,,,,,"",""
ball,2,17.5,Derbyshire,WL Madsen,GC Wilson,AU Rashid,0,1,,,,1,,"",""
ball,2,17.6,Derbyshire,GC Wilson,WL Madsen,AU Rashid,6,0,,,,,,"",""
ball,2,18.1,Derbyshire,WL Madsen,GC Wilson,SA Patterson,0,0,,,,,,caught,WL Madsen
ball,2,18.2,Derbyshire,MJ Henry,GC Wilson,SA Patterson,0,0,,,,,,"",""
ball,2,18.3,Derbyshire,MJ Henry,GC Wilson,SA Patterson,0,0,,,,,,caught,MJ Henry
ball,2,18.4,Derbyshire,GC Wilson,AL Hughes,SA Patterson,4,0,,,,,,"",""
ball,2,18.5,Derbyshire,GC Wilson,AL Hughes,SA Patterson,0,0,,,,,,"",""
ball,2,18.6,Derbyshire,GC Wilson,AL Hughes,SA Patterson,4,0,,,,,,"",""
ball,2,19.1,Derbyshire,AL Hughes,GC Wilson,TT Bresnan,6,0,,,,,,"",""
ball,2,19.2,Derbyshire,AL Hughes,GC Wilson,TT Bresnan,2,0,,,,,,"",""
ball,2,19.3,Derbyshire,AL Hughes,GC Wilson,TT Bresnan,1,0,,,,,,"",""
ball,2,19.4,Derbyshire,GC Wilson,AL Hughes,TT Bresnan,4,0,,,,,,"",""
