version,1.6.0
info,balls_per_over,6
info,team,United Arab Emirates
info,team,Papua New Guinea
info,gender,male
info,season,2017
info,date,2017/04/02
info,event,ICC World Cricket League Championship
info,match_number,38
info,venue,Sheikh Zayed Stadium
info,city,Abu Dhabi
info,toss_winner,Papua New Guinea
info,toss_decision,bat
info,umpire,Akbar Ali
info,umpire,Shozab Raza
info,reserve_umpire,IJ Dixon
info,match_referee,SR Bernard
info,winner,Papua New Guinea
info,winner_runs,26
info,player,Papua New Guinea,TP Ura
info,player,Papua New Guinea,VV Morea
info,player,Papua New Guinea,L Siaka
info,player,Papua New Guinea,A Vala
info,player,Papua New Guinea,D Bau
info,player,Papua New Guinea,S Bau
info,player,Papua New Guinea,MD Dai
info,player,Papua New Guinea,JB Reva
info,player,Papua New Guinea,N Vanua
info,player,Papua New Guinea,A Nao
info,player,Papua New Guinea,WT Gavera
info,player,United Arab Emirates,Rohan Mustafa
info,player,United Arab Emirates,Mohammed Qasim
info,player,United Arab Emirates,Ghulam Shabber
info,player,United Arab Emirates,Shaiman Anwar
info,player,United Arab Emirates,Rameez Shahzad
info,player,United Arab Emirates,Muhammad Usman
info,player,United Arab Emirates,Adnan Mufti
info,player,United Arab Emirates,Mohammad Naveed
info,player,United Arab Emirates,Ahmed Raza
info,player,United Arab Emirates,Imran Haider
info,player,United Arab Emirates,Zahoor Khan
info,registry,people,A Nao,4d1ec7eb
info,registry,people,A Vala,72e60730
info,registry,people,Adnan Mufti,811425b1
info,registry,people,Ahmed Raza,79b4839e
info,registry,people,Akbar Ali,e753931d
info,registry,people,D Bau,9db20c92
info,registry,people,Ghulam Shabber,ced0ec25
info,registry,people,IJ Dixon,a6e30365
info,registry,people,Imran Haider,0226b73a
info,registry,people,JB Reva,6a685375
info,registry,people,L Siaka,6b4593ee
info,registry,people,MD Dai,5be810ba
info,registry,people,Mohammad Naveed,4861d29b
info,registry,people,Mohammed Qasim,a120e81b
info,registry,people,Muhammad Usman,45642393
info,registry,people,N Vanua,a36915ce
info,registry,people,Rameez Shahzad,e045c165
info,registry,people,Rohan Mustafa,d1988788
info,registry,people,S Bau,9a95bebb
info,registry,people,SR Bernard,800187dc
info,registry,people,Shaiman Anwar,e9630504
info,registry,people,Shozab Raza,153c67dc
info,registry,people,TP Ura,a82eb3fb
info,registry,people,VV Morea,e64c10dd
info,registry,people,WT Gavera,7516045a
info,registry,people,Zahoor Khan,f0e293b0
ball,1,0.1,Papua New Guinea,TP Ura,VV Morea,Mohammad Naveed,0,0,,,,,,"",""
ball,1,0.2,Papua New Guinea,TP Ura,VV Morea,Mohammad Naveed,4,0,,,,,,"",""
ball,1,0.3,Papua New Guinea,TP Ura,VV Morea,Mohammad Naveed,1,0,,,,,,"",""
ball,1,0.4,Papua New Guinea,VV Morea,TP Ura,Mohammad Naveed,0,0,,,,,,"",""
ball,1,0.5,Papua New Guinea,VV Morea,TP Ura,Mohammad Naveed,0,0,,,,,,"",""
ball,1,0.6,Papua New Guinea,VV Morea,TP Ura,Mohammad Naveed,1,0,,,,,,"",""
ball,1,1.1,Papua New Guinea,VV Morea,TP Ura,Ahmed Raza,0,0,,,,,,"",""
ball,1,1.2,Papua New Guinea,VV Morea,TP Ura,Ahmed Raza,0,0,,,,,,"",""
ball,1,1.3,Papua New Guinea,VV Morea,TP Ura,Ahmed Raza,0,0,,,,,,"",""
ball,1,1.4,Papua New Guinea,VV Morea,TP Ura,Ahmed Raza,2,0,,,,,,"",""
ball,1,1.5,Papua New Guinea,VV Morea,TP Ura,Ahmed Raza,2,0,,,,,,"",""
ball,1,1.6,Papua New Guinea,VV Morea,TP Ura,Ahmed Raza,0,0,,,,,,"",""
ball,1,2.1,Papua New Guinea,TP Ura,VV Morea,Mohammad Naveed,1,0,,,,,,"",""
ball,1,2.2,Papua New Guinea,VV Morea,TP Ura,Mohammad Naveed,0,0,,,,,,"",""
ball,1,2.3,Papua New Guinea,VV Morea,TP Ura,Mohammad Naveed,0,0,,,,,,"",""
ball,1,2.4,Papua New Guinea,VV Morea,TP Ura,Mohammad Naveed,0,0,,,,,,"",""
ball,1,2.5,Papua New Guinea,VV Morea,TP Ura,Mohammad Naveed,1,0,,,,,,"",""
ball,1,2.6,Papua New Guinea,TP Ura,VV Morea,Mohammad Naveed,0,0,,,,,,"",""
ball,1,3.1,Papua New Guinea,VV Morea,TP Ura,Ahmed Raza,0,0,,,,,,"",""
ball,1,3.2,Papua New Guinea,VV Morea,TP Ura,Ahmed Raza,4,0,,,,,,"",""
ball,1,3.3,Papua New Guinea,VV Morea,TP Ura,Ahmed Raza,0,0,,,,,,"",""
ball,1,3.4,Papua New Guinea,VV Morea,TP Ura,Ahmed Raza,0,0,,,,,,run out,TP Ura
ball,1,3.5,Papua New Guinea,L Siaka,VV Morea,Ahmed Raza,0,0,,,,,,"",""
ball,1,3.6,Papua New Guinea,L Siaka,VV Morea,Ahmed Raza,0,0,,,,,,"",""
ball,1,4.1,Papua New Guinea,VV Morea,L Siaka,Mohammad Naveed,2,0,,,,,,"",""
ball,1,4.2,Papua New Guinea,VV Morea,L Siaka,Mohammad Naveed,3,0,,,,,,"",""
ball,1,4.3,Papua New Guinea,L Siaka,VV Morea,Mohammad Naveed,0,0,,,,,,"",""
ball,1,4.4,Papua New Guinea,L Siaka,VV Morea,Mohammad Naveed,0,0,,,,,,"",""
ball,1,4.5,Papua New Guinea,L Siaka,VV Morea,Mohammad Naveed,1,0,,,,,,"",""
ball,1,4.6,Papua New Guinea,VV Morea,L Siaka,Mohammad Naveed,0,0,,,,,,"",""
ball,1,5.1,Papua New Guinea,L Siaka,VV Morea,Ahmed Raza,0,0,,,,,,"",""
ball,1,5.2,Papua New Guinea,L Siaka,VV Morea,Ahmed Raza,4,0,,,,,,"",""
ball,1,5.3,Papua New Guinea,L Siaka,VV Morea,Ahmed Raza,1,0,,,,,,"",""
ball,1,5.4,Papua New Guinea,VV Morea,L Siaka,Ahmed Raza,0,0,,,,,,"",""
ball,1,5.5,Papua New Guinea,VV Morea,L Siaka,Ahmed Raza,0,0,,,,,,"",""
ball,1,5.6,Papua New Guinea,VV Morea,L Siaka,Ahmed Raza,0,0,,,,,,"",""
ball,1,6.1,Papua New Guinea,L Siaka,VV Morea,Mohammad Naveed,1,0,,,,,,"",""
ball,1,6.2,Papua New Guinea,VV Morea,L Siaka,Mohammad Naveed,2,0,,,,,,"",""
ball,1,6.3,Papua New Guinea,VV Morea,L Siaka,Mohammad Naveed,1,0,,,,,,"",""
ball,1,6.4,Papua New Guinea,L Siaka,VV Morea,Mohammad Naveed,1,0,,,,,,"",""
ball,1,6.5,Papua New Guinea,VV Morea,L Siaka,Mohammad Naveed,1,0,,,,,,"",""
ball,1,6.6,Papua New Guinea,L Siaka,VV Morea,Mohammad Naveed,0,0,,,,,,"",""
ball,1,7.1,Papua New Guinea,VV Morea,L Siaka,Ahmed Raza,0,0,,,,,,"",""
ball,1,7.2,Papua New Guinea,VV Morea,L Siaka,Ahmed Raza,0,0,,,,,,"",""
ball,1,7.3,Papua New Guinea,VV Morea,L Siaka,Ahmed Raza,2,0,,,,,,"",""
ball,1,7.4,Papua New Guinea,VV Morea,L Siaka,Ahmed Raza,1,0,,,,,,"",""
ball,1,7.5,Papua New Guinea,L Siaka,VV Morea,Ahmed Raza,0,0,,,,,,"",""
ball,1,7.6,Papua New Guinea,L Siaka,VV Morea,Ahmed Raza,2,0,,,,,,"",""
ball,1,8.1,Papua New Guinea,VV Morea,L Siaka,Rohan Mustafa,0,0,,,,,,"",""
ball,1,8.2,Papua New Guinea,VV Morea,L Siaka,Rohan Mustafa,0,0,,,,,,"",""
ball,1,8.3,Papua New Guinea,VV Morea,L Siaka,Rohan Mustafa,2,0,,,,,,"",""
ball,1,8.4,Papua New Guinea,VV Morea,L Siaka,Rohan Mustafa,0,1,,,,1,,"",""
ball,1,8.5,Papua New Guinea,L Siaka,VV Morea,Rohan Mustafa,0,0,,,,,,"",""
ball,1,8.6,Papua New Guinea,L Siaka,VV Morea,Rohan Mustafa,1,0,,,,,,"",""
ball,1,9.1,Papua New Guinea,L Siaka,VV Morea,Ahmed Raza,4,0,,,,,,"",""
ball,1,9.2,Papua New Guinea,L Siaka,VV Morea,Ahmed Raza,1,0,,,,,,"",""
ball,1,9.3,Papua New Guinea,VV Morea,L Siaka,Ahmed Raza,0,0,,,,,,"",""
ball,1,9.4,Papua New Guinea,VV Morea,L Siaka,Ahmed Raza,0,0,,,,,,"",""
ball,1,9.5,Papua New Guinea,VV Morea,L Siaka,Ahmed Raza,0,0,,,,,,"",""
ball,1,9.6,Papua New Guinea,VV Morea,L Siaka,Ahmed Raza,0,0,,,,,,"",""
ball,1,10.1,Papua New Guinea,L Siaka,VV Morea,Rohan Mustafa,0,0,,,,,,"",""
ball,1,10.2,Papua New Guinea,L Siaka,VV Morea,Rohan Mustafa,1,0,,,,,,"",""
ball,1,10.3,Papua New Guinea,VV Morea,L Siaka,Rohan Mustafa,1,0,,,,,,"",""
ball,1,10.4,Papua New Guinea,L Siaka,VV Morea,Rohan Mustafa,1,0,,,,,,"",""
ball,1,10.5,Papua New Guinea,VV Morea,L Siaka,Rohan Mustafa,0,0,,,,,,"",""
ball,1,10.6,Papua New Guinea,VV Morea,L Siaka,Rohan Mustafa,2,0,,,,,,"",""
ball,1,11.1,Papua New Guinea,L Siaka,VV Morea,Imran Haider,0,0,,,,,,"",""
ball,1,11.2,Papua New Guinea,L Siaka,VV Morea,Imran Haider,0,0,,,,,,"",""
ball,1,11.3,Papua New Guinea,L Siaka,VV Morea,Imran Haider,1,0,,,,,,"",""
ball,1,11.4,Papua New Guinea,VV Morea,L Siaka,Imran Haider,1,0,,,,,,"",""
ball,1,11.5,Papua New Guinea,L Siaka,VV Morea,Imran Haider,1,0,,,,,,"",""
ball,1,11.6,Papua New Guinea,VV Morea,L Siaka,Imran Haider,0,0,,,,,,"",""
ball,1,12.1,Papua New Guinea,L Siaka,VV Morea,Rohan Mustafa,4,0,,,,,,"",""
ball,1,12.2,Papua New Guinea,L Siaka,VV Morea,Rohan Mustafa,1,0,,,,,,"",""
ball,1,12.3,Papua New Guinea,VV Morea,L Siaka,Rohan Mustafa,1,0,,,,,,"",""
ball,1,12.4,Papua New Guinea,L Siaka,VV Morea,Rohan Mustafa,1,0,,,,,,"",""
ball,1,12.5,Papua New Guinea,VV Morea,L Siaka,Rohan Mustafa,1,0,,,,,,"",""
ball,1,12.6,Papua New Guinea,L Siaka,VV Morea,Rohan Mustafa,0,1,,,,1,,"",""
ball,1,13.1,Papua New Guinea,L Siaka,VV Morea,Imran Haider,1,0,,,,,,"",""
ball,1,13.2,Papua New Guinea,VV Morea,L Siaka,Imran Haider,0,0,,,,,,"",""
ball,1,13.3,Papua New Guinea,VV Morea,L Siaka,Imran Haider,3,0,,,,,,"",""
ball,1,13.4,Papua New Guinea,L Siaka,VV Morea,Imran Haider,0,0,,,,,,caught,L Siaka
ball,1,13.5,Papua New Guinea,VV Morea,A Vala,Imran Haider,1,0,,,,,,"",""
ball,1,13.6,Papua New Guinea,A Vala,VV Morea,Imran Haider,0,0,,,,,,"",""
ball,1,14.1,Papua New Guinea,VV Morea,A Vala,Rohan Mustafa,0,1,,,,1,,"",""
ball,1,14.2,Papua New Guinea,A Vala,VV Morea,Rohan Mustafa,1,0,,,,,,"",""
ball,1,14.3,Papua New Guinea,VV Morea,A Vala,Rohan Mustafa,0,0,,,,,,"",""
ball,1,14.4,Papua New Guinea,VV Morea,A Vala,Rohan Mustafa,4,0,,,,,,"",""
ball,1,14.5,Papua New Guinea,VV Morea,A Vala,Rohan Mustafa,1,0,,,,,,"",""
ball,1,14.6,Papua New Guinea,A Vala,VV Morea,Rohan Mustafa,0,0,,,,,,"",""
ball,1,15.1,Papua New Guinea,VV Morea,A Vala,Imran Haider,1,0,,,,,,"",""
ball,1,15.2,Papua New Guinea,A Vala,VV Morea,Imran Haider,0,0,,,,,,"",""
ball,1,15.3,Papua New Guinea,A Vala,VV Morea,Imran Haider,0,0,,,,,,"",""
ball,1,15.4,Papua New Guinea,A Vala,VV Morea,Imran Haider,0,0,,,,,,"",""
ball,1,15.5,Papua New Guinea,A Vala,VV Morea,Imran Haider,0,0,,,,,,"",""
ball,1,15.6,Papua New Guinea,A Vala,VV Morea,Imran Haider,0,0,,,,,,"",""
ball,1,16.1,Papua New Guinea,VV Morea,A Vala,Rohan Mustafa,4,0,,,,,,"",""
ball,1,16.2,Papua New Guinea,VV Morea,A Vala,Rohan Mustafa,1,0,,,,,,"",""
ball,1,16.3,Papua New Guinea,A Vala,VV Morea,Rohan Mustafa,0,0,,,,,,"",""
ball,1,16.4,Papua New Guinea,A Vala,VV Morea,Rohan Mustafa,0,0,,,,,,"",""
ball,1,16.5,Papua New Guinea,A Vala,VV Morea,Rohan Mustafa,0,0,,,,,,"",""
ball,1,16.6,Papua New Guinea,A Vala,VV Morea,Rohan Mustafa,1,0,,,,,,"",""
ball,1,17.1,Papua New Guinea,A Vala,VV Morea,Imran Haider,0,0,,,,,,"",""
ball,1,17.2,Papua New Guinea,A Vala,VV Morea,Imran Haider,4,0,,,,,,"",""
ball,1,17.3,Papua New Guinea,A Vala,VV Morea,Imran Haider,0,0,,,,,,"",""
ball,1,17.4,Papua New Guinea,A Vala,VV Morea,Imran Haider,1,0,,,,,,"",""
ball,1,17.5,Papua New Guinea,VV Morea,A Vala,Imran Haider,0,0,,,,,,"",""
ball,1,17.6,Papua New Guinea,VV Morea,A Vala,Imran Haider,1,0,,,,,,"",""
ball,1,18.1,Papua New Guinea,VV Morea,A Vala,Rohan Mustafa,0,0,,,,,,"",""
ball,1,18.2,Papua New Guinea,VV Morea,A Vala,Rohan Mustafa,0,0,,,,,,"",""
ball,1,18.3,Papua New Guinea,VV Morea,A Vala,Rohan Mustafa,0,0,,,,,,"",""
ball,1,18.4,Papua New Guinea,VV Morea,A Vala,Rohan Mustafa,2,0,,,,,,"",""
ball,1,18.5,Papua New Guinea,VV Morea,A Vala,Rohan Mustafa,1,0,,,,,,"",""
ball,1,18.6,Papua New Guinea,A Vala,VV Morea,Rohan Mustafa,0,0,,,,,,"",""
ball,1,19.1,Papua New Guinea,VV Morea,A Vala,Imran Haider,2,0,,,,,,"",""
ball,1,19.2,Papua New Guinea,VV Morea,A Vala,Imran Haider,1,0,,,,,,"",""
ball,1,19.3,Papua New Guinea,A Vala,VV Morea,Imran Haider,1,0,,,,,,"",""
ball,1,19.4,Papua New Guinea,VV Morea,A Vala,Imran Haider,0,0,,,,,,"",""
ball,1,19.5,Papua New Guinea,VV Morea,A Vala,Imran Haider,0,0,,,,,,bowled,VV Morea
ball,1,19.6,Papua New Guinea,D Bau,A Vala,Imran Haider,0,0,,,,,,"",""
ball,1,20.1,Papua New Guinea,A Vala,D Bau,Mohammed Qasim,4,0,,,,,,"",""
ball,1,20.2,Papua New Guinea,A Vala,D Bau,Mohammed Qasim,0,0,,,,,,"",""
ball,1,20.3,Papua New Guinea,A Vala,D Bau,Mohammed Qasim,1,0,,,,,,"",""
ball,1,20.4,Papua New Guinea,D Bau,A Vala,Mohammed Qasim,0,0,,,,,,"",""
ball,1,20.5,Papua New Guinea,D Bau,A Vala,Mohammed Qasim,0,0,,,,,,"",""
ball,1,20.6,Papua New Guinea,D Bau,A Vala,Mohammed Qasim,0,0,,,,,,"",""
ball,1,21.1,Papua New Guinea,A Vala,D Bau,Imran Haider,0,0,,,,,,"",""
ball,1,21.2,Papua New Guinea,A Vala,D Bau,Imran Haider,0,0,,,,,,"",""
ball,1,21.3,Papua New Guinea,A Vala,D Bau,Imran Haider,0,0,,,,,,"",""
ball,1,21.4,Papua New Guinea,A Vala,D Bau,Imran Haider,2,0,,,,,,"",""
ball,1,21.5,Papua New Guinea,A Vala,D Bau,Imran Haider,0,0,,,,,,"",""
ball,1,21.6,Papua New Guinea,A Vala,D Bau,Imran Haider,1,0,,,,,,"",""
ball,1,22.1,Papua New Guinea,A Vala,D Bau,Mohammed Qasim,0,0,,,,,,"",""
ball,1,22.2,Papua New Guinea,A Vala,D Bau,Mohammed Qasim,0,0,,,,,,"",""
ball,1,22.3,Papua New Guinea,A Vala,D Bau,Mohammed Qasim,4,0,,,,,,"",""
ball,1,22.4,Papua New Guinea,A Vala,D Bau,Mohammed Qasim,1,0,,,,,,"",""
ball,1,22.5,Papua New Guinea,D Bau,A Vala,Mohammed Qasim,0,0,,,,,,"",""
ball,1,22.6,Papua New Guinea,D Bau,A Vala,Mohammed Qasim,1,0,,,,,,"",""
ball,1,23.1,Papua New Guinea,D Bau,A Vala,Imran Haider,0,0,,,,,,"",""
ball,1,23.2,Papua New Guinea,D Bau,A Vala,Imran Haider,0,0,,,,,,"",""
ball,1,23.3,Papua New Guinea,D Bau,A Vala,Imran Haider,0,0,,,,,,"",""
ball,1,23.4,Papua New Guinea,D Bau,A Vala,Imran Haider,1,0,,,,,,"",""
ball,1,23.5,Papua New Guinea,A Vala,D Bau,Imran Haider,0,0,,,,,,"",""
ball,1,23.6,Papua New Guinea,A Vala,D Bau,Imran Haider,1,0,,,,,,"",""
ball,1,24.1,Papua New Guinea,A Vala,D Bau,Mohammed Qasim,1,0,,,,,,"",""
ball,1,24.2,Papua New Guinea,D Bau,A Vala,Mohammed Qasim,0,0,,,,,,"",""
ball,1,24.3,Papua New Guinea,D Bau,A Vala,Mohammed Qasim,0,0,,,,,,"",""
ball,1,24.4,Papua New Guinea,D Bau,A Vala,Mohammed Qasim,0,0,,,,,,"",""
ball,1,24.5,Papua New Guinea,D Bau,A Vala,Mohammed Qasim,0,0,,,,,,"",""
ball,1,24.6,Papua New Guinea,D Bau,A Vala,Mohammed Qasim,1,0,,,,,,"",""
ball,1,25.1,Papua New Guinea,D Bau,A Vala,Imran Haider,0,0,,,,,,"",""
ball,1,25.2,Papua New Guinea,D Bau,A Vala,Imran Haider,0,0,,,,,,"",""
ball,1,25.3,Papua New Guinea,D Bau,A Vala,Imran Haider,0,0,,,,,,"",""
ball,1,25.4,Papua New Guinea,D Bau,A Vala,Imran Haider,1,0,,,,,,"",""
ball,1,25.5,Papua New Guinea,A Vala,D Bau,Imran Haider,0,0,,,,,,"",""
ball,1,25.6,Papua New Guinea,A Vala,D Bau,Imran Haider,0,0,,,,,,"",""
ball,1,26.1,Papua New Guinea,D Bau,A Vala,Mohammed Qasim,0,0,,,,,,"",""
ball,1,26.2,Papua New Guinea,D Bau,A Vala,Mohammed Qasim,1,0,,,,,,"",""
ball,1,26.3,Papua New Guinea,A Vala,D Bau,Mohammed Qasim,0,0,,,,,,"",""
ball,1,26.4,Papua New Guinea,A Vala,D Bau,Mohammed Qasim,0,0,,,,,,lbw,A Vala
ball,1,26.5,Papua New Guinea,S Bau,D Bau,Mohammed Qasim,0,0,,,,,,"",""
ball,1,26.6,Papua New Guinea,S Bau,D Bau,Mohammed Qasim,0,0,,,,,,"",""
ball,1,27.1,Papua New Guinea,D Bau,S Bau,Imran Haider,0,0,,,,,,"",""
ball,1,27.2,Papua New Guinea,D Bau,S Bau,Imran Haider,0,0,,,,,,"",""
ball,1,27.3,Papua New Guinea,D Bau,S Bau,Imran Haider,0,0,,,,,,"",""
ball,1,27.4,Papua New Guinea,D Bau,S Bau,Imran Haider,0,0,,,,,,"",""
ball,1,27.5,Papua New Guinea,D Bau,S Bau,Imran Haider,0,0,,,,,,"",""
ball,1,27.6,Papua New Guinea,D Bau,S Bau,Imran Haider,0,0,,,,,,"",""
ball,1,28.1,Papua New Guinea,S Bau,D Bau,Mohammed Qasim,1,0,,,,,,"",""
ball,1,28.2,Papua New Guinea,D Bau,S Bau,Mohammed Qasim,1,0,,,,,,"",""
ball,1,28.3,Papua New Guinea,S Bau,D Bau,Mohammed Qasim,0,0,,,,,,"",""
ball,1,28.4,Papua New Guinea,S Bau,D Bau,Mohammed Qasim,0,0,,,,,,"",""
ball,1,28.5,Papua New Guinea,S Bau,D Bau,Mohammed Qasim,0,0,,,,,,"",""
ball,1,28.6,Papua New Guinea,S Bau,D Bau,Mohammed Qasim,1,0,,,,,,"",""
ball,1,29.1,Papua New Guinea,S Bau,D Bau,Imran Haider,1,0,,,,,,"",""
ball,1,29.2,Papua New Guinea,D Bau,S Bau,Imran Haider,0,2,,,,2,,"",""
ball,1,29.3,Papua New Guinea,D Bau,S Bau,Imran Haider,0,0,,,,,,"",""
ball,1,29.4,Papua New Guinea,D Bau,S Bau,Imran Haider,1,0,,,,,,"",""
ball,1,29.5,Papua New Guinea,S Bau,D Bau,Imran Haider,0,0,,,,,,"",""
ball,1,29.6,Papua New Guinea,S Bau,D Bau,Imran Haider,4,0,,,,,,"",""
ball,1,30.1,Papua New Guinea,D Bau,S Bau,Mohammed Qasim,0,0,,,,,,"",""
ball,1,30.2,Papua New Guinea,D Bau,S Bau,Mohammed Qasim,0,0,,,,,,"",""
ball,1,30.3,Papua New Guinea,D Bau,S Bau,Mohammed Qasim,0,0,,,,,,"",""
ball,1,30.4,Papua New Guinea,D Bau,S Bau,Mohammed Qasim,0,0,,,,,,"",""
ball,1,30.5,Papua New Guinea,D Bau,S Bau,Mohammed Qasim,0,0,,,,,,"",""
ball,1,30.6,Papua New Guinea,D Bau,S Bau,Mohammed Qasim,0,0,,,,,,"",""
ball,1,31.1,Papua New Guinea,S Bau,D Bau,Ahmed Raza,0,0,,,,,,"",""
ball,1,31.2,Papua New Guinea,S Bau,D Bau,Ahmed Raza,0,0,,,,,,"",""
ball,1,31.3,Papua New Guinea,S Bau,D Bau,Ahmed Raza,1,0,,,,,,"",""
ball,1,31.4,Papua New Guinea,D Bau,S Bau,Ahmed Raza,0,0,,,,,,"",""
ball,1,31.5,Papua New Guinea,D Bau,S Bau,Ahmed Raza,1,0,,,,,,"",""
ball,1,31.6,Papua New Guinea,S Bau,D Bau,Ahmed Raza,1,0,,,,,,"",""
ball,1,32.1,Papua New Guinea,S Bau,D Bau,Mohammed Qasim,0,0,,,,,,"",""
ball,1,32.2,Papua New Guinea,S Bau,D Bau,Mohammed Qasim,0,0,,,,,,"",""
ball,1,32.3,Papua New Guinea,S Bau,D Bau,Mohammed Qasim,0,0,,,,,,"",""
ball,1,32.4,Papua New Guinea,S Bau,D Bau,Mohammed Qasim,0,0,,,,,,"",""
ball,1,32.5,Papua New Guinea,S Bau,D Bau,Mohammed Qasim,2,0,,,,,,"",""
ball,1,32.6,Papua New Guinea,S Bau,D Bau,Mohammed Qasim,1,0,,,,,,"",""
ball,1,33.1,Papua New Guinea,S Bau,D Bau,Ahmed Raza,1,0,,,,,,"",""
ball,1,33.2,Papua New Guinea,D Bau,S Bau,Ahmed Raza,1,0,,,,,,"",""
ball,1,33.3,Papua New Guinea,S Bau,D Bau,Ahmed Raza,1,0,,,,,,"",""
ball,1,33.4,Papua New Guinea,D Bau,S Bau,Ahmed Raza,1,0,,,,,,"",""
ball,1,33.5,Papua New Guinea,S Bau,D Bau,Ahmed Raza,0,0,,,,,,"",""
ball,1,33.6,Papua New Guinea,S Bau,D Bau,Ahmed Raza,0,0,,,,,,"",""
ball,1,34.1,Papua New Guinea,D Bau,S Bau,Mohammed Qasim,0,0,,,,,,"",""
ball,1,34.2,Papua New Guinea,D Bau,S Bau,Mohammed Qasim,2,0,,,,,,"",""
ball,1,34.3,Papua New Guinea,D Bau,S Bau,Mohammed Qasim,0,0,,,,,,"",""
ball,1,34.4,Papua New Guinea,D Bau,S Bau,Mohammed Qasim,0,0,,,,,,"",""
ball,1,34.5,Papua New Guinea,D Bau,S Bau,Mohammed Qasim,1,0,,,,,,"",""
ball,1,34.6,Papua New Guinea,S Bau,D Bau,Mohammed Qasim,1,0,,,,,,"",""
ball,1,35.1,Papua New Guinea,S Bau,D Bau,Ahmed Raza,1,0,,,,,,"",""
ball,1,35.2,Papua New Guinea,D Bau,S Bau,Ahmed Raza,0,0,,,,,,"",""
ball,1,35.3,Papua New Guinea,D Bau,S Bau,Ahmed Raza,0,0,,,,,,"",""
ball,1,35.4,Papua New Guinea,D Bau,S Bau,Ahmed Raza,0,0,,,,,,"",""
ball,1,35.5,Papua New Guinea,D Bau,S Bau,Ahmed Raza,0,0,,,,,,"",""
ball,1,35.6,Papua New Guinea,D Bau,S Bau,Ahmed Raza,4,0,,,,,,"",""
ball,1,36.1,Papua New Guinea,S Bau,D Bau,Mohammed Qasim,0,0,,,,,,"",""
ball,1,36.2,Papua New Guinea,S Bau,D Bau,Mohammed Qasim,1,0,,,,,,"",""
ball,1,36.3,Papua New Guinea,D Bau,S Bau,Mohammed Qasim,1,0,,,,,,"",""
ball,1,36.4,Papua New Guinea,S Bau,D Bau,Mohammed Qasim,0,0,,,,,,"",""
ball,1,36.5,Papua New Guinea,S Bau,D Bau,Mohammed Qasim,1,0,,,,,,"",""
ball,1,36.6,Papua New Guinea,D Bau,S Bau,Mohammed Qasim,0,0,,,,,,"",""
ball,1,37.1,Papua New Guinea,S Bau,D Bau,Rohan Mustafa,0,0,,,,,,"",""
ball,1,37.2,Papua New Guinea,S Bau,D Bau,Rohan Mustafa,0,0,,,,,,"",""
ball,1,37.3,Papua New Guinea,S Bau,D Bau,Rohan Mustafa,1,0,,,,,,"",""
ball,1,37.4,Papua New Guinea,D Bau,S Bau,Rohan Mustafa,1,0,,,,,,"",""
ball,1,37.5,Papua New Guinea,S Bau,D Bau,Rohan Mustafa,1,0,,,,,,"",""
ball,1,37.6,Papua New Guinea,D Bau,S Bau,Rohan Mustafa,0,0,,,,,,"",""
ball,1,38.1,Papua New Guinea,S Bau,D Bau,Mohammed Qasim,1,0,,,,,,"",""
ball,1,38.2,Papua New Guinea,D Bau,S Bau,Mohammed Qasim,1,0,,,,,,"",""
ball,1,38.3,Papua New Guinea,S Bau,D Bau,Mohammed Qasim,0,0,,,,,,"",""
ball,1,38.4,Papua New Guinea,S Bau,D Bau,Mohammed Qasim,1,0,,,,,,"",""
ball,1,38.5,Papua New Guinea,D Bau,S Bau,Mohammed Qasim,0,0,,,,,,"",""
ball,1,38.6,Papua New Guinea,D Bau,S Bau,Mohammed Qasim,0,0,,,,,,"",""
ball,1,39.1,Papua New Guinea,S Bau,D Bau,Zahoor Khan,0,0,,,,,,caught,S Bau
ball,1,39.2,Papua New Guinea,MD Dai,D Bau,Zahoor Khan,0,0,,,,,,"",""
ball,1,39.3,Papua New Guinea,MD Dai,D Bau,Zahoor Khan,1,0,,,,,,"",""
ball,1,39.4,Papua New Guinea,D Bau,MD Dai,Zahoor Khan,1,0,,,,,,"",""
ball,1,39.5,Papua New Guinea,MD Dai,D Bau,Zahoor Khan,0,0,,,,,,"",""
ball,1,39.6,Papua New Guinea,MD Dai,D Bau,Zahoor Khan,2,0,,,,,,"",""
ball,1,40.1,Papua New Guinea,D Bau,MD Dai,Ahmed Raza,0,2,,,,2,,"",""
ball,1,40.2,Papua New Guinea,D Bau,MD Dai,Ahmed Raza,1,0,,,,,,"",""
ball,1,40.3,Papua New Guinea,MD Dai,D Bau,Ahmed Raza,0,0,,,,,,"",""
ball,1,40.4,Papua New Guinea,MD Dai,D Bau,Ahmed Raza,1,0,,,,,,"",""
ball,1,40.5,Papua New Guinea,D Bau,MD Dai,Ahmed Raza,0,0,,,,,,"",""
ball,1,40.6,Papua New Guinea,D Bau,MD Dai,Ahmed Raza,1,0,,,,,,"",""
ball,1,41.1,Papua New Guinea,D Bau,MD Dai,Zahoor Khan,1,0,,,,,,"",""
ball,1,41.2,Papua New Guinea,MD Dai,D Bau,Zahoor Khan,4,0,,,,,,"",""
ball,1,41.3,Papua New Guinea,MD Dai,D Bau,Zahoor Khan,0,1,1,,,,,"",""
ball,1,41.4,Papua New Guinea,MD Dai,D Bau,Zahoor Khan,2,0,,,,,,"",""
ball,1,41.5,Papua New Guinea,MD Dai,D Bau,Zahoor Khan,0,0,,,,,,"",""
ball,1,41.6,Papua New Guinea,MD Dai,D Bau,Zahoor Khan,4,0,,,,,,"",""
ball,1,41.7,Papua New Guinea,MD Dai,D Bau,Zahoor Khan,0,0,,,,,,caught,MD Dai
ball,1,42.1,Papua New Guinea,JB Reva,D Bau,Ahmed Raza,0,0,,,,,,"",""
ball,1,42.2,Papua New Guinea,JB Reva,D Bau,Ahmed Raza,1,0,,,,,,"",""
ball,1,42.3,Papua New Guinea,D Bau,JB Reva,Ahmed Raza,1,0,,,,,,"",""
ball,1,42.4,Papua New Guinea,JB Reva,D Bau,Ahmed Raza,1,0,,,,,,"",""
ball,1,42.5,Papua New Guinea,D Bau,JB Reva,Ahmed Raza,0,0,,,,,,"",""
ball,1,42.6,Papua New Guinea,D Bau,JB Reva,Ahmed Raza,1,0,,,,,,"",""
ball,1,43.1,Papua New Guinea,D Bau,JB Reva,Zahoor Khan,1,0,,,,,,"",""
ball,1,43.2,Papua New Guinea,JB Reva,D Bau,Zahoor Khan,1,0,,,,,,"",""
ball,1,43.3,Papua New Guinea,D Bau,JB Reva,Zahoor Khan,0,0,,,,,,"",""
ball,1,43.4,Papua New Guinea,D Bau,JB Reva,Zahoor Khan,1,0,,,,,,"",""
ball,1,43.5,Papua New Guinea,JB Reva,D Bau,Zahoor Khan,2,0,,,,,,"",""
ball,1,43.6,Papua New Guinea,JB Reva,D Bau,Zahoor Khan,1,0,,,,,,"",""
ball,1,44.1,Papua New Guinea,JB Reva,D Bau,Mohammad Naveed,4,0,,,,,,"",""
ball,1,44.2,Papua New Guinea,JB Reva,D Bau,Mohammad Naveed,1,0,,,,,,"",""
ball,1,44.3,Papua New Guinea,D Bau,JB Reva,Mohammad Naveed,1,0,,,,,,"",""
ball,1,44.4,Papua New Guinea,JB Reva,D Bau,Mohammad Naveed,0,0,,,,,,bowled,JB Reva
ball,1,44.5,Papua New Guinea,N Vanua,D Bau,Mohammad Naveed,4,0,,,,,,"",""
ball,1,44.6,Papua New Guinea,N Vanua,D Bau,Mohammad Naveed,0,0,,,,,,"",""
ball,1,45.1,Papua New Guinea,D Bau,N Vanua,Zahoor Khan,0,0,,,,,,"",""
ball,1,45.2,Papua New Guinea,D Bau,N Vanua,Zahoor Khan,1,0,,,,,,"",""
ball,1,45.3,Papua New Guinea,N Vanua,D Bau,Zahoor Khan,6,0,,,,,,"",""
ball,1,45.4,Papua New Guinea,N Vanua,D Bau,Zahoor Khan,1,0,,,,,,"",""
ball,1,45.5,Papua New Guinea,D Bau,N Vanua,Zahoor Khan,0,0,,,,,,"",""
ball,1,45.6,Papua New Guinea,D Bau,N Vanua,Zahoor Khan,4,0,,,,,,"",""
ball,1,46.1,Papua New Guinea,N Vanua,D Bau,Rohan Mustafa,0,0,,,,,,"",""
ball,1,46.2,Papua New Guinea,N Vanua,D Bau,Rohan Mustafa,0,1,,,,1,,"",""
ball,1,46.3,Papua New Guinea,D Bau,N Vanua,Rohan Mustafa,1,0,,,,,,"",""
ball,1,46.4,Papua New Guinea,N Vanua,D Bau,Rohan Mustafa,1,0,,,,,,"",""
ball,1,46.5,Papua New Guinea,D Bau,N Vanua,Rohan Mustafa,0,0,,,,,,"",""
ball,1,46.6,Papua New Guinea,D Bau,N Vanua,Rohan Mustafa,1,0,,,,,,"",""
ball,1,47.1,Papua New Guinea,D Bau,N Vanua,Mohammad Naveed,2,0,,,,,,"",""
ball,1,47.2,Papua New Guinea,D Bau,N Vanua,Mohammad Naveed,1,0,,,,,,"",""
ball,1,47.3,Papua New Guinea,N Vanua,D Bau,Mohammad Naveed,1,0,,,,,,"",""
ball,1,47.4,Papua New Guinea,D Bau,N Vanua,Mohammad Naveed,1,0,,,,,,"",""
ball,1,47.5,Papua New Guinea,N Vanua,D Bau,Mohammad Naveed,1,0,,,,,,"",""
ball,1,47.6,Papua New Guinea,D Bau,N Vanua,Mohammad Naveed,1,0,,,,,,"",""
ball,1,48.1,Papua New Guinea,D Bau,N Vanua,Rohan Mustafa,4,0,,,,,,"",""
ball,1,48.2,Papua New Guinea,D Bau,N Vanua,Rohan Mustafa,1,0,,,,,,"",""
ball,1,48.3,Papua New Guinea,N Vanua,D Bau,Rohan Mustafa,1,0,,,,,,"",""
ball,1,48.4,Papua New Guinea,D Bau,N Vanua,Rohan Mustafa,0,0,,,,,,lbw,D Bau
ball,1,48.5,Papua New Guinea,A Nao,N Vanua,Rohan Mustafa,1,0,,,,,,"",""
ball,1,48.6,Papua New Guinea,N Vanua,A Nao,Rohan Mustafa,1,0,,,,,,"",""
ball,1,49.1,Papua New Guinea,N Vanua,A Nao,Mohammad Naveed,1,0,,,,,,"",""
ball,1,49.2,Papua New Guinea,A Nao,N Vanua,Mohammad Naveed,1,0,,,,,,"",""
ball,1,49.3,Papua New Guinea,N Vanua,A Nao,Mohammad Naveed,1,0,,,,,,"",""
ball,1,49.4,Papua New Guinea,A Nao,N Vanua,Mohammad Naveed,0,0,,,,,,"",""
ball,1,49.5,Papua New Guinea,A Nao,N Vanua,Mohammad Naveed,0,0,,,,,,"",""
ball,1,49.6,Papua New Guinea,A Nao,N Vanua,Mohammad Naveed,2,0,,,,,,"",""
ball,2,0.1,United Arab Emirates,Rohan Mustafa,Mohammed Qasim,A Nao,0,0,,,,,,"",""
ball,2,0.2,United Arab Emirates,Rohan Mustafa,Mohammed Qasim,A Nao,4,0,,,,,,"",""
ball,2,0.3,United Arab Emirates,Rohan Mustafa,Mohammed Qasim,A Nao,1,0,,,,,,"",""
ball,2,0.4,United Arab Emirates,Mohammed Qasim,Rohan Mustafa,A Nao,0,0,,,,,,"",""
ball,2,0.5,United Arab Emirates,Mohammed Qasim,Rohan Mustafa,A Nao,1,0,,,,,,"",""
ball,2,0.6,United Arab Emirates,Rohan Mustafa,Mohammed Qasim,A Nao,0,0,,,,,,"",""
ball,2,1.1,United Arab Emirates,Mohammed Qasim,Rohan Mustafa,N Vanua,0,0,,,,,,"",""
ball,2,1.2,United Arab Emirates,Mohammed Qasim,Rohan Mustafa,N Vanua,0,0,,,,,,"",""
ball,2,1.3,United Arab Emirates,Mohammed Qasim,Rohan Mustafa,N Vanua,0,1,1,,,,,"",""
ball,2,1.4,United Arab Emirates,Mohammed Qasim,Rohan Mustafa,N Vanua,0,0,,,,,,"",""
ball,2,1.5,United Arab Emirates,Mohammed Qasim,Rohan Mustafa,N Vanua,0,0,,,,,,"",""
ball,2,1.6,United Arab Emirates,Mohammed Qasim,Rohan Mustafa,N Vanua,0,1,1,,,,,"",""
ball,2,1.7,United Arab Emirates,Mohammed Qasim,Rohan Mustafa,N Vanua,0,0,,,,,,"",""
ball,2,1.8,United Arab Emirates,Mohammed Qasim,Rohan Mustafa,N Vanua,1,0,,,,,,"",""
ball,2,2.1,United Arab Emirates,Mohammed Qasim,Rohan Mustafa,A Nao,0,0,,,,,,"",""
ball,2,2.2,United Arab Emirates,Mohammed Qasim,Rohan Mustafa,A Nao,4,0,,,,,,"",""
ball,2,2.3,United Arab Emirates,Mohammed Qasim,Rohan Mustafa,A Nao,0,1,1,,,,,"",""
ball,2,2.4,United Arab Emirates,Mohammed Qasim,Rohan Mustafa,A Nao,0,1,1,,,,,"",""
ball,2,2.5,United Arab Emirates,Mohammed Qasim,Rohan Mustafa,A Nao,0,0,,,,,,"",""
ball,2,2.6,United Arab Emirates,Mohammed Qasim,Rohan Mustafa,A Nao,1,0,,,,,,"",""
ball,2,2.7,United Arab Emirates,Rohan Mustafa,Mohammed Qasim,A Nao,0,0,,,,,,"",""
ball,2,2.8,United Arab Emirates,Rohan Mustafa,Mohammed Qasim,A Nao,0,0,,,,,,"",""
ball,2,3.1,United Arab Emirates,Mohammed Qasim,Rohan Mustafa,N Vanua,0,4,,,,4,,"",""
ball,2,3.2,United Arab Emirates,Mohammed Qasim,Rohan Mustafa,N Vanua,4,0,,,,,,"",""
ball,2,3.3,United Arab Emirates,Mohammed Qasim,Rohan Mustafa,N Vanua,0,0,,,,,,"",""
ball,2,3.4,United Arab Emirates,Mohammed Qasim,Rohan Mustafa,N Vanua,0,0,,,,,,"",""
ball,2,3.5,United Arab Emirates,Mohammed Qasim,Rohan Mustafa,N Vanua,0,0,,,,,,"",""
ball,2,3.6,United Arab Emirates,Mohammed Qasim,Rohan Mustafa,N Vanua,0,0,,,,,,"",""
ball,2,4.1,United Arab Emirates,Rohan Mustafa,Mohammed Qasim,A Nao,0,0,,,,,,"",""
ball,2,4.2,United Arab Emirates,Rohan Mustafa,Mohammed Qasim,A Nao,0,0,,,,,,"",""
ball,2,4.3,United Arab Emirates,Rohan Mustafa,Mohammed Qasim,A Nao,0,0,,,,,,"",""
ball,2,4.4,United Arab Emirates,Rohan Mustafa,Mohammed Qasim,A Nao,0,0,,,,,,"",""
ball,2,4.5,United Arab Emirates,Rohan Mustafa,Mohammed Qasim,A Nao,0,0,,,,,,"",""
ball,2,4.6,United Arab Emirates,Rohan Mustafa,Mohammed Qasim,A Nao,0,0,,,,,,"",""
ball,2,5.1,United Arab Emirates,Mohammed Qasim,Rohan Mustafa,N Vanua,0,0,,,,,,"",""
ball,2,5.2,United Arab Emirates,Mohammed Qasim,Rohan Mustafa,N Vanua,0,0,,,,,,caught,Mohammed Qasim
ball,2,5.3,United Arab Emirates,Ghulam Shabber,Rohan Mustafa,N Vanua,0,0,,,,,,"",""
ball,2,5.4,United Arab Emirates,Ghulam Shabber,Rohan Mustafa,N Vanua,0,1,1,,,,,"",""
ball,2,5.5,United Arab Emirates,Ghulam Shabber,Rohan Mustafa,N Vanua,0,0,,,,,,"",""
ball,2,5.6,United Arab Emirates,Ghulam Shabber,Rohan Mustafa,N Vanua,0,0,,,,,,"",""
ball,2,5.7,United Arab Emirates,Ghulam Shabber,Rohan Mustafa,N Vanua,0,0,,,,,,"",""
ball,2,6.1,United Arab Emirates,Rohan Mustafa,Ghulam Shabber,A Nao,1,0,,,,,,"",""
ball,2,6.2,United Arab Emirates,Ghulam Shabber,Rohan Mustafa,A Nao,0,0,,,,,,"",""
ball,2,6.3,United Arab Emirates,Ghulam Shabber,Rohan Mustafa,A Nao,0,0,,,,,,"",""
ball,2,6.4,United Arab Emirates,Ghulam Shabber,Rohan Mustafa,A Nao,0,0,,,,,,"",""
ball,2,6.5,United Arab Emirates,Ghulam Shabber,Rohan Mustafa,A Nao,1,0,,,,,,"",""
ball,2,6.6,United Arab Emirates,Rohan Mustafa,Ghulam Shabber,A Nao,0,0,,,,,,"",""
ball,2,7.1,United Arab Emirates,Ghulam Shabber,Rohan Mustafa,N Vanua,0,0,,,,,,"",""
ball,2,7.2,United Arab Emirates,Ghulam Shabber,Rohan Mustafa,N Vanua,0,0,,,,,,"",""
ball,2,7.3,United Arab Emirates,Ghulam Shabber,Rohan Mustafa,N Vanua,0,0,,,,,,"",""
ball,2,7.4,United Arab Emirates,Ghulam Shabber,Rohan Mustafa,N Vanua,0,0,,,,,,"",""
ball,2,7.5,United Arab Emirates,Ghulam Shabber,Rohan Mustafa,N Vanua,4,0,,,,,,"",""
ball,2,7.6,United Arab Emirates,Ghulam Shabber,Rohan Mustafa,N Vanua,4,0,,,,,,"",""
ball,2,8.1,United Arab Emirates,Rohan Mustafa,Ghulam Shabber,A Nao,0,0,,,,,,"",""
ball,2,8.2,United Arab Emirates,Rohan Mustafa,Ghulam Shabber,A Nao,0,0,,,,,,"",""
ball,2,8.3,United Arab Emirates,Rohan Mustafa,Ghulam Shabber,A Nao,4,0,,,,,,"",""
ball,2,8.4,United Arab Emirates,Rohan Mustafa,Ghulam Shabber,A Nao,2,0,,,,,,"",""
ball,2,8.5,United Arab Emirates,Rohan Mustafa,Ghulam Shabber,A Nao,0,0,,,,,,"",""
ball,2,8.6,United Arab Emirates,Rohan Mustafa,Ghulam Shabber,A Nao,0,0,,,,,,"",""
ball,2,9.1,United Arab Emirates,Ghulam Shabber,Rohan Mustafa,WT Gavera,0,1,,1,,,,"",""
ball,2,9.2,United Arab Emirates,Ghulam Shabber,Rohan Mustafa,WT Gavera,0,1,1,,,,,"",""
ball,2,9.3,United Arab Emirates,Ghulam Shabber,Rohan Mustafa,WT Gavera,1,1,,1,,,,"",""
ball,2,9.4,United Arab Emirates,Rohan Mustafa,Ghulam Shabber,WT Gavera,4,0,,,,,,"",""
ball,2,9.5,United Arab Emirates,Rohan Mustafa,Ghulam Shabber,WT Gavera,0,0,,,,,,"",""
ball,2,9.6,United Arab Emirates,Rohan Mustafa,Ghulam Shabber,WT Gavera,0,0,,,,,,"",""
ball,2,9.7,United Arab Emirates,Rohan Mustafa,Ghulam Shabber,WT Gavera,0,0,,,,,,"",""
ball,2,9.8,United Arab Emirates,Rohan Mustafa,Ghulam Shabber,WT Gavera,0,0,,,,,,"",""
ball,2,9.9,United Arab Emirates,Rohan Mustafa,Ghulam Shabber,WT Gavera,4,0,,,,,,"",""
ball,2,10.1,United Arab Emirates,Ghulam Shabber,Rohan Mustafa,MD Dai,0,0,,,,,,"",""
ball,2,10.2,United Arab Emirates,Ghulam Shabber,Rohan Mustafa,MD Dai,0,0,,,,,,"",""
ball,2,10.3,United Arab Emirates,Ghulam Shabber,Rohan Mustafa,MD Dai,1,0,,,,,,"",""
ball,2,10.4,United Arab Emirates,Rohan Mustafa,Ghulam Shabber,MD Dai,0,1,1,,,,,"",""
ball,2,10.5,United Arab Emirates,Rohan Mustafa,Ghulam Shabber,MD Dai,0,0,,,,,,"",""
ball,2,10.6,United Arab Emirates,Rohan Mustafa,Ghulam Shabber,MD Dai,0,0,,,,,,"",""
ball,2,10.7,United Arab Emirates,Rohan Mustafa,Ghulam Shabber,MD Dai,0,0,,,,,,"",""
ball,2,11.1,United Arab Emirates,Ghulam Shabber,Rohan Mustafa,WT Gavera,1,0,,,,,,"",""
ball,2,11.2,United Arab Emirates,Rohan Mustafa,Ghulam Shabber,WT Gavera,0,0,,,,,,"",""
ball,2,11.3,United Arab Emirates,Rohan Mustafa,Ghulam Shabber,WT Gavera,2,0,,,,,,"",""
ball,2,11.4,United Arab Emirates,Rohan Mustafa,Ghulam Shabber,WT Gavera,0,0,,,,,,"",""
ball,2,11.5,United Arab Emirates,Rohan Mustafa,Ghulam Shabber,WT Gavera,1,0,,,,,,"",""
ball,2,11.6,United Arab Emirates,Ghulam Shabber,Rohan Mustafa,WT Gavera,0,0,,,,,,"",""
ball,2,12.1,United Arab Emirates,Rohan Mustafa,Ghulam Shabber,MD Dai,0,0,,,,,,"",""
ball,2,12.2,United Arab Emirates,Rohan Mustafa,Ghulam Shabber,MD Dai,2,0,,,,,,"",""
ball,2,12.3,United Arab Emirates,Rohan Mustafa,Ghulam Shabber,MD Dai,0,0,,,,,,"",""
ball,2,12.4,United Arab Emirates,Rohan Mustafa,Ghulam Shabber,MD Dai,1,0,,,,,,"",""
ball,2,12.5,United Arab Emirates,Ghulam Shabber,Rohan Mustafa,MD Dai,0,0,,,,,,"",""
ball,2,12.6,United Arab Emirates,Ghulam Shabber,Rohan Mustafa,MD Dai,1,0,,,,,,"",""
ball,2,13.1,United Arab Emirates,Ghulam Shabber,Rohan Mustafa,WT Gavera,0,0,,,,,,"",""
ball,2,13.2,United Arab Emirates,Ghulam Shabber,Rohan Mustafa,WT Gavera,0,0,,,,,,"",""
ball,2,13.3,United Arab Emirates,Ghulam Shabber,Rohan Mustafa,WT Gavera,0,0,,,,,,"",""
ball,2,13.4,United Arab Emirates,Ghulam Shabber,Rohan Mustafa,WT Gavera,0,0,,,,,,"",""
ball,2,13.5,United Arab Emirates,Ghulam Shabber,Rohan Mustafa,WT Gavera,1,0,,,,,,"",""
ball,2,13.6,United Arab Emirates,Rohan Mustafa,Ghulam Shabber,WT Gavera,0,0,,,,,,"",""
ball,2,14.1,United Arab Emirates,Ghulam Shabber,Rohan Mustafa,MD Dai,1,0,,,,,,"",""
ball,2,14.2,United Arab Emirates,Rohan Mustafa,Ghulam Shabber,MD Dai,0,0,,,,,,"",""
ball,2,14.3,United Arab Emirates,Rohan Mustafa,Ghulam Shabber,MD Dai,0,0,,,,,,"",""
ball,2,14.4,United Arab Emirates,Rohan Mustafa,Ghulam Shabber,MD Dai,1,0,,,,,,"",""
ball,2,14.5,United Arab Emirates,Ghulam Shabber,Rohan Mustafa,MD Dai,0,0,,,,,,"",""
ball,2,14.6,United Arab Emirates,Ghulam Shabber,Rohan Mustafa,MD Dai,0,0,,,,,,"",""
ball,2,15.1,United Arab Emirates,Rohan Mustafa,Ghulam Shabber,WT Gavera,6,0,,,,,,"",""
ball,2,15.2,United Arab Emirates,Rohan Mustafa,Ghulam Shabber,WT Gavera,1,0,,,,,,"",""
ball,2,15.3,United Arab Emirates,Ghulam Shabber,Rohan Mustafa,WT Gavera,0,0,,,,,,"",""
ball,2,15.4,United Arab Emirates,Ghulam Shabber,Rohan Mustafa,WT Gavera,0,0,,,,,,"",""
ball,2,15.5,United Arab Emirates,Ghulam Shabber,Rohan Mustafa,WT Gavera,0,0,,,,,,"",""
ball,2,15.6,United Arab Emirates,Ghulam Shabber,Rohan Mustafa,WT Gavera,1,0,,,,,,"",""
ball,2,16.1,United Arab Emirates,Ghulam Shabber,Rohan Mustafa,MD Dai,2,0,,,,,,"",""
ball,2,16.2,United Arab Emirates,Ghulam Shabber,Rohan Mustafa,MD Dai,1,0,,,,,,"",""
ball,2,16.3,United Arab Emirates,Rohan Mustafa,Ghulam Shabber,MD Dai,1,0,,,,,,"",""
ball,2,16.4,United Arab Emirates,Ghulam Shabber,Rohan Mustafa,MD Dai,0,0,,,,,,"",""
ball,2,16.5,United Arab Emirates,Ghulam Shabber,Rohan Mustafa,MD Dai,0,0,,,,,,"",""
ball,2,16.6,United Arab Emirates,Ghulam Shabber,Rohan Mustafa,MD Dai,0,0,,,,,,"",""
ball,2,17.1,United Arab Emirates,Rohan Mustafa,Ghulam Shabber,A Vala,1,0,,,,,,"",""
ball,2,17.2,United Arab Emirates,Ghulam Shabber,Rohan Mustafa,A Vala,1,0,,,,,,"",""
ball,2,17.3,United Arab Emirates,Rohan Mustafa,Ghulam Shabber,A Vala,0,0,,,,,,"",""
ball,2,17.4,United Arab Emirates,Rohan Mustafa,Ghulam Shabber,A Vala,0,0,,,,,,"",""
ball,2,17.5,United Arab Emirates,Rohan Mustafa,Ghulam Shabber,A Vala,0,0,,,,,,"",""
ball,2,17.6,United Arab Emirates,Rohan Mustafa,Ghulam Shabber,A Vala,0,0,,,,,,"",""
ball,2,18.1,United Arab Emirates,Ghulam Shabber,Rohan Mustafa,MD Dai,1,0,,,,,,"",""
ball,2,18.2,United Arab Emirates,Rohan Mustafa,Ghulam Shabber,MD Dai,1,0,,,,,,"",""
ball,2,18.3,United Arab Emirates,Ghulam Shabber,Rohan Mustafa,MD Dai,0,0,,,,,,"",""
ball,2,18.4,United Arab Emirates,Ghulam Shabber,Rohan Mustafa,MD Dai,0,0,,,,,,"",""
ball,2,18.5,United Arab Emirates,Ghulam Shabber,Rohan Mustafa,MD Dai,1,0,,,,,,"",""
ball,2,18.6,United Arab Emirates,Rohan Mustafa,Ghulam Shabber,MD Dai,0,0,,,,,,"",""
ball,2,19.1,United Arab Emirates,Ghulam Shabber,Rohan Mustafa,A Vala,0,0,,,,,,"",""
ball,2,19.2,United Arab Emirates,Ghulam Shabber,Rohan Mustafa,A Vala,1,0,,,,,,"",""
ball,2,19.3,United Arab Emirates,Rohan Mustafa,Ghulam Shabber,A Vala,0,0,,,,,,"",""
ball,2,19.4,United Arab Emirates,Rohan Mustafa,Ghulam Shabber,A Vala,0,0,,,,,,"",""
ball,2,19.5,United Arab Emirates,Rohan Mustafa,Ghulam Shabber,A Vala,0,0,,,,,,"",""
ball,2,19.6,United Arab Emirates,Rohan Mustafa,Ghulam Shabber,A Vala,0,0,,,,,,"",""
ball,2,20.1,United Arab Emirates,Ghulam Shabber,Rohan Mustafa,MD Dai,0,0,,,,,,"",""
ball,2,20.2,United Arab Emirates,Ghulam Shabber,Rohan Mustafa,MD Dai,4,0,,,,,,"",""
ball,2,20.3,United Arab Emirates,Ghulam Shabber,Rohan Mustafa,MD Dai,0,0,,,,,,"",""
ball,2,20.4,United Arab Emirates,Ghulam Shabber,Rohan Mustafa,MD Dai,0,0,,,,,,"",""
ball,2,20.5,United Arab Emirates,Ghulam Shabber,Rohan Mustafa,MD Dai,1,0,,,,,,"",""
ball,2,20.6,United Arab Emirates,Rohan Mustafa,Ghulam Shabber,MD Dai,0,0,,,,,,"",""
ball,2,21.1,United Arab Emirates,Ghulam Shabber,Rohan Mustafa,A Vala,0,0,,,,,,"",""
ball,2,21.2,United Arab Emirates,Ghulam Shabber,Rohan Mustafa,A Vala,0,0,,,,,,"",""
ball,2,21.3,United Arab Emirates,Ghulam Shabber,Rohan Mustafa,A Vala,0,0,,,,,,"",""
ball,2,21.4,United Arab Emirates,Ghulam Shabber,Rohan Mustafa,A Vala,0,0,,,,,,"",""
ball,2,21.5,United Arab Emirates,Ghulam Shabber,Rohan Mustafa,A Vala,0,0,,,,,,"",""
ball,2,21.6,United Arab Emirates,Ghulam Shabber,Rohan Mustafa,A Vala,0,0,,,,,,"",""
ball,2,22.1,United Arab Emirates,Rohan Mustafa,Ghulam Shabber,MD Dai,0,0,,,,,,"",""
ball,2,22.2,United Arab Emirates,Rohan Mustafa,Ghulam Shabber,MD Dai,0,2,,,2,,,"",""
ball,2,22.3,United Arab Emirates,Rohan Mustafa,Ghulam Shabber,MD Dai,0,0,,,,,,"",""
ball,2,22.4,United Arab Emirates,Rohan Mustafa,Ghulam Shabber,MD Dai,0,0,,,,,,caught,Rohan Mustafa
ball,2,22.5,United Arab Emirates,Shaiman Anwar,Ghulam Shabber,MD Dai,0,0,,,,,,"",""
ball,2,22.6,United Arab Emirates,Shaiman Anwar,Ghulam Shabber,MD Dai,1,0,,,,,,"",""
ball,2,23.1,United Arab Emirates,Shaiman Anwar,Ghulam Shabber,A Vala,1,0,,,,,,"",""
ball,2,23.2,United Arab Emirates,Ghulam Shabber,Shaiman Anwar,A Vala,1,0,,,,,,"",""
ball,2,23.3,United Arab Emirates,Shaiman Anwar,Ghulam Shabber,A Vala,1,0,,,,,,"",""
ball,2,23.4,United Arab Emirates,Ghulam Shabber,Shaiman Anwar,A Vala,0,0,,,,,,"",""
ball,2,23.5,United Arab Emirates,Ghulam Shabber,Shaiman Anwar,A Vala,0,0,,,,,,"",""
ball,2,23.6,United Arab Emirates,Ghulam Shabber,Shaiman Anwar,A Vala,0,0,,,,,,"",""
ball,2,24.1,United Arab Emirates,Shaiman Anwar,Ghulam Shabber,MD Dai,0,0,,,,,,"",""
ball,2,24.2,United Arab Emirates,Shaiman Anwar,Ghulam Shabber,MD Dai,0,0,,,,,,"",""
ball,2,24.3,United Arab Emirates,Shaiman Anwar,Ghulam Shabber,MD Dai,0,0,,,,,,"",""
ball,2,24.4,United Arab Emirates,Shaiman Anwar,Ghulam Shabber,MD Dai,1,0,,,,,,"",""
ball,2,24.5,United Arab Emirates,Ghulam Shabber,Shaiman Anwar,MD Dai,0,0,,,,,,"",""
ball,2,24.6,United Arab Emirates,Ghulam Shabber,Shaiman Anwar,MD Dai,4,0,,,,,,"",""
ball,2,25.1,United Arab Emirates,Shaiman Anwar,Ghulam Shabber,L Siaka,1,0,,,,,,"",""
ball,2,25.2,United Arab Emirates,Ghulam Shabber,Shaiman Anwar,L Siaka,0,1,1,,,,,"",""
ball,2,25.3,United Arab Emirates,Ghulam Shabber,Shaiman Anwar,L Siaka,2,0,,,,,,"",""
ball,2,25.4,United Arab Emirates,Ghulam Shabber,Shaiman Anwar,L Siaka,0,0,,,,,,"",""
ball,2,25.5,United Arab Emirates,Ghulam Shabber,Shaiman Anwar,L Siaka,1,0,,,,,,"",""
ball,2,25.6,United Arab Emirates,Shaiman Anwar,Ghulam Shabber,L Siaka,1,0,,,,,,"",""
ball,2,25.7,United Arab Emirates,Ghulam Shabber,Shaiman Anwar,L Siaka,1,0,,,,,,"",""
ball,2,26.1,United Arab Emirates,Ghulam Shabber,Shaiman Anwar,MD Dai,1,0,,,,,,"",""
ball,2,26.2,United Arab Emirates,Shaiman Anwar,Ghulam Shabber,MD Dai,0,0,,,,,,"",""
ball,2,26.3,United Arab Emirates,Shaiman Anwar,Ghulam Shabber,MD Dai,1,0,,,,,,"",""
ball,2,26.4,United Arab Emirates,Ghulam Shabber,Shaiman Anwar,MD Dai,0,0,,,,,,"",""
ball,2,26.5,United Arab Emirates,Ghulam Shabber,Shaiman Anwar,MD Dai,0,0,,,,,,"",""
ball,2,26.6,United Arab Emirates,Ghulam Shabber,Shaiman Anwar,MD Dai,1,0,,,,,,"",""
ball,2,27.1,United Arab Emirates,Ghulam Shabber,Shaiman Anwar,L Siaka,2,0,,,,,,"",""
ball,2,27.2,United Arab Emirates,Ghulam Shabber,Shaiman Anwar,L Siaka,1,0,,,,,,"",""
ball,2,27.3,United Arab Emirates,Shaiman Anwar,Ghulam Shabber,L Siaka,1,0,,,,,,"",""
ball,2,27.4,United Arab Emirates,Ghulam Shabber,Shaiman Anwar,L Siaka,0,0,,,,,,"",""
ball,2,27.5,United Arab Emirates,Ghulam Shabber,Shaiman Anwar,L Siaka,1,0,,,,,,"",""
ball,2,27.6,United Arab Emirates,Shaiman Anwar,Ghulam Shabber,L Siaka,0,0,,,,,,"",""
ball,2,28.1,United Arab Emirates,Ghulam Shabber,Shaiman Anwar,MD Dai,0,0,,,,,,"",""
ball,2,28.2,United Arab Emirates,Ghulam Shabber,Shaiman Anwar,MD Dai,1,0,,,,,,"",""
ball,2,28.3,United Arab Emirates,Shaiman Anwar,Ghulam Shabber,MD Dai,0,0,,,,,,"",""
ball,2,28.4,United Arab Emirates,Shaiman Anwar,Ghulam Shabber,MD Dai,1,0,,,,,,"",""
ball,2,28.5,United Arab Emirates,Ghulam Shabber,Shaiman Anwar,MD Dai,1,0,,,,,,"",""
ball,2,28.6,United Arab Emirates,Shaiman Anwar,Ghulam Shabber,MD Dai,0,0,,,,,,"",""
ball,2,29.1,United Arab Emirates,Ghulam Shabber,Shaiman Anwar,A Vala,2,0,,,,,,"",""
ball,2,29.2,United Arab Emirates,Ghulam Shabber,Shaiman Anwar,A Vala,0,0,,,,,,"",""
ball,2,29.3,United Arab Emirates,Ghulam Shabber,Shaiman Anwar,A Vala,0,0,,,,,,"",""
ball,2,29.4,United Arab Emirates,Ghulam Shabber,Shaiman Anwar,A Vala,1,0,,,,,,"",""
ball,2,29.5,United Arab Emirates,Shaiman Anwar,Ghulam Shabber,A Vala,0,0,,,,,,"",""
ball,2,29.6,United Arab Emirates,Shaiman Anwar,Ghulam Shabber,A Vala,0,0,,,,,,"",""
ball,2,30.1,United Arab Emirates,Ghulam Shabber,Shaiman Anwar,JB Reva,2,0,,,,,,"",""
ball,2,30.2,United Arab Emirates,Ghulam Shabber,Shaiman Anwar,JB Reva,1,0,,,,,,"",""
ball,2,30.3,United Arab Emirates,Shaiman Anwar,Ghulam Shabber,JB Reva,1,0,,,,,,"",""
ball,2,30.4,United Arab Emirates,Ghulam Shabber,Shaiman Anwar,JB Reva,1,0,,,,,,"",""
ball,2,30.5,United Arab Emirates,Shaiman Anwar,Ghulam Shabber,JB Reva,1,0,,,,,,"",""
ball,2,30.6,United Arab Emirates,Ghulam Shabber,Shaiman Anwar,JB Reva,4,0,,,,,,"",""
ball,2,31.1,United Arab Emirates,Shaiman Anwar,Ghulam Shabber,A Vala,1,0,,,,,,"",""
ball,2,31.2,United Arab Emirates,Ghulam Shabber,Shaiman Anwar,A Vala,1,0,,,,,,"",""
ball,2,31.3,United Arab Emirates,Shaiman Anwar,Ghulam Shabber,A Vala,1,0,,,,,,"",""
ball,2,31.4,United Arab Emirates,Ghulam Shabber,Shaiman Anwar,A Vala,1,0,,,,,,"",""
ball,2,31.5,United Arab Emirates,Shaiman Anwar,Ghulam Shabber,A Vala,0,0,,,,,,"",""
ball,2,31.6,United Arab Emirates,Shaiman Anwar,Ghulam Shabber,A Vala,0,0,,,,,,"",""
ball,2,32.1,United Arab Emirates,Ghulam Shabber,Shaiman Anwar,TP Ura,4,0,,,,,,"",""
ball,2,32.2,United Arab Emirates,Ghulam Shabber,Shaiman Anwar,TP Ura,2,0,,,,,,"",""
ball,2,32.3,United Arab Emirates,Ghulam Shabber,Shaiman Anwar,TP Ura,4,0,,,,,,"",""
ball,2,32.4,United Arab Emirates,Ghulam Shabber,Shaiman Anwar,TP Ura,0,0,,,,,,"",""
ball,2,32.5,United Arab Emirates,Ghulam Shabber,Shaiman Anwar,TP Ura,1,0,,,,,,"",""
ball,2,32.6,United Arab Emirates,Shaiman Anwar,Ghulam Shabber,TP Ura,1,0,,,,,,"",""
ball,2,33.1,United Arab Emirates,Shaiman Anwar,Ghulam Shabber,JB Reva,1,0,,,,,,"",""
ball,2,33.2,United Arab Emirates,Ghulam Shabber,Shaiman Anwar,JB Reva,0,0,,,,,,"",""
ball,2,33.3,United Arab Emirates,Ghulam Shabber,Shaiman Anwar,JB Reva,0,0,,,,,,"",""
ball,2,33.4,United Arab Emirates,Ghulam Shabber,Shaiman Anwar,JB Reva,0,0,,,,,,run out,Shaiman Anwar
ball,2,33.5,United Arab Emirates,Ghulam Shabber,Rameez Shahzad,JB Reva,0,0,,,,,,"",""
ball,2,33.6,United Arab Emirates,Ghulam Shabber,Rameez Shahzad,JB Reva,1,0,,,,,,"",""
ball,2,34.1,United Arab Emirates,Ghulam Shabber,Rameez Shahzad,A Vala,0,0,,,,,,lbw,Ghulam Shabber
ball,2,34.2,United Arab Emirates,Muhammad Usman,Rameez Shahzad,A Vala,0,0,,,,,,"",""
ball,2,34.3,United Arab Emirates,Muhammad Usman,Rameez Shahzad,A Vala,1,0,,,,,,"",""
ball,2,34.4,United Arab Emirates,Rameez Shahzad,Muhammad Usman,A Vala,0,0,,,,,,"",""
ball,2,34.5,United Arab Emirates,Rameez Shahzad,Muhammad Usman,A Vala,0,0,,,,,,caught,Rameez Shahzad
ball,2,34.6,United Arab Emirates,Adnan Mufti,Muhammad Usman,A Vala,0,1,,,,1,,"",""
ball,2,35.1,United Arab Emirates,Adnan Mufti,Muhammad Usman,JB Reva,0,0,,,,,,"",""
ball,2,35.2,United Arab Emirates,Adnan Mufti,Muhammad Usman,JB Reva,1,0,,,,,,"",""
ball,2,35.3,United Arab Emirates,Muhammad Usman,Adnan Mufti,JB Reva,1,0,,,,,,"",""
ball,2,35.4,United Arab Emirates,Adnan Mufti,Muhammad Usman,JB Reva,0,0,,,,,,"",""
ball,2,35.5,United Arab Emirates,Adnan Mufti,Muhammad Usman,JB Reva,0,0,,,,,,"",""
ball,2,35.6,United Arab Emirates,Adnan Mufti,Muhammad Usman,JB Reva,1,0,,,,,,"",""
ball,2,36.1,United Arab Emirates,Adnan Mufti,Muhammad Usman,A Vala,1,0,,,,,,"",""
ball,2,36.2,United Arab Emirates,Muhammad Usman,Adnan Mufti,A Vala,0,0,,,,,,"",""
ball,2,36.3,United Arab Emirates,Muhammad Usman,Adnan Mufti,A Vala,0,0,,,,,,"",""
ball,2,36.4,United Arab Emirates,Muhammad Usman,Adnan Mufti,A Vala,1,0,,,,,,"",""
ball,2,36.5,United Arab Emirates,Adnan Mufti,Muhammad Usman,A Vala,1,0,,,,,,"",""
ball,2,36.6,United Arab Emirates,Muhammad Usman,Adnan Mufti,A Vala,0,0,,,,,,"",""
ball,2,37.1,United Arab Emirates,Adnan Mufti,Muhammad Usman,JB Reva,1,0,,,,,,"",""
ball,2,37.2,United Arab Emirates,Muhammad Usman,Adnan Mufti,JB Reva,1,0,,,,,,"",""
ball,2,37.3,United Arab Emirates,Adnan Mufti,Muhammad Usman,JB Reva,0,1,1,,,,,"",""
ball,2,37.4,United Arab Emirates,Adnan Mufti,Muhammad Usman,JB Reva,0,0,,,,,,bowled,Adnan Mufti
ball,2,37.5,United Arab Emirates,Mohammad Naveed,Muhammad Usman,JB Reva,0,0,,,,,,"",""
ball,2,37.6,United Arab Emirates,Mohammad Naveed,Muhammad Usman,JB Reva,0,0,,,,,,"",""
ball,2,37.7,United Arab Emirates,Mohammad Naveed,Muhammad Usman,JB Reva,0,0,,,,,,"",""
ball,2,38.1,United Arab Emirates,Muhammad Usman,Mohammad Naveed,A Vala,1,0,,,,,,"",""
ball,2,38.2,United Arab Emirates,Mohammad Naveed,Muhammad Usman,A Vala,0,0,,,,,,"",""
ball,2,38.3,United Arab Emirates,Mohammad Naveed,Muhammad Usman,A Vala,0,0,,,,,,caught,Mohammad Naveed
ball,2,38.4,United Arab Emirates,Ahmed Raza,Muhammad Usman,A Vala,0,0,,,,,,"",""
ball,2,38.5,United Arab Emirates,Ahmed Raza,Muhammad Usman,A Vala,0,0,,,,,,"",""
ball,2,38.6,United Arab Emirates,Ahmed Raza,Muhammad Usman,A Vala,0,0,,,,,,"",""
ball,2,39.1,United Arab Emirates,Muhammad Usman,Ahmed Raza,JB Reva,0,0,,,,,,"",""
ball,2,39.2,United Arab Emirates,Muhammad Usman,Ahmed Raza,JB Reva,0,0,,,,,,"",""
ball,2,39.3,United Arab Emirates,Muhammad Usman,Ahmed Raza,JB Reva,0,0,,,,,,"",""
ball,2,39.4,United Arab Emirates,Muhammad Usman,Ahmed Raza,JB Reva,0,0,,,,,,"",""
ball,2,39.5,United Arab Emirates,Muhammad Usman,Ahmed Raza,JB Reva,1,0,,,,,,"",""
ball,2,39.6,United Arab Emirates,Ahmed Raza,Muhammad Usman,JB Reva,1,0,,,,,,"",""
ball,2,40.1,United Arab Emirates,Ahmed Raza,Muhammad Usman,A Vala,0,0,,,,,,"",""
ball,2,40.2,United Arab Emirates,Ahmed Raza,Muhammad Usman,A Vala,1,0,,,,,,"",""
ball,2,40.3,United Arab Emirates,Muhammad Usman,Ahmed Raza,A Vala,1,0,,,,,,"",""
ball,2,40.4,United Arab Emirates,Ahmed Raza,Muhammad Usman,A Vala,0,0,,,,,,"",""
ball,2,40.5,United Arab Emirates,Ahmed Raza,Muhammad Usman,A Vala,0,0,,,,,,"",""
ball,2,40.6,United Arab Emirates,Ahmed Raza,Muhammad Usman,A Vala,0,0,,,,,,"",""
ball,2,41.1,United Arab Emirates,Muhammad Usman,Ahmed Raza,JB Reva,1,0,,,,,,"",""
ball,2,41.2,United Arab Emirates,Ahmed Raza,Muhammad Usman,JB Reva,0,0,,,,,,"",""
ball,2,41.3,United Arab Emirates,Ahmed Raza,Muhammad Usman,JB Reva,1,0,,,,,,"",""
ball,2,41.4,United Arab Emirates,Muhammad Usman,Ahmed Raza,JB Reva,1,0,,,,,,"",""
ball,2,41.5,United Arab Emirates,Ahmed Raza,Muhammad Usman,JB Reva,1,0,,,,,,"",""
ball,2,41.6,United Arab Emirates,Muhammad Usman,Ahmed Raza,JB Reva,1,0,,,,,,"",""
ball,2,42.1,United Arab Emirates,Muhammad Usman,Ahmed Raza,A Nao,4,0,,,,,,"",""
ball,2,42.2,United Arab Emirates,Muhammad Usman,Ahmed Raza,A Nao,1,0,,,,,,"",""
ball,2,42.3,United Arab Emirates,Ahmed Raza,Muhammad Usman,A Nao,0,0,,,,,,"",""
ball,2,42.4,United Arab Emirates,Ahmed Raza,Muhammad Usman,A Nao,1,0,,,,,,"",""
ball,2,42.5,United Arab Emirates,Muhammad Usman,Ahmed Raza,A Nao,1,0,,,,,,"",""
ball,2,42.6,United Arab Emirates,Ahmed Raza,Muhammad Usman,A Nao,1,0,,,,,,run out,Ahmed Raza
ball,2,43.1,United Arab Emirates,Imran Haider,Muhammad Usman,JB Reva,0,0,,,,,,"",""
ball,2,43.2,United Arab Emirates,Imran Haider,Muhammad Usman,JB Reva,0,0,,,,,,"",""
ball,2,43.3,United Arab Emirates,Imran Haider,Muhammad Usman,JB Reva,0,0,,,,,,"",""
ball,2,43.4,United Arab Emirates,Imran Haider,Muhammad Usman,JB Reva,1,0,,,,,,"",""
ball,2,43.5,United Arab Emirates,Muhammad Usman,Imran Haider,JB Reva,1,0,,,,,,"",""
ball,2,43.6,United Arab Emirates,Imran Haider,Muhammad Usman,JB Reva,1,0,,,,,,"",""
ball,2,44.1,United Arab Emirates,Imran Haider,Muhammad Usman,A Nao,2,0,,,,,,"",""
ball,2,44.2,United Arab Emirates,Imran Haider,Muhammad Usman,A Nao,0,0,,,,,,"",""
ball,2,44.3,United Arab Emirates,Imran Haider,Muhammad Usman,A Nao,0,0,,,,,,"",""
ball,2,44.4,United Arab Emirates,Imran Haider,Muhammad Usman,A Nao,2,0,,,,,,"",""
ball,2,44.5,United Arab Emirates,Imran Haider,Muhammad Usman,A Nao,2,0,,,,,,"",""
ball,2,44.6,United Arab Emirates,Imran Haider,Muhammad Usman,A Nao,1,0,,,,,,"",""
ball,2,45.1,United Arab Emirates,Imran Haider,Muhammad Usman,JB Reva,1,0,,,,,,"",""
ball,2,45.2,United Arab Emirates,Muhammad Usman,Imran Haider,JB Reva,1,0,,,,,,"",""
ball,2,45.3,United Arab Emirates,Imran Haider,Muhammad Usman,JB Reva,2,0,,,,,,"",""
ball,2,45.4,United Arab Emirates,Imran Haider,Muhammad Usman,JB Reva,1,0,,,,,,"",""
ball,2,45.5,United Arab Emirates,Muhammad Usman,Imran Haider,JB Reva,1,0,,,,,,"",""
ball,2,45.6,United Arab Emirates,Imran Haider,Muhammad Usman,JB Reva,0,0,,,,,,"",""
ball,2,46.1,United Arab Emirates,Muhammad Usman,Imran Haider,N Vanua,2,0,,,,,,"",""
ball,2,46.2,United Arab Emirates,Muhammad Usman,Imran Haider,N Vanua,1,0,,,,,,"",""
ball,2,46.3,United Arab Emirates,Imran Haider,Muhammad Usman,N Vanua,0,1,1,,,,,"",""
ball,2,46.4,United Arab Emirates,Imran Haider,Muhammad Usman,N Vanua,0,0,,,,,,"",""
ball,2,46.5,United Arab Emirates,Imran Haider,Muhammad Usman,N Vanua,0,0,,,,,,lbw,Imran Haider
ball,2,46.6,United Arab Emirates,Zahoor Khan,Muhammad Usman,N Vanua,0,0,,,,,,"",""
ball,2,46.7,United Arab Emirates,Zahoor Khan,Muhammad Usman,N Vanua,0,0,,,,,,"",""
ball,2,47.1,United Arab Emirates,Muhammad Usman,Zahoor Khan,JB Reva,0,0,,,,,,"",""
ball,2,47.2,United Arab Emirates,Muhammad Usman,Zahoor Khan,JB Reva,4,0,,,,,,"",""
ball,2,47.3,United Arab Emirates,Muhammad Usman,Zahoor Khan,JB Reva,4,0,,,,,,"",""
ball,2,47.4,United Arab Emirates,Muhammad Usman,Zahoor Khan,JB Reva,0,0,,,,,,caught,Muhammad Usman
