version,1.6.0
info,balls_per_over,6
info,team,Essex
info,team,Somerset
info,gender,male
info,season,2017
info,date,2017/07/13
info,event,NatWest T20 Blast
info,venue,County Ground
info,city,Chelmsford
info,toss_winner,Somerset
info,toss_decision,field
info,player_of_match,RN ten Doeschate
info,umpire,MA Gough
info,umpire,JH Evans
info,winner,Essex
info,winner_runs,22
info,player,Essex,DW Lawrence
info,player,Essex,V Chopra
info,player,Essex,T Westley
info,player,Essex,RS Bopara
info,player,Essex,RN ten Doeschate
info,player,Essex,Ashar Zaidi
info,player,Essex,JS Foster
info,player,Essex,PI Walter
info,player,Essex,SR Harmer
info,player,Essex,Mohammad Amir
info,player,Essex,JA Porter
info,player,Somerset,JG Myburgh
info,player,Somerset,J Allenby
info,player,Somerset,PD Trego
info,player,Somerset,SM Davies
info,player,Somerset,JC Hildreth
info,player,Somerset,AJ Hose
info,player,Somerset,RE van der Merwe
info,player,Somerset,L Gregory
info,player,Somerset,C Overton
info,player,Somerset,TD Groenewald
info,player,Somerset,MTC Waller
info,registry,people,AJ Hose,104e88a4
info,registry,people,Ashar Zaidi,9bab2b81
info,registry,people,C Overton,e9987a94
info,registry,people,DW Lawrence,4b685e2d
info,registry,people,J Allenby,7d5e0b78
info,registry,people,JA Porter,5b6d248a
info,registry,people,JC Hildreth,782c0568
info,registry,people,JG Myburgh,47b4ad09
info,registry,people,JH Evans,f444fdac
info,registry,people,JS Foster,e68dd455
info,registry,people,L Gregory,06c2de82
info,registry,people,MA Gough,76752ac8
info,registry,people,MTC Waller,d74d1090
info,registry,people,Mohammad Amir,e174dadd
info,registry,people,PD Trego,93e06301
info,registry,people,PI Walter,57590dbb
info,registry,people,RE van der Merwe,05c2ca46
info,registry,people,RN ten Doeschate,4ec07775
info,registry,people,RS Bopara,7ca5e05d
info,registry,people,SM Davies,8fc65c2b
info,registry,people,SR Harmer,23638956
info,registry,people,T Westley,25a42048
info,registry,people,TD Groenewald,dddc811c
info,registry,people,V Chopra,54745c20
ball,1,0.1,Essex,DW Lawrence,V Chopra,RE van der Merwe,1,0,,,,,,"",""
ball,1,0.2,Essex,V Chopra,DW Lawrence,RE van der Merwe,1,0,,,,,,"",""
ball,1,0.3,Essex,DW Lawrence,V Chopra,RE van der Merwe,4,0,,,,,,"",""
ball,1,0.4,Essex,DW Lawrence,V Chopra,RE van der Merwe,1,0,,,,,,"",""
ball,1,0.5,Essex,V Chopra,DW Lawrence,RE van der Merwe,0,0,,,,,,"",""
ball,1,0.6,Essex,V Chopra,DW Lawrence,RE van der Merwe,1,0,,,,,,"",""
ball,1,1.1,Essex,V Chopra,DW Lawrence,C Overton,0,0,,,,,,"",""
ball,1,1.2,Essex,V Chopra,DW Lawrence,C Overton,0,0,,,,,,"",""
ball,1,1.3,Essex,V Chopra,DW Lawrence,C Overton,1,0,,,,,,"",""
ball,1,1.4,Essex,DW Lawrence,V Chopra,C Overton,1,0,,,,,,"",""
ball,1,1.5,Essex,V Chopra,DW Lawrence,C Overton,3,0,,,,,,"",""
ball,1,1.6,Essex,DW Lawrence,V Chopra,C Overton,4,0,,,,,,"",""
ball,1,2.1,Essex,V Chopra,DW Lawrence,TD Groenewald,0,0,,,,,,"",""
ball,1,2.2,Essex,V Chopra,DW Lawrence,TD Groenewald,1,0,,,,,,"",""
ball,1,2.3,Essex,DW Lawrence,V Chopra,TD Groenewald,1,0,,,,,,"",""
ball,1,2.4,Essex,V Chopra,DW Lawrence,TD Groenewald,1,0,,,,,,"",""
ball,1,2.5,Essex,DW Lawrence,V Chopra,TD Groenewald,0,0,,,,,,"",""
ball,1,2.6,Essex,DW Lawrence,V Chopra,TD Groenewald,4,0,,,,,,"",""
ball,1,3.1,Essex,V Chopra,DW Lawrence,L Gregory,1,0,,,,,,"",""
ball,1,3.2,Essex,DW Lawrence,V Chopra,L Gregory,0,0,,,,,,bowled,DW Lawrence
ball,1,3.3,Essex,T Westley,V Chopra,L Gregory,4,0,,,,,,"",""
ball,1,3.4,Essex,T Westley,V Chopra,L Gregory,0,0,,,,,,"",""
ball,1,3.5,Essex,T Westley,V Chopra,L Gregory,1,0,,,,,,"",""
ball,1,3.6,Essex,V Chopra,T Westley,L Gregory,1,0,,,,,,"",""
ball,1,4.1,Essex,V Chopra,T Westley,C Overton,0,0,,,,,,"",""
ball,1,4.2,Essex,V Chopra,T Westley,C Overton,0,0,,,,,,"",""
ball,1,4.3,Essex,V Chopra,T Westley,C Overton,0,0,,,,,,caught,V Chopra
ball,1,4.4,Essex,T Westley,RS Bopara,C Overton,0,0,,,,,,"",""
ball,1,4.5,Essex,T Westley,RS Bopara,C Overton,0,0,,,,,,"",""
ball,1,4.6,Essex,T Westley,RS Bopara,C Overton,1,0,,,,,,"",""
ball,1,5.1,Essex,T Westley,RS Bopara,TD Groenewald,4,0,,,,,,"",""
ball,1,5.2,Essex,T Westley,RS Bopara,TD Groenewald,0,0,,,,,,"",""
ball,1,5.3,Essex,T Westley,RS Bopara,TD Groenewald,0,0,,,,,,bowled,T Westley
ball,1,5.4,Essex,RN ten Doeschate,RS Bopara,TD Groenewald,0,0,,,,,,"",""
ball,1,5.5,Essex,RN ten Doeschate,RS Bopara,TD Groenewald,0,0,,,,,,"",""
ball,1,5.6,Essex,RN ten Doeschate,RS Bopara,TD Groenewald,0,0,,,,,,"",""
ball,1,6.1,Essex,RS Bopara,RN ten Doeschate,L Gregory,0,1,1,,,,,"",""
ball,1,6.2,Essex,RS Bopara,RN ten Doeschate,L Gregory,1,0,,,,,,"",""
ball,1,6.3,Essex,RN ten Doeschate,RS Bopara,L Gregory,1,0,,,,,,"",""
ball,1,6.4,Essex,RS Bopara,RN ten Doeschate,L Gregory,1,0,,,,,,"",""
ball,1,6.5,Essex,RN ten Doeschate,RS Bopara,L Gregory,1,0,,,,,,"",""
ball,1,6.6,Essex,RS Bopara,RN ten Doeschate,L Gregory,2,0,,,,,,"",""
ball,1,6.7,Essex,RS Bopara,RN ten Doeschate,L Gregory,1,0,,,,,,"",""
ball,1,7.1,Essex,RS Bopara,RN ten Doeschate,TD Groenewald,1,0,,,,,,"",""
ball,1,7.2,Essex,RN ten Doeschate,RS Bopara,TD Groenewald,4,0,,,,,,"",""
ball,1,7.3,Essex,RN ten Doeschate,RS Bopara,TD Groenewald,1,0,,,,,,"",""
ball,1,7.4,Essex,RS Bopara,RN ten Doeschate,TD Groenewald,2,0,,,,,,"",""
ball,1,7.5,Essex,RS Bopara,RN ten Doeschate,TD Groenewald,4,0,,,,,,"",""
ball,1,7.6,Essex,RS Bopara,RN ten Doeschate,TD Groenewald,2,0,,,,,,"",""
ball,1,8.1,Essex,RN ten Doeschate,RS Bopara,RE van der Merwe,1,0,,,,,,"",""
ball,1,8.2,Essex,RS Bopara,RN ten Doeschate,RE van der Merwe,0,0,,,,,,"",""
ball,1,8.3,Essex,RS Bopara,RN ten Doeschate,RE van der Merwe,1,0,,,,,,"",""
ball,1,8.4,Essex,RN ten Doeschate,RS Bopara,RE van der Merwe,1,0,,,,,,"",""
ball,1,8.5,Essex,RS Bopara,RN ten Doeschate,RE van der Merwe,4,0,,,,,,"",""
ball,1,8.6,Essex,RS Bopara,RN ten Doeschate,RE van der Merwe,2,0,,,,,,"",""
ball,1,9.1,Essex,RN ten Doeschate,RS Bopara,MTC Waller,2,0,,,,,,"",""
ball,1,9.2,Essex,RN ten Doeschate,RS Bopara,MTC Waller,1,0,,,,,,"",""
ball,1,9.3,Essex,RS Bopara,RN ten Doeschate,MTC Waller,0,0,,,,,,"",""
ball,1,9.4,Essex,RS Bopara,RN ten Doeschate,MTC Waller,1,0,,,,,,"",""
ball,1,9.5,Essex,RN ten Doeschate,RS Bopara,MTC Waller,1,0,,,,,,"",""
ball,1,9.6,Essex,RS Bopara,RN ten Doeschate,MTC Waller,0,0,,,,,,"",""
ball,1,10.1,Essex,RN ten Doeschate,RS Bopara,RE van der Merwe,6,0,,,,,,"",""
ball,1,10.2,Essex,RN ten Doeschate,RS Bopara,RE van der Merwe,4,0,,,,,,"",""
ball,1,10.3,Essex,RN ten Doeschate,RS Bopara,RE van der Merwe,1,0,,,,,,"",""
ball,1,10.4,Essex,RS Bopara,RN ten Doeschate,RE van der Merwe,1,0,,,,,,"",""
ball,1,10.5,Essex,RN ten Doeschate,RS Bopara,RE van der Merwe,1,0,,,,,,"",""
ball,1,10.6,Essex,RS Bopara,RN ten Doeschate,RE van der Merwe,1,0,,,,,,"",""
ball,1,11.1,Essex,RS Bopara,RN ten Doeschate,MTC Waller,0,0,,,,,,caught and bowled,RS Bopara
ball,1,11.2,Essex,Ashar Zaidi,RN ten Doeschate,MTC Waller,0,0,,,,,,"",""
ball,1,11.3,Essex,Ashar Zaidi,RN ten Doeschate,MTC Waller,1,0,,,,,,"",""
ball,1,11.4,Essex,RN ten Doeschate,Ashar Zaidi,MTC Waller,1,0,,,,,,"",""
ball,1,11.5,Essex,Ashar Zaidi,RN ten Doeschate,MTC Waller,0,1,,,,1,,"",""
ball,1,11.6,Essex,RN ten Doeschate,Ashar Zaidi,MTC Waller,1,0,,,,,,"",""
ball,1,12.1,Essex,RN ten Doeschate,Ashar Zaidi,C Overton,1,0,,,,,,"",""
ball,1,12.2,Essex,Ashar Zaidi,RN ten Doeschate,C Overton,1,0,,,,,,"",""
ball,1,12.3,Essex,RN ten Doeschate,Ashar Zaidi,C Overton,1,0,,,,,,"",""
ball,1,12.4,Essex,Ashar Zaidi,RN ten Doeschate,C Overton,0,0,,,,,,"",""
ball,1,12.5,Essex,Ashar Zaidi,RN ten Doeschate,C Overton,0,0,,,,,,"",""
ball,1,12.6,Essex,Ashar Zaidi,RN ten Doeschate,C Overton,1,0,,,,,,"",""
ball,1,13.1,Essex,Ashar Zaidi,RN ten Doeschate,MTC Waller,1,0,,,,,,"",""
ball,1,13.2,Essex,RN ten Doeschate,Ashar Zaidi,MTC Waller,1,0,,,,,,"",""
ball,1,13.3,Essex,Ashar Zaidi,RN ten Doeschate,MTC Waller,6,0,,,,,,"",""
ball,1,13.4,Essex,Ashar Zaidi,RN ten Doeschate,MTC Waller,6,0,,,,,,"",""
ball,1,13.5,Essex,Ashar Zaidi,RN ten Doeschate,MTC Waller,1,0,,,,,,"",""
ball,1,13.6,Essex,RN ten Doeschate,Ashar Zaidi,MTC Waller,0,0,,,,,,"",""
ball,1,14.1,Essex,Ashar Zaidi,RN ten Doeschate,TD Groenewald,1,0,,,,,,"",""
ball,1,14.2,Essex,RN ten Doeschate,Ashar Zaidi,TD Groenewald,0,0,,,,,,"",""
ball,1,14.3,Essex,RN ten Doeschate,Ashar Zaidi,TD Groenewald,1,0,,,,,,"",""
ball,1,14.4,Essex,Ashar Zaidi,RN ten Doeschate,TD Groenewald,1,0,,,,,,"",""
ball,1,14.5,Essex,RN ten Doeschate,Ashar Zaidi,TD Groenewald,1,0,,,,,,"",""
ball,1,14.6,Essex,Ashar Zaidi,RN ten Doeschate,TD Groenewald,0,1,,,,1,,"",""
ball,1,15.1,Essex,Ashar Zaidi,RN ten Doeschate,L Gregory,1,0,,,,,,"",""
ball,1,15.2,Essex,RN ten Doeschate,Ashar Zaidi,L Gregory,1,0,,,,,,"",""
ball,1,15.3,Essex,Ashar Zaidi,RN ten Doeschate,L Gregory,1,0,,,,,,"",""
ball,1,15.4,Essex,RN ten Doeschate,Ashar Zaidi,L Gregory,0,1,1,,,,,"",""
ball,1,15.5,Essex,RN ten Doeschate,Ashar Zaidi,L Gregory,1,0,,,,,,"",""
ball,1,15.6,Essex,Ashar Zaidi,RN ten Doeschate,L Gregory,0,0,,,,,,"",""
ball,1,15.7,Essex,Ashar Zaidi,RN ten Doeschate,L Gregory,2,0,,,,,,"",""
ball,1,16.1,Essex,RN ten Doeschate,Ashar Zaidi,J Allenby,1,0,,,,,,"",""
ball,1,16.2,Essex,Ashar Zaidi,RN ten Doeschate,J Allenby,1,0,,,,,,"",""
ball,1,16.3,Essex,RN ten Doeschate,Ashar Zaidi,J Allenby,0,2,2,,,,,"",""
ball,1,16.4,Essex,Ashar Zaidi,RN ten Doeschate,J Allenby,1,0,,,,,,"",""
ball,1,16.5,Essex,RN ten Doeschate,Ashar Zaidi,J Allenby,4,0,,,,,,"",""
ball,1,16.6,Essex,RN ten Doeschate,Ashar Zaidi,J Allenby,4,0,,,,,,"",""
ball,1,16.7,Essex,RN ten Doeschate,Ashar Zaidi,J Allenby,1,0,,,,,,"",""
ball,1,17.1,Essex,RN ten Doeschate,Ashar Zaidi,C Overton,1,0,,,,,,"",""
ball,1,17.2,Essex,Ashar Zaidi,RN ten Doeschate,C Overton,0,1,1,,,,,"",""
ball,1,17.3,Essex,Ashar Zaidi,RN ten Doeschate,C Overton,1,0,,,,,,"",""
ball,1,17.4,Essex,RN ten Doeschate,Ashar Zaidi,C Overton,4,0,,,,,,"",""
ball,1,17.5,Essex,RN ten Doeschate,Ashar Zaidi,C Overton,2,0,,,,,,"",""
ball,1,17.6,Essex,RN ten Doeschate,Ashar Zaidi,C Overton,1,0,,,,,,"",""
ball,1,17.7,Essex,Ashar Zaidi,RN ten Doeschate,C Overton,1,0,,,,,,"",""
ball,1,18.1,Essex,Ashar Zaidi,RN ten Doeschate,RE van der Merwe,1,0,,,,,,"",""
ball,1,18.2,Essex,RN ten Doeschate,Ashar Zaidi,RE van der Merwe,4,0,,,,,,"",""
ball,1,18.3,Essex,RN ten Doeschate,Ashar Zaidi,RE van der Merwe,0,0,,,,,,caught,RN ten Doeschate
ball,1,18.4,Essex,Ashar Zaidi,JS Foster,RE van der Merwe,6,0,,,,,,"",""
ball,1,18.5,Essex,Ashar Zaidi,JS Foster,RE van der Merwe,1,0,,,,,,"",""
ball,1,18.6,Essex,JS Foster,Ashar Zaidi,RE van der Merwe,0,0,,,,,,run out,Ashar Zaidi
ball,1,19.1,Essex,PI Walter,JS Foster,L Gregory,0,1,,,,1,,"",""
ball,1,19.2,Essex,JS Foster,PI Walter,L Gregory,0,0,,,,,,"",""
ball,1,19.3,Essex,JS Foster,PI Walter,L Gregory,2,0,,,,,,"",""
ball,1,19.4,Essex,JS Foster,PI Walter,L Gregory,1,0,,,,,,"",""
ball,1,19.5,Essex,PI Walter,JS Foster,L Gregory,4,0,,,,,,"",""
ball,1,19.6,Essex,PI Walter,JS Foster,L Gregory,4,0,,,,,,"",""
ball,2,0.1,Somerset,JG Myburgh,J Allenby,Mohammad Amir,0,0,,,,,,"",""
ball,2,0.2,Somerset,JG Myburgh,J Allenby,Mohammad Amir,0,0,,,,,,"",""
ball,2,0.3,Somerset,JG Myburgh,J Allenby,Mohammad Amir,0,0,,,,,,"",""
ball,2,0.4,Somerset,JG Myburgh,J Allenby,Mohammad Amir,2,0,,,,,,"",""
ball,2,0.5,Somerset,JG Myburgh,J Allenby,Mohammad Amir,0,0,,,,,,"",""
ball,2,0.6,Somerset,JG Myburgh,J Allenby,Mohammad Amir,0,0,,,,,,"",""
ball,2,1.1,Somerset,J Allenby,JG Myburgh,SR Harmer,1,0,,,,,,"",""
ball,2,1.2,Somerset,JG Myburgh,J Allenby,SR Harmer,1,0,,,,,,"",""
ball,2,1.3,Somerset,J Allenby,JG Myburgh,SR Harmer,4,0,,,,,,"",""
ball,2,1.4,Somerset,J Allenby,JG Myburgh,SR Harmer,4,0,,,,,,"",""
ball,2,1.5,Somerset,J Allenby,JG Myburgh,SR Harmer,1,0,,,,,,"",""
ball,2,1.6,Somerset,JG Myburgh,J Allenby,SR Harmer,0,0,,,,,,"",""
ball,2,2.1,Somerset,J Allenby,JG Myburgh,JA Porter,0,0,,,,,,"",""
ball,2,2.2,Somerset,J Allenby,JG Myburgh,JA Porter,0,0,,,,,,"",""
ball,2,2.3,Somerset,J Allenby,JG Myburgh,JA Porter,0,1,,,,1,,"",""
ball,2,2.4,Somerset,JG Myburgh,J Allenby,JA Porter,4,0,,,,,,"",""
ball,2,2.5,Somerset,JG Myburgh,J Allenby,JA Porter,0,0,,,,,,caught,JG Myburgh
ball,2,2.6,Somerset,J Allenby,PD Trego,JA Porter,0,0,,,,,,"",""
ball,2,3.1,Somerset,PD Trego,J Allenby,PI Walter,0,0,,,,,,"",""
ball,2,3.2,Somerset,PD Trego,J Allenby,PI Walter,0,0,,,,,,"",""
ball,2,3.3,Somerset,PD Trego,J Allenby,PI Walter,1,0,,,,,,"",""
ball,2,3.4,Somerset,J Allenby,PD Trego,PI Walter,0,0,,,,,,"",""
ball,2,3.5,Somerset,J Allenby,PD Trego,PI Walter,0,0,,,,,,"",""
ball,2,3.6,Somerset,J Allenby,PD Trego,PI Walter,4,0,,,,,,"",""
ball,2,4.1,Somerset,PD Trego,J Allenby,Mohammad Amir,0,0,,,,,,"",""
ball,2,4.2,Somerset,PD Trego,J Allenby,Mohammad Amir,1,0,,,,,,"",""
ball,2,4.3,Somerset,J Allenby,PD Trego,Mohammad Amir,4,0,,,,,,"",""
ball,2,4.4,Somerset,J Allenby,PD Trego,Mohammad Amir,0,0,,,,,,"",""
ball,2,4.5,Somerset,J Allenby,PD Trego,Mohammad Amir,1,0,,,,,,"",""
ball,2,4.6,Somerset,PD Trego,J Allenby,Mohammad Amir,0,1,,,,1,,"",""
ball,2,5.1,Somerset,PD Trego,J Allenby,JA Porter,1,0,,,,,,"",""
ball,2,5.2,Somerset,J Allenby,PD Trego,JA Porter,1,0,,,,,,"",""
ball,2,5.3,Somerset,PD Trego,J Allenby,JA Porter,1,0,,,,,,"",""
ball,2,5.4,Somerset,J Allenby,PD Trego,JA Porter,1,0,,,,,,"",""
ball,2,5.5,Somerset,PD Trego,J Allenby,JA Porter,1,0,,,,,,"",""
ball,2,5.6,Somerset,J Allenby,PD Trego,JA Porter,4,0,,,,,,"",""
ball,2,6.1,Somerset,PD Trego,J Allenby,PI Walter,1,0,,,,,,"",""
ball,2,6.2,Somerset,J Allenby,PD Trego,PI Walter,0,1,,,,1,,"",""
ball,2,6.3,Somerset,PD Trego,J Allenby,PI Walter,0,0,,,,,,"",""
ball,2,6.4,Somerset,PD Trego,J Allenby,PI Walter,4,0,,,,,,"",""
ball,2,6.5,Somerset,PD Trego,J Allenby,PI Walter,0,0,,,,,,"",""
ball,2,6.6,Somerset,PD Trego,J Allenby,PI Walter,1,0,,,,,,"",""
ball,2,7.1,Somerset,PD Trego,J Allenby,SR Harmer,1,0,,,,,,"",""
ball,2,7.2,Somerset,J Allenby,PD Trego,SR Harmer,0,0,,,,,,caught,J Allenby
ball,2,7.3,Somerset,PD Trego,SM Davies,SR Harmer,1,0,,,,,,"",""
ball,2,7.4,Somerset,SM Davies,PD Trego,SR Harmer,1,0,,,,,,"",""
ball,2,7.5,Somerset,PD Trego,SM Davies,SR Harmer,4,0,,,,,,"",""
ball,2,7.6,Somerset,PD Trego,SM Davies,SR Harmer,0,0,,,,,,caught,PD Trego
ball,2,8.1,Somerset,JC Hildreth,SM Davies,RS Bopara,1,0,,,,,,"",""
ball,2,8.2,Somerset,SM Davies,JC Hildreth,RS Bopara,2,0,,,,,,"",""
ball,2,8.3,Somerset,SM Davies,JC Hildreth,RS Bopara,1,0,,,,,,"",""
ball,2,8.4,Somerset,JC Hildreth,SM Davies,RS Bopara,1,0,,,,,,"",""
ball,2,8.5,Somerset,SM Davies,JC Hildreth,RS Bopara,0,0,,,,,,"",""
ball,2,8.6,Somerset,SM Davies,JC Hildreth,RS Bopara,0,0,,,,,,caught,SM Davies
ball,2,9.1,Somerset,JC Hildreth,AJ Hose,Ashar Zaidi,2,0,,,,,,"",""
ball,2,9.2,Somerset,JC Hildreth,AJ Hose,Ashar Zaidi,1,0,,,,,,"",""
ball,2,9.3,Somerset,AJ Hose,JC Hildreth,Ashar Zaidi,0,0,,,,,,"",""
ball,2,9.4,Somerset,AJ Hose,JC Hildreth,Ashar Zaidi,1,0,,,,,,"",""
ball,2,9.5,Somerset,JC Hildreth,AJ Hose,Ashar Zaidi,1,0,,,,,,"",""
ball,2,9.6,Somerset,AJ Hose,JC Hildreth,Ashar Zaidi,2,0,,,,,,"",""
ball,2,10.1,Somerset,JC Hildreth,AJ Hose,RS Bopara,4,0,,,,,,"",""
ball,2,10.2,Somerset,JC Hildreth,AJ Hose,RS Bopara,0,0,,,,,,"",""
ball,2,10.3,Somerset,JC Hildreth,AJ Hose,RS Bopara,1,0,,,,,,"",""
ball,2,10.4,Somerset,AJ Hose,JC Hildreth,RS Bopara,0,0,,,,,,"",""
ball,2,10.5,Somerset,AJ Hose,JC Hildreth,RS Bopara,0,0,,,,,,"",""
ball,2,10.6,Somerset,AJ Hose,JC Hildreth,RS Bopara,1,0,,,,,,"",""
ball,2,11.1,Somerset,AJ Hose,JC Hildreth,Ashar Zaidi,1,0,,,,,,"",""
ball,2,11.2,Somerset,JC Hildreth,AJ Hose,Ashar Zaidi,1,0,,,,,,"",""
ball,2,11.3,Somerset,AJ Hose,JC Hildreth,Ashar Zaidi,1,0,,,,,,"",""
ball,2,11.4,Somerset,JC Hildreth,AJ Hose,Ashar Zaidi,1,0,,,,,,"",""
ball,2,11.5,Somerset,AJ Hose,JC Hildreth,Ashar Zaidi,1,0,,,,,,"",""
ball,2,11.6,Somerset,JC Hildreth,AJ Hose,Ashar Zaidi,6,0,,,,,,"",""
ball,2,12.1,Somerset,AJ Hose,JC Hildreth,RS Bopara,0,0,,,,,,"",""
ball,2,12.2,Somerset,AJ Hose,JC Hildreth,RS Bopara,1,0,,,,,,"",""
ball,2,12.3,Somerset,JC Hildreth,AJ Hose,RS Bopara,0,0,,,,,,"",""
ball,2,12.4,Somerset,JC Hildreth,AJ Hose,RS Bopara,6,0,,,,,,"",""
ball,2,12.5,Somerset,JC Hildreth,AJ Hose,RS Bopara,1,0,,,,,,"",""
ball,2,12.6,Somerset,AJ Hose,JC Hildreth,RS Bopara,0,0,,,,,,"",""
ball,2,13.1,Somerset,JC Hildreth,AJ Hose,SR Harmer,1,0,,,,,,"",""
ball,2,13.2,Somerset,AJ Hose,JC Hildreth,SR Harmer,4,0,,,,,,"",""
ball,2,13.3,Somerset,AJ Hose,JC Hildreth,SR Harmer,1,0,,,,,,"",""
ball,2,13.4,Somerset,JC Hildreth,AJ Hose,SR Harmer,0,0,,,,,,caught,JC Hildreth
ball,2,13.5,Somerset,RE van der Merwe,AJ Hose,SR Harmer,1,0,,,,,,"",""
ball,2,13.6,Somerset,AJ Hose,RE van der Merwe,SR Harmer,1,0,,,,,,"",""
ball,2,14.1,Somerset,AJ Hose,RE van der Merwe,Mohammad Amir,1,0,,,,,,"",""
ball,2,14.2,Somerset,RE van der Merwe,AJ Hose,Mohammad Amir,0,0,,,,,,"",""
ball,2,14.3,Somerset,RE van der Merwe,AJ Hose,Mohammad Amir,0,0,,,,,,"",""
ball,2,14.4,Somerset,RE van der Merwe,AJ Hose,Mohammad Amir,1,0,,,,,,"",""
ball,2,14.5,Somerset,AJ Hose,RE van der Merwe,Mohammad Amir,0,0,,,,,,caught,AJ Hose
ball,2,14.6,Somerset,L Gregory,RE van der Merwe,Mohammad Amir,0,0,,,,,,"",""
ball,2,15.1,Somerset,RE van der Merwe,L Gregory,SR Harmer,1,0,,,,,,"",""
ball,2,15.2,Somerset,L Gregory,RE van der Merwe,SR Harmer,1,0,,,,,,"",""
ball,2,15.3,Somerset,RE van der Merwe,L Gregory,SR Harmer,1,0,,,,,,"",""
ball,2,15.4,Somerset,L Gregory,RE van der Merwe,SR Harmer,6,0,,,,,,"",""
ball,2,15.5,Somerset,L Gregory,RE van der Merwe,SR Harmer,2,0,,,,,,"",""
ball,2,15.6,Somerset,L Gregory,RE van der Merwe,SR Harmer,0,1,1,,,,,"",""
ball,2,15.7,Somerset,L Gregory,RE van der Merwe,SR Harmer,1,0,,,,,,"",""
ball,2,16.1,Somerset,L Gregory,RE van der Merwe,RS Bopara,1,0,,,,,,"",""
ball,2,16.2,Somerset,RE van der Merwe,L Gregory,RS Bopara,0,1,1,,,,,"",""
ball,2,16.3,Somerset,RE van der Merwe,L Gregory,RS Bopara,1,0,,,,,,"",""
ball,2,16.4,Somerset,L Gregory,RE van der Merwe,RS Bopara,1,0,,,,,,"",""
ball,2,16.5,Somerset,RE van der Merwe,L Gregory,RS Bopara,0,1,1,,,,,"",""
ball,2,16.6,Somerset,RE van der Merwe,L Gregory,RS Bopara,0,1,,,,1,,"",""
ball,2,16.7,Somerset,L Gregory,RE van der Merwe,RS Bopara,1,0,,,,,,"",""
ball,2,16.8,Somerset,RE van der Merwe,L Gregory,RS Bopara,0,1,1,,,,,"",""
ball,2,16.9,Somerset,RE van der Merwe,L Gregory,RS Bopara,1,0,,,,,,"",""
ball,2,17.1,Somerset,RE van der Merwe,L Gregory,PI Walter,1,0,,,,,,"",""
ball,2,17.2,Somerset,L Gregory,RE van der Merwe,PI Walter,0,0,,,,,,"",""
ball,2,17.3,Somerset,L Gregory,RE van der Merwe,PI Walter,6,0,,,,,,"",""
ball,2,17.4,Somerset,L Gregory,RE van der Merwe,PI Walter,4,0,,,,,,"",""
ball,2,17.5,Somerset,L Gregory,RE van der Merwe,PI Walter,0,0,,,,,,caught,L Gregory
ball,2,17.6,Somerset,C Overton,RE van der Merwe,PI Walter,2,0,,,,,,"",""
ball,2,18.1,Somerset,RE van der Merwe,C Overton,Mohammad Amir,0,0,,,,,,"",""
ball,2,18.2,Somerset,RE van der Merwe,C Overton,Mohammad Amir,1,0,,,,,,"",""
ball,2,18.3,Somerset,C Overton,RE van der Merwe,Mohammad Amir,0,1,,,,1,,"",""
ball,2,18.4,Somerset,RE van der Merwe,C Overton,Mohammad Amir,0,0,,,,,,"",""
ball,2,18.5,Somerset,RE van der Merwe,C Overton,Mohammad Amir,4,0,,,,,,"",""
ball,2,18.6,Somerset,RE van der Merwe,C Overton,Mohammad Amir,2,0,,,,,,"",""
ball,2,19.1,Somerset,C Overton,RE van der Merwe,PI Walter,4,0,,,,,,"",""
ball,2,19.2,Somerset,C Overton,RE van der Merwe,PI Walter,0,0,,,,,,caught,C Overton
ball,2,19.3,Somerset,RE van der Merwe,TD Groenewald,PI Walter,0,1,,,,1,,"",""
ball,2,19.4,Somerset,TD Groenewald,RE van der Merwe,PI Walter,0,0,,,,,,"",""
ball,2,19.5,Somerset,TD Groenewald,RE van der Merwe,PI Walter,0,0,,,,,,caught,TD Groenewald
ball,2,19.6,Somerset,MTC Waller,RE van der Merwe,PI Walter,0,0,,,,,,"",""
