version,1.6.0
info,balls_per_over,6
info,team,Glamorgan
info,team,Somerset
info,gender,male
info,season,2017
info,date,2017/08/13
info,event,NatWest T20 Blast
info,venue,The Cooper Associates County Ground
info,city,Taunton
info,toss_winner,Somerset
info,toss_decision,field
info,player_of_match,M de Lange
info,umpire,BV Taylor
info,umpire,JH Evans
info,winner,Glamorgan
info,winner_runs,1
info,player,Glamorgan,AHT Donald
info,player,Glamorgan,NJ Selman
info,player,Glamorgan,CA Ingram
info,player,Glamorgan,CB Cooke
info,player,Glamorgan,GG Wagg
info,player,Glamorgan,JA Rudolph
info,player,Glamorgan,CAJ Meschede
info,player,Glamorgan,M de Lange
info,player,Glamorgan,AG Salter
info,player,Glamorgan,MG Hogan
info,player,Glamorgan,LJ Carey
info,player,Somerset,L Gregory
info,player,Somerset,SM Davies
info,player,Somerset,JG Myburgh
info,player,Somerset,D Elgar
info,player,Somerset,JC Hildreth
info,player,Somerset,J Allenby
info,player,Somerset,RE van der Merwe
info,player,Somerset,PD Trego
info,player,Somerset,C Overton
info,player,Somerset,MTC Waller
info,player,Somerset,PA van Meekeren
info,registry,people,AG Salter,1a45b864
info,registry,people,AHT Donald,72918338
info,registry,people,BV Taylor,99760152
info,registry,people,C Overton,e9987a94
info,registry,people,CA Ingram,c995d726
info,registry,people,CAJ Meschede,eddf25bd
info,registry,people,CB Cooke,6755cd5c
info,registry,people,D Elgar,33085ffb
info,registry,people,GG Wagg,450f6fa6
info,registry,people,J Allenby,7d5e0b78
info,registry,people,JA Rudolph,42537f07
info,registry,people,JC Hildreth,782c0568
info,registry,people,JG Myburgh,47b4ad09
info,registry,people,JH Evans,f444fdac
info,registry,people,L Gregory,06c2de82
info,registry,people,LJ Carey,5e6d1a54
info,registry,people,M de Lange,d4eef961
info,registry,people,MG Hogan,5da34add
info,registry,people,MTC Waller,d74d1090
info,registry,people,NJ Selman,bab08c8b
info,registry,people,PA van Meekeren,4557dc54
info,registry,people,PD Trego,93e06301
info,registry,people,RE van der Merwe,05c2ca46
info,registry,people,SM Davies,8fc65c2b
ball,1,0.1,Glamorgan,AHT Donald,NJ Selman,MTC Waller,0,0,,,,,,"",""
ball,1,0.2,Glamorgan,AHT Donald,NJ Selman,MTC Waller,0,0,,,,,,"",""
ball,1,0.3,Glamorgan,AHT Donald,NJ Selman,MTC Waller,1,0,,,,,,"",""
ball,1,0.4,Glamorgan,NJ Selman,AHT Donald,MTC Waller,0,0,,,,,,"",""
ball,1,0.5,Glamorgan,NJ Selman,AHT Donald,MTC Waller,2,0,,,,,,"",""
ball,1,0.6,Glamorgan,NJ Selman,AHT Donald,MTC Waller,2,0,,,,,,"",""
ball,1,1.1,Glamorgan,AHT Donald,NJ Selman,RE van der Merwe,1,0,,,,,,"",""
ball,1,1.2,Glamorgan,NJ Selman,AHT Donald,RE van der Merwe,4,0,,,,,,"",""
ball,1,1.3,Glamorgan,NJ Selman,AHT Donald,RE van der Merwe,1,0,,,,,,"",""
ball,1,1.4,Glamorgan,AHT Donald,NJ Selman,RE van der Merwe,4,0,,,,,,"",""
ball,1,1.5,Glamorgan,AHT Donald,NJ Selman,RE van der Merwe,0,0,,,,,,"",""
ball,1,1.6,Glamorgan,AHT Donald,NJ Selman,RE van der Merwe,2,0,,,,,,"",""
ball,1,2.1,Glamorgan,NJ Selman,AHT Donald,C Overton,4,0,,,,,,"",""
ball,1,2.2,Glamorgan,NJ Selman,AHT Donald,C Overton,0,0,,,,,,"",""
ball,1,2.3,Glamorgan,NJ Selman,AHT Donald,C Overton,4,0,,,,,,"",""
ball,1,2.4,Glamorgan,NJ Selman,AHT Donald,C Overton,1,0,,,,,,"",""
ball,1,2.5,Glamorgan,AHT Donald,NJ Selman,C Overton,1,0,,,,,,"",""
ball,1,2.6,Glamorgan,NJ Selman,AHT Donald,C Overton,0,0,,,,,,"",""
ball,1,3.1,Glamorgan,AHT Donald,NJ Selman,PA van Meekeren,0,1,,,,1,,"",""
ball,1,3.2,Glamorgan,NJ Selman,AHT Donald,PA van Meekeren,4,0,,,,,,"",""
ball,1,3.3,Glamorgan,NJ Selman,AHT Donald,PA van Meekeren,1,0,,,,,,"",""
ball,1,3.4,Glamorgan,AHT Donald,NJ Selman,PA van Meekeren,1,0,,,,,,"",""
ball,1,3.5,Glamorgan,NJ Selman,AHT Donald,PA van Meekeren,1,0,,,,,,"",""
ball,1,3.6,Glamorgan,AHT Donald,NJ Selman,PA van Meekeren,0,0,,,,,,"",""
ball,1,4.1,Glamorgan,NJ Selman,AHT Donald,L Gregory,4,0,,,,,,"",""
ball,1,4.2,Glamorgan,NJ Selman,AHT Donald,L Gregory,2,0,,,,,,"",""
ball,1,4.3,Glamorgan,NJ Selman,AHT Donald,L Gregory,4,0,,,,,,"",""
ball,1,4.4,Glamorgan,NJ Selman,AHT Donald,L Gregory,1,0,,,,,,"",""
ball,1,4.5,Glamorgan,AHT Donald,NJ Selman,L Gregory,0,1,1,,,,,"",""
ball,1,4.6,Glamorgan,AHT Donald,NJ Selman,L Gregory,1,0,,,,,,"",""
ball,1,4.7,Glamorgan,NJ Selman,AHT Donald,L Gregory,0,2,,2,,,,"",""
ball,1,4.8,Glamorgan,NJ Selman,AHT Donald,L Gregory,4,0,,,,,,"",""
ball,1,5.1,Glamorgan,AHT Donald,NJ Selman,PA van Meekeren,1,0,,,,,,"",""
ball,1,5.2,Glamorgan,NJ Selman,AHT Donald,PA van Meekeren,4,0,,,,,,"",""
ball,1,5.3,Glamorgan,NJ Selman,AHT Donald,PA van Meekeren,1,0,,,,,,"",""
ball,1,5.4,Glamorgan,AHT Donald,NJ Selman,PA van Meekeren,1,0,,,,,,"",""
ball,1,5.5,Glamorgan,NJ Selman,AHT Donald,PA van Meekeren,2,0,,,,,,"",""
ball,1,5.6,Glamorgan,NJ Selman,AHT Donald,PA van Meekeren,1,0,,,,,,"",""
ball,1,6.1,Glamorgan,NJ Selman,AHT Donald,RE van der Merwe,1,0,,,,,,"",""
ball,1,6.2,Glamorgan,AHT Donald,NJ Selman,RE van der Merwe,2,0,,,,,,"",""
ball,1,6.3,Glamorgan,AHT Donald,NJ Selman,RE van der Merwe,4,0,,,,,,"",""
ball,1,6.4,Glamorgan,AHT Donald,NJ Selman,RE van der Merwe,4,0,,,,,,"",""
ball,1,6.5,Glamorgan,AHT Donald,NJ Selman,RE van der Merwe,2,0,,,,,,"",""
ball,1,6.6,Glamorgan,AHT Donald,NJ Selman,RE van der Merwe,1,0,,,,,,"",""
ball,1,7.1,Glamorgan,AHT Donald,NJ Selman,MTC Waller,0,0,,,,,,"",""
ball,1,7.2,Glamorgan,AHT Donald,NJ Selman,MTC Waller,0,0,,,,,,"",""
ball,1,7.3,Glamorgan,AHT Donald,NJ Selman,MTC Waller,1,0,,,,,,"",""
ball,1,7.4,Glamorgan,NJ Selman,AHT Donald,MTC Waller,1,0,,,,,,"",""
ball,1,7.5,Glamorgan,AHT Donald,NJ Selman,MTC Waller,4,0,,,,,,"",""
ball,1,7.6,Glamorgan,AHT Donald,NJ Selman,MTC Waller,1,0,,,,,,"",""
ball,1,8.1,Glamorgan,AHT Donald,NJ Selman,C Overton,0,0,,,,,,"",""
ball,1,8.2,Glamorgan,AHT Donald,NJ Selman,C Overton,0,0,,,,,,"",""
ball,1,8.3,Glamorgan,AHT Donald,NJ Selman,C Overton,0,0,,,,,,"",""
ball,1,8.4,Glamorgan,AHT Donald,NJ Selman,C Overton,1,0,,,,,,"",""
ball,1,8.5,Glamorgan,NJ Selman,AHT Donald,C Overton,1,0,,,,,,"",""
ball,1,8.6,Glamorgan,AHT Donald,NJ Selman,C Overton,0,0,,,,,,caught,AHT Donald
ball,1,9.1,Glamorgan,CA Ingram,NJ Selman,J Allenby,0,0,,,,,,"",""
ball,1,9.2,Glamorgan,CA Ingram,NJ Selman,J Allenby,1,0,,,,,,"",""
ball,1,9.3,Glamorgan,NJ Selman,CA Ingram,J Allenby,1,0,,,,,,"",""
ball,1,9.4,Glamorgan,CA Ingram,NJ Selman,J Allenby,4,0,,,,,,"",""
ball,1,9.5,Glamorgan,CA Ingram,NJ Selman,J Allenby,1,0,,,,,,"",""
ball,1,9.6,Glamorgan,NJ Selman,CA Ingram,J Allenby,1,0,,,,,,"",""
ball,1,10.1,Glamorgan,NJ Selman,CA Ingram,L Gregory,1,0,,,,,,"",""
ball,1,10.2,Glamorgan,CA Ingram,NJ Selman,L Gregory,1,0,,,,,,"",""
ball,1,10.3,Glamorgan,NJ Selman,CA Ingram,L Gregory,1,0,,,,,,"",""
ball,1,10.4,Glamorgan,CA Ingram,NJ Selman,L Gregory,0,1,1,,,,,"",""
ball,1,10.5,Glamorgan,CA Ingram,NJ Selman,L Gregory,1,0,,,,,,"",""
ball,1,10.6,Glamorgan,NJ Selman,CA Ingram,L Gregory,1,0,,,,,,"",""
ball,1,10.7,Glamorgan,CA Ingram,NJ Selman,L Gregory,1,0,,,,,,"",""
ball,1,11.1,Glamorgan,CA Ingram,NJ Selman,MTC Waller,0,0,,,,,,"",""
ball,1,11.2,Glamorgan,CA Ingram,NJ Selman,MTC Waller,1,0,,,,,,"",""
ball,1,11.3,Glamorgan,NJ Selman,CA Ingram,MTC Waller,0,0,,,,,,"",""
ball,1,11.4,Glamorgan,NJ Selman,CA Ingram,MTC Waller,1,0,,,,,,"",""
ball,1,11.5,Glamorgan,CA Ingram,NJ Selman,MTC Waller,1,0,,,,,,"",""
ball,1,11.6,Glamorgan,NJ Selman,CA Ingram,MTC Waller,2,0,,,,,,"",""
ball,1,12.1,Glamorgan,CA Ingram,NJ Selman,RE van der Merwe,1,0,,,,,,"",""
ball,1,12.2,Glamorgan,NJ Selman,CA Ingram,RE van der Merwe,1,0,,,,,,"",""
ball,1,12.3,Glamorgan,CA Ingram,NJ Selman,RE van der Merwe,1,0,,,,,,"",""
ball,1,12.4,Glamorgan,NJ Selman,CA Ingram,RE van der Merwe,1,0,,,,,,"",""
ball,1,12.5,Glamorgan,CA Ingram,NJ Selman,RE van der Merwe,1,0,,,,,,"",""
ball,1,12.6,Glamorgan,NJ Selman,CA Ingram,RE van der Merwe,1,0,,,,,,"",""
ball,1,13.1,Glamorgan,NJ Selman,CA Ingram,C Overton,2,0,,,,,,"",""
ball,1,13.2,Glamorgan,NJ Selman,CA Ingram,C Overton,1,0,,,,,,"",""
ball,1,13.3,Glamorgan,CA Ingram,NJ Selman,C Overton,4,0,,,,,,"",""
ball,1,13.4,Glamorgan,CA Ingram,NJ Selman,C Overton,0,0,,,,,,"",""
ball,1,13.5,Glamorgan,CA Ingram,NJ Selman,C Overton,1,0,,,,,,"",""
ball,1,13.6,Glamorgan,NJ Selman,CA Ingram,C Overton,0,1,1,,,,,"",""
ball,1,13.7,Glamorgan,NJ Selman,CA Ingram,C Overton,1,0,,,,,,"",""
ball,1,14.1,Glamorgan,NJ Selman,CA Ingram,MTC Waller,1,0,,,,,,"",""
ball,1,14.2,Glamorgan,CA Ingram,NJ Selman,MTC Waller,2,0,,,,,,"",""
ball,1,14.3,Glamorgan,CA Ingram,NJ Selman,MTC Waller,1,0,,,,,,"",""
ball,1,14.4,Glamorgan,NJ Selman,CA Ingram,MTC Waller,0,0,,,,,,stumped,NJ Selman
ball,1,14.5,Glamorgan,CB Cooke,CA Ingram,MTC Waller,1,0,,,,,,"",""
ball,1,14.6,Glamorgan,CA Ingram,CB Cooke,MTC Waller,0,0,,,,,,"",""
ball,1,15.1,Glamorgan,CB Cooke,CA Ingram,PA van Meekeren,0,0,,,,,,bowled,CB Cooke
ball,1,15.2,Glamorgan,GG Wagg,CA Ingram,PA van Meekeren,0,0,,,,,,"",""
ball,1,15.3,Glamorgan,GG Wagg,CA Ingram,PA van Meekeren,4,0,,,,,,"",""
ball,1,15.4,Glamorgan,GG Wagg,CA Ingram,PA van Meekeren,3,0,,,,,,"",""
ball,1,15.5,Glamorgan,CA Ingram,GG Wagg,PA van Meekeren,1,0,,,,,,"",""
ball,1,15.6,Glamorgan,GG Wagg,CA Ingram,PA van Meekeren,0,0,,,,,,"",""
ball,1,16.1,Glamorgan,CA Ingram,GG Wagg,RE van der Merwe,4,0,,,,,,"",""
ball,1,16.2,Glamorgan,CA Ingram,GG Wagg,RE van der Merwe,1,0,,,,,,"",""
ball,1,16.3,Glamorgan,GG Wagg,CA Ingram,RE van der Merwe,1,0,,,,,,"",""
ball,1,16.4,Glamorgan,CA Ingram,GG Wagg,RE van der Merwe,6,0,,,,,,"",""
ball,1,16.5,Glamorgan,CA Ingram,GG Wagg,RE van der Merwe,1,0,,,,,,"",""
ball,1,16.6,Glamorgan,GG Wagg,CA Ingram,RE van der Merwe,0,4,,,,4,,"",""
ball,1,17.1,Glamorgan,CA Ingram,GG Wagg,L Gregory,0,0,,,,,,caught,CA Ingram
ball,1,17.2,Glamorgan,GG Wagg,JA Rudolph,L Gregory,1,0,,,,,,"",""
ball,1,17.3,Glamorgan,JA Rudolph,GG Wagg,L Gregory,1,0,,,,,,"",""
ball,1,17.4,Glamorgan,GG Wagg,JA Rudolph,L Gregory,6,0,,,,,,"",""
ball,1,17.5,Glamorgan,GG Wagg,JA Rudolph,L Gregory,4,0,,,,,,"",""
ball,1,17.6,Glamorgan,GG Wagg,JA Rudolph,L Gregory,1,0,,,,,,"",""
ball,1,18.1,Glamorgan,GG Wagg,JA Rudolph,C Overton,1,0,,,,,,"",""
ball,1,18.2,Glamorgan,JA Rudolph,GG Wagg,C Overton,6,0,,,,,,"",""
ball,1,18.3,Glamorgan,JA Rudolph,GG Wagg,C Overton,0,0,,,,,,caught,JA Rudolph
ball,1,18.4,Glamorgan,GG Wagg,CAJ Meschede,C Overton,4,0,,,,,,"",""
ball,1,18.5,Glamorgan,GG Wagg,CAJ Meschede,C Overton,1,0,,,,,,"",""
ball,1,18.6,Glamorgan,CAJ Meschede,GG Wagg,C Overton,1,0,,,,,,"",""
ball,1,19.1,Glamorgan,CAJ Meschede,GG Wagg,PA van Meekeren,0,0,,,,,,"",""
ball,1,19.2,Glamorgan,CAJ Meschede,GG Wagg,PA van Meekeren,1,0,,,,,,"",""
ball,1,19.3,Glamorgan,GG Wagg,CAJ Meschede,PA van Meekeren,1,0,,,,,,"",""
ball,1,19.4,Glamorgan,CAJ Meschede,GG Wagg,PA van Meekeren,0,1,,,,1,,"",""
ball,1,19.5,Glamorgan,GG Wagg,CAJ Meschede,PA van Meekeren,0,0,,,,,,run out,CAJ Meschede
ball,1,19.6,Glamorgan,GG Wagg,M de Lange,PA van Meekeren,1,0,,,,,,"",""
ball,2,0.1,Somerset,L Gregory,SM Davies,AG Salter,0,0,,,,,,"",""
ball,2,0.2,Somerset,L Gregory,SM Davies,AG Salter,0,0,,,,,,"",""
ball,2,0.3,Somerset,L Gregory,SM Davies,AG Salter,1,0,,,,,,"",""
ball,2,0.4,Somerset,SM Davies,L Gregory,AG Salter,0,0,,,,,,caught,SM Davies
ball,2,0.5,Somerset,JG Myburgh,L Gregory,AG Salter,0,0,,,,,,"",""
ball,2,0.6,Somerset,JG Myburgh,L Gregory,AG Salter,0,1,1,,,,,"",""
ball,2,0.7,Somerset,JG Myburgh,L Gregory,AG Salter,0,0,,,,,,"",""
ball,2,1.1,Somerset,L Gregory,JG Myburgh,MG Hogan,0,0,,,,,,"",""
ball,2,1.2,Somerset,L Gregory,JG Myburgh,MG Hogan,4,0,,,,,,"",""
ball,2,1.3,Somerset,L Gregory,JG Myburgh,MG Hogan,4,0,,,,,,"",""
ball,2,1.4,Somerset,L Gregory,JG Myburgh,MG Hogan,1,0,,,,,,"",""
ball,2,1.5,Somerset,JG Myburgh,L Gregory,MG Hogan,0,0,,,,,,"",""
ball,2,1.6,Somerset,JG Myburgh,L Gregory,MG Hogan,1,0,,,,,,"",""
ball,2,2.1,Somerset,JG Myburgh,L Gregory,AG Salter,1,0,,,,,,"",""
ball,2,2.2,Somerset,L Gregory,JG Myburgh,AG Salter,1,0,,,,,,"",""
ball,2,2.3,Somerset,JG Myburgh,L Gregory,AG Salter,4,0,,,,,,"",""
ball,2,2.4,Somerset,JG Myburgh,L Gregory,AG Salter,1,0,,,,,,"",""
ball,2,2.5,Somerset,L Gregory,JG Myburgh,AG Salter,6,0,,,,,,"",""
ball,2,2.6,Somerset,L Gregory,JG Myburgh,AG Salter,1,0,,,,,,"",""
ball,2,3.1,Somerset,L Gregory,JG Myburgh,GG Wagg,0,0,,,,,,"",""
ball,2,3.2,Somerset,L Gregory,JG Myburgh,GG Wagg,0,0,,,,,,caught,L Gregory
ball,2,3.3,Somerset,D Elgar,JG Myburgh,GG Wagg,0,0,,,,,,"",""
ball,2,3.4,Somerset,D Elgar,JG Myburgh,GG Wagg,0,0,,,,,,"",""
ball,2,3.5,Somerset,D Elgar,JG Myburgh,GG Wagg,0,0,,,,,,"",""
ball,2,3.6,Somerset,D Elgar,JG Myburgh,GG Wagg,4,0,,,,,,"",""
ball,2,4.1,Somerset,JG Myburgh,D Elgar,AG Salter,0,0,,,,,,"",""
ball,2,4.2,Somerset,JG Myburgh,D Elgar,AG Salter,6,0,,,,,,"",""
ball,2,4.3,Somerset,JG Myburgh,D Elgar,AG Salter,1,0,,,,,,"",""
ball,2,4.4,Somerset,D Elgar,JG Myburgh,AG Salter,1,0,,,,,,"",""
ball,2,4.5,Somerset,JG Myburgh,D Elgar,AG Salter,0,0,,,,,,"",""
ball,2,4.6,Somerset,JG Myburgh,D Elgar,AG Salter,1,0,,,,,,"",""
ball,2,5.1,Somerset,JG Myburgh,D Elgar,M de Lange,4,0,,,,,,"",""
ball,2,5.2,Somerset,JG Myburgh,D Elgar,M de Lange,0,2,,2,,,,"",""
ball,2,5.3,Somerset,JG Myburgh,D Elgar,M de Lange,1,0,,,,,,"",""
ball,2,5.4,Somerset,D Elgar,JG Myburgh,M de Lange,4,0,,,,,,"",""
ball,2,5.5,Somerset,D Elgar,JG Myburgh,M de Lange,1,0,,,,,,"",""
ball,2,5.6,Somerset,JG Myburgh,D Elgar,M de Lange,0,1,,,,1,,"",""
ball,2,5.7,Somerset,D Elgar,JG Myburgh,M de Lange,1,0,,,,,,"",""
ball,2,6.1,Somerset,D Elgar,JG Myburgh,CA Ingram,0,0,,,,,,"",""
ball,2,6.2,Somerset,D Elgar,JG Myburgh,CA Ingram,6,0,,,,,,"",""
ball,2,6.3,Somerset,D Elgar,JG Myburgh,CA Ingram,0,0,,,,,,"",""
ball,2,6.4,Somerset,D Elgar,JG Myburgh,CA Ingram,1,0,,,,,,"",""
ball,2,6.5,Somerset,JG Myburgh,D Elgar,CA Ingram,1,0,,,,,,"",""
ball,2,6.6,Somerset,D Elgar,JG Myburgh,CA Ingram,1,0,,,,,,"",""
ball,2,7.1,Somerset,D Elgar,JG Myburgh,LJ Carey,1,0,,,,,,"",""
ball,2,7.2,Somerset,JG Myburgh,D Elgar,LJ Carey,4,0,,,,,,"",""
ball,2,7.3,Somerset,JG Myburgh,D Elgar,LJ Carey,1,0,,,,,,"",""
ball,2,7.4,Somerset,D Elgar,JG Myburgh,LJ Carey,1,0,,,,,,"",""
ball,2,7.5,Somerset,JG Myburgh,D Elgar,LJ Carey,0,1,1,,,,,"",""
ball,2,7.6,Somerset,JG Myburgh,D Elgar,LJ Carey,1,0,,,,,,"",""
ball,2,7.7,Somerset,D Elgar,JG Myburgh,LJ Carey,1,0,,,,,,"",""
ball,2,8.1,Somerset,D Elgar,JG Myburgh,CAJ Meschede,1,0,,,,,,"",""
ball,2,8.2,Somerset,JG Myburgh,D Elgar,CAJ Meschede,4,0,,,,,,"",""
ball,2,8.3,Somerset,JG Myburgh,D Elgar,CAJ Meschede,4,0,,,,,,"",""
ball,2,8.4,Somerset,JG Myburgh,D Elgar,CAJ Meschede,1,0,,,,,,"",""
ball,2,8.5,Somerset,D Elgar,JG Myburgh,CAJ Meschede,1,0,,,,,,"",""
ball,2,8.6,Somerset,JG Myburgh,D Elgar,CAJ Meschede,1,0,,,,,,"",""
ball,2,9.1,Somerset,JG Myburgh,D Elgar,MG Hogan,2,0,,,,,,"",""
ball,2,9.2,Somerset,JG Myburgh,D Elgar,MG Hogan,1,0,,,,,,"",""
ball,2,9.3,Somerset,D Elgar,JG Myburgh,MG Hogan,0,0,,,,,,caught,D Elgar
ball,2,9.4,Somerset,JG Myburgh,JC Hildreth,MG Hogan,1,0,,,,,,"",""
ball,2,9.5,Somerset,JC Hildreth,JG Myburgh,MG Hogan,4,0,,,,,,"",""
ball,2,9.6,Somerset,JC Hildreth,JG Myburgh,MG Hogan,1,0,,,,,,"",""
ball,2,10.1,Somerset,JC Hildreth,JG Myburgh,CA Ingram,1,0,,,,,,"",""
ball,2,10.2,Somerset,JG Myburgh,JC Hildreth,CA Ingram,1,0,,,,,,"",""
ball,2,10.3,Somerset,JC Hildreth,JG Myburgh,CA Ingram,1,0,,,,,,"",""
ball,2,10.4,Somerset,JG Myburgh,JC Hildreth,CA Ingram,2,0,,,,,,"",""
ball,2,10.5,Somerset,JG Myburgh,JC Hildreth,CA Ingram,1,0,,,,,,"",""
ball,2,10.6,Somerset,JC Hildreth,JG Myburgh,CA Ingram,1,0,,,,,,"",""
ball,2,11.1,Somerset,JC Hildreth,JG Myburgh,GG Wagg,1,0,,,,,,"",""
ball,2,11.2,Somerset,JG Myburgh,JC Hildreth,GG Wagg,1,0,,,,,,"",""
ball,2,11.3,Somerset,JC Hildreth,JG Myburgh,GG Wagg,0,0,,,,,,caught,JC Hildreth
ball,2,11.4,Somerset,J Allenby,JG Myburgh,GG Wagg,1,0,,,,,,"",""
ball,2,11.5,Somerset,JG Myburgh,J Allenby,GG Wagg,1,0,,,,,,"",""
ball,2,11.6,Somerset,J Allenby,JG Myburgh,GG Wagg,0,0,,,,,,"",""
ball,2,12.1,Somerset,JG Myburgh,J Allenby,CA Ingram,6,0,,,,,,"",""
ball,2,12.2,Somerset,JG Myburgh,J Allenby,CA Ingram,1,0,,,,,,"",""
ball,2,12.3,Somerset,J Allenby,JG Myburgh,CA Ingram,1,0,,,,,,"",""
ball,2,12.4,Somerset,JG Myburgh,J Allenby,CA Ingram,1,0,,,,,,"",""
ball,2,12.5,Somerset,J Allenby,JG Myburgh,CA Ingram,1,0,,,,,,"",""
ball,2,12.6,Somerset,JG Myburgh,J Allenby,CA Ingram,4,0,,,,,,"",""
ball,2,13.1,Somerset,J Allenby,JG Myburgh,GG Wagg,1,0,,,,,,"",""
ball,2,13.2,Somerset,JG Myburgh,J Allenby,GG Wagg,1,0,,,,,,"",""
ball,2,13.3,Somerset,J Allenby,JG Myburgh,GG Wagg,1,0,,,,,,"",""
ball,2,13.4,Somerset,JG Myburgh,J Allenby,GG Wagg,4,0,,,,,,"",""
ball,2,13.5,Somerset,JG Myburgh,J Allenby,GG Wagg,4,0,,,,,,"",""
ball,2,13.6,Somerset,JG Myburgh,J Allenby,GG Wagg,1,0,,,,,,"",""
ball,2,14.1,Somerset,JG Myburgh,J Allenby,CA Ingram,1,0,,,,,,"",""
ball,2,14.2,Somerset,J Allenby,JG Myburgh,CA Ingram,1,0,,,,,,"",""
ball,2,14.3,Somerset,JG Myburgh,J Allenby,CA Ingram,1,0,,,,,,"",""
ball,2,14.4,Somerset,J Allenby,JG Myburgh,CA Ingram,4,0,,,,,,"",""
ball,2,14.5,Somerset,J Allenby,JG Myburgh,CA Ingram,1,0,,,,,,"",""
ball,2,14.6,Somerset,JG Myburgh,J Allenby,CA Ingram,4,0,,,,,,"",""
ball,2,15.1,Somerset,J Allenby,JG Myburgh,M de Lange,1,0,,,,,,"",""
ball,2,15.2,Somerset,JG Myburgh,J Allenby,M de Lange,4,0,,,,,,"",""
ball,2,15.3,Somerset,JG Myburgh,J Allenby,M de Lange,1,0,,,,,,"",""
ball,2,15.4,Somerset,J Allenby,JG Myburgh,M de Lange,1,0,,,,,,"",""
ball,2,15.5,Somerset,JG Myburgh,J Allenby,M de Lange,1,0,,,,,,"",""
ball,2,15.6,Somerset,J Allenby,JG Myburgh,M de Lange,4,0,,,,,,"",""
ball,2,16.1,Somerset,JG Myburgh,J Allenby,MG Hogan,4,0,,,,,,"",""
ball,2,16.2,Somerset,JG Myburgh,J Allenby,MG Hogan,1,0,,,,,,"",""
ball,2,16.3,Somerset,J Allenby,JG Myburgh,MG Hogan,1,0,,,,,,"",""
ball,2,16.4,Somerset,JG Myburgh,J Allenby,MG Hogan,1,0,,,,,,"",""
ball,2,16.5,Somerset,J Allenby,JG Myburgh,MG Hogan,0,0,,,,,,"",""
ball,2,16.6,Somerset,J Allenby,JG Myburgh,MG Hogan,1,0,,,,,,"",""
ball,2,17.1,Somerset,J Allenby,JG Myburgh,M de Lange,0,0,,,,,,"",""
ball,2,17.2,Somerset,J Allenby,JG Myburgh,M de Lange,2,0,,,,,,"",""
ball,2,17.3,Somerset,J Allenby,JG Myburgh,M de Lange,0,0,,,,,,run out,J Allenby
ball,2,17.4,Somerset,JG Myburgh,RE van der Merwe,M de Lange,0,0,,,,,,"",""
ball,2,17.5,Somerset,JG Myburgh,RE van der Merwe,M de Lange,0,0,,,,,,bowled,JG Myburgh
ball,2,17.6,Somerset,PD Trego,RE van der Merwe,M de Lange,0,0,,,,,,"",""
ball,2,18.1,Somerset,RE van der Merwe,PD Trego,MG Hogan,1,0,,,,,,"",""
ball,2,18.2,Somerset,PD Trego,RE van der Merwe,MG Hogan,1,0,,,,,,"",""
ball,2,18.3,Somerset,RE van der Merwe,PD Trego,MG Hogan,2,0,,,,,,"",""
ball,2,18.4,Somerset,RE van der Merwe,PD Trego,MG Hogan,6,0,,,,,,"",""
ball,2,18.5,Somerset,RE van der Merwe,PD Trego,MG Hogan,1,0,,,,,,"",""
ball,2,18.6,Somerset,PD Trego,RE van der Merwe,MG Hogan,1,0,,,,,,"",""
ball,2,19.1,Somerset,PD Trego,RE van der Merwe,M de Lange,0,0,,,,,,"",""
ball,2,19.2,Somerset,PD Trego,RE van der Merwe,M de Lange,1,0,,,,,,"",""
ball,2,19.3,Somerset,RE van der Merwe,PD Trego,M de Lange,0,1,,,,1,,"",""
ball,2,19.4,Somerset,PD Trego,RE van der Merwe,M de Lange,0,0,,,,,,"",""
ball,2,19.5,Somerset,PD Trego,RE van der Merwe,M de Lange,0,0,,,,,,"",""
ball,2,19.6,Somerset,PD Trego,RE van der Merwe,M de Lange,4,0,,,,,,"",""
