version,1.6.0
info,balls_per_over,6
info,team,Warwickshire
info,team,Northamptonshire
info,gender,male
info,season,2017
info,date,2017/07/14
info,event,NatWest T20 Blast
info,venue,Edgbaston
info,city,Birmingham
info,toss_winner,Northamptonshire
info,toss_decision,field
info,player_of_match,RI Keogh
info,umpire,BV Taylor
info,umpire,NA Mallender
info,winner,Northamptonshire
info,winner_wickets,5
info,player,Warwickshire,SR Hain
info,player,Warwickshire,IR Bell
info,player,Warwickshire,WTS Porterfield
info,player,Warwickshire,C de Grandhomme
info,player,Warwickshire,GD Elliott
info,player,Warwickshire,R Clarke
info,player,Warwickshire,AD Thomason
info,player,Warwickshire,TR Ambrose
info,player,Warwickshire,JS Patel
info,player,Warwickshire,WB Rankin
info,player,Warwickshire,OJ Hannon-Dalby
info,player,Northamptonshire,BM Duckett
info,player,Northamptonshire,AM Rossington
info,player,Northamptonshire,JJ Cobb
info,player,Northamptonshire,AG Wakely
info,player,Northamptonshire,RI Keogh
info,player,Northamptonshire,SP Crook
info,player,Northamptonshire,RK Kleinveldt
info,player,Northamptonshire,GG White
info,player,Northamptonshire,BW Sanderson
info,player,Northamptonshire,T Shamsi
info,player,Northamptonshire,RJ Gleeson
info,registry,people,AD Thomason,0c5bb005
info,registry,people,AG Wakely,730d120f
info,registry,people,AM Rossington,7bcde3fe
info,registry,people,BM Duckett,5f26f677
info,registry,people,BV Taylor,99760152
info,registry,people,BW Sanderson,e871a7a1
info,registry,people,C de Grandhomme,94d7f855
info,registry,people,GD Elliott,c03449e0
info,registry,people,GG White,0f21680d
info,registry,people,IR Bell,33155d1b
info,registry,people,JJ Cobb,58c481c6
info,registry,people,JS Patel,f5821615
info,registry,people,NA Mallender,3b5dfcd4
info,registry,people,OJ Hannon-Dalby,e0ac7144
info,registry,people,R Clarke,8728a058
info,registry,people,RI Keogh,e22d3b5c
info,registry,people,RJ Gleeson,402f8494
info,registry,people,RK Kleinveldt,7955eb15
info,registry,people,SP Crook,c4450a69
info,registry,people,SR Hain,67b9536c
info,registry,people,T Shamsi,a03bba42
info,registry,people,TR Ambrose,a15aaa7f
info,registry,people,WB Rankin,29b89ae8
info,registry,people,WTS Porterfield,ec02b798
ball,1,0.1,Warwickshire,SR Hain,IR Bell,BW Sanderson,0,0,,,,,,"",""
ball,1,0.2,Warwickshire,SR Hain,IR Bell,BW Sanderson,1,0,,,,,,"",""
ball,1,0.3,Warwickshire,IR Bell,SR Hain,BW Sanderson,1,0,,,,,,"",""
ball,1,0.4,Warwickshire,SR Hain,IR Bell,BW Sanderson,4,0,,,,,,"",""
ball,1,0.5,Warwickshire,SR Hain,IR Bell,BW Sanderson,0,0,,,,,,"",""
ball,1,0.6,Warwickshire,SR Hain,IR Bell,BW Sanderson,1,0,,,,,,"",""
ball,1,1.1,Warwickshire,SR Hain,IR Bell,RJ Gleeson,0,0,,,,,,"",""
ball,1,1.2,Warwickshire,SR Hain,IR Bell,RJ Gleeson,1,0,,,,,,"",""
ball,1,1.3,Warwickshire,IR Bell,SR Hain,RJ Gleeson,0,0,,,,,,"",""
ball,1,1.4,Warwickshire,IR Bell,SR Hain,RJ Gleeson,0,1,1,,,,,"",""
ball,1,1.5,Warwickshire,IR Bell,SR Hain,RJ Gleeson,4,0,,,,,,"",""
ball,1,1.6,Warwickshire,IR Bell,SR Hain,RJ Gleeson,0,0,,,,,,"",""
ball,1,1.7,Warwickshire,IR Bell,SR Hain,RJ Gleeson,0,0,,,,,,"",""
ball,1,2.1,Warwickshire,SR Hain,IR Bell,RK Kleinveldt,2,0,,,,,,"",""
ball,1,2.2,Warwickshire,SR Hain,IR Bell,RK Kleinveldt,4,0,,,,,,"",""
ball,1,2.3,Warwickshire,SR Hain,IR Bell,RK Kleinveldt,0,0,,,,,,"",""
ball,1,2.4,Warwickshire,SR Hain,IR Bell,RK Kleinveldt,4,0,,,,,,"",""
ball,1,2.5,Warwickshire,SR Hain,IR Bell,RK Kleinveldt,1,0,,,,,,"",""
ball,1,2.6,Warwickshire,IR Bell,SR Hain,RK Kleinveldt,1,0,,,,,,"",""
ball,1,3.1,Warwickshire,IR Bell,SR Hain,RJ Gleeson,4,0,,,,,,"",""
ball,1,3.2,Warwickshire,IR Bell,SR Hain,RJ Gleeson,2,0,,,,,,"",""
ball,1,3.3,Warwickshire,IR Bell,SR Hain,RJ Gleeson,0,0,,,,,,"",""
ball,1,3.4,Warwickshire,IR Bell,SR Hain,RJ Gleeson,1,0,,,,,,"",""
ball,1,3.5,Warwickshire,SR Hain,IR Bell,RJ Gleeson,0,0,,,,,,"",""
ball,1,3.6,Warwickshire,SR Hain,IR Bell,RJ Gleeson,0,0,,,,,,"",""
ball,1,4.1,Warwickshire,IR Bell,SR Hain,RK Kleinveldt,4,0,,,,,,"",""
ball,1,4.2,Warwickshire,IR Bell,SR Hain,RK Kleinveldt,1,0,,,,,,"",""
ball,1,4.3,Warwickshire,SR Hain,IR Bell,RK Kleinveldt,1,0,,,,,,"",""
ball,1,4.4,Warwickshire,IR Bell,SR Hain,RK Kleinveldt,1,0,,,,,,"",""
ball,1,4.5,Warwickshire,SR Hain,IR Bell,RK Kleinveldt,1,0,,,,,,"",""
ball,1,4.6,Warwickshire,IR Bell,SR Hain,RK Kleinveldt,4,0,,,,,,"",""
ball,1,5.1,Warwickshire,SR Hain,IR Bell,T Shamsi,1,0,,,,,,"",""
ball,1,5.2,Warwickshire,IR Bell,SR Hain,T Shamsi,1,0,,,,,,"",""
ball,1,5.3,Warwickshire,SR Hain,IR Bell,T Shamsi,4,0,,,,,,"",""
ball,1,5.4,Warwickshire,SR Hain,IR Bell,T Shamsi,4,0,,,,,,"",""
ball,1,5.5,Warwickshire,SR Hain,IR Bell,T Shamsi,1,0,,,,,,"",""
ball,1,5.6,Warwickshire,IR Bell,SR Hain,T Shamsi,0,0,,,,,,"",""
ball,1,6.1,Warwickshire,SR Hain,IR Bell,GG White,0,0,,,,,,caught,SR Hain
ball,1,6.2,Warwickshire,WTS Porterfield,IR Bell,GG White,0,1,1,,,,,"",""
ball,1,6.3,Warwickshire,WTS Porterfield,IR Bell,GG White,1,0,,,,,,"",""
ball,1,6.4,Warwickshire,IR Bell,WTS Porterfield,GG White,0,0,,,,,,"",""
ball,1,6.5,Warwickshire,IR Bell,WTS Porterfield,GG White,1,0,,,,,,"",""
ball,1,6.6,Warwickshire,WTS Porterfield,IR Bell,GG White,1,0,,,,,,"",""
ball,1,6.7,Warwickshire,IR Bell,WTS Porterfield,GG White,0,1,,,,1,,"",""
ball,1,7.1,Warwickshire,IR Bell,WTS Porterfield,T Shamsi,1,0,,,,,,"",""
ball,1,7.2,Warwickshire,WTS Porterfield,IR Bell,T Shamsi,1,0,,,,,,"",""
ball,1,7.3,Warwickshire,IR Bell,WTS Porterfield,T Shamsi,1,0,,,,,,"",""
ball,1,7.4,Warwickshire,WTS Porterfield,IR Bell,T Shamsi,2,0,,,,,,"",""
ball,1,7.5,Warwickshire,WTS Porterfield,IR Bell,T Shamsi,1,0,,,,,,"",""
ball,1,7.6,Warwickshire,IR Bell,WTS Porterfield,T Shamsi,0,0,,,,,,"",""
ball,1,8.1,Warwickshire,WTS Porterfield,IR Bell,GG White,2,0,,,,,,"",""
ball,1,8.2,Warwickshire,WTS Porterfield,IR Bell,GG White,1,0,,,,,,"",""
ball,1,8.3,Warwickshire,IR Bell,WTS Porterfield,GG White,1,0,,,,,,"",""
ball,1,8.4,Warwickshire,WTS Porterfield,IR Bell,GG White,1,0,,,,,,"",""
ball,1,8.5,Warwickshire,IR Bell,WTS Porterfield,GG White,0,0,,,,,,"",""
ball,1,8.6,Warwickshire,IR Bell,WTS Porterfield,GG White,2,0,,,,,,"",""
ball,1,9.1,Warwickshire,WTS Porterfield,IR Bell,SP Crook,1,0,,,,,,"",""
ball,1,9.2,Warwickshire,IR Bell,WTS Porterfield,SP Crook,0,0,,,,,,"",""
ball,1,9.3,Warwickshire,IR Bell,WTS Porterfield,SP Crook,1,0,,,,,,"",""
ball,1,9.4,Warwickshire,WTS Porterfield,IR Bell,SP Crook,2,0,,,,,,"",""
ball,1,9.5,Warwickshire,WTS Porterfield,IR Bell,SP Crook,1,0,,,,,,"",""
ball,1,9.6,Warwickshire,IR Bell,WTS Porterfield,SP Crook,0,0,,,,,,"",""
ball,1,10.1,Warwickshire,WTS Porterfield,IR Bell,GG White,0,0,,,,,,"",""
ball,1,10.2,Warwickshire,WTS Porterfield,IR Bell,GG White,0,0,,,,,,"",""
ball,1,10.3,Warwickshire,WTS Porterfield,IR Bell,GG White,1,0,,,,,,"",""
ball,1,10.4,Warwickshire,IR Bell,WTS Porterfield,GG White,6,0,,,,,,"",""
ball,1,10.5,Warwickshire,IR Bell,WTS Porterfield,GG White,1,0,,,,,,"",""
ball,1,10.6,Warwickshire,WTS Porterfield,IR Bell,GG White,1,0,,,,,,"",""
ball,1,11.1,Warwickshire,WTS Porterfield,IR Bell,SP Crook,3,0,,,,,,"",""
ball,1,11.2,Warwickshire,IR Bell,WTS Porterfield,SP Crook,6,0,,,,,,"",""
ball,1,11.3,Warwickshire,IR Bell,WTS Porterfield,SP Crook,4,0,,,,,,"",""
ball,1,11.4,Warwickshire,IR Bell,WTS Porterfield,SP Crook,1,0,,,,,,"",""
ball,1,11.5,Warwickshire,WTS Porterfield,IR Bell,SP Crook,1,0,,,,,,"",""
ball,1,11.6,Warwickshire,IR Bell,WTS Porterfield,SP Crook,1,0,,,,,,"",""
ball,1,12.1,Warwickshire,IR Bell,WTS Porterfield,T Shamsi,0,0,,,,,,caught,IR Bell
ball,1,12.2,Warwickshire,C de Grandhomme,WTS Porterfield,T Shamsi,1,0,,,,,,"",""
ball,1,12.3,Warwickshire,WTS Porterfield,C de Grandhomme,T Shamsi,1,0,,,,,,"",""
ball,1,12.4,Warwickshire,C de Grandhomme,WTS Porterfield,T Shamsi,0,0,,,,,,"",""
ball,1,12.5,Warwickshire,C de Grandhomme,WTS Porterfield,T Shamsi,0,0,,,,,,caught,C de Grandhomme
ball,1,12.6,Warwickshire,WTS Porterfield,GD Elliott,T Shamsi,0,0,,,,,,"",""
ball,1,13.1,Warwickshire,GD Elliott,WTS Porterfield,GG White,1,0,,,,,,"",""
ball,1,13.2,Warwickshire,WTS Porterfield,GD Elliott,GG White,0,0,,,,,,caught,WTS Porterfield
ball,1,13.3,Warwickshire,R Clarke,GD Elliott,GG White,3,0,,,,,,"",""
ball,1,13.4,Warwickshire,GD Elliott,R Clarke,GG White,4,0,,,,,,"",""
ball,1,13.5,Warwickshire,GD Elliott,R Clarke,GG White,1,0,,,,,,"",""
ball,1,13.6,Warwickshire,R Clarke,GD Elliott,GG White,1,0,,,,,,"",""
ball,1,14.1,Warwickshire,R Clarke,GD Elliott,T Shamsi,0,0,,,,,,"",""
ball,1,14.2,Warwickshire,R Clarke,GD Elliott,T Shamsi,1,0,,,,,,"",""
ball,1,14.3,Warwickshire,GD Elliott,R Clarke,T Shamsi,1,0,,,,,,"",""
ball,1,14.4,Warwickshire,R Clarke,GD Elliott,T Shamsi,1,0,,,,,,"",""
ball,1,14.5,Warwickshire,GD Elliott,R Clarke,T Shamsi,1,0,,,,,,"",""
ball,1,14.6,Warwickshire,R Clarke,GD Elliott,T Shamsi,1,0,,,,,,"",""
ball,1,15.1,Warwickshire,R Clarke,GD Elliott,RJ Gleeson,0,0,,,,,,"",""
ball,1,15.2,Warwickshire,R Clarke,GD Elliott,RJ Gleeson,1,0,,,,,,"",""
ball,1,15.3,Warwickshire,GD Elliott,R Clarke,RJ Gleeson,1,0,,,,,,"",""
ball,1,15.4,Warwickshire,R Clarke,GD Elliott,RJ Gleeson,0,0,,,,,,"",""
ball,1,15.5,Warwickshire,R Clarke,GD Elliott,RJ Gleeson,0,0,,,,,,"",""
ball,1,15.6,Warwickshire,R Clarke,GD Elliott,RJ Gleeson,1,0,,,,,,"",""
ball,1,16.1,Warwickshire,R Clarke,GD Elliott,BW Sanderson,1,0,,,,,,"",""
ball,1,16.2,Warwickshire,GD Elliott,R Clarke,BW Sanderson,4,0,,,,,,"",""
ball,1,16.3,Warwickshire,GD Elliott,R Clarke,BW Sanderson,0,0,,,,,,"",""
ball,1,16.4,Warwickshire,GD Elliott,R Clarke,BW Sanderson,1,0,,,,,,retired hurt,R Clarke
ball,1,16.5,Warwickshire,AD Thomason,GD Elliott,BW Sanderson,0,0,,,,,,"",""
ball,1,16.6,Warwickshire,AD Thomason,GD Elliott,BW Sanderson,1,0,,,,,,"",""
ball,1,17.1,Warwickshire,AD Thomason,GD Elliott,RJ Gleeson,0,0,,,,,,"",""
ball,1,17.2,Warwickshire,AD Thomason,GD Elliott,RJ Gleeson,1,0,,,,,,"",""
ball,1,17.3,Warwickshire,GD Elliott,AD Thomason,RJ Gleeson,1,0,,,,,,"",""
ball,1,17.4,Warwickshire,AD Thomason,GD Elliott,RJ Gleeson,1,0,,,,,,"",""
ball,1,17.5,Warwickshire,GD Elliott,AD Thomason,RJ Gleeson,0,0,,,,,,"",""
ball,1,17.6,Warwickshire,GD Elliott,AD Thomason,RJ Gleeson,1,0,,,,,,"",""
ball,1,18.1,Warwickshire,GD Elliott,AD Thomason,BW Sanderson,0,0,,,,,,"",""
ball,1,18.2,Warwickshire,GD Elliott,AD Thomason,BW Sanderson,1,0,,,,,,"",""
ball,1,18.3,Warwickshire,AD Thomason,GD Elliott,BW Sanderson,1,0,,,,,,"",""
ball,1,18.4,Warwickshire,GD Elliott,AD Thomason,BW Sanderson,1,0,,,,,,"",""
ball,1,18.5,Warwickshire,AD Thomason,GD Elliott,BW Sanderson,1,0,,,,,,"",""
ball,1,18.6,Warwickshire,GD Elliott,AD Thomason,BW Sanderson,1,0,,,,,,"",""
ball,1,19.1,Warwickshire,GD Elliott,AD Thomason,RK Kleinveldt,1,0,,,,,,"",""
ball,1,19.2,Warwickshire,AD Thomason,GD Elliott,RK Kleinveldt,6,0,,,,,,"",""
ball,1,19.3,Warwickshire,AD Thomason,GD Elliott,RK Kleinveldt,2,0,,,,,,"",""
ball,1,19.4,Warwickshire,AD Thomason,GD Elliott,RK Kleinveldt,6,0,,,,,,"",""
ball,1,19.5,Warwickshire,AD Thomason,GD Elliott,RK Kleinveldt,1,0,,,,,,"",""
ball,1,19.6,Warwickshire,GD Elliott,AD Thomason,RK Kleinveldt,1,0,,,,,,"",""
ball,2,0.1,Northamptonshire,BM Duckett,AM Rossington,C de Grandhomme,2,0,,,,,,"",""
ball,2,0.2,Northamptonshire,BM Duckett,AM Rossington,C de Grandhomme,1,0,,,,,,"",""
ball,2,0.3,Northamptonshire,AM Rossington,BM Duckett,C de Grandhomme,1,0,,,,,,"",""
ball,2,0.4,Northamptonshire,BM Duckett,AM Rossington,C de Grandhomme,0,1,1,,,,,"",""
ball,2,0.5,Northamptonshire,BM Duckett,AM Rossington,C de Grandhomme,2,0,,,,,,"",""
ball,2,0.6,Northamptonshire,BM Duckett,AM Rossington,C de Grandhomme,4,0,,,,,,"",""
ball,2,0.7,Northamptonshire,BM Duckett,AM Rossington,C de Grandhomme,0,0,,,,,,"",""
ball,2,1.1,Northamptonshire,AM Rossington,BM Duckett,JS Patel,0,0,,,,,,"",""
ball,2,1.2,Northamptonshire,AM Rossington,BM Duckett,JS Patel,0,0,,,,,,"",""
ball,2,1.3,Northamptonshire,AM Rossington,BM Duckett,JS Patel,1,0,,,,,,"",""
ball,2,1.4,Northamptonshire,BM Duckett,AM Rossington,JS Patel,0,0,,,,,,"",""
ball,2,1.5,Northamptonshire,BM Duckett,AM Rossington,JS Patel,3,0,,,,,,"",""
ball,2,1.6,Northamptonshire,AM Rossington,BM Duckett,JS Patel,1,0,,,,,,"",""
ball,2,2.1,Northamptonshire,AM Rossington,BM Duckett,C de Grandhomme,6,0,,,,,,"",""
ball,2,2.2,Northamptonshire,AM Rossington,BM Duckett,C de Grandhomme,4,0,,,,,,"",""
ball,2,2.3,Northamptonshire,AM Rossington,BM Duckett,C de Grandhomme,6,0,,,,,,"",""
ball,2,2.4,Northamptonshire,AM Rossington,BM Duckett,C de Grandhomme,0,0,,,,,,"",""
ball,2,2.5,Northamptonshire,AM Rossington,BM Duckett,C de Grandhomme,4,0,,,,,,"",""
ball,2,2.6,Northamptonshire,AM Rossington,BM Duckett,C de Grandhomme,4,0,,,,,,"",""
ball,2,3.1,Northamptonshire,BM Duckett,AM Rossington,JS Patel,0,0,,,,,,"",""
ball,2,3.2,Northamptonshire,BM Duckett,AM Rossington,JS Patel,1,0,,,,,,"",""
ball,2,3.3,Northamptonshire,AM Rossington,BM Duckett,JS Patel,0,0,,,,,,"",""
ball,2,3.4,Northamptonshire,AM Rossington,BM Duckett,JS Patel,1,0,,,,,,"",""
ball,2,3.5,Northamptonshire,BM Duckett,AM Rossington,JS Patel,0,0,,,,,,caught,BM Duckett
ball,2,3.6,Northamptonshire,AM Rossington,JJ Cobb,JS Patel,1,0,,,,,,"",""
ball,2,4.1,Northamptonshire,AM Rossington,JJ Cobb,WB Rankin,0,0,,,,,,"",""
ball,2,4.2,Northamptonshire,AM Rossington,JJ Cobb,WB Rankin,0,0,,,,,,"",""
ball,2,4.3,Northamptonshire,AM Rossington,JJ Cobb,WB Rankin,1,0,,,,,,"",""
ball,2,4.4,Northamptonshire,JJ Cobb,AM Rossington,WB Rankin,0,0,,,,,,"",""
ball,2,4.5,Northamptonshire,JJ Cobb,AM Rossington,WB Rankin,0,0,,,,,,"",""
ball,2,4.6,Northamptonshire,JJ Cobb,AM Rossington,WB Rankin,1,0,,,,,,"",""
ball,2,5.1,Northamptonshire,JJ Cobb,AM Rossington,JS Patel,0,0,,,,,,"",""
ball,2,5.2,Northamptonshire,JJ Cobb,AM Rossington,JS Patel,0,0,,,,,,"",""
ball,2,5.3,Northamptonshire,JJ Cobb,AM Rossington,JS Patel,1,0,,,,,,"",""
ball,2,5.4,Northamptonshire,AM Rossington,JJ Cobb,JS Patel,0,0,,,,,,"",""
ball,2,5.5,Northamptonshire,AM Rossington,JJ Cobb,JS Patel,4,0,,,,,,"",""
ball,2,5.6,Northamptonshire,AM Rossington,JJ Cobb,JS Patel,0,0,,,,,,lbw,AM Rossington
ball,2,6.1,Northamptonshire,JJ Cobb,AG Wakely,WB Rankin,6,0,,,,,,"",""
ball,2,6.2,Northamptonshire,JJ Cobb,AG Wakely,WB Rankin,0,0,,,,,,"",""
ball,2,6.3,Northamptonshire,JJ Cobb,AG Wakely,WB Rankin,1,0,,,,,,"",""
ball,2,6.4,Northamptonshire,AG Wakely,JJ Cobb,WB Rankin,0,1,1,,,,,"",""
ball,2,6.5,Northamptonshire,AG Wakely,JJ Cobb,WB Rankin,1,0,,,,,,"",""
ball,2,6.6,Northamptonshire,JJ Cobb,AG Wakely,WB Rankin,0,0,,,,,,"",""
ball,2,6.7,Northamptonshire,JJ Cobb,AG Wakely,WB Rankin,0,0,,,,,,"",""
ball,2,7.1,Northamptonshire,AG Wakely,JJ Cobb,GD Elliott,1,0,,,,,,"",""
ball,2,7.2,Northamptonshire,JJ Cobb,AG Wakely,GD Elliott,1,0,,,,,,"",""
ball,2,7.3,Northamptonshire,AG Wakely,JJ Cobb,GD Elliott,0,0,,,,,,"",""
ball,2,7.4,Northamptonshire,AG Wakely,JJ Cobb,GD Elliott,0,0,,,,,,"",""
ball,2,7.5,Northamptonshire,AG Wakely,JJ Cobb,GD Elliott,1,0,,,,,,"",""
ball,2,7.6,Northamptonshire,JJ Cobb,AG Wakely,GD Elliott,1,0,,,,,,"",""
ball,2,8.1,Northamptonshire,JJ Cobb,AG Wakely,OJ Hannon-Dalby,1,0,,,,,,"",""
ball,2,8.2,Northamptonshire,AG Wakely,JJ Cobb,OJ Hannon-Dalby,1,0,,,,,,"",""
ball,2,8.3,Northamptonshire,JJ Cobb,AG Wakely,OJ Hannon-Dalby,6,0,,,,,,"",""
ball,2,8.4,Northamptonshire,JJ Cobb,AG Wakely,OJ Hannon-Dalby,0,0,,,,,,"",""
ball,2,8.5,Northamptonshire,JJ Cobb,AG Wakely,OJ Hannon-Dalby,1,0,,,,,,"",""
ball,2,8.6,Northamptonshire,AG Wakely,JJ Cobb,OJ Hannon-Dalby,1,0,,,,,,"",""
ball,2,9.1,Northamptonshire,AG Wakely,JJ Cobb,AD Thomason,4,0,,,,,,"",""
ball,2,9.2,Northamptonshire,AG Wakely,JJ Cobb,AD Thomason,1,0,,,,,,"",""
ball,2,9.3,Northamptonshire,JJ Cobb,AG Wakely,AD Thomason,1,0,,,,,,"",""
ball,2,9.4,Northamptonshire,AG Wakely,JJ Cobb,AD Thomason,1,0,,,,,,"",""
ball,2,9.5,Northamptonshire,JJ Cobb,AG Wakely,AD Thomason,0,0,,,,,,"",""
ball,2,9.6,Northamptonshire,JJ Cobb,AG Wakely,AD Thomason,0,2,,2,,,,"",""
ball,2,9.7,Northamptonshire,JJ Cobb,AG Wakely,AD Thomason,1,0,,,,,,"",""
ball,2,10.1,Northamptonshire,JJ Cobb,AG Wakely,WB Rankin,0,0,,,,,,"",""
ball,2,10.2,Northamptonshire,JJ Cobb,AG Wakely,WB Rankin,1,0,,,,,,"",""
ball,2,10.3,Northamptonshire,AG Wakely,JJ Cobb,WB Rankin,1,0,,,,,,"",""
ball,2,10.4,Northamptonshire,JJ Cobb,AG Wakely,WB Rankin,0,0,,,,,,"",""
ball,2,10.5,Northamptonshire,JJ Cobb,AG Wakely,WB Rankin,0,0,,,,,,"",""
ball,2,10.6,Northamptonshire,JJ Cobb,AG Wakely,WB Rankin,1,0,,,,,,"",""
ball,2,11.1,Northamptonshire,JJ Cobb,AG Wakely,JS Patel,4,0,,,,,,"",""
ball,2,11.2,Northamptonshire,JJ Cobb,AG Wakely,JS Patel,1,0,,,,,,"",""
ball,2,11.3,Northamptonshire,AG Wakely,JJ Cobb,JS Patel,1,0,,,,,,"",""
ball,2,11.4,Northamptonshire,JJ Cobb,AG Wakely,JS Patel,0,0,,,,,,"",""
ball,2,11.5,Northamptonshire,JJ Cobb,AG Wakely,JS Patel,0,0,,,,,,"",""
ball,2,11.6,Northamptonshire,JJ Cobb,AG Wakely,JS Patel,6,0,,,,,,"",""
ball,2,12.1,Northamptonshire,AG Wakely,JJ Cobb,OJ Hannon-Dalby,0,0,,,,,,"",""
ball,2,12.2,Northamptonshire,AG Wakely,JJ Cobb,OJ Hannon-Dalby,0,0,,,,,,"",""
ball,2,12.3,Northamptonshire,AG Wakely,JJ Cobb,OJ Hannon-Dalby,0,0,,,,,,caught,AG Wakely
ball,2,12.4,Northamptonshire,JJ Cobb,RI Keogh,OJ Hannon-Dalby,0,0,,,,,,"",""
ball,2,12.5,Northamptonshire,JJ Cobb,RI Keogh,OJ Hannon-Dalby,0,0,,,,,,"",""
ball,2,12.6,Northamptonshire,JJ Cobb,RI Keogh,OJ Hannon-Dalby,1,0,,,,,,"",""
ball,2,13.1,Northamptonshire,JJ Cobb,RI Keogh,GD Elliott,1,0,,,,,,"",""
ball,2,13.2,Northamptonshire,RI Keogh,JJ Cobb,GD Elliott,0,0,,,,,,"",""
ball,2,13.3,Northamptonshire,RI Keogh,JJ Cobb,GD Elliott,1,0,,,,,,"",""
ball,2,13.4,Northamptonshire,JJ Cobb,RI Keogh,GD Elliott,3,0,,,,,,"",""
ball,2,13.5,Northamptonshire,RI Keogh,JJ Cobb,GD Elliott,1,0,,,,,,"",""
ball,2,13.6,Northamptonshire,JJ Cobb,RI Keogh,GD Elliott,1,0,,,,,,"",""
ball,2,14.1,Northamptonshire,JJ Cobb,RI Keogh,OJ Hannon-Dalby,1,0,,,,,,"",""
ball,2,14.2,Northamptonshire,RI Keogh,JJ Cobb,OJ Hannon-Dalby,2,0,,,,,,"",""
ball,2,14.3,Northamptonshire,RI Keogh,JJ Cobb,OJ Hannon-Dalby,4,0,,,,,,"",""
ball,2,14.4,Northamptonshire,RI Keogh,JJ Cobb,OJ Hannon-Dalby,1,0,,,,,,"",""
ball,2,14.5,Northamptonshire,JJ Cobb,RI Keogh,OJ Hannon-Dalby,1,0,,,,,,"",""
ball,2,14.6,Northamptonshire,RI Keogh,JJ Cobb,OJ Hannon-Dalby,1,0,,,,,,"",""
ball,2,15.1,Northamptonshire,RI Keogh,JJ Cobb,GD Elliott,4,0,,,,,,"",""
ball,2,15.2,Northamptonshire,RI Keogh,JJ Cobb,GD Elliott,4,0,,,,,,"",""
ball,2,15.3,Northamptonshire,RI Keogh,JJ Cobb,GD Elliott,4,0,,,,,,"",""
ball,2,15.4,Northamptonshire,RI Keogh,JJ Cobb,GD Elliott,0,0,,,,,,"",""
ball,2,15.5,Northamptonshire,RI Keogh,JJ Cobb,GD Elliott,1,0,,,,,,"",""
ball,2,15.6,Northamptonshire,JJ Cobb,RI Keogh,GD Elliott,4,0,,,,,,"",""
ball,2,16.1,Northamptonshire,RI Keogh,JJ Cobb,WB Rankin,1,0,,,,,,"",""
ball,2,16.2,Northamptonshire,JJ Cobb,RI Keogh,WB Rankin,0,0,,,,,,"",""
ball,2,16.3,Northamptonshire,JJ Cobb,RI Keogh,WB Rankin,0,0,,,,,,"",""
ball,2,16.4,Northamptonshire,JJ Cobb,RI Keogh,WB Rankin,1,0,,,,,,"",""
ball,2,16.5,Northamptonshire,RI Keogh,JJ Cobb,WB Rankin,0,0,,,,,,"",""
ball,2,16.6,Northamptonshire,RI Keogh,JJ Cobb,WB Rankin,0,0,,,,,,"",""
ball,2,17.1,Northamptonshire,JJ Cobb,RI Keogh,OJ Hannon-Dalby,0,0,,,,,,"",""
ball,2,17.2,Northamptonshire,JJ Cobb,RI Keogh,OJ Hannon-Dalby,1,0,,,,,,"",""
ball,2,17.3,Northamptonshire,RI Keogh,JJ Cobb,OJ Hannon-Dalby,4,0,,,,,,"",""
ball,2,17.4,Northamptonshire,RI Keogh,JJ Cobb,OJ Hannon-Dalby,1,0,,,,,,"",""
ball,2,17.5,Northamptonshire,JJ Cobb,RI Keogh,OJ Hannon-Dalby,0,0,,,,,,caught,JJ Cobb
ball,2,17.6,Northamptonshire,RI Keogh,SP Crook,OJ Hannon-Dalby,2,0,,,,,,"",""
ball,2,18.1,Northamptonshire,SP Crook,RI Keogh,AD Thomason,1,0,,,,,,"",""
ball,2,18.2,Northamptonshire,RI Keogh,SP Crook,AD Thomason,1,0,,,,,,"",""
ball,2,18.3,Northamptonshire,SP Crook,RI Keogh,AD Thomason,0,1,1,,,,,"",""
ball,2,18.4,Northamptonshire,SP Crook,RI Keogh,AD Thomason,0,1,1,,,,,"",""
ball,2,18.5,Northamptonshire,SP Crook,RI Keogh,AD Thomason,0,0,,,,,,"",""
ball,2,18.6,Northamptonshire,SP Crook,RI Keogh,AD Thomason,2,0,,,,,,"",""
ball,2,18.7,Northamptonshire,SP Crook,RI Keogh,AD Thomason,1,0,,,,,,"",""
ball,2,18.8,Northamptonshire,RI Keogh,SP Crook,AD Thomason,1,0,,,,,,"",""
ball,2,19.1,Northamptonshire,RI Keogh,SP Crook,GD Elliott,1,0,,,,,,"",""
ball,2,19.2,Northamptonshire,SP Crook,RI Keogh,GD Elliott,0,0,,,,,,caught,SP Crook
ball,2,19.3,Northamptonshire,RI Keogh,RK Kleinveldt,GD Elliott,2,0,,,,,,"",""
ball,2,19.4,Northamptonshire,RI Keogh,RK Kleinveldt,GD Elliott,1,0,,,,,,"",""
ball,2,19.5,Northamptonshire,RK Kleinveldt,RI Keogh,GD Elliott,1,0,,,,,,"",""
ball,2,19.6,Northamptonshire,RI Keogh,RK Kleinveldt,GD Elliott,4,0,,,,,,"",""
