version,1.6.0
info,balls_per_over,6
info,team,Glamorgan
info,team,Somerset
info,gender,male
info,season,2017
info,date,2017/07/15
info,event,NatWest T20 Blast
info,venue,Sophia Gardens
info,city,Cardiff
info,toss_winner,Somerset
info,toss_decision,field
info,umpire,GD Lloyd
info,umpire,RT Robinson
info,tv_umpire,SJ O'Shaughnessy
info,outcome,no result
info,player,Glamorgan,AHT Donald
info,player,Glamorgan,DL Lloyd
info,player,Glamorgan,CA Ingram
info,player,Glamorgan,JA Rudolph
info,player,Glamorgan,AG Salter
info,player,Glamorgan,CB Cooke
info,player,Glamorgan,GG Wagg
info,player,Glamorgan,CAJ Meschede
info,player,Glamorgan,M de Lange
info,player,Glamorgan,T van der Gugten
info,player,Glamorgan,MG Hogan
info,player,Somerset,J Allenby
info,player,Somerset,SM Davies
info,player,Somerset,PD Trego
info,player,Somerset,AJ Hose
info,player,Somerset,JC Hildreth
info,player,Somerset,MA Leask
info,player,Somerset,RE van der Merwe
info,player,Somerset,L Gregory
info,player,Somerset,C Overton
info,player,Somerset,TD Groenewald
info,player,Somerset,MTC Waller
info,registry,people,AG Salter,1a45b864
info,registry,people,AHT Donald,72918338
info,registry,people,AJ Hose,104e88a4
info,registry,people,C Overton,e9987a94
info,registry,people,CA Ingram,c995d726
info,registry,people,CAJ Meschede,eddf25bd
info,registry,people,CB Cooke,6755cd5c
info,registry,people,DL Lloyd,0c7f11be
info,registry,people,GD Lloyd,36e0770d
info,registry,people,GG Wagg,450f6fa6
info,registry,people,J Allenby,7d5e0b78
info,registry,people,JA Rudolph,42537f07
info,registry,people,JC Hildreth,782c0568
info,registry,people,L Gregory,06c2de82
info,registry,people,M de Lange,d4eef961
info,registry,people,MA Leask,28131839
info,registry,people,MG Hogan,5da34add
info,registry,people,MTC Waller,d74d1090
info,registry,people,PD Trego,93e06301
info,registry,people,RE van der Merwe,05c2ca46
info,registry,people,RT Robinson,b143c87d
info,registry,people,SJ O'Shaughnessy,4d4fdf4a
info,registry,people,SM Davies,8fc65c2b
info,registry,people,T van der Gugten,d99cc23a
info,registry,people,TD Groenewald,dddc811c
ball,1,0.1,Glamorgan,AHT Donald,DL Lloyd,C Overton,1,0,,,,,,"",""
ball,1,0.2,Glamorgan,DL Lloyd,AHT Donald,C Overton,0,0,,,,,,"",""
ball,1,0.3,Glamorgan,DL Lloyd,AHT Donald,C Overton,1,0,,,,,,"",""
ball,1,0.4,Glamorgan,AHT Donald,DL Lloyd,C Overton,1,0,,,,,,"",""
ball,1,0.5,Glamorgan,DL Lloyd,AHT Donald,C Overton,0,0,,,,,,"",""
ball,1,0.6,Glamorgan,DL Lloyd,AHT Donald,C Overton,0,0,,,,,,"",""
ball,1,1.1,Glamorgan,AHT Donald,DL Lloyd,L Gregory,3,0,,,,,,"",""
ball,1,1.2,Glamorgan,DL Lloyd,AHT Donald,L Gregory,0,0,,,,,,caught,DL Lloyd
ball,1,1.3,Glamorgan,CA Ingram,AHT Donald,L Gregory,0,0,,,,,,"",""
ball,1,1.4,Glamorgan,CA Ingram,AHT Donald,L Gregory,1,0,,,,,,"",""
ball,1,1.5,Glamorgan,AHT Donald,CA Ingram,L Gregory,2,0,,,,,,"",""
ball,1,1.6,Glamorgan,AHT Donald,CA Ingram,L Gregory,3,0,,,,,,"",""
ball,1,2.1,Glamorgan,AHT Donald,CA Ingram,C Overton,0,0,,,,,,"",""
ball,1,2.2,Glamorgan,AHT Donald,CA Ingram,C Overton,0,0,,,,,,"",""
ball,1,2.3,Glamorgan,AHT Donald,CA Ingram,C Overton,0,0,,,,,,"",""
ball,1,2.4,Glamorgan,AHT Donald,CA Ingram,C Overton,4,0,,,,,,"",""
ball,1,2.5,Glamorgan,AHT Donald,CA Ingram,C Overton,0,0,,,,,,"",""
ball,1,2.6,Glamorgan,AHT Donald,CA Ingram,C Overton,6,0,,,,,,"",""
ball,1,3.1,Glamorgan,CA Ingram,AHT Donald,TD Groenewald,0,0,,,,,,"",""
ball,1,3.2,Glamorgan,CA Ingram,AHT Donald,TD Groenewald,0,0,,,,,,"",""
ball,1,3.3,Glamorgan,CA Ingram,AHT Donald,TD Groenewald,0,0,,,,,,"",""
ball,1,3.4,Glamorgan,CA Ingram,AHT Donald,TD Groenewald,4,0,,,,,,"",""
ball,1,3.5,Glamorgan,CA Ingram,AHT Donald,TD Groenewald,6,0,,,,,,"",""
ball,1,3.6,Glamorgan,CA Ingram,AHT Donald,TD Groenewald,4,0,,,,,,"",""
ball,1,4.1,Glamorgan,AHT Donald,CA Ingram,L Gregory,4,0,,,,,,"",""
ball,1,4.2,Glamorgan,AHT Donald,CA Ingram,L Gregory,0,0,,,,,,caught,AHT Donald
ball,1,4.3,Glamorgan,CA Ingram,JA Rudolph,L Gregory,2,0,,,,,,"",""
ball,1,4.4,Glamorgan,CA Ingram,JA Rudolph,L Gregory,2,0,,,,,,"",""
ball,1,4.5,Glamorgan,CA Ingram,JA Rudolph,L Gregory,0,0,,,,,,"",""
ball,1,4.6,Glamorgan,CA Ingram,JA Rudolph,L Gregory,0,6,,6,,,,"",""
ball,1,4.7,Glamorgan,CA Ingram,JA Rudolph,L Gregory,2,2,,2,,,,"",""
ball,1,4.8,Glamorgan,CA Ingram,JA Rudolph,L Gregory,4,0,,,,,,"",""
ball,1,5.1,Glamorgan,JA Rudolph,CA Ingram,J Allenby,1,0,,,,,,"",""
ball,1,5.2,Glamorgan,CA Ingram,JA Rudolph,J Allenby,1,0,,,,,,"",""
ball,1,5.3,Glamorgan,JA Rudolph,CA Ingram,J Allenby,1,0,,,,,,"",""
ball,1,5.4,Glamorgan,CA Ingram,JA Rudolph,J Allenby,4,0,,,,,,"",""
ball,1,5.5,Glamorgan,CA Ingram,JA Rudolph,J Allenby,6,0,,,,,,"",""
ball,1,5.6,Glamorgan,CA Ingram,JA Rudolph,J Allenby,2,0,,,,,,"",""
ball,1,6.1,Glamorgan,JA Rudolph,CA Ingram,TD Groenewald,1,0,,,,,,"",""
ball,1,6.2,Glamorgan,CA Ingram,JA Rudolph,TD Groenewald,1,0,,,,,,"",""
ball,1,6.3,Glamorgan,JA Rudolph,CA Ingram,TD Groenewald,0,0,,,,,,"",""
ball,1,6.4,Glamorgan,JA Rudolph,CA Ingram,TD Groenewald,1,0,,,,,,"",""
ball,1,6.5,Glamorgan,CA Ingram,JA Rudolph,TD Groenewald,0,0,,,,,,"",""
ball,1,6.6,Glamorgan,CA Ingram,JA Rudolph,TD Groenewald,0,0,,,,,,caught,CA Ingram
ball,1,7.1,Glamorgan,AG Salter,JA Rudolph,RE van der Merwe,0,0,,,,,,"",""
ball,1,7.2,Glamorgan,AG Salter,JA Rudolph,RE van der Merwe,1,0,,,,,,"",""
ball,1,7.3,Glamorgan,JA Rudolph,AG Salter,RE van der Merwe,1,0,,,,,,"",""
ball,1,7.4,Glamorgan,AG Salter,JA Rudolph,RE van der Merwe,0,0,,,,,,"",""
ball,1,7.5,Glamorgan,AG Salter,JA Rudolph,RE van der Merwe,1,0,,,,,,"",""
ball,1,7.6,Glamorgan,JA Rudolph,AG Salter,RE van der Merwe,1,0,,,,,,"",""
ball,1,8.1,Glamorgan,JA Rudolph,AG Salter,MTC Waller,4,0,,,,,,"",""
ball,1,8.2,Glamorgan,JA Rudolph,AG Salter,MTC Waller,0,0,,,,,,"",""
ball,1,8.3,Glamorgan,JA Rudolph,AG Salter,MTC Waller,1,0,,,,,,"",""
ball,1,8.4,Glamorgan,AG Salter,JA Rudolph,MTC Waller,0,1,1,,,,,"",""
ball,1,8.5,Glamorgan,AG Salter,JA Rudolph,MTC Waller,1,0,,,,,,"",""
ball,1,8.6,Glamorgan,JA Rudolph,AG Salter,MTC Waller,1,0,,,,,,"",""
ball,1,8.7,Glamorgan,AG Salter,JA Rudolph,MTC Waller,0,0,,,,,,"",""
ball,1,9.1,Glamorgan,JA Rudolph,AG Salter,RE van der Merwe,1,0,,,,,,"",""
ball,1,9.2,Glamorgan,AG Salter,JA Rudolph,RE van der Merwe,1,0,,,,,,"",""
ball,1,9.3,Glamorgan,JA Rudolph,AG Salter,RE van der Merwe,1,0,,,,,,"",""
ball,1,9.4,Glamorgan,AG Salter,JA Rudolph,RE van der Merwe,0,0,,,,,,"",""
ball,1,9.5,Glamorgan,AG Salter,JA Rudolph,RE van der Merwe,0,0,,,,,,"",""
ball,1,9.6,Glamorgan,AG Salter,JA Rudolph,RE van der Merwe,1,0,,,,,,"",""
ball,1,10.1,Glamorgan,AG Salter,JA Rudolph,MTC Waller,0,0,,,,,,caught and bowled,AG Salter
ball,1,10.2,Glamorgan,CB Cooke,JA Rudolph,MTC Waller,0,0,,,,,,"",""
ball,1,10.3,Glamorgan,CB Cooke,JA Rudolph,MTC Waller,1,0,,,,,,"",""
ball,1,10.4,Glamorgan,JA Rudolph,CB Cooke,MTC Waller,1,0,,,,,,"",""
ball,1,10.5,Glamorgan,CB Cooke,JA Rudolph,MTC Waller,0,0,,,,,,"",""
ball,1,10.6,Glamorgan,CB Cooke,JA Rudolph,MTC Waller,1,0,,,,,,"",""
ball,1,11.1,Glamorgan,CB Cooke,JA Rudolph,RE van der Merwe,1,0,,,,,,"",""
ball,1,11.2,Glamorgan,JA Rudolph,CB Cooke,RE van der Merwe,1,0,,,,,,"",""
ball,1,11.3,Glamorgan,CB Cooke,JA Rudolph,RE van der Merwe,4,0,,,,,,"",""
ball,1,11.4,Glamorgan,CB Cooke,JA Rudolph,RE van der Merwe,1,0,,,,,,"",""
ball,1,11.5,Glamorgan,JA Rudolph,CB Cooke,RE van der Merwe,1,0,,,,,,"",""
ball,1,11.6,Glamorgan,CB Cooke,JA Rudolph,RE van der Merwe,1,0,,,,,,"",""
ball,1,12.1,Glamorgan,CB Cooke,JA Rudolph,MTC Waller,1,0,,,,,,"",""
ball,1,12.2,Glamorgan,JA Rudolph,CB Cooke,MTC Waller,2,0,,,,,,"",""
ball,1,12.3,Glamorgan,JA Rudolph,CB Cooke,MTC Waller,4,0,,,,,,"",""
ball,1,12.4,Glamorgan,JA Rudolph,CB Cooke,MTC Waller,6,0,,,,,,"",""
ball,1,12.5,Glamorgan,JA Rudolph,CB Cooke,MTC Waller,1,0,,,,,,"",""
ball,1,12.6,Glamorgan,CB Cooke,JA Rudolph,MTC Waller,4,0,,,,,,"",""
ball,1,13.1,Glamorgan,JA Rudolph,CB Cooke,RE van der Merwe,1,0,,,,,,"",""
ball,1,13.2,Glamorgan,CB Cooke,JA Rudolph,RE van der Merwe,1,0,,,,,,"",""
ball,1,13.3,Glamorgan,JA Rudolph,CB Cooke,RE van der Merwe,4,0,,,,,,"",""
ball,1,13.4,Glamorgan,JA Rudolph,CB Cooke,RE van der Merwe,0,1,,,,1,,"",""
ball,1,13.5,Glamorgan,CB Cooke,JA Rudolph,RE van der Merwe,4,0,,,,,,"",""
ball,1,13.6,Glamorgan,CB Cooke,JA Rudolph,RE van der Merwe,2,0,,,,,,"",""
ball,1,14.1,Glamorgan,JA Rudolph,CB Cooke,TD Groenewald,6,0,,,,,,"",""
ball,1,14.2,Glamorgan,JA Rudolph,CB Cooke,TD Groenewald,3,0,,,,,,"",""
ball,1,14.3,Glamorgan,CB Cooke,JA Rudolph,TD Groenewald,0,0,,,,,,caught,CB Cooke
ball,1,14.4,Glamorgan,JA Rudolph,GG Wagg,TD Groenewald,2,0,,,,,,"",""
ball,1,14.5,Glamorgan,JA Rudolph,GG Wagg,TD Groenewald,1,0,,,,,,"",""
ball,1,14.6,Glamorgan,GG Wagg,JA Rudolph,TD Groenewald,0,0,,,,,,"",""
ball,1,15.1,Glamorgan,JA Rudolph,GG Wagg,C Overton,4,0,,,,,,"",""
ball,1,15.2,Glamorgan,JA Rudolph,GG Wagg,C Overton,4,0,,,,,,"",""
ball,1,15.3,Glamorgan,JA Rudolph,GG Wagg,C Overton,0,0,,,,,,"",""
ball,1,15.4,Glamorgan,JA Rudolph,GG Wagg,C Overton,2,0,,,,,,"",""
ball,1,15.5,Glamorgan,JA Rudolph,GG Wagg,C Overton,1,0,,,,,,"",""
ball,1,15.6,Glamorgan,GG Wagg,JA Rudolph,C Overton,0,0,,,,,,"",""
ball,1,16.1,Glamorgan,JA Rudolph,GG Wagg,L Gregory,0,0,,,,,,"",""
ball,1,16.2,Glamorgan,JA Rudolph,GG Wagg,L Gregory,1,0,,,,,,"",""
ball,1,16.3,Glamorgan,GG Wagg,JA Rudolph,L Gregory,4,0,,,,,,"",""
ball,1,16.4,Glamorgan,GG Wagg,JA Rudolph,L Gregory,1,0,,,,,,"",""
ball,1,16.5,Glamorgan,JA Rudolph,GG Wagg,L Gregory,4,0,,,,,,"",""
ball,1,16.6,Glamorgan,JA Rudolph,GG Wagg,L Gregory,1,0,,,,,,"",""
ball,1,17.1,Glamorgan,JA Rudolph,GG Wagg,TD Groenewald,1,0,,,,,,"",""
ball,1,17.2,Glamorgan,GG Wagg,JA Rudolph,TD Groenewald,1,0,,,,,,"",""
