version,1.6.0
info,balls_per_over,6
info,team,Surrey
info,team,Warwickshire
info,gender,male
info,season,2017
info,date,2017/08/25
info,event,NatWest T20 Blast
info,venue,Kennington Oval
info,city,London
info,toss_winner,Warwickshire
info,toss_decision,field
info,player_of_match,GD Elliott
info,umpire,RT Robinson
info,umpire,MJ Saggers
info,tv_umpire,JW Lloyds
info,winner,Warwickshire
info,winner_wickets,6
info,player,Surrey,JJ Roy
info,player,Surrey,AJ Finch
info,player,Surrey,MC Henriques
info,player,Surrey,OJ Pope
info,player,Surrey,R Clarke
info,player,Surrey,SM Curran
info,player,Surrey,BT Foakes
info,player,Surrey,SG Borthwick
info,player,Surrey,GJ Batty
info,player,Surrey,SC Meaker
info,player,Surrey,JW Dernbach
info,player,Warwickshire,EJ Pollock
info,player,Warwickshire,DP Sibley
info,player,Warwickshire,AJ Hose
info,player,Warwickshire,SR Hain
info,player,Warwickshire,GD Elliott
info,player,Warwickshire,C de Grandhomme
info,player,Warwickshire,AD Thomason
info,player,Warwickshire,TR Ambrose
info,player,Warwickshire,JS Patel
info,player,Warwickshire,OP Stone
info,player,Warwickshire,OJ Hannon-Dalby
info,registry,people,AD Thomason,0c5bb005
info,registry,people,AJ Finch,b8d490fd
info,registry,people,AJ Hose,104e88a4
info,registry,people,BT Foakes,fd770945
info,registry,people,C de Grandhomme,94d7f855
info,registry,people,DP Sibley,97e434a6
info,registry,people,EJ Pollock,d6663a9a
info,registry,people,GD Elliott,c03449e0
info,registry,people,GJ Batty,5ac8f17b
info,registry,people,JJ Roy,d1c36f5c
info,registry,people,JS Patel,f5821615
info,registry,people,JW Dernbach,7be8a0ed
info,registry,people,JW Lloyds,112b8472
info,registry,people,MC Henriques,32198ae0
info,registry,people,MJ Saggers,402d5937
info,registry,people,OJ Hannon-Dalby,e0ac7144
info,registry,people,OJ Pope,e94bc520
info,registry,people,OP Stone,3f659464
info,registry,people,R Clarke,8728a058
info,registry,people,RJ Burns,29e8a62e
info,registry,people,RT Robinson,b143c87d
info,registry,people,SC Meaker,eb9cb105
info,registry,people,SG Borthwick,51e1ed69
info,registry,people,SM Curran,e94915e6
info,registry,people,SR Hain,67b9536c
info,registry,people,TR Ambrose,a15aaa7f
ball,1,0.1,Surrey,JJ Roy,AJ Finch,DP Sibley,2,0,,,,,,"",""
ball,1,0.2,Surrey,JJ Roy,AJ Finch,DP Sibley,4,0,,,,,,"",""
ball,1,0.3,Surrey,JJ Roy,AJ Finch,DP Sibley,0,0,,,,,,"",""
ball,1,0.4,Surrey,JJ Roy,AJ Finch,DP Sibley,0,0,,,,,,"",""
ball,1,0.5,Surrey,JJ Roy,AJ Finch,DP Sibley,4,0,,,,,,"",""
ball,1,0.6,Surrey,JJ Roy,AJ Finch,DP Sibley,1,0,,,,,,"",""
ball,1,1.1,Surrey,JJ Roy,AJ Finch,OP Stone,2,0,,,,,,"",""
ball,1,1.2,Surrey,JJ Roy,AJ Finch,OP Stone,1,0,,,,,,"",""
ball,1,1.3,Surrey,AJ Finch,JJ Roy,OP Stone,1,0,,,,,,"",""
ball,1,1.4,Surrey,JJ Roy,AJ Finch,OP Stone,1,0,,,,,,"",""
ball,1,1.5,Surrey,AJ Finch,JJ Roy,OP Stone,0,4,,,4,,,"",""
ball,1,1.6,Surrey,AJ Finch,JJ Roy,OP Stone,4,0,,,,,,"",""
ball,1,2.1,Surrey,JJ Roy,AJ Finch,OJ Hannon-Dalby,2,0,,,,,,"",""
ball,1,2.2,Surrey,JJ Roy,AJ Finch,OJ Hannon-Dalby,6,0,,,,,,"",""
ball,1,2.3,Surrey,JJ Roy,AJ Finch,OJ Hannon-Dalby,0,0,,,,,,"",""
ball,1,2.4,Surrey,JJ Roy,AJ Finch,OJ Hannon-Dalby,4,0,,,,,,"",""
ball,1,2.5,Surrey,JJ Roy,AJ Finch,OJ Hannon-Dalby,0,0,,,,,,"",""
ball,1,2.6,Surrey,JJ Roy,AJ Finch,OJ Hannon-Dalby,0,0,,,,,,"",""
ball,1,3.1,Surrey,AJ Finch,JJ Roy,OP Stone,0,0,,,,,,"",""
ball,1,3.2,Surrey,AJ Finch,JJ Roy,OP Stone,0,0,,,,,,"",""
ball,1,3.3,Surrey,AJ Finch,JJ Roy,OP Stone,0,0,,,,,,"",""
ball,1,3.4,Surrey,AJ Finch,JJ Roy,OP Stone,4,0,,,,,,"",""
ball,1,3.5,Surrey,AJ Finch,JJ Roy,OP Stone,6,0,,,,,,"",""
ball,1,3.6,Surrey,AJ Finch,JJ Roy,OP Stone,1,0,,,,,,"",""
ball,1,4.1,Surrey,AJ Finch,JJ Roy,OJ Hannon-Dalby,0,0,,,,,,"",""
ball,1,4.2,Surrey,AJ Finch,JJ Roy,OJ Hannon-Dalby,0,0,,,,,,"",""
ball,1,4.3,Surrey,AJ Finch,JJ Roy,OJ Hannon-Dalby,4,0,,,,,,"",""
ball,1,4.4,Surrey,AJ Finch,JJ Roy,OJ Hannon-Dalby,1,0,,,,,,"",""
ball,1,4.5,Surrey,JJ Roy,AJ Finch,OJ Hannon-Dalby,4,0,,,,,,"",""
ball,1,4.6,Surrey,JJ Roy,AJ Finch,OJ Hannon-Dalby,2,0,,,,,,"",""
ball,1,5.1,Surrey,AJ Finch,JJ Roy,JS Patel,6,0,,,,,,"",""
ball,1,5.2,Surrey,AJ Finch,JJ Roy,JS Patel,0,0,,,,,,"",""
ball,1,5.3,Surrey,AJ Finch,JJ Roy,JS Patel,0,0,,,,,,"",""
ball,1,5.4,Surrey,AJ Finch,JJ Roy,JS Patel,1,0,,,,,,"",""
ball,1,5.5,Surrey,JJ Roy,AJ Finch,JS Patel,6,0,,,,,,"",""
ball,1,5.6,Surrey,JJ Roy,AJ Finch,JS Patel,4,0,,,,,,"",""
ball,1,6.1,Surrey,AJ Finch,JJ Roy,GD Elliott,4,0,,,,,,"",""
ball,1,6.2,Surrey,AJ Finch,JJ Roy,GD Elliott,1,0,,,,,,"",""
ball,1,6.3,Surrey,JJ Roy,AJ Finch,GD Elliott,1,0,,,,,,"",""
ball,1,6.4,Surrey,AJ Finch,JJ Roy,GD Elliott,1,0,,,,,,"",""
ball,1,6.5,Surrey,JJ Roy,AJ Finch,GD Elliott,0,0,,,,,,"",""
ball,1,6.6,Surrey,JJ Roy,AJ Finch,GD Elliott,1,0,,,,,,"",""
ball,1,7.1,Surrey,JJ Roy,AJ Finch,AD Thomason,6,0,,,,,,"",""
ball,1,7.2,Surrey,JJ Roy,AJ Finch,AD Thomason,0,0,,,,,,"",""
ball,1,7.3,Surrey,JJ Roy,AJ Finch,AD Thomason,1,0,,,,,,"",""
ball,1,7.4,Surrey,AJ Finch,JJ Roy,AD Thomason,0,0,,,,,,"",""
ball,1,7.5,Surrey,AJ Finch,JJ Roy,AD Thomason,0,0,,,,,,"",""
ball,1,7.6,Surrey,AJ Finch,JJ Roy,AD Thomason,0,0,,,,,,"",""
ball,1,8.1,Surrey,JJ Roy,AJ Finch,GD Elliott,0,0,,,,,,"",""
ball,1,8.2,Surrey,JJ Roy,AJ Finch,GD Elliott,1,0,,,,,,"",""
ball,1,8.3,Surrey,AJ Finch,JJ Roy,GD Elliott,1,0,,,,,,"",""
ball,1,8.4,Surrey,JJ Roy,AJ Finch,GD Elliott,1,0,,,,,,"",""
ball,1,8.5,Surrey,AJ Finch,JJ Roy,GD Elliott,4,0,,,,,,"",""
ball,1,8.6,Surrey,AJ Finch,JJ Roy,GD Elliott,0,1,,,,1,,"",""
ball,1,9.1,Surrey,AJ Finch,JJ Roy,AD Thomason,0,0,,,,,,caught,AJ Finch
ball,1,9.2,Surrey,JJ Roy,MC Henriques,AD Thomason,1,0,,,,,,"",""
ball,1,9.3,Surrey,MC Henriques,JJ Roy,AD Thomason,2,0,,,,,,"",""
ball,1,9.4,Surrey,MC Henriques,JJ Roy,AD Thomason,1,0,,,,,,"",""
ball,1,9.5,Surrey,JJ Roy,MC Henriques,AD Thomason,1,0,,,,,,"",""
ball,1,9.6,Surrey,MC Henriques,JJ Roy,AD Thomason,1,2,,2,,,,"",""
ball,1,9.7,Surrey,JJ Roy,MC Henriques,AD Thomason,6,0,,,,,,"",""
ball,1,10.1,Surrey,MC Henriques,JJ Roy,C de Grandhomme,1,0,,,,,,"",""
ball,1,10.2,Surrey,JJ Roy,MC Henriques,C de Grandhomme,0,1,1,,,,,"",""
ball,1,10.3,Surrey,JJ Roy,MC Henriques,C de Grandhomme,1,0,,,,,,"",""
ball,1,10.4,Surrey,MC Henriques,JJ Roy,C de Grandhomme,1,0,,,,,,"",""
ball,1,10.5,Surrey,JJ Roy,MC Henriques,C de Grandhomme,0,1,1,,,,,"",""
ball,1,10.6,Surrey,JJ Roy,MC Henriques,C de Grandhomme,4,0,,,,,,"",""
ball,1,10.7,Surrey,JJ Roy,MC Henriques,C de Grandhomme,1,0,,,,,,"",""
ball,1,10.8,Surrey,MC Henriques,JJ Roy,C de Grandhomme,1,0,,,,,,"",""
ball,1,11.1,Surrey,MC Henriques,JJ Roy,OP Stone,1,0,,,,,,"",""
ball,1,11.2,Surrey,JJ Roy,MC Henriques,OP Stone,4,0,,,,,,"",""
ball,1,11.3,Surrey,JJ Roy,MC Henriques,OP Stone,1,0,,,,,,"",""
ball,1,11.4,Surrey,MC Henriques,JJ Roy,OP Stone,0,0,,,,,,"",""
ball,1,11.5,Surrey,MC Henriques,JJ Roy,OP Stone,0,1,,,1,,,"",""
ball,1,11.6,Surrey,JJ Roy,MC Henriques,OP Stone,1,0,,,,,,"",""
ball,1,12.1,Surrey,JJ Roy,MC Henriques,JS Patel,0,1,1,,,,,"",""
ball,1,12.2,Surrey,JJ Roy,MC Henriques,JS Patel,0,0,,,,,,lbw,JJ Roy
ball,1,12.3,Surrey,OJ Pope,MC Henriques,JS Patel,1,0,,,,,,"",""
ball,1,12.4,Surrey,MC Henriques,OJ Pope,JS Patel,1,0,,,,,,"",""
ball,1,12.5,Surrey,OJ Pope,MC Henriques,JS Patel,1,0,,,,,,"",""
ball,1,12.6,Surrey,MC Henriques,OJ Pope,JS Patel,6,0,,,,,,"",""
ball,1,12.7,Surrey,MC Henriques,OJ Pope,JS Patel,1,0,,,,,,"",""
ball,1,13.1,Surrey,MC Henriques,OJ Pope,C de Grandhomme,0,1,1,,,,,"",""
ball,1,13.2,Surrey,MC Henriques,OJ Pope,C de Grandhomme,1,0,,,,,,"",""
ball,1,13.3,Surrey,OJ Pope,MC Henriques,C de Grandhomme,1,0,,,,,,"",""
ball,1,13.4,Surrey,MC Henriques,OJ Pope,C de Grandhomme,4,0,,,,,,"",""
ball,1,13.5,Surrey,MC Henriques,OJ Pope,C de Grandhomme,2,0,,,,,,"",""
ball,1,13.6,Surrey,MC Henriques,OJ Pope,C de Grandhomme,1,0,,,,,,"",""
ball,1,13.7,Surrey,OJ Pope,MC Henriques,C de Grandhomme,2,0,,,,,,"",""
ball,1,14.1,Surrey,MC Henriques,OJ Pope,JS Patel,1,0,,,,,,"",""
ball,1,14.2,Surrey,OJ Pope,MC Henriques,JS Patel,1,0,,,,,,"",""
ball,1,14.3,Surrey,MC Henriques,OJ Pope,JS Patel,0,0,,,,,,"",""
ball,1,14.4,Surrey,MC Henriques,OJ Pope,JS Patel,0,1,1,,,,,"",""
ball,1,14.5,Surrey,MC Henriques,OJ Pope,JS Patel,1,0,,,,,,"",""
ball,1,14.6,Surrey,OJ Pope,MC Henriques,JS Patel,0,0,,,,,,"",""
ball,1,14.7,Surrey,OJ Pope,MC Henriques,JS Patel,1,0,,,,,,"",""
ball,1,15.1,Surrey,OJ Pope,MC Henriques,OJ Hannon-Dalby,1,0,,,,,,"",""
ball,1,15.2,Surrey,MC Henriques,OJ Pope,OJ Hannon-Dalby,0,0,,,,,,"",""
ball,1,15.3,Surrey,MC Henriques,OJ Pope,OJ Hannon-Dalby,6,0,,,,,,"",""
ball,1,15.4,Surrey,MC Henriques,OJ Pope,OJ Hannon-Dalby,0,0,,,,,,"",""
ball,1,15.5,Surrey,MC Henriques,OJ Pope,OJ Hannon-Dalby,1,0,,,,,,"",""
ball,1,15.6,Surrey,OJ Pope,MC Henriques,OJ Hannon-Dalby,0,0,,,,,,caught,OJ Pope
ball,1,16.1,Surrey,R Clarke,MC Henriques,JS Patel,0,0,,,,,,"",""
ball,1,16.2,Surrey,R Clarke,MC Henriques,JS Patel,0,0,,,,,,"",""
ball,1,16.3,Surrey,R Clarke,MC Henriques,JS Patel,0,0,,,,,,"",""
ball,1,16.4,Surrey,R Clarke,MC Henriques,JS Patel,0,0,,,,,,"",""
ball,1,16.5,Surrey,R Clarke,MC Henriques,JS Patel,4,0,,,,,,"",""
ball,1,16.6,Surrey,R Clarke,MC Henriques,JS Patel,2,0,,,,,,"",""
ball,1,17.1,Surrey,MC Henriques,R Clarke,AD Thomason,0,0,,,,,,"",""
ball,1,17.2,Surrey,MC Henriques,R Clarke,AD Thomason,1,0,,,,,,"",""
ball,1,17.3,Surrey,R Clarke,MC Henriques,AD Thomason,0,0,,,,,,lbw,R Clarke
ball,1,17.4,Surrey,SM Curran,MC Henriques,AD Thomason,1,0,,,,,,"",""
ball,1,17.5,Surrey,MC Henriques,SM Curran,AD Thomason,2,0,,,,,,"",""
ball,1,17.6,Surrey,MC Henriques,SM Curran,AD Thomason,1,0,,,,,,"",""
ball,1,18.1,Surrey,MC Henriques,SM Curran,OJ Hannon-Dalby,2,0,,,,,,"",""
ball,1,18.2,Surrey,MC Henriques,SM Curran,OJ Hannon-Dalby,1,0,,,,,,"",""
ball,1,18.3,Surrey,SM Curran,MC Henriques,OJ Hannon-Dalby,0,0,,,,,,"",""
ball,1,18.4,Surrey,SM Curran,MC Henriques,OJ Hannon-Dalby,1,0,,,,,,"",""
ball,1,18.5,Surrey,MC Henriques,SM Curran,OJ Hannon-Dalby,1,0,,,,,,"",""
ball,1,18.6,Surrey,SM Curran,MC Henriques,OJ Hannon-Dalby,0,0,,,,,,caught,SM Curran
ball,1,19.1,Surrey,BT Foakes,MC Henriques,OP Stone,4,0,,,,,,"",""
ball,1,19.2,Surrey,BT Foakes,MC Henriques,OP Stone,1,0,,,,,,"",""
ball,1,19.3,Surrey,MC Henriques,BT Foakes,OP Stone,6,0,,,,,,"",""
ball,1,19.4,Surrey,MC Henriques,BT Foakes,OP Stone,1,0,,,,,,"",""
ball,1,19.5,Surrey,BT Foakes,MC Henriques,OP Stone,4,0,,,,,,"",""
ball,1,19.6,Surrey,BT Foakes,MC Henriques,OP Stone,2,2,,2,,,,"",""
ball,1,19.7,Surrey,BT Foakes,MC Henriques,OP Stone,1,0,,,,,,"",""
ball,2,0.1,Warwickshire,EJ Pollock,DP Sibley,JW Dernbach,4,0,,,,,,"",""
ball,2,0.2,Warwickshire,EJ Pollock,DP Sibley,JW Dernbach,6,0,,,,,,"",""
ball,2,0.3,Warwickshire,EJ Pollock,DP Sibley,JW Dernbach,0,0,,,,,,"",""
ball,2,0.4,Warwickshire,EJ Pollock,DP Sibley,JW Dernbach,2,0,,,,,,"",""
ball,2,0.5,Warwickshire,EJ Pollock,DP Sibley,JW Dernbach,1,0,,,,,,"",""
ball,2,0.6,Warwickshire,DP Sibley,EJ Pollock,JW Dernbach,0,0,,,,,,"",""
ball,2,1.1,Warwickshire,EJ Pollock,DP Sibley,SM Curran,4,0,,,,,,"",""
ball,2,1.2,Warwickshire,EJ Pollock,DP Sibley,SM Curran,1,0,,,,,,"",""
ball,2,1.3,Warwickshire,DP Sibley,EJ Pollock,SM Curran,0,0,,,,,,"",""
ball,2,1.4,Warwickshire,DP Sibley,EJ Pollock,SM Curran,0,0,,,,,,"",""
ball,2,1.5,Warwickshire,DP Sibley,EJ Pollock,SM Curran,4,0,,,,,,"",""
ball,2,1.6,Warwickshire,DP Sibley,EJ Pollock,SM Curran,0,0,,,,,,"",""
ball,2,2.1,Warwickshire,EJ Pollock,DP Sibley,R Clarke,6,0,,,,,,"",""
ball,2,2.2,Warwickshire,EJ Pollock,DP Sibley,R Clarke,0,1,1,,,,,"",""
ball,2,2.3,Warwickshire,EJ Pollock,DP Sibley,R Clarke,0,0,,,,,,"",""
ball,2,2.4,Warwickshire,EJ Pollock,DP Sibley,R Clarke,0,0,,,,,,bowled,EJ Pollock
ball,2,2.5,Warwickshire,AJ Hose,DP Sibley,R Clarke,1,0,,,,,,"",""
ball,2,2.6,Warwickshire,DP Sibley,AJ Hose,R Clarke,1,0,,,,,,"",""
ball,2,2.7,Warwickshire,AJ Hose,DP Sibley,R Clarke,2,0,,,,,,"",""
ball,2,3.1,Warwickshire,DP Sibley,AJ Hose,SM Curran,0,1,,,,1,,"",""
ball,2,3.2,Warwickshire,AJ Hose,DP Sibley,SM Curran,3,0,,,,,,"",""
ball,2,3.3,Warwickshire,DP Sibley,AJ Hose,SM Curran,0,0,,,,,,"",""
ball,2,3.4,Warwickshire,DP Sibley,AJ Hose,SM Curran,0,0,,,,,,"",""
ball,2,3.5,Warwickshire,DP Sibley,AJ Hose,SM Curran,0,0,,,,,,"",""
ball,2,3.6,Warwickshire,DP Sibley,AJ Hose,SM Curran,1,0,,,,,,"",""
ball,2,4.1,Warwickshire,DP Sibley,AJ Hose,R Clarke,1,0,,,,,,"",""
ball,2,4.2,Warwickshire,AJ Hose,DP Sibley,R Clarke,6,0,,,,,,"",""
ball,2,4.3,Warwickshire,AJ Hose,DP Sibley,R Clarke,0,0,,,,,,"",""
ball,2,4.4,Warwickshire,AJ Hose,DP Sibley,R Clarke,6,0,,,,,,"",""
ball,2,4.5,Warwickshire,AJ Hose,DP Sibley,R Clarke,4,0,,,,,,"",""
ball,2,4.6,Warwickshire,AJ Hose,DP Sibley,R Clarke,4,0,,,,,,"",""
ball,2,5.1,Warwickshire,DP Sibley,AJ Hose,JW Dernbach,0,0,,,,,,caught,DP Sibley
ball,2,5.2,Warwickshire,SR Hain,AJ Hose,JW Dernbach,4,0,,,,,,"",""
ball,2,5.3,Warwickshire,SR Hain,AJ Hose,JW Dernbach,6,0,,,,,,"",""
ball,2,5.4,Warwickshire,SR Hain,AJ Hose,JW Dernbach,0,0,,,,,,"",""
ball,2,5.5,Warwickshire,SR Hain,AJ Hose,JW Dernbach,1,0,,,,,,"",""
ball,2,5.6,Warwickshire,AJ Hose,SR Hain,JW Dernbach,0,1,1,,,,,"",""
ball,2,5.7,Warwickshire,AJ Hose,SR Hain,JW Dernbach,0,0,,,,,,"",""
ball,2,6.1,Warwickshire,SR Hain,AJ Hose,GJ Batty,1,0,,,,,,"",""
ball,2,6.2,Warwickshire,AJ Hose,SR Hain,GJ Batty,2,0,,,,,,"",""
ball,2,6.3,Warwickshire,AJ Hose,SR Hain,GJ Batty,6,0,,,,,,"",""
ball,2,6.4,Warwickshire,AJ Hose,SR Hain,GJ Batty,0,0,,,,,,"",""
ball,2,6.5,Warwickshire,AJ Hose,SR Hain,GJ Batty,0,0,,,,,,"",""
ball,2,6.6,Warwickshire,AJ Hose,SR Hain,GJ Batty,2,0,,,,,,"",""
ball,2,7.1,Warwickshire,SR Hain,AJ Hose,SC Meaker,1,0,,,,,,"",""
ball,2,7.2,Warwickshire,AJ Hose,SR Hain,SC Meaker,0,1,1,,,,,"",""
ball,2,7.3,Warwickshire,AJ Hose,SR Hain,SC Meaker,0,0,,,,,,caught,AJ Hose
ball,2,7.4,Warwickshire,GD Elliott,SR Hain,SC Meaker,1,0,,,,,,"",""
ball,2,7.5,Warwickshire,SR Hain,GD Elliott,SC Meaker,1,0,,,,,,"",""
ball,2,7.6,Warwickshire,GD Elliott,SR Hain,SC Meaker,2,0,,,,,,"",""
ball,2,7.7,Warwickshire,GD Elliott,SR Hain,SC Meaker,0,0,,,,,,"",""
ball,2,8.1,Warwickshire,SR Hain,GD Elliott,GJ Batty,0,1,1,,,,,"",""
ball,2,8.2,Warwickshire,SR Hain,GD Elliott,GJ Batty,1,0,,,,,,"",""
ball,2,8.3,Warwickshire,GD Elliott,SR Hain,GJ Batty,1,0,,,,,,"",""
ball,2,8.4,Warwickshire,SR Hain,GD Elliott,GJ Batty,1,0,,,,,,"",""
ball,2,8.5,Warwickshire,GD Elliott,SR Hain,GJ Batty,0,0,,,,,,"",""
ball,2,8.6,Warwickshire,GD Elliott,SR Hain,GJ Batty,1,0,,,,,,"",""
ball,2,8.7,Warwickshire,SR Hain,GD Elliott,GJ Batty,2,0,,,,,,"",""
ball,2,9.1,Warwickshire,GD Elliott,SR Hain,SC Meaker,1,0,,,,,,"",""
ball,2,9.2,Warwickshire,SR Hain,GD Elliott,SC Meaker,0,0,,,,,,"",""
ball,2,9.3,Warwickshire,SR Hain,GD Elliott,SC Meaker,1,0,,,,,,"",""
ball,2,9.4,Warwickshire,GD Elliott,SR Hain,SC Meaker,4,0,,,,,,"",""
ball,2,9.5,Warwickshire,GD Elliott,SR Hain,SC Meaker,4,0,,,,,,"",""
ball,2,9.6,Warwickshire,GD Elliott,SR Hain,SC Meaker,6,0,,,,,,"",""
ball,2,10.1,Warwickshire,SR Hain,GD Elliott,GJ Batty,1,0,,,,,,"",""
ball,2,10.2,Warwickshire,GD Elliott,SR Hain,GJ Batty,0,0,,,,,,"",""
ball,2,10.3,Warwickshire,GD Elliott,SR Hain,GJ Batty,1,0,,,,,,"",""
ball,2,10.4,Warwickshire,SR Hain,GD Elliott,GJ Batty,1,0,,,,,,"",""
ball,2,10.5,Warwickshire,GD Elliott,SR Hain,GJ Batty,4,0,,,,,,"",""
ball,2,10.6,Warwickshire,GD Elliott,SR Hain,GJ Batty,0,0,,,,,,"",""
ball,2,11.1,Warwickshire,SR Hain,GD Elliott,MC Henriques,0,0,,,,,,"",""
ball,2,11.2,Warwickshire,SR Hain,GD Elliott,MC Henriques,1,0,,,,,,"",""
ball,2,11.3,Warwickshire,GD Elliott,SR Hain,MC Henriques,0,0,,,,,,"",""
ball,2,11.4,Warwickshire,GD Elliott,SR Hain,MC Henriques,4,0,,,,,,"",""
ball,2,11.5,Warwickshire,GD Elliott,SR Hain,MC Henriques,6,0,,,,,,"",""
ball,2,11.6,Warwickshire,GD Elliott,SR Hain,MC Henriques,0,0,,,,,,"",""
ball,2,12.1,Warwickshire,SR Hain,GD Elliott,R Clarke,2,0,,,,,,"",""
ball,2,12.2,Warwickshire,SR Hain,GD Elliott,R Clarke,1,0,,,,,,"",""
ball,2,12.3,Warwickshire,GD Elliott,SR Hain,R Clarke,6,0,,,,,,"",""
ball,2,12.4,Warwickshire,GD Elliott,SR Hain,R Clarke,1,0,,,,,,"",""
ball,2,12.5,Warwickshire,SR Hain,GD Elliott,R Clarke,4,0,,,,,,"",""
ball,2,12.6,Warwickshire,SR Hain,GD Elliott,R Clarke,0,0,,,,,,caught,SR Hain
ball,2,13.1,Warwickshire,GD Elliott,C de Grandhomme,SC Meaker,0,0,,,,,,"",""
ball,2,13.2,Warwickshire,GD Elliott,C de Grandhomme,SC Meaker,4,0,,,,,,"",""
ball,2,13.3,Warwickshire,GD Elliott,C de Grandhomme,SC Meaker,1,0,,,,,,"",""
ball,2,13.4,Warwickshire,C de Grandhomme,GD Elliott,SC Meaker,0,1,1,,,,,"",""
ball,2,13.5,Warwickshire,C de Grandhomme,GD Elliott,SC Meaker,1,0,,,,,,"",""
ball,2,13.6,Warwickshire,GD Elliott,C de Grandhomme,SC Meaker,0,0,,,,,,"",""
ball,2,13.7,Warwickshire,GD Elliott,C de Grandhomme,SC Meaker,0,0,,,,,,"",""
ball,2,14.1,Warwickshire,C de Grandhomme,GD Elliott,SM Curran,4,0,,,,,,"",""
ball,2,14.2,Warwickshire,C de Grandhomme,GD Elliott,SM Curran,1,0,,,,,,"",""
ball,2,14.3,Warwickshire,GD Elliott,C de Grandhomme,SM Curran,1,0,,,,,,"",""
ball,2,14.4,Warwickshire,C de Grandhomme,GD Elliott,SM Curran,0,1,1,,,,,"",""
ball,2,14.5,Warwickshire,C de Grandhomme,GD Elliott,SM Curran,0,1,1,,,,,"",""
ball,2,14.6,Warwickshire,C de Grandhomme,GD Elliott,SM Curran,1,0,,,,,,"",""
ball,2,14.7,Warwickshire,GD Elliott,C de Grandhomme,SM Curran,1,0,,,,,,"",""
ball,2,14.8,Warwickshire,C de Grandhomme,GD Elliott,SM Curran,0,0,,,,,,"",""
ball,2,15.1,Warwickshire,GD Elliott,C de Grandhomme,SC Meaker,1,0,,,,,,"",""
ball,2,15.2,Warwickshire,C de Grandhomme,GD Elliott,SC Meaker,1,0,,,,,,"",""
ball,2,15.3,Warwickshire,GD Elliott,C de Grandhomme,SC Meaker,0,2,,2,,,,"",""
ball,2,15.4,Warwickshire,GD Elliott,C de Grandhomme,SC Meaker,2,0,,,,,,"",""
ball,2,15.5,Warwickshire,GD Elliott,C de Grandhomme,SC Meaker,1,0,,,,,,"",""
ball,2,15.6,Warwickshire,C de Grandhomme,GD Elliott,SC Meaker,0,0,,,,,,"",""
ball,2,15.7,Warwickshire,C de Grandhomme,GD Elliott,SC Meaker,1,0,,,,,,"",""
ball,2,16.1,Warwickshire,C de Grandhomme,GD Elliott,JW Dernbach,2,0,,,,,,"",""
ball,2,16.2,Warwickshire,C de Grandhomme,GD Elliott,JW Dernbach,4,0,,,,,,"",""
ball,2,16.3,Warwickshire,C de Grandhomme,GD Elliott,JW Dernbach,2,0,,,,,,"",""
ball,2,16.4,Warwickshire,C de Grandhomme,GD Elliott,JW Dernbach,4,0,,,,,,"",""
ball,2,16.5,Warwickshire,C de Grandhomme,GD Elliott,JW Dernbach,4,0,,,,,,"",""
ball,2,16.6,Warwickshire,C de Grandhomme,GD Elliott,JW Dernbach,0,1,1,,,,,"",""
ball,2,16.7,Warwickshire,C de Grandhomme,GD Elliott,JW Dernbach,0,1,,,,1,,"",""
ball,2,17.1,Warwickshire,C de Grandhomme,GD Elliott,SM Curran,1,0,,,,,,"",""
ball,2,17.2,Warwickshire,GD Elliott,C de Grandhomme,SM Curran,0,0,,,,,,"",""
ball,2,17.3,Warwickshire,GD Elliott,C de Grandhomme,SM Curran,1,0,,,,,,"",""
ball,2,17.4,Warwickshire,C de Grandhomme,GD Elliott,SM Curran,0,0,,,,,,"",""
ball,2,17.5,Warwickshire,C de Grandhomme,GD Elliott,SM Curran,1,0,,,,,,"",""
ball,2,17.6,Warwickshire,GD Elliott,C de Grandhomme,SM Curran,1,0,,,,,,"",""
ball,2,18.1,Warwickshire,GD Elliott,C de Grandhomme,JW Dernbach,1,0,,,,,,"",""
ball,2,18.2,Warwickshire,C de Grandhomme,GD Elliott,JW Dernbach,0,0,,,,,,"",""
ball,2,18.3,Warwickshire,C de Grandhomme,GD Elliott,JW Dernbach,1,0,,,,,,"",""
ball,2,18.4,Warwickshire,GD Elliott,C de Grandhomme,JW Dernbach,2,0,,,,,,"",""
ball,2,18.5,Warwickshire,GD Elliott,C de Grandhomme,JW Dernbach,1,0,,,,,,"",""
ball,2,18.6,Warwickshire,C de Grandhomme,GD Elliott,JW Dernbach,0,1,1,,,,,"",""
ball,2,18.7,Warwickshire,C de Grandhomme,GD Elliott,JW Dernbach,1,0,,,,,,"",""
ball,2,19.1,Warwickshire,C de Grandhomme,GD Elliott,R Clarke,6,0,,,,,,"",""
ball,2,19.2,Warwickshire,C de Grandhomme,GD Elliott,R Clarke,4,0,,,,,,"",""
