version,1.6.0
info,balls_per_over,6
info,team,Northamptonshire
info,team,Leicestershire
info,gender,male
info,season,2017
info,date,2017/07/21
info,event,NatWest T20 Blast
info,venue,Grace Road
info,city,Leicester
info,toss_winner,Leicestershire
info,toss_decision,field
info,player_of_match,RI Keogh
info,umpire,SJ O'Shaughnessy
info,umpire,ID Blackwell
info,winner,Northamptonshire
info,winner_runs,2
info,method,D/L
info,player,Northamptonshire,RE Levi
info,player,Northamptonshire,AM Rossington
info,player,Northamptonshire,JJ Cobb
info,player,Northamptonshire,BM Duckett
info,player,Northamptonshire,AG Wakely
info,player,Northamptonshire,RI Keogh
info,player,Northamptonshire,SP Crook
info,player,Northamptonshire,RK Kleinveldt
info,player,Northamptonshire,BW Sanderson
info,player,Northamptonshire,RJ Gleeson
info,player,Northamptonshire,T Shamsi
info,player,Leicestershire,L Ronchi
info,player,Leicestershire,CS Delport
info,player,Leicestershire,MJ Cosgrove
info,player,Leicestershire,CN Ackermann
info,player,Leicestershire,ML Pettini
info,player,Leicestershire,LJ Hill
info,player,Leicestershire,TJ Wells
info,player,Leicestershire,MW Pillans
info,player,Leicestershire,D Klein
info,player,Leicestershire,CF Parkinson
info,player,Leicestershire,GT Griffiths
info,registry,people,AG Wakely,730d120f
info,registry,people,AM Ali,e3434f95
info,registry,people,AM Rossington,7bcde3fe
info,registry,people,BM Duckett,5f26f677
info,registry,people,BW Sanderson,e871a7a1
info,registry,people,CF Parkinson,aa1210d8
info,registry,people,CN Ackermann,e734d090
info,registry,people,CS Delport,afa78c3a
info,registry,people,D Klein,aeab0d4f
info,registry,people,GT Griffiths,79c7041c
info,registry,people,ID Blackwell,818e8bf2
info,registry,people,JJ Cobb,58c481c6
info,registry,people,L Ronchi,0fa5042b
info,registry,people,LJ Hill,35f9a295
info,registry,people,MJ Cosgrove,be768595
info,registry,people,ML Pettini,eba62359
info,registry,people,MW Pillans,6a2fadd0
info,registry,people,RE Levi,18c78b11
info,registry,people,RI Keogh,e22d3b5c
info,registry,people,RJ Gleeson,402f8494
info,registry,people,RK Kleinveldt,7955eb15
info,registry,people,SJ O'Shaughnessy,4d4fdf4a
info,registry,people,SP Crook,c4450a69
info,registry,people,T Shamsi,a03bba42
info,registry,people,TJ Wells,eb1a5b03
ball,1,0.1,Northamptonshire,RE Levi,AM Rossington,D Klein,2,0,,,,,,"",""
ball,1,0.2,Northamptonshire,RE Levi,AM Rossington,D Klein,0,0,,,,,,"",""
ball,1,0.3,Northamptonshire,RE Levi,AM Rossington,D Klein,4,0,,,,,,"",""
ball,1,0.4,Northamptonshire,RE Levi,AM Rossington,D Klein,4,0,,,,,,"",""
ball,1,0.5,Northamptonshire,RE Levi,AM Rossington,D Klein,0,0,,,,,,"",""
ball,1,0.6,Northamptonshire,RE Levi,AM Rossington,D Klein,1,0,,,,,,"",""
ball,1,1.1,Northamptonshire,RE Levi,AM Rossington,CF Parkinson,1,0,,,,,,"",""
ball,1,1.2,Northamptonshire,AM Rossington,RE Levi,CF Parkinson,1,0,,,,,,"",""
ball,1,1.3,Northamptonshire,RE Levi,AM Rossington,CF Parkinson,1,0,,,,,,"",""
ball,1,1.4,Northamptonshire,AM Rossington,RE Levi,CF Parkinson,4,0,,,,,,"",""
ball,1,1.5,Northamptonshire,AM Rossington,RE Levi,CF Parkinson,0,0,,,,,,"",""
ball,1,1.6,Northamptonshire,AM Rossington,RE Levi,CF Parkinson,1,0,,,,,,"",""
ball,1,2.1,Northamptonshire,AM Rossington,RE Levi,MW Pillans,0,1,1,,,,,"",""
ball,1,2.2,Northamptonshire,AM Rossington,RE Levi,MW Pillans,0,0,,,,,,"",""
ball,1,2.3,Northamptonshire,AM Rossington,RE Levi,MW Pillans,0,0,,,,,,caught,AM Rossington
ball,1,2.4,Northamptonshire,JJ Cobb,RE Levi,MW Pillans,1,0,,,,,,"",""
ball,1,2.5,Northamptonshire,RE Levi,JJ Cobb,MW Pillans,4,0,,,,,,"",""
ball,1,2.6,Northamptonshire,RE Levi,JJ Cobb,MW Pillans,0,0,,,,,,"",""
ball,1,2.7,Northamptonshire,RE Levi,JJ Cobb,MW Pillans,0,0,,,,,,"",""
ball,1,3.1,Northamptonshire,JJ Cobb,RE Levi,CN Ackermann,0,0,,,,,,"",""
ball,1,3.2,Northamptonshire,JJ Cobb,RE Levi,CN Ackermann,4,0,,,,,,"",""
ball,1,3.3,Northamptonshire,JJ Cobb,RE Levi,CN Ackermann,0,0,,,,,,"",""
ball,1,3.4,Northamptonshire,JJ Cobb,RE Levi,CN Ackermann,1,0,,,,,,"",""
ball,1,3.5,Northamptonshire,RE Levi,JJ Cobb,CN Ackermann,0,0,,,,,,"",""
ball,1,3.6,Northamptonshire,RE Levi,JJ Cobb,CN Ackermann,4,0,,,,,,"",""
ball,1,4.1,Northamptonshire,JJ Cobb,RE Levi,MW Pillans,0,0,,,,,,"",""
ball,1,4.2,Northamptonshire,JJ Cobb,RE Levi,MW Pillans,0,0,,,,,,"",""
ball,1,4.3,Northamptonshire,JJ Cobb,RE Levi,MW Pillans,1,0,,,,,,"",""
ball,1,4.4,Northamptonshire,RE Levi,JJ Cobb,MW Pillans,0,0,,,,,,"",""
ball,1,4.5,Northamptonshire,RE Levi,JJ Cobb,MW Pillans,0,0,,,,,,"",""
ball,1,4.6,Northamptonshire,RE Levi,JJ Cobb,MW Pillans,1,0,,,,,,"",""
ball,1,5.1,Northamptonshire,RE Levi,JJ Cobb,GT Griffiths,1,0,,,,,,"",""
ball,1,5.2,Northamptonshire,JJ Cobb,RE Levi,GT Griffiths,0,0,,,,,,caught,JJ Cobb
ball,1,5.3,Northamptonshire,BM Duckett,RE Levi,GT Griffiths,0,0,,,,,,"",""
ball,1,5.4,Northamptonshire,BM Duckett,RE Levi,GT Griffiths,2,0,,,,,,"",""
ball,1,5.5,Northamptonshire,BM Duckett,RE Levi,GT Griffiths,0,1,,,,1,,"",""
ball,1,5.6,Northamptonshire,RE Levi,BM Duckett,GT Griffiths,0,0,,,,,,"",""
ball,1,6.1,Northamptonshire,BM Duckett,RE Levi,CF Parkinson,0,0,,,,,,"",""
ball,1,6.2,Northamptonshire,BM Duckett,RE Levi,CF Parkinson,1,0,,,,,,"",""
ball,1,6.3,Northamptonshire,RE Levi,BM Duckett,CF Parkinson,1,0,,,,,,"",""
ball,1,6.4,Northamptonshire,BM Duckett,RE Levi,CF Parkinson,1,0,,,,,,"",""
ball,1,6.5,Northamptonshire,RE Levi,BM Duckett,CF Parkinson,6,0,,,,,,"",""
ball,1,6.6,Northamptonshire,RE Levi,BM Duckett,CF Parkinson,0,0,,,,,,"",""
ball,1,7.1,Northamptonshire,BM Duckett,RE Levi,CN Ackermann,0,0,,,,,,"",""
ball,1,7.2,Northamptonshire,BM Duckett,RE Levi,CN Ackermann,1,0,,,,,,"",""
ball,1,7.3,Northamptonshire,RE Levi,BM Duckett,CN Ackermann,1,0,,,,,,"",""
ball,1,7.4,Northamptonshire,BM Duckett,RE Levi,CN Ackermann,4,0,,,,,,"",""
ball,1,7.5,Northamptonshire,BM Duckett,RE Levi,CN Ackermann,1,0,,,,,,"",""
ball,1,7.6,Northamptonshire,RE Levi,BM Duckett,CN Ackermann,1,0,,,,,,"",""
ball,1,8.1,Northamptonshire,RE Levi,BM Duckett,CF Parkinson,0,0,,,,,,"",""
ball,1,8.2,Northamptonshire,RE Levi,BM Duckett,CF Parkinson,4,0,,,,,,"",""
ball,1,8.3,Northamptonshire,RE Levi,BM Duckett,CF Parkinson,4,0,,,,,,"",""
ball,1,8.4,Northamptonshire,RE Levi,BM Duckett,CF Parkinson,1,0,,,,,,"",""
ball,1,8.5,Northamptonshire,BM Duckett,RE Levi,CF Parkinson,0,0,,,,,,stumped,BM Duckett
ball,1,8.6,Northamptonshire,AG Wakely,RE Levi,CF Parkinson,1,0,,,,,,"",""
ball,1,9.1,Northamptonshire,AG Wakely,RE Levi,GT Griffiths,1,0,,,,,,"",""
ball,1,9.2,Northamptonshire,RE Levi,AG Wakely,GT Griffiths,0,0,,,,,,caught,RE Levi
ball,1,9.3,Northamptonshire,AG Wakely,RI Keogh,GT Griffiths,0,0,,,,,,"",""
ball,1,9.4,Northamptonshire,AG Wakely,RI Keogh,GT Griffiths,3,0,,,,,,"",""
ball,1,9.5,Northamptonshire,RI Keogh,AG Wakely,GT Griffiths,0,0,,,,,,"",""
ball,1,9.6,Northamptonshire,RI Keogh,AG Wakely,GT Griffiths,1,0,,,,,,"",""
ball,1,10.1,Northamptonshire,RI Keogh,AG Wakely,CS Delport,1,0,,,,,,"",""
ball,1,10.2,Northamptonshire,AG Wakely,RI Keogh,CS Delport,4,0,,,,,,"",""
ball,1,10.3,Northamptonshire,AG Wakely,RI Keogh,CS Delport,0,0,,,,,,"",""
ball,1,10.4,Northamptonshire,AG Wakely,RI Keogh,CS Delport,2,0,,,,,,"",""
ball,1,10.5,Northamptonshire,AG Wakely,RI Keogh,CS Delport,1,0,,,,,,"",""
ball,1,10.6,Northamptonshire,RI Keogh,AG Wakely,CS Delport,1,0,,,,,,"",""
ball,1,11.1,Northamptonshire,RI Keogh,AG Wakely,GT Griffiths,0,0,,,,,,"",""
ball,1,11.2,Northamptonshire,RI Keogh,AG Wakely,GT Griffiths,2,0,,,,,,"",""
ball,1,11.3,Northamptonshire,RI Keogh,AG Wakely,GT Griffiths,4,0,,,,,,"",""
ball,1,11.4,Northamptonshire,RI Keogh,AG Wakely,GT Griffiths,1,0,,,,,,"",""
ball,1,11.5,Northamptonshire,AG Wakely,RI Keogh,GT Griffiths,0,0,,,,,,"",""
ball,1,11.6,Northamptonshire,AG Wakely,RI Keogh,GT Griffiths,0,0,,,,,,"",""
ball,1,12.1,Northamptonshire,RI Keogh,AG Wakely,D Klein,1,0,,,,,,"",""
ball,1,12.2,Northamptonshire,AG Wakely,RI Keogh,D Klein,1,0,,,,,,"",""
ball,1,12.3,Northamptonshire,RI Keogh,AG Wakely,D Klein,1,0,,,,,,"",""
ball,1,12.4,Northamptonshire,AG Wakely,RI Keogh,D Klein,0,0,,,,,,"",""
ball,1,12.5,Northamptonshire,AG Wakely,RI Keogh,D Klein,1,0,,,,,,"",""
ball,1,12.6,Northamptonshire,RI Keogh,AG Wakely,D Klein,1,0,,,,,,"",""
ball,1,13.1,Northamptonshire,RI Keogh,AG Wakely,CF Parkinson,2,0,,,,,,"",""
ball,1,13.2,Northamptonshire,RI Keogh,AG Wakely,CF Parkinson,1,0,,,,,,"",""
ball,1,13.3,Northamptonshire,AG Wakely,RI Keogh,CF Parkinson,1,0,,,,,,"",""
ball,1,13.4,Northamptonshire,RI Keogh,AG Wakely,CF Parkinson,0,0,,,,,,"",""
ball,1,13.5,Northamptonshire,RI Keogh,AG Wakely,CF Parkinson,1,0,,,,,,"",""
ball,1,13.6,Northamptonshire,AG Wakely,RI Keogh,CF Parkinson,4,0,,,,,,"",""
ball,1,14.1,Northamptonshire,RI Keogh,AG Wakely,CS Delport,1,0,,,,,,"",""
ball,1,14.2,Northamptonshire,AG Wakely,RI Keogh,CS Delport,1,0,,,,,,"",""
ball,1,14.3,Northamptonshire,RI Keogh,AG Wakely,CS Delport,2,0,,,,,,"",""
ball,1,14.4,Northamptonshire,RI Keogh,AG Wakely,CS Delport,1,0,,,,,,"",""
ball,1,14.5,Northamptonshire,AG Wakely,RI Keogh,CS Delport,1,0,,,,,,"",""
ball,1,14.6,Northamptonshire,RI Keogh,AG Wakely,CS Delport,1,0,,,,,,"",""
ball,1,15.1,Northamptonshire,RI Keogh,AG Wakely,D Klein,0,1,1,,,,,"",""
ball,1,15.2,Northamptonshire,RI Keogh,AG Wakely,D Klein,0,1,1,,,,,"",""
ball,1,15.3,Northamptonshire,RI Keogh,AG Wakely,D Klein,0,0,,,,,,"",""
ball,1,15.4,Northamptonshire,RI Keogh,AG Wakely,D Klein,1,0,,,,,,"",""
ball,1,15.5,Northamptonshire,AG Wakely,RI Keogh,D Klein,4,0,,,,,,"",""
ball,1,15.6,Northamptonshire,AG Wakely,RI Keogh,D Klein,4,0,,,,,,"",""
ball,1,15.7,Northamptonshire,AG Wakely,RI Keogh,D Klein,1,0,,,,,,"",""
ball,1,15.8,Northamptonshire,RI Keogh,AG Wakely,D Klein,1,0,,,,,,"",""
ball,1,16.1,Northamptonshire,RI Keogh,AG Wakely,MW Pillans,1,0,,,,,,"",""
ball,1,16.2,Northamptonshire,AG Wakely,RI Keogh,MW Pillans,1,2,,2,,,,"",""
ball,1,16.3,Northamptonshire,RI Keogh,AG Wakely,MW Pillans,4,0,,,,,,"",""
ball,1,16.4,Northamptonshire,RI Keogh,AG Wakely,MW Pillans,4,0,,,,,,"",""
ball,1,16.5,Northamptonshire,RI Keogh,AG Wakely,MW Pillans,0,0,,,,,,"",""
ball,1,16.6,Northamptonshire,RI Keogh,AG Wakely,MW Pillans,4,0,,,,,,"",""
ball,1,16.7,Northamptonshire,RI Keogh,AG Wakely,MW Pillans,0,5,5,,,,,"",""
ball,1,16.8,Northamptonshire,RI Keogh,AG Wakely,MW Pillans,0,0,,,,,,bowled,RI Keogh
ball,1,17.1,Northamptonshire,AG Wakely,SP Crook,GT Griffiths,1,0,,,,,,"",""
ball,1,17.2,Northamptonshire,SP Crook,AG Wakely,GT Griffiths,0,1,1,,,,,"",""
ball,1,17.3,Northamptonshire,SP Crook,AG Wakely,GT Griffiths,1,0,,,,,,"",""
ball,1,17.4,Northamptonshire,AG Wakely,SP Crook,GT Griffiths,1,0,,,,,,"",""
ball,1,17.5,Northamptonshire,SP Crook,AG Wakely,GT Griffiths,6,0,,,,,,"",""
ball,1,17.6,Northamptonshire,SP Crook,AG Wakely,GT Griffiths,4,0,,,,,,"",""
ball,1,17.7,Northamptonshire,SP Crook,AG Wakely,GT Griffiths,0,0,,,,,,"",""
ball,1,18.1,Northamptonshire,AG Wakely,SP Crook,MW Pillans,1,0,,,,,,"",""
ball,1,18.2,Northamptonshire,SP Crook,AG Wakely,MW Pillans,0,0,,,,,,"",""
ball,1,18.3,Northamptonshire,SP Crook,AG Wakely,MW Pillans,1,0,,,,,,"",""
ball,1,18.4,Northamptonshire,AG Wakely,SP Crook,MW Pillans,0,0,,,,,,bowled,AG Wakely
ball,1,18.5,Northamptonshire,RK Kleinveldt,SP Crook,MW Pillans,1,0,,,,,,"",""
ball,1,18.6,Northamptonshire,SP Crook,RK Kleinveldt,MW Pillans,1,0,,,,,,"",""
ball,1,19.1,Northamptonshire,SP Crook,RK Kleinveldt,D Klein,0,0,,,,,,"",""
ball,1,19.2,Northamptonshire,SP Crook,RK Kleinveldt,D Klein,0,0,,,,,,"",""
ball,1,19.3,Northamptonshire,SP Crook,RK Kleinveldt,D Klein,0,0,,,,,,caught,SP Crook
ball,1,19.4,Northamptonshire,RK Kleinveldt,BW Sanderson,D Klein,0,0,,,,,,bowled,RK Kleinveldt
ball,1,19.5,Northamptonshire,RJ Gleeson,BW Sanderson,D Klein,2,0,,,,,,"",""
ball,1,19.6,Northamptonshire,RJ Gleeson,BW Sanderson,D Klein,2,0,,,,,,"",""
ball,2,0.1,Leicestershire,L Ronchi,CS Delport,BW Sanderson,4,0,,,,,,"",""
ball,2,0.2,Leicestershire,L Ronchi,CS Delport,BW Sanderson,2,0,,,,,,"",""
ball,2,0.3,Leicestershire,L Ronchi,CS Delport,BW Sanderson,1,0,,,,,,"",""
ball,2,0.4,Leicestershire,CS Delport,L Ronchi,BW Sanderson,2,0,,,,,,"",""
ball,2,0.5,Leicestershire,CS Delport,L Ronchi,BW Sanderson,0,0,,,,,,"",""
ball,2,0.6,Leicestershire,CS Delport,L Ronchi,BW Sanderson,1,0,,,,,,"",""
ball,2,1.1,Leicestershire,CS Delport,L Ronchi,RJ Gleeson,2,0,,,,,,"",""
ball,2,1.2,Leicestershire,CS Delport,L Ronchi,RJ Gleeson,0,0,,,,,,"",""
ball,2,1.3,Leicestershire,CS Delport,L Ronchi,RJ Gleeson,4,0,,,,,,"",""
ball,2,1.4,Leicestershire,CS Delport,L Ronchi,RJ Gleeson,0,0,,,,,,"",""
ball,2,1.5,Leicestershire,CS Delport,L Ronchi,RJ Gleeson,0,0,,,,,,"",""
ball,2,1.6,Leicestershire,CS Delport,L Ronchi,RJ Gleeson,1,0,,,,,,"",""
ball,2,2.1,Leicestershire,CS Delport,L Ronchi,RK Kleinveldt,0,0,,,,,,"",""
ball,2,2.2,Leicestershire,CS Delport,L Ronchi,RK Kleinveldt,0,1,,,,1,,"",""
ball,2,2.3,Leicestershire,L Ronchi,CS Delport,RK Kleinveldt,1,0,,,,,,"",""
ball,2,2.4,Leicestershire,CS Delport,L Ronchi,RK Kleinveldt,0,4,,,,4,,"",""
ball,2,2.5,Leicestershire,CS Delport,L Ronchi,RK Kleinveldt,0,0,,,,,,"",""
ball,2,2.6,Leicestershire,CS Delport,L Ronchi,RK Kleinveldt,1,0,,,,,,"",""
ball,2,3.1,Leicestershire,CS Delport,L Ronchi,RJ Gleeson,2,0,,,,,,"",""
ball,2,3.2,Leicestershire,CS Delport,L Ronchi,RJ Gleeson,2,0,,,,,,"",""
ball,2,3.3,Leicestershire,CS Delport,L Ronchi,RJ Gleeson,0,0,,,,,,"",""
ball,2,3.4,Leicestershire,CS Delport,L Ronchi,RJ Gleeson,1,0,,,,,,"",""
ball,2,3.5,Leicestershire,L Ronchi,CS Delport,RJ Gleeson,0,0,,,,,,"",""
ball,2,3.6,Leicestershire,L Ronchi,CS Delport,RJ Gleeson,0,0,,,,,,"",""
ball,2,4.1,Leicestershire,CS Delport,L Ronchi,RK Kleinveldt,0,0,,,,,,"",""
ball,2,4.2,Leicestershire,CS Delport,L Ronchi,RK Kleinveldt,0,0,,,,,,"",""
ball,2,4.3,Leicestershire,CS Delport,L Ronchi,RK Kleinveldt,4,0,,,,,,"",""
ball,2,4.4,Leicestershire,CS Delport,L Ronchi,RK Kleinveldt,0,0,,,,,,"",""
ball,2,4.5,Leicestershire,CS Delport,L Ronchi,RK Kleinveldt,4,0,,,,,,"",""
ball,2,4.6,Leicestershire,CS Delport,L Ronchi,RK Kleinveldt,1,0,,,,,,"",""
ball,2,5.1,Leicestershire,CS Delport,L Ronchi,BW Sanderson,1,0,,,,,,"",""
ball,2,5.2,Leicestershire,L Ronchi,CS Delport,BW Sanderson,4,0,,,,,,"",""
ball,2,5.3,Leicestershire,L Ronchi,CS Delport,BW Sanderson,1,0,,,,,,"",""
ball,2,5.4,Leicestershire,CS Delport,L Ronchi,BW Sanderson,1,0,,,,,,"",""
ball,2,5.5,Leicestershire,L Ronchi,CS Delport,BW Sanderson,0,0,,,,,,caught,L Ronchi
ball,2,5.6,Leicestershire,MJ Cosgrove,CS Delport,BW Sanderson,4,0,,,,,,"",""
ball,2,6.1,Leicestershire,CS Delport,MJ Cosgrove,T Shamsi,1,0,,,,,,"",""
ball,2,6.2,Leicestershire,MJ Cosgrove,CS Delport,T Shamsi,4,0,,,,,,"",""
ball,2,6.3,Leicestershire,MJ Cosgrove,CS Delport,T Shamsi,0,0,,,,,,"",""
ball,2,6.4,Leicestershire,MJ Cosgrove,CS Delport,T Shamsi,1,0,,,,,,"",""
ball,2,6.5,Leicestershire,CS Delport,MJ Cosgrove,T Shamsi,1,0,,,,,,"",""
ball,2,6.6,Leicestershire,MJ Cosgrove,CS Delport,T Shamsi,1,0,,,,,,"",""
ball,2,7.1,Leicestershire,MJ Cosgrove,CS Delport,RI Keogh,0,0,,,,,,"",""
ball,2,7.2,Leicestershire,MJ Cosgrove,CS Delport,RI Keogh,1,0,,,,,,"",""
ball,2,7.3,Leicestershire,CS Delport,MJ Cosgrove,RI Keogh,1,0,,,,,,"",""
ball,2,7.4,Leicestershire,MJ Cosgrove,CS Delport,RI Keogh,4,0,,,,,,"",""
ball,2,7.5,Leicestershire,MJ Cosgrove,CS Delport,RI Keogh,1,0,,,,,,"",""
ball,2,7.6,Leicestershire,CS Delport,MJ Cosgrove,RI Keogh,0,0,,,,,,bowled,CS Delport
ball,2,8.1,Leicestershire,MJ Cosgrove,CN Ackermann,T Shamsi,1,0,,,,,,"",""
ball,2,8.2,Leicestershire,CN Ackermann,MJ Cosgrove,T Shamsi,1,0,,,,,,"",""
ball,2,8.3,Leicestershire,MJ Cosgrove,CN Ackermann,T Shamsi,1,0,,,,,,"",""
ball,2,8.4,Leicestershire,CN Ackermann,MJ Cosgrove,T Shamsi,0,0,,,,,,"",""
ball,2,8.5,Leicestershire,CN Ackermann,MJ Cosgrove,T Shamsi,1,0,,,,,,"",""
ball,2,8.6,Leicestershire,MJ Cosgrove,CN Ackermann,T Shamsi,1,0,,,,,,"",""
ball,2,9.1,Leicestershire,MJ Cosgrove,CN Ackermann,RI Keogh,0,0,,,,,,"",""
ball,2,9.2,Leicestershire,MJ Cosgrove,CN Ackermann,RI Keogh,4,0,,,,,,"",""
ball,2,9.3,Leicestershire,MJ Cosgrove,CN Ackermann,RI Keogh,1,0,,,,,,"",""
ball,2,9.4,Leicestershire,CN Ackermann,MJ Cosgrove,RI Keogh,1,0,,,,,,"",""
ball,2,9.5,Leicestershire,MJ Cosgrove,CN Ackermann,RI Keogh,1,0,,,,,,"",""
ball,2,9.6,Leicestershire,CN Ackermann,MJ Cosgrove,RI Keogh,0,0,,,,,,"",""
ball,2,10.1,Leicestershire,MJ Cosgrove,CN Ackermann,T Shamsi,4,0,,,,,,"",""
ball,2,10.2,Leicestershire,MJ Cosgrove,CN Ackermann,T Shamsi,4,0,,,,,,"",""
ball,2,10.3,Leicestershire,MJ Cosgrove,CN Ackermann,T Shamsi,1,0,,,,,,"",""
ball,2,10.4,Leicestershire,CN Ackermann,MJ Cosgrove,T Shamsi,1,0,,,,,,"",""
ball,2,10.5,Leicestershire,MJ Cosgrove,CN Ackermann,T Shamsi,1,0,,,,,,"",""
ball,2,10.6,Leicestershire,CN Ackermann,MJ Cosgrove,T Shamsi,0,0,,,,,,"",""
ball,2,11.1,Leicestershire,MJ Cosgrove,CN Ackermann,RI Keogh,0,0,,,,,,"",""
ball,2,11.2,Leicestershire,MJ Cosgrove,CN Ackermann,RI Keogh,0,0,,,,,,"",""
ball,2,11.3,Leicestershire,MJ Cosgrove,CN Ackermann,RI Keogh,1,0,,,,,,"",""
ball,2,11.4,Leicestershire,CN Ackermann,MJ Cosgrove,RI Keogh,1,0,,,,,,"",""
ball,2,11.5,Leicestershire,MJ Cosgrove,CN Ackermann,RI Keogh,1,0,,,,,,"",""
ball,2,11.6,Leicestershire,CN Ackermann,MJ Cosgrove,RI Keogh,0,0,,,,,,"",""
ball,2,12.1,Leicestershire,MJ Cosgrove,CN Ackermann,RK Kleinveldt,4,0,,,,,,"",""
ball,2,12.2,Leicestershire,MJ Cosgrove,CN Ackermann,RK Kleinveldt,0,0,,,,,,bowled,MJ Cosgrove
ball,2,12.3,Leicestershire,ML Pettini,CN Ackermann,RK Kleinveldt,1,0,,,,,,"",""
ball,2,12.4,Leicestershire,CN Ackermann,ML Pettini,RK Kleinveldt,1,0,,,,,,"",""
ball,2,12.5,Leicestershire,ML Pettini,CN Ackermann,RK Kleinveldt,1,0,,,,,,"",""
ball,2,12.6,Leicestershire,CN Ackermann,ML Pettini,RK Kleinveldt,0,0,,,,,,"",""
ball,2,13.1,Leicestershire,ML Pettini,CN Ackermann,RI Keogh,0,0,,,,,,"",""
ball,2,13.2,Leicestershire,ML Pettini,CN Ackermann,RI Keogh,2,0,,,,,,"",""
ball,2,13.3,Leicestershire,ML Pettini,CN Ackermann,RI Keogh,0,0,,,,,,"",""
ball,2,13.4,Leicestershire,ML Pettini,CN Ackermann,RI Keogh,1,0,,,,,,"",""
ball,2,13.5,Leicestershire,CN Ackermann,ML Pettini,RI Keogh,2,0,,,,,,"",""
ball,2,13.6,Leicestershire,CN Ackermann,ML Pettini,RI Keogh,2,0,,,,,,"",""
ball,2,14.1,Leicestershire,ML Pettini,CN Ackermann,RJ Gleeson,0,0,,,,,,"",""
ball,2,14.2,Leicestershire,ML Pettini,CN Ackermann,RJ Gleeson,1,0,,,,,,"",""
ball,2,14.3,Leicestershire,CN Ackermann,ML Pettini,RJ Gleeson,0,2,,,,2,,"",""
