version,1.6.0
info,balls_per_over,6
info,team,Yorkshire
info,team,Leicestershire
info,gender,male
info,season,2017
info,date,2017/08/12
info,event,NatWest T20 Blast
info,venue,Grace Road
info,city,Leicester
info,toss_winner,Leicestershire
info,toss_decision,field
info,player_of_match,CN Ackermann
info,umpire,MJ Saggers
info,umpire,M Burns
info,winner,Leicestershire
info,winner_wickets,4
info,player,Yorkshire,A Lyth
info,player,Yorkshire,T Kohler-Cadmore
info,player,Yorkshire,DJ Willey
info,player,Yorkshire,SE Marsh
info,player,Yorkshire,Sarfraz Ahmed
info,player,Yorkshire,AU Rashid
info,player,Yorkshire,JA Leaning
info,player,Yorkshire,TT Bresnan
info,player,Yorkshire,LE Plunkett
info,player,Yorkshire,Azeem Rafiq
info,player,Yorkshire,SA Patterson
info,player,Leicestershire,L Ronchi
info,player,Leicestershire,CS Delport
info,player,Leicestershire,MJ Cosgrove
info,player,Leicestershire,CN Ackermann
info,player,Leicestershire,AM Ali
info,player,Leicestershire,LJ Hill
info,player,Leicestershire,TJ Wells
info,player,Leicestershire,MW Pillans
info,player,Leicestershire,CJ McKay
info,player,Leicestershire,GT Griffiths
info,player,Leicestershire,CF Parkinson
info,registry,people,A Lyth,70b8fd28
info,registry,people,AM Ali,e3434f95
info,registry,people,AU Rashid,249d60c9
info,registry,people,Azeem Rafiq,5fcb6fb1
info,registry,people,CF Parkinson,aa1210d8
info,registry,people,CJ McKay,94eac556
info,registry,people,CN Ackermann,e734d090
info,registry,people,CS Delport,afa78c3a
info,registry,people,DJ Willey,7f048519
info,registry,people,GT Griffiths,79c7041c
info,registry,people,JA Leaning,f2ab7a69
info,registry,people,L Ronchi,0fa5042b
info,registry,people,LE Plunkett,9a963804
info,registry,people,LJ Hill,35f9a295
info,registry,people,M Burns,b3bd0666
info,registry,people,MJ Cosgrove,be768595
info,registry,people,MJ Saggers,402d5937
info,registry,people,MW Pillans,6a2fadd0
info,registry,people,SA Patterson,b21ed464
info,registry,people,SE Marsh,508a1ea7
info,registry,people,Sarfraz Ahmed,2254ab79
info,registry,people,T Kohler-Cadmore,f836b33d
info,registry,people,TJ Wells,eb1a5b03
info,registry,people,TT Bresnan,58043739
ball,1,0.1,Yorkshire,A Lyth,T Kohler-Cadmore,CJ McKay,1,0,,,,,,"",""
ball,1,0.2,Yorkshire,T Kohler-Cadmore,A Lyth,CJ McKay,0,4,,,,4,,"",""
ball,1,0.3,Yorkshire,T Kohler-Cadmore,A Lyth,CJ McKay,4,0,,,,,,"",""
ball,1,0.4,Yorkshire,T Kohler-Cadmore,A Lyth,CJ McKay,1,0,,,,,,"",""
ball,1,0.5,Yorkshire,A Lyth,T Kohler-Cadmore,CJ McKay,0,0,,,,,,caught,A Lyth
ball,1,0.6,Yorkshire,DJ Willey,T Kohler-Cadmore,CJ McKay,0,0,,,,,,"",""
ball,1,1.1,Yorkshire,T Kohler-Cadmore,DJ Willey,CF Parkinson,4,0,,,,,,"",""
ball,1,1.2,Yorkshire,T Kohler-Cadmore,DJ Willey,CF Parkinson,0,0,,,,,,"",""
ball,1,1.3,Yorkshire,T Kohler-Cadmore,DJ Willey,CF Parkinson,0,0,,,,,,"",""
ball,1,1.4,Yorkshire,T Kohler-Cadmore,DJ Willey,CF Parkinson,4,0,,,,,,"",""
ball,1,1.5,Yorkshire,T Kohler-Cadmore,DJ Willey,CF Parkinson,4,0,,,,,,"",""
ball,1,1.6,Yorkshire,T Kohler-Cadmore,DJ Willey,CF Parkinson,0,0,,,,,,"",""
ball,1,2.1,Yorkshire,DJ Willey,T Kohler-Cadmore,AM Ali,0,0,,,,,,"",""
ball,1,2.2,Yorkshire,DJ Willey,T Kohler-Cadmore,AM Ali,1,0,,,,,,"",""
ball,1,2.3,Yorkshire,T Kohler-Cadmore,DJ Willey,AM Ali,1,0,,,,,,"",""
ball,1,2.4,Yorkshire,DJ Willey,T Kohler-Cadmore,AM Ali,1,0,,,,,,"",""
ball,1,2.5,Yorkshire,T Kohler-Cadmore,DJ Willey,AM Ali,4,0,,,,,,"",""
ball,1,2.6,Yorkshire,T Kohler-Cadmore,DJ Willey,AM Ali,4,0,,,,,,"",""
ball,1,3.1,Yorkshire,DJ Willey,T Kohler-Cadmore,CF Parkinson,1,0,,,,,,"",""
ball,1,3.2,Yorkshire,T Kohler-Cadmore,DJ Willey,CF Parkinson,4,0,,,,,,"",""
ball,1,3.3,Yorkshire,T Kohler-Cadmore,DJ Willey,CF Parkinson,1,0,,,,,,"",""
ball,1,3.4,Yorkshire,DJ Willey,T Kohler-Cadmore,CF Parkinson,1,0,,,,,,"",""
ball,1,3.5,Yorkshire,T Kohler-Cadmore,DJ Willey,CF Parkinson,0,0,,,,,,"",""
ball,1,3.6,Yorkshire,T Kohler-Cadmore,DJ Willey,CF Parkinson,0,0,,,,,,"",""
ball,1,4.1,Yorkshire,DJ Willey,T Kohler-Cadmore,MW Pillans,0,0,,,,,,"",""
ball,1,4.2,Yorkshire,DJ Willey,T Kohler-Cadmore,MW Pillans,0,0,,,,,,"",""
ball,1,4.3,Yorkshire,DJ Willey,T Kohler-Cadmore,MW Pillans,0,0,,,,,,"",""
ball,1,4.4,Yorkshire,DJ Willey,T Kohler-Cadmore,MW Pillans,4,0,,,,,,"",""
ball,1,4.5,Yorkshire,DJ Willey,T Kohler-Cadmore,MW Pillans,0,0,,,,,,"",""
ball,1,4.6,Yorkshire,DJ Willey,T Kohler-Cadmore,MW Pillans,1,0,,,,,,"",""
ball,1,5.1,Yorkshire,DJ Willey,T Kohler-Cadmore,GT Griffiths,0,0,,,,,,bowled,DJ Willey
ball,1,5.2,Yorkshire,SE Marsh,T Kohler-Cadmore,GT Griffiths,0,0,,,,,,"",""
ball,1,5.3,Yorkshire,SE Marsh,T Kohler-Cadmore,GT Griffiths,0,0,,,,,,"",""
ball,1,5.4,Yorkshire,SE Marsh,T Kohler-Cadmore,GT Griffiths,1,0,,,,,,"",""
ball,1,5.5,Yorkshire,T Kohler-Cadmore,SE Marsh,GT Griffiths,0,0,,,,,,"",""
ball,1,5.6,Yorkshire,T Kohler-Cadmore,SE Marsh,GT Griffiths,0,0,,,,,,"",""
ball,1,6.1,Yorkshire,SE Marsh,T Kohler-Cadmore,CJ McKay,4,0,,,,,,"",""
ball,1,6.2,Yorkshire,SE Marsh,T Kohler-Cadmore,CJ McKay,1,0,,,,,,"",""
ball,1,6.3,Yorkshire,T Kohler-Cadmore,SE Marsh,CJ McKay,1,0,,,,,,"",""
ball,1,6.4,Yorkshire,SE Marsh,T Kohler-Cadmore,CJ McKay,0,0,,,,,,"",""
ball,1,6.5,Yorkshire,SE Marsh,T Kohler-Cadmore,CJ McKay,1,0,,,,,,"",""
ball,1,6.6,Yorkshire,T Kohler-Cadmore,SE Marsh,CJ McKay,1,0,,,,,,"",""
ball,1,7.1,Yorkshire,T Kohler-Cadmore,SE Marsh,GT Griffiths,4,0,,,,,,"",""
ball,1,7.2,Yorkshire,T Kohler-Cadmore,SE Marsh,GT Griffiths,0,0,,,,,,"",""
ball,1,7.3,Yorkshire,T Kohler-Cadmore,SE Marsh,GT Griffiths,4,0,,,,,,"",""
ball,1,7.4,Yorkshire,T Kohler-Cadmore,SE Marsh,GT Griffiths,1,0,,,,,,"",""
ball,1,7.5,Yorkshire,SE Marsh,T Kohler-Cadmore,GT Griffiths,1,0,,,,,,"",""
ball,1,7.6,Yorkshire,T Kohler-Cadmore,SE Marsh,GT Griffiths,0,0,,,,,,"",""
ball,1,8.1,Yorkshire,SE Marsh,T Kohler-Cadmore,CS Delport,4,0,,,,,,"",""
ball,1,8.2,Yorkshire,SE Marsh,T Kohler-Cadmore,CS Delport,0,0,,,,,,"",""
ball,1,8.3,Yorkshire,SE Marsh,T Kohler-Cadmore,CS Delport,1,0,,,,,,"",""
ball,1,8.4,Yorkshire,T Kohler-Cadmore,SE Marsh,CS Delport,1,0,,,,,,"",""
ball,1,8.5,Yorkshire,SE Marsh,T Kohler-Cadmore,CS Delport,4,0,,,,,,"",""
ball,1,8.6,Yorkshire,SE Marsh,T Kohler-Cadmore,CS Delport,1,0,,,,,,"",""
ball,1,9.1,Yorkshire,SE Marsh,T Kohler-Cadmore,CF Parkinson,1,0,,,,,,"",""
ball,1,9.2,Yorkshire,T Kohler-Cadmore,SE Marsh,CF Parkinson,2,0,,,,,,"",""
ball,1,9.3,Yorkshire,T Kohler-Cadmore,SE Marsh,CF Parkinson,0,0,,,,,,"",""
ball,1,9.4,Yorkshire,T Kohler-Cadmore,SE Marsh,CF Parkinson,1,0,,,,,,"",""
ball,1,9.5,Yorkshire,SE Marsh,T Kohler-Cadmore,CF Parkinson,1,0,,,,,,"",""
ball,1,9.6,Yorkshire,T Kohler-Cadmore,SE Marsh,CF Parkinson,4,0,,,,,,"",""
ball,1,10.1,Yorkshire,SE Marsh,T Kohler-Cadmore,CN Ackermann,1,0,,,,,,"",""
ball,1,10.2,Yorkshire,T Kohler-Cadmore,SE Marsh,CN Ackermann,1,0,,,,,,"",""
ball,1,10.3,Yorkshire,SE Marsh,T Kohler-Cadmore,CN Ackermann,4,0,,,,,,"",""
ball,1,10.4,Yorkshire,SE Marsh,T Kohler-Cadmore,CN Ackermann,1,0,,,,,,"",""
ball,1,10.5,Yorkshire,T Kohler-Cadmore,SE Marsh,CN Ackermann,6,0,,,,,,"",""
ball,1,10.6,Yorkshire,T Kohler-Cadmore,SE Marsh,CN Ackermann,1,0,,,,,,"",""
ball,1,11.1,Yorkshire,T Kohler-Cadmore,SE Marsh,MW Pillans,1,0,,,,,,"",""
ball,1,11.2,Yorkshire,SE Marsh,T Kohler-Cadmore,MW Pillans,0,1,1,,,,,"",""
ball,1,11.3,Yorkshire,SE Marsh,T Kohler-Cadmore,MW Pillans,4,0,,,,,,"",""
ball,1,11.4,Yorkshire,SE Marsh,T Kohler-Cadmore,MW Pillans,1,0,,,,,,"",""
ball,1,11.5,Yorkshire,T Kohler-Cadmore,SE Marsh,MW Pillans,1,0,,,,,,"",""
ball,1,11.6,Yorkshire,SE Marsh,T Kohler-Cadmore,MW Pillans,1,0,,,,,,"",""
ball,1,11.7,Yorkshire,T Kohler-Cadmore,SE Marsh,MW Pillans,6,0,,,,,,"",""
ball,1,12.1,Yorkshire,SE Marsh,T Kohler-Cadmore,AM Ali,0,0,,,,,,"",""
ball,1,12.2,Yorkshire,SE Marsh,T Kohler-Cadmore,AM Ali,0,0,,,,,,"",""
ball,1,12.3,Yorkshire,SE Marsh,T Kohler-Cadmore,AM Ali,0,0,,,,,,"",""
ball,1,12.4,Yorkshire,SE Marsh,T Kohler-Cadmore,AM Ali,4,0,,,,,,"",""
ball,1,12.5,Yorkshire,SE Marsh,T Kohler-Cadmore,AM Ali,1,0,,,,,,"",""
ball,1,12.6,Yorkshire,T Kohler-Cadmore,SE Marsh,AM Ali,1,0,,,,,,"",""
ball,1,13.1,Yorkshire,T Kohler-Cadmore,SE Marsh,CF Parkinson,4,0,,,,,,"",""
ball,1,13.2,Yorkshire,T Kohler-Cadmore,SE Marsh,CF Parkinson,4,0,,,,,,"",""
ball,1,13.3,Yorkshire,T Kohler-Cadmore,SE Marsh,CF Parkinson,0,0,,,,,,bowled,T Kohler-Cadmore
ball,1,13.4,Yorkshire,Sarfraz Ahmed,SE Marsh,CF Parkinson,1,0,,,,,,"",""
ball,1,13.5,Yorkshire,SE Marsh,Sarfraz Ahmed,CF Parkinson,1,0,,,,,,"",""
ball,1,13.6,Yorkshire,Sarfraz Ahmed,SE Marsh,CF Parkinson,0,0,,,,,,"",""
ball,1,14.1,Yorkshire,SE Marsh,Sarfraz Ahmed,AM Ali,1,0,,,,,,"",""
ball,1,14.2,Yorkshire,Sarfraz Ahmed,SE Marsh,AM Ali,1,0,,,,,,"",""
ball,1,14.3,Yorkshire,SE Marsh,Sarfraz Ahmed,AM Ali,1,0,,,,,,"",""
ball,1,14.4,Yorkshire,Sarfraz Ahmed,SE Marsh,AM Ali,0,0,,,,,,bowled,Sarfraz Ahmed
ball,1,14.5,Yorkshire,AU Rashid,SE Marsh,AM Ali,0,0,,,,,,"",""
ball,1,14.6,Yorkshire,AU Rashid,SE Marsh,AM Ali,0,0,,,,,,"",""
ball,1,15.1,Yorkshire,SE Marsh,AU Rashid,GT Griffiths,4,0,,,,,,"",""
ball,1,15.2,Yorkshire,SE Marsh,AU Rashid,GT Griffiths,0,0,,,,,,"",""
ball,1,15.3,Yorkshire,SE Marsh,AU Rashid,GT Griffiths,1,0,,,,,,"",""
ball,1,15.4,Yorkshire,AU Rashid,SE Marsh,GT Griffiths,0,1,,,,1,,"",""
ball,1,15.5,Yorkshire,SE Marsh,AU Rashid,GT Griffiths,1,0,,,,,,"",""
ball,1,15.6,Yorkshire,AU Rashid,SE Marsh,GT Griffiths,4,0,,,,,,"",""
ball,1,16.1,Yorkshire,SE Marsh,AU Rashid,AM Ali,1,0,,,,,,"",""
ball,1,16.2,Yorkshire,AU Rashid,SE Marsh,AM Ali,2,0,,,,,,"",""
ball,1,16.3,Yorkshire,AU Rashid,SE Marsh,AM Ali,2,0,,,,,,"",""
ball,1,16.4,Yorkshire,AU Rashid,SE Marsh,AM Ali,2,0,,,,,,"",""
ball,1,16.5,Yorkshire,AU Rashid,SE Marsh,AM Ali,0,0,,,,,,"",""
ball,1,16.6,Yorkshire,AU Rashid,SE Marsh,AM Ali,4,0,,,,,,"",""
ball,1,17.1,Yorkshire,SE Marsh,AU Rashid,MW Pillans,1,0,,,,,,"",""
ball,1,17.2,Yorkshire,AU Rashid,SE Marsh,MW Pillans,1,0,,,,,,"",""
ball,1,17.3,Yorkshire,SE Marsh,AU Rashid,MW Pillans,1,0,,,,,,"",""
ball,1,17.4,Yorkshire,AU Rashid,SE Marsh,MW Pillans,2,0,,,,,,"",""
ball,1,17.5,Yorkshire,AU Rashid,SE Marsh,MW Pillans,0,1,,,,1,,"",""
ball,1,17.6,Yorkshire,SE Marsh,AU Rashid,MW Pillans,1,0,,,,,,"",""
ball,1,18.1,Yorkshire,SE Marsh,AU Rashid,CJ McKay,1,0,,,,,,"",""
ball,1,18.2,Yorkshire,AU Rashid,SE Marsh,CJ McKay,2,0,,,,,,"",""
ball,1,18.3,Yorkshire,AU Rashid,SE Marsh,CJ McKay,0,1,1,,,,,"",""
ball,1,18.4,Yorkshire,AU Rashid,SE Marsh,CJ McKay,1,0,,,,,,"",""
ball,1,18.5,Yorkshire,SE Marsh,AU Rashid,CJ McKay,4,0,,,,,,"",""
ball,1,18.6,Yorkshire,SE Marsh,AU Rashid,CJ McKay,1,0,,,,,,"",""
ball,1,18.7,Yorkshire,AU Rashid,SE Marsh,CJ McKay,4,0,,,,,,"",""
ball,1,19.1,Yorkshire,SE Marsh,AU Rashid,MW Pillans,0,1,,,,1,,"",""
ball,1,19.2,Yorkshire,AU Rashid,SE Marsh,MW Pillans,1,0,,,,,,"",""
ball,1,19.3,Yorkshire,SE Marsh,AU Rashid,MW Pillans,1,0,,,,,,"",""
ball,1,19.4,Yorkshire,AU Rashid,SE Marsh,MW Pillans,1,0,,,,,,"",""
ball,1,19.5,Yorkshire,SE Marsh,AU Rashid,MW Pillans,2,0,,,,,,"",""
ball,1,19.6,Yorkshire,SE Marsh,AU Rashid,MW Pillans,1,0,,,,,,run out,SE Marsh
ball,2,0.1,Leicestershire,L Ronchi,CS Delport,TT Bresnan,2,0,,,,,,"",""
ball,2,0.2,Leicestershire,L Ronchi,CS Delport,TT Bresnan,4,0,,,,,,"",""
ball,2,0.3,Leicestershire,L Ronchi,CS Delport,TT Bresnan,0,0,,,,,,"",""
ball,2,0.4,Leicestershire,L Ronchi,CS Delport,TT Bresnan,1,0,,,,,,"",""
ball,2,0.5,Leicestershire,CS Delport,L Ronchi,TT Bresnan,0,0,,,,,,"",""
ball,2,0.6,Leicestershire,CS Delport,L Ronchi,TT Bresnan,4,0,,,,,,"",""
ball,2,1.1,Leicestershire,L Ronchi,CS Delport,Azeem Rafiq,6,0,,,,,,"",""
ball,2,1.2,Leicestershire,L Ronchi,CS Delport,Azeem Rafiq,4,0,,,,,,"",""
ball,2,1.3,Leicestershire,L Ronchi,CS Delport,Azeem Rafiq,6,0,,,,,,"",""
ball,2,1.4,Leicestershire,L Ronchi,CS Delport,Azeem Rafiq,4,0,,,,,,"",""
ball,2,1.5,Leicestershire,L Ronchi,CS Delport,Azeem Rafiq,1,0,,,,,,"",""
ball,2,1.6,Leicestershire,CS Delport,L Ronchi,Azeem Rafiq,0,0,,,,,,"",""
ball,2,2.1,Leicestershire,L Ronchi,CS Delport,DJ Willey,4,0,,,,,,"",""
ball,2,2.2,Leicestershire,L Ronchi,CS Delport,DJ Willey,1,0,,,,,,"",""
ball,2,2.3,Leicestershire,CS Delport,L Ronchi,DJ Willey,0,0,,,,,,"",""
ball,2,2.4,Leicestershire,CS Delport,L Ronchi,DJ Willey,1,0,,,,,,"",""
ball,2,2.5,Leicestershire,L Ronchi,CS Delport,DJ Willey,0,0,,,,,,"",""
ball,2,2.6,Leicestershire,L Ronchi,CS Delport,DJ Willey,1,0,,,,,,"",""
ball,2,3.1,Leicestershire,L Ronchi,CS Delport,LE Plunkett,4,0,,,,,,"",""
ball,2,3.2,Leicestershire,L Ronchi,CS Delport,LE Plunkett,6,0,,,,,,"",""
ball,2,3.3,Leicestershire,L Ronchi,CS Delport,LE Plunkett,0,0,,,,,,"",""
ball,2,3.4,Leicestershire,L Ronchi,CS Delport,LE Plunkett,4,0,,,,,,"",""
ball,2,3.5,Leicestershire,L Ronchi,CS Delport,LE Plunkett,0,1,,,,1,,"",""
ball,2,3.6,Leicestershire,CS Delport,L Ronchi,LE Plunkett,0,0,,,,,,caught,CS Delport
ball,2,4.1,Leicestershire,L Ronchi,MJ Cosgrove,DJ Willey,4,0,,,,,,"",""
ball,2,4.2,Leicestershire,L Ronchi,MJ Cosgrove,DJ Willey,0,0,,,,,,"",""
ball,2,4.3,Leicestershire,L Ronchi,MJ Cosgrove,DJ Willey,0,2,2,,,,,"",""
ball,2,4.4,Leicestershire,MJ Cosgrove,L Ronchi,DJ Willey,0,0,,,,,,caught,MJ Cosgrove
ball,2,4.5,Leicestershire,CN Ackermann,L Ronchi,DJ Willey,0,0,,,,,,"",""
ball,2,4.6,Leicestershire,CN Ackermann,L Ronchi,DJ Willey,1,0,,,,,,"",""
ball,2,4.7,Leicestershire,L Ronchi,CN Ackermann,DJ Willey,0,4,,,,4,,"",""
ball,2,5.1,Leicestershire,CN Ackermann,L Ronchi,TT Bresnan,1,0,,,,,,"",""
ball,2,5.2,Leicestershire,L Ronchi,CN Ackermann,TT Bresnan,1,0,,,,,,"",""
ball,2,5.3,Leicestershire,CN Ackermann,L Ronchi,TT Bresnan,4,0,,,,,,"",""
ball,2,5.4,Leicestershire,CN Ackermann,L Ronchi,TT Bresnan,1,0,,,,,,"",""
ball,2,5.5,Leicestershire,L Ronchi,CN Ackermann,TT Bresnan,1,0,,,,,,"",""
ball,2,5.6,Leicestershire,CN Ackermann,L Ronchi,TT Bresnan,0,0,,,,,,"",""
ball,2,6.1,Leicestershire,L Ronchi,CN Ackermann,AU Rashid,1,0,,,,,,"",""
ball,2,6.2,Leicestershire,CN Ackermann,L Ronchi,AU Rashid,0,0,,,,,,"",""
ball,2,6.3,Leicestershire,CN Ackermann,L Ronchi,AU Rashid,4,0,,,,,,"",""
ball,2,6.4,Leicestershire,CN Ackermann,L Ronchi,AU Rashid,0,0,,,,,,"",""
ball,2,6.5,Leicestershire,CN Ackermann,L Ronchi,AU Rashid,0,0,,,,,,"",""
ball,2,6.6,Leicestershire,CN Ackermann,L Ronchi,AU Rashid,1,0,,,,,,"",""
ball,2,7.1,Leicestershire,CN Ackermann,L Ronchi,Azeem Rafiq,1,0,,,,,,"",""
ball,2,7.2,Leicestershire,L Ronchi,CN Ackermann,Azeem Rafiq,1,0,,,,,,"",""
ball,2,7.3,Leicestershire,CN Ackermann,L Ronchi,Azeem Rafiq,1,0,,,,,,"",""
ball,2,7.4,Leicestershire,L Ronchi,CN Ackermann,Azeem Rafiq,1,0,,,,,,"",""
ball,2,7.5,Leicestershire,CN Ackermann,L Ronchi,Azeem Rafiq,1,0,,,,,,"",""
ball,2,7.6,Leicestershire,L Ronchi,CN Ackermann,Azeem Rafiq,0,0,,,,,,caught,L Ronchi
ball,2,8.1,Leicestershire,CN Ackermann,AM Ali,SA Patterson,2,0,,,,,,"",""
ball,2,8.2,Leicestershire,CN Ackermann,AM Ali,SA Patterson,6,0,,,,,,"",""
ball,2,8.3,Leicestershire,CN Ackermann,AM Ali,SA Patterson,0,1,1,,,,,"",""
ball,2,8.4,Leicestershire,CN Ackermann,AM Ali,SA Patterson,1,0,,,,,,"",""
ball,2,8.5,Leicestershire,AM Ali,CN Ackermann,SA Patterson,1,0,,,,,,"",""
ball,2,8.6,Leicestershire,CN Ackermann,AM Ali,SA Patterson,1,0,,,,,,"",""
ball,2,8.7,Leicestershire,AM Ali,CN Ackermann,SA Patterson,1,0,,,,,,"",""
ball,2,9.1,Leicestershire,AM Ali,CN Ackermann,AU Rashid,1,0,,,,,,"",""
ball,2,9.2,Leicestershire,CN Ackermann,AM Ali,AU Rashid,1,0,,,,,,"",""
ball,2,9.3,Leicestershire,AM Ali,CN Ackermann,AU Rashid,1,0,,,,,,"",""
ball,2,9.4,Leicestershire,CN Ackermann,AM Ali,AU Rashid,1,0,,,,,,"",""
ball,2,9.5,Leicestershire,AM Ali,CN Ackermann,AU Rashid,6,0,,,,,,"",""
ball,2,9.6,Leicestershire,AM Ali,CN Ackermann,AU Rashid,1,0,,,,,,"",""
ball,2,10.1,Leicestershire,AM Ali,CN Ackermann,LE Plunkett,4,0,,,,,,"",""
ball,2,10.2,Leicestershire,AM Ali,CN Ackermann,LE Plunkett,0,0,,,,,,"",""
ball,2,10.3,Leicestershire,AM Ali,CN Ackermann,LE Plunkett,0,0,,,,,,caught,AM Ali
ball,2,10.4,Leicestershire,LJ Hill,CN Ackermann,LE Plunkett,4,0,,,,,,"",""
ball,2,10.5,Leicestershire,LJ Hill,CN Ackermann,LE Plunkett,0,0,,,,,,"",""
ball,2,10.6,Leicestershire,LJ Hill,CN Ackermann,LE Plunkett,1,0,,,,,,"",""
ball,2,11.1,Leicestershire,LJ Hill,CN Ackermann,AU Rashid,1,0,,,,,,"",""
ball,2,11.2,Leicestershire,CN Ackermann,LJ Hill,AU Rashid,0,0,,,,,,"",""
ball,2,11.3,Leicestershire,CN Ackermann,LJ Hill,AU Rashid,4,0,,,,,,"",""
ball,2,11.4,Leicestershire,CN Ackermann,LJ Hill,AU Rashid,4,0,,,,,,"",""
ball,2,11.5,Leicestershire,CN Ackermann,LJ Hill,AU Rashid,0,0,,,,,,"",""
ball,2,11.6,Leicestershire,CN Ackermann,LJ Hill,AU Rashid,1,0,,,,,,"",""
ball,2,12.1,Leicestershire,CN Ackermann,LJ Hill,LE Plunkett,1,0,,,,,,"",""
ball,2,12.2,Leicestershire,LJ Hill,CN Ackermann,LE Plunkett,0,0,,,,,,"",""
ball,2,12.3,Leicestershire,LJ Hill,CN Ackermann,LE Plunkett,1,0,,,,,,"",""
ball,2,12.4,Leicestershire,CN Ackermann,LJ Hill,LE Plunkett,4,0,,,,,,"",""
ball,2,12.5,Leicestershire,CN Ackermann,LJ Hill,LE Plunkett,1,0,,,,,,"",""
ball,2,12.6,Leicestershire,LJ Hill,CN Ackermann,LE Plunkett,0,0,,,,,,"",""
ball,2,13.1,Leicestershire,CN Ackermann,LJ Hill,Azeem Rafiq,1,0,,,,,,"",""
ball,2,13.2,Leicestershire,LJ Hill,CN Ackermann,Azeem Rafiq,1,0,,,,,,"",""
ball,2,13.3,Leicestershire,CN Ackermann,LJ Hill,Azeem Rafiq,1,0,,,,,,"",""
ball,2,13.4,Leicestershire,LJ Hill,CN Ackermann,Azeem Rafiq,0,0,,,,,,"",""
ball,2,13.5,Leicestershire,LJ Hill,CN Ackermann,Azeem Rafiq,1,0,,,,,,"",""
ball,2,13.6,Leicestershire,CN Ackermann,LJ Hill,Azeem Rafiq,0,0,,,,,,"",""
ball,2,14.1,Leicestershire,LJ Hill,CN Ackermann,TT Bresnan,1,0,,,,,,"",""
ball,2,14.2,Leicestershire,CN Ackermann,LJ Hill,TT Bresnan,1,0,,,,,,"",""
ball,2,14.3,Leicestershire,LJ Hill,CN Ackermann,TT Bresnan,1,0,,,,,,"",""
ball,2,14.4,Leicestershire,CN Ackermann,LJ Hill,TT Bresnan,1,0,,,,,,"",""
ball,2,14.5,Leicestershire,LJ Hill,CN Ackermann,TT Bresnan,0,0,,,,,,caught,LJ Hill
ball,2,14.6,Leicestershire,TJ Wells,CN Ackermann,TT Bresnan,4,0,,,,,,"",""
ball,2,15.1,Leicestershire,CN Ackermann,TJ Wells,LE Plunkett,1,0,,,,,,"",""
ball,2,15.2,Leicestershire,TJ Wells,CN Ackermann,LE Plunkett,2,0,,,,,,"",""
ball,2,15.3,Leicestershire,TJ Wells,CN Ackermann,LE Plunkett,2,0,,,,,,"",""
ball,2,15.4,Leicestershire,TJ Wells,CN Ackermann,LE Plunkett,0,1,1,,,,,"",""
ball,2,15.5,Leicestershire,TJ Wells,CN Ackermann,LE Plunkett,6,0,,,,,,"",""
ball,2,15.6,Leicestershire,TJ Wells,CN Ackermann,LE Plunkett,0,0,,,,,,caught,TJ Wells
ball,2,15.7,Leicestershire,CN Ackermann,MW Pillans,LE Plunkett,0,0,,,,,,"",""
ball,2,16.1,Leicestershire,MW Pillans,CN Ackermann,AU Rashid,1,0,,,,,,"",""
ball,2,16.2,Leicestershire,CN Ackermann,MW Pillans,AU Rashid,1,0,,,,,,"",""
ball,2,16.3,Leicestershire,MW Pillans,CN Ackermann,AU Rashid,1,0,,,,,,"",""
ball,2,16.4,Leicestershire,CN Ackermann,MW Pillans,AU Rashid,0,0,,,,,,"",""
ball,2,16.5,Leicestershire,CN Ackermann,MW Pillans,AU Rashid,1,0,,,,,,"",""
ball,2,16.6,Leicestershire,MW Pillans,CN Ackermann,AU Rashid,0,0,,,,,,"",""
ball,2,17.1,Leicestershire,CN Ackermann,MW Pillans,Azeem Rafiq,1,0,,,,,,"",""
ball,2,17.2,Leicestershire,MW Pillans,CN Ackermann,Azeem Rafiq,1,0,,,,,,"",""
ball,2,17.3,Leicestershire,CN Ackermann,MW Pillans,Azeem Rafiq,0,0,,,,,,"",""
ball,2,17.4,Leicestershire,CN Ackermann,MW Pillans,Azeem Rafiq,0,0,,,,,,"",""
ball,2,17.5,Leicestershire,CN Ackermann,MW Pillans,Azeem Rafiq,0,1,,,,1,,"",""
ball,2,17.6,Leicestershire,MW Pillans,CN Ackermann,Azeem Rafiq,0,1,1,,,,,"",""
ball,2,17.7,Leicestershire,MW Pillans,CN Ackermann,Azeem Rafiq,1,0,,,,,,"",""
ball,2,18.1,Leicestershire,MW Pillans,CN Ackermann,SA Patterson,1,0,,,,,,"",""
ball,2,18.2,Leicestershire,CN Ackermann,MW Pillans,SA Patterson,0,1,1,,,,,"",""
ball,2,18.3,Leicestershire,CN Ackermann,MW Pillans,SA Patterson,1,0,,,,,,"",""
ball,2,18.4,Leicestershire,MW Pillans,CN Ackermann,SA Patterson,1,0,,,,,,"",""
ball,2,18.5,Leicestershire,CN Ackermann,MW Pillans,SA Patterson,4,0,,,,,,"",""
ball,2,18.6,Leicestershire,CN Ackermann,MW Pillans,SA Patterson,1,0,,,,,,"",""
ball,2,18.7,Leicestershire,MW Pillans,CN Ackermann,SA Patterson,0,0,,,,,,"",""
ball,2,19.1,Leicestershire,CN Ackermann,MW Pillans,TT Bresnan,1,0,,,,,,"",""
ball,2,19.2,Leicestershire,MW Pillans,CN Ackermann,TT Bresnan,1,0,,,,,,"",""
ball,2,19.3,Leicestershire,CN Ackermann,MW Pillans,TT Bresnan,1,0,,,,,,"",""
ball,2,19.4,Leicestershire,MW Pillans,CN Ackermann,TT Bresnan,4,0,,,,,,"",""
