version,1.6.0
info,balls_per_over,6
info,team,Durham
info,team,Nottinghamshire
info,gender,male
info,season,2017
info,date,2017/08/05
info,event,NatWest T20 Blast
info,venue,Trent Bridge
info,city,Nottingham
info,toss_winner,Nottinghamshire
info,toss_decision,field
info,player_of_match,AD Hales
info,umpire,BV Taylor
info,umpire,SJ O'Shaughnessy
info,winner,Nottinghamshire
info,winner_wickets,5
info,player,Durham,CT Steel
info,player,Durham,G Clark
info,player,Durham,MJ Richardson
info,player,Durham,JTA Burnham
info,player,Durham,GJ Harte
info,player,Durham,P Coughlin
info,player,Durham,SW Poynter
info,player,Durham,RD Pringle
info,player,Durham,BA Carse
info,player,Durham,U Arshad
info,player,Durham,WJ Weighell
info,player,Nottinghamshire,MH Wessels
info,player,Nottinghamshire,AD Hales
info,player,Nottinghamshire,TJ Moores
info,player,Nottinghamshire,DT Christian
info,player,Nottinghamshire,SJ Mullaney
info,player,Nottinghamshire,SR Patel
info,player,Nottinghamshire,BRM Taylor
info,player,Nottinghamshire,WT Root
info,player,Nottinghamshire,IS Sodhi
info,player,Nottinghamshire,JT Ball
info,player,Nottinghamshire,HF Gurney
info,registry,people,AD Hales,92aeac25
info,registry,people,BA Carse,cad40f5e
info,registry,people,BRM Taylor,53597be1
info,registry,people,BV Taylor,99760152
info,registry,people,CT Steel,5899dceb
info,registry,people,DT Christian,2a2e6343
info,registry,people,G Clark,4fd09cfc
info,registry,people,GJ Harte,67954d19
info,registry,people,HF Gurney,e412cb64
info,registry,people,IS Sodhi,641ac5ff
info,registry,people,JT Ball,3d0ed2f9
info,registry,people,JTA Burnham,a4a2a0c0
info,registry,people,MH Wessels,90f47cf2
info,registry,people,MJ Richardson,22176fe7
info,registry,people,P Coughlin,71440756
info,registry,people,RD Pringle,757502b5
info,registry,people,SJ Mullaney,0e0d43b4
info,registry,people,SJ O'Shaughnessy,4d4fdf4a
info,registry,people,SR Patel,18fac429
info,registry,people,SW Poynter,cdf59953
info,registry,people,TJ Moores,85dcb721
info,registry,people,U Arshad,02b93a83
info,registry,people,WJ Weighell,10f68de1
info,registry,people,WT Root,72898514
ball,1,0.1,Durham,CT Steel,G Clark,SR Patel,1,0,,,,,,"",""
ball,1,0.2,Durham,G Clark,CT Steel,SR Patel,1,0,,,,,,"",""
ball,1,0.3,Durham,CT Steel,G Clark,SR Patel,1,0,,,,,,"",""
ball,1,0.4,Durham,G Clark,CT Steel,SR Patel,0,0,,,,,,"",""
ball,1,0.5,Durham,G Clark,CT Steel,SR Patel,0,0,,,,,,"",""
ball,1,0.6,Durham,G Clark,CT Steel,SR Patel,0,0,,,,,,bowled,G Clark
ball,1,1.1,Durham,CT Steel,MJ Richardson,HF Gurney,1,0,,,,,,"",""
ball,1,1.2,Durham,MJ Richardson,CT Steel,HF Gurney,1,0,,,,,,"",""
ball,1,1.3,Durham,CT Steel,MJ Richardson,HF Gurney,0,0,,,,,,"",""
ball,1,1.4,Durham,CT Steel,MJ Richardson,HF Gurney,1,0,,,,,,"",""
ball,1,1.5,Durham,MJ Richardson,CT Steel,HF Gurney,1,0,,,,,,"",""
ball,1,1.6,Durham,CT Steel,MJ Richardson,HF Gurney,0,0,,,,,,"",""
ball,1,2.1,Durham,MJ Richardson,CT Steel,JT Ball,1,0,,,,,,"",""
ball,1,2.2,Durham,CT Steel,MJ Richardson,JT Ball,4,0,,,,,,"",""
ball,1,2.3,Durham,CT Steel,MJ Richardson,JT Ball,2,0,,,,,,"",""
ball,1,2.4,Durham,CT Steel,MJ Richardson,JT Ball,0,0,,,,,,"",""
ball,1,2.5,Durham,CT Steel,MJ Richardson,JT Ball,4,0,,,,,,"",""
ball,1,2.6,Durham,CT Steel,MJ Richardson,JT Ball,4,0,,,,,,"",""
ball,1,3.1,Durham,MJ Richardson,CT Steel,DT Christian,0,0,,,,,,"",""
ball,1,3.2,Durham,MJ Richardson,CT Steel,DT Christian,1,0,,,,,,"",""
ball,1,3.3,Durham,CT Steel,MJ Richardson,DT Christian,2,0,,,,,,"",""
ball,1,3.4,Durham,CT Steel,MJ Richardson,DT Christian,0,0,,,,,,"",""
ball,1,3.5,Durham,CT Steel,MJ Richardson,DT Christian,0,0,,,,,,"",""
ball,1,3.6,Durham,CT Steel,MJ Richardson,DT Christian,6,0,,,,,,"",""
ball,1,4.1,Durham,MJ Richardson,CT Steel,HF Gurney,0,0,,,,,,"",""
ball,1,4.2,Durham,MJ Richardson,CT Steel,HF Gurney,0,0,,,,,,"",""
ball,1,4.3,Durham,MJ Richardson,CT Steel,HF Gurney,1,0,,,,,,"",""
ball,1,4.4,Durham,CT Steel,MJ Richardson,HF Gurney,1,0,,,,,,"",""
ball,1,4.5,Durham,MJ Richardson,CT Steel,HF Gurney,4,0,,,,,,"",""
ball,1,4.6,Durham,MJ Richardson,CT Steel,HF Gurney,1,0,,,,,,"",""
ball,1,5.1,Durham,MJ Richardson,CT Steel,JT Ball,0,0,,,,,,"",""
ball,1,5.2,Durham,MJ Richardson,CT Steel,JT Ball,1,0,,,,,,"",""
ball,1,5.3,Durham,CT Steel,MJ Richardson,JT Ball,2,0,,,,,,"",""
ball,1,5.4,Durham,CT Steel,MJ Richardson,JT Ball,2,0,,,,,,"",""
ball,1,5.5,Durham,CT Steel,MJ Richardson,JT Ball,1,0,,,,,,"",""
ball,1,5.6,Durham,MJ Richardson,CT Steel,JT Ball,4,0,,,,,,"",""
ball,1,6.1,Durham,CT Steel,MJ Richardson,SR Patel,1,0,,,,,,"",""
ball,1,6.2,Durham,MJ Richardson,CT Steel,SR Patel,4,0,,,,,,"",""
ball,1,6.3,Durham,MJ Richardson,CT Steel,SR Patel,1,0,,,,,,"",""
ball,1,6.4,Durham,CT Steel,MJ Richardson,SR Patel,1,0,,,,,,"",""
ball,1,6.5,Durham,MJ Richardson,CT Steel,SR Patel,1,0,,,,,,"",""
ball,1,6.6,Durham,CT Steel,MJ Richardson,SR Patel,1,0,,,,,,"",""
ball,1,7.1,Durham,CT Steel,MJ Richardson,SJ Mullaney,0,0,,,,,,caught,CT Steel
ball,1,7.2,Durham,MJ Richardson,JTA Burnham,SJ Mullaney,1,0,,,,,,"",""
ball,1,7.3,Durham,JTA Burnham,MJ Richardson,SJ Mullaney,0,0,,,,,,"",""
ball,1,7.4,Durham,JTA Burnham,MJ Richardson,SJ Mullaney,0,0,,,,,,"",""
ball,1,7.5,Durham,JTA Burnham,MJ Richardson,SJ Mullaney,1,0,,,,,,"",""
ball,1,7.6,Durham,MJ Richardson,JTA Burnham,SJ Mullaney,1,0,,,,,,"",""
ball,1,8.1,Durham,MJ Richardson,JTA Burnham,IS Sodhi,1,0,,,,,,"",""
ball,1,8.2,Durham,JTA Burnham,MJ Richardson,IS Sodhi,0,0,,,,,,"",""
ball,1,8.3,Durham,JTA Burnham,MJ Richardson,IS Sodhi,0,0,,,,,,bowled,JTA Burnham
ball,1,8.4,Durham,GJ Harte,MJ Richardson,IS Sodhi,1,0,,,,,,"",""
ball,1,8.5,Durham,MJ Richardson,GJ Harte,IS Sodhi,1,0,,,,,,"",""
ball,1,8.6,Durham,GJ Harte,MJ Richardson,IS Sodhi,1,0,,,,,,"",""
ball,1,9.1,Durham,GJ Harte,MJ Richardson,SJ Mullaney,0,0,,,,,,"",""
ball,1,9.2,Durham,GJ Harte,MJ Richardson,SJ Mullaney,4,0,,,,,,"",""
ball,1,9.3,Durham,GJ Harte,MJ Richardson,SJ Mullaney,0,0,,,,,,caught,GJ Harte
ball,1,9.4,Durham,MJ Richardson,P Coughlin,SJ Mullaney,1,0,,,,,,"",""
ball,1,9.5,Durham,P Coughlin,MJ Richardson,SJ Mullaney,1,0,,,,,,"",""
ball,1,9.6,Durham,MJ Richardson,P Coughlin,SJ Mullaney,1,0,,,,,,"",""
ball,1,10.1,Durham,MJ Richardson,P Coughlin,IS Sodhi,2,0,,,,,,"",""
ball,1,10.2,Durham,MJ Richardson,P Coughlin,IS Sodhi,0,1,,,,1,,"",""
ball,1,10.3,Durham,P Coughlin,MJ Richardson,IS Sodhi,1,0,,,,,,"",""
ball,1,10.4,Durham,MJ Richardson,P Coughlin,IS Sodhi,1,0,,,,,,"",""
ball,1,10.5,Durham,P Coughlin,MJ Richardson,IS Sodhi,1,0,,,,,,"",""
ball,1,10.6,Durham,MJ Richardson,P Coughlin,IS Sodhi,1,0,,,,,,"",""
ball,1,11.1,Durham,MJ Richardson,P Coughlin,SJ Mullaney,2,0,,,,,,"",""
ball,1,11.2,Durham,MJ Richardson,P Coughlin,SJ Mullaney,2,0,,,,,,"",""
ball,1,11.3,Durham,MJ Richardson,P Coughlin,SJ Mullaney,1,0,,,,,,"",""
ball,1,11.4,Durham,P Coughlin,MJ Richardson,SJ Mullaney,1,0,,,,,,"",""
ball,1,11.5,Durham,MJ Richardson,P Coughlin,SJ Mullaney,4,0,,,,,,"",""
ball,1,11.6,Durham,MJ Richardson,P Coughlin,SJ Mullaney,4,0,,,,,,"",""
ball,1,12.1,Durham,P Coughlin,MJ Richardson,SR Patel,1,0,,,,,,"",""
ball,1,12.2,Durham,MJ Richardson,P Coughlin,SR Patel,1,0,,,,,,"",""
ball,1,12.3,Durham,P Coughlin,MJ Richardson,SR Patel,1,0,,,,,,"",""
ball,1,12.4,Durham,MJ Richardson,P Coughlin,SR Patel,0,0,,,,,,"",""
ball,1,12.5,Durham,MJ Richardson,P Coughlin,SR Patel,2,0,,,,,,"",""
ball,1,12.6,Durham,MJ Richardson,P Coughlin,SR Patel,1,0,,,,,,"",""
ball,1,13.1,Durham,MJ Richardson,P Coughlin,IS Sodhi,1,0,,,,,,"",""
ball,1,13.2,Durham,P Coughlin,MJ Richardson,IS Sodhi,1,0,,,,,,"",""
ball,1,13.3,Durham,MJ Richardson,P Coughlin,IS Sodhi,1,0,,,,,,"",""
ball,1,13.4,Durham,P Coughlin,MJ Richardson,IS Sodhi,1,0,,,,,,"",""
ball,1,13.5,Durham,MJ Richardson,P Coughlin,IS Sodhi,2,0,,,,,,"",""
ball,1,13.6,Durham,MJ Richardson,P Coughlin,IS Sodhi,0,0,,,,,,"",""
ball,1,14.1,Durham,P Coughlin,MJ Richardson,SR Patel,1,0,,,,,,"",""
ball,1,14.2,Durham,MJ Richardson,P Coughlin,SR Patel,1,0,,,,,,"",""
ball,1,14.3,Durham,P Coughlin,MJ Richardson,SR Patel,1,0,,,,,,"",""
ball,1,14.4,Durham,MJ Richardson,P Coughlin,SR Patel,0,0,,,,,,bowled,MJ Richardson
ball,1,14.5,Durham,SW Poynter,P Coughlin,SR Patel,1,0,,,,,,"",""
ball,1,14.6,Durham,P Coughlin,SW Poynter,SR Patel,1,0,,,,,,"",""
ball,1,15.1,Durham,P Coughlin,SW Poynter,IS Sodhi,1,0,,,,,,"",""
ball,1,15.2,Durham,SW Poynter,P Coughlin,IS Sodhi,6,0,,,,,,"",""
ball,1,15.3,Durham,SW Poynter,P Coughlin,IS Sodhi,1,0,,,,,,"",""
ball,1,15.4,Durham,P Coughlin,SW Poynter,IS Sodhi,6,0,,,,,,"",""
ball,1,15.5,Durham,P Coughlin,SW Poynter,IS Sodhi,1,0,,,,,,"",""
ball,1,15.6,Durham,SW Poynter,P Coughlin,IS Sodhi,0,0,,,,,,caught,SW Poynter
ball,1,16.1,Durham,P Coughlin,RD Pringle,HF Gurney,1,0,,,,,,"",""
ball,1,16.2,Durham,RD Pringle,P Coughlin,HF Gurney,2,0,,,,,,"",""
ball,1,16.3,Durham,RD Pringle,P Coughlin,HF Gurney,2,0,,,,,,"",""
ball,1,16.4,Durham,RD Pringle,P Coughlin,HF Gurney,2,0,,,,,,"",""
ball,1,16.5,Durham,RD Pringle,P Coughlin,HF Gurney,1,0,,,,,,"",""
ball,1,16.6,Durham,P Coughlin,RD Pringle,HF Gurney,1,0,,,,,,"",""
ball,1,17.1,Durham,P Coughlin,RD Pringle,JT Ball,4,0,,,,,,"",""
ball,1,17.2,Durham,P Coughlin,RD Pringle,JT Ball,0,0,,,,,,"",""
ball,1,17.3,Durham,P Coughlin,RD Pringle,JT Ball,1,0,,,,,,"",""
ball,1,17.4,Durham,RD Pringle,P Coughlin,JT Ball,1,0,,,,,,"",""
ball,1,17.5,Durham,P Coughlin,RD Pringle,JT Ball,0,4,,,4,,,"",""
ball,1,17.6,Durham,P Coughlin,RD Pringle,JT Ball,0,0,,,,,,"",""
ball,1,18.1,Durham,RD Pringle,P Coughlin,HF Gurney,4,0,,,,,,"",""
ball,1,18.2,Durham,RD Pringle,P Coughlin,HF Gurney,4,0,,,,,,"",""
ball,1,18.3,Durham,RD Pringle,P Coughlin,HF Gurney,1,0,,,,,,"",""
ball,1,18.4,Durham,P Coughlin,RD Pringle,HF Gurney,6,0,,,,,,"",""
ball,1,18.5,Durham,P Coughlin,RD Pringle,HF Gurney,4,0,,,,,,"",""
ball,1,18.6,Durham,P Coughlin,RD Pringle,HF Gurney,0,0,,,,,,"",""
ball,1,19.1,Durham,RD Pringle,P Coughlin,JT Ball,4,0,,,,,,"",""
ball,1,19.2,Durham,RD Pringle,P Coughlin,JT Ball,0,6,,,,6,,"",""
ball,1,19.3,Durham,RD Pringle,P Coughlin,JT Ball,4,0,,,,,,"",""
ball,1,19.4,Durham,RD Pringle,P Coughlin,JT Ball,0,0,,,,,,bowled,RD Pringle
ball,1,19.5,Durham,BA Carse,P Coughlin,JT Ball,1,0,,,,,,"",""
ball,1,19.6,Durham,P Coughlin,BA Carse,JT Ball,6,0,,,,,,"",""
ball,2,0.1,Nottinghamshire,MH Wessels,AD Hales,WJ Weighell,0,0,,,,,,"",""
ball,2,0.2,Nottinghamshire,MH Wessels,AD Hales,WJ Weighell,1,0,,,,,,"",""
ball,2,0.3,Nottinghamshire,AD Hales,MH Wessels,WJ Weighell,1,0,,,,,,"",""
ball,2,0.4,Nottinghamshire,MH Wessels,AD Hales,WJ Weighell,1,0,,,,,,"",""
ball,2,0.5,Nottinghamshire,AD Hales,MH Wessels,WJ Weighell,6,0,,,,,,"",""
ball,2,0.6,Nottinghamshire,AD Hales,MH Wessels,WJ Weighell,4,0,,,,,,"",""
ball,2,1.1,Nottinghamshire,MH Wessels,AD Hales,U Arshad,1,2,,2,,,,"",""
ball,2,1.2,Nottinghamshire,AD Hales,MH Wessels,U Arshad,0,2,,2,,,,"",""
ball,2,1.3,Nottinghamshire,AD Hales,MH Wessels,P Coughlin,4,0,,,,,,"",""
ball,2,1.4,Nottinghamshire,AD Hales,MH Wessels,P Coughlin,6,0,,,,,,"",""
ball,2,1.5,Nottinghamshire,AD Hales,MH Wessels,P Coughlin,4,0,,,,,,"",""
ball,2,1.6,Nottinghamshire,AD Hales,MH Wessels,P Coughlin,0,0,,,,,,"",""
ball,2,1.7,Nottinghamshire,AD Hales,MH Wessels,P Coughlin,0,0,,,,,,"",""
ball,2,1.8,Nottinghamshire,AD Hales,MH Wessels,JTA Burnham,0,0,,,,,,"",""
ball,2,2.1,Nottinghamshire,MH Wessels,AD Hales,BA Carse,0,0,,,,,,"",""
ball,2,2.2,Nottinghamshire,MH Wessels,AD Hales,BA Carse,0,0,,,,,,"",""
ball,2,2.3,Nottinghamshire,MH Wessels,AD Hales,BA Carse,4,0,,,,,,"",""
ball,2,2.4,Nottinghamshire,MH Wessels,AD Hales,BA Carse,4,0,,,,,,"",""
ball,2,2.5,Nottinghamshire,MH Wessels,AD Hales,BA Carse,4,0,,,,,,"",""
ball,2,2.6,Nottinghamshire,MH Wessels,AD Hales,BA Carse,0,0,,,,,,"",""
ball,2,3.1,Nottinghamshire,AD Hales,MH Wessels,RD Pringle,0,0,,,,,,"",""
ball,2,3.2,Nottinghamshire,AD Hales,MH Wessels,RD Pringle,6,0,,,,,,"",""
ball,2,3.3,Nottinghamshire,AD Hales,MH Wessels,RD Pringle,0,1,,,,1,,"",""
ball,2,3.4,Nottinghamshire,MH Wessels,AD Hales,RD Pringle,0,0,,,,,,"",""
ball,2,3.5,Nottinghamshire,MH Wessels,AD Hales,RD Pringle,0,0,,,,,,"",""
ball,2,3.6,Nottinghamshire,MH Wessels,AD Hales,RD Pringle,0,0,,,,,,"",""
ball,2,4.1,Nottinghamshire,AD Hales,MH Wessels,BA Carse,4,0,,,,,,"",""
ball,2,4.2,Nottinghamshire,AD Hales,MH Wessels,BA Carse,4,0,,,,,,"",""
ball,2,4.3,Nottinghamshire,AD Hales,MH Wessels,BA Carse,4,0,,,,,,"",""
ball,2,4.4,Nottinghamshire,AD Hales,MH Wessels,BA Carse,4,2,,2,,,,"",""
ball,2,4.5,Nottinghamshire,AD Hales,MH Wessels,BA Carse,1,0,,,,,,"",""
ball,2,4.6,Nottinghamshire,MH Wessels,AD Hales,BA Carse,0,2,,2,,,,"",""
ball,2,4.7,Nottinghamshire,MH Wessels,AD Hales,BA Carse,6,0,,,,,,"",""
ball,2,4.8,Nottinghamshire,MH Wessels,AD Hales,BA Carse,0,0,,,,,,"",""
ball,2,5.1,Nottinghamshire,AD Hales,MH Wessels,RD Pringle,2,0,,,,,,"",""
ball,2,5.2,Nottinghamshire,AD Hales,MH Wessels,RD Pringle,4,0,,,,,,"",""
ball,2,5.3,Nottinghamshire,AD Hales,MH Wessels,RD Pringle,6,0,,,,,,"",""
ball,2,5.4,Nottinghamshire,AD Hales,MH Wessels,RD Pringle,6,0,,,,,,"",""
ball,2,5.5,Nottinghamshire,AD Hales,MH Wessels,RD Pringle,4,0,,,,,,"",""
ball,2,5.6,Nottinghamshire,AD Hales,MH Wessels,RD Pringle,6,0,,,,,,"",""
ball,2,6.1,Nottinghamshire,MH Wessels,AD Hales,CT Steel,1,0,,,,,,"",""
ball,2,6.2,Nottinghamshire,AD Hales,MH Wessels,CT Steel,6,0,,,,,,"",""
ball,2,6.3,Nottinghamshire,AD Hales,MH Wessels,CT Steel,0,0,,,,,,"",""
ball,2,6.4,Nottinghamshire,AD Hales,MH Wessels,CT Steel,6,0,,,,,,"",""
ball,2,6.5,Nottinghamshire,AD Hales,MH Wessels,CT Steel,6,0,,,,,,"",""
ball,2,6.6,Nottinghamshire,AD Hales,MH Wessels,CT Steel,1,0,,,,,,"",""
ball,2,7.1,Nottinghamshire,AD Hales,MH Wessels,WJ Weighell,0,0,,,,,,caught,AD Hales
ball,2,7.2,Nottinghamshire,MH Wessels,TJ Moores,WJ Weighell,1,0,,,,,,"",""
ball,2,7.3,Nottinghamshire,TJ Moores,MH Wessels,WJ Weighell,0,0,,,,,,caught,TJ Moores
ball,2,7.4,Nottinghamshire,DT Christian,MH Wessels,WJ Weighell,4,0,,,,,,"",""
ball,2,7.5,Nottinghamshire,DT Christian,MH Wessels,WJ Weighell,4,0,,,,,,"",""
ball,2,7.6,Nottinghamshire,DT Christian,MH Wessels,WJ Weighell,1,0,,,,,,"",""
ball,2,8.1,Nottinghamshire,DT Christian,MH Wessels,CT Steel,1,0,,,,,,"",""
ball,2,8.2,Nottinghamshire,MH Wessels,DT Christian,CT Steel,1,0,,,,,,"",""
ball,2,8.3,Nottinghamshire,DT Christian,MH Wessels,CT Steel,0,0,,,,,,caught,DT Christian
ball,2,8.4,Nottinghamshire,SJ Mullaney,MH Wessels,CT Steel,0,0,,,,,,caught,SJ Mullaney
ball,2,8.5,Nottinghamshire,MH Wessels,SR Patel,CT Steel,1,0,,,,,,"",""
ball,2,8.6,Nottinghamshire,SR Patel,MH Wessels,CT Steel,0,0,,,,,,"",""
ball,2,9.1,Nottinghamshire,MH Wessels,SR Patel,WJ Weighell,0,0,,,,,,"",""
ball,2,9.2,Nottinghamshire,MH Wessels,SR Patel,WJ Weighell,1,0,,,,,,"",""
ball,2,9.3,Nottinghamshire,SR Patel,MH Wessels,WJ Weighell,0,0,,,,,,"",""
ball,2,9.4,Nottinghamshire,SR Patel,MH Wessels,WJ Weighell,1,0,,,,,,"",""
ball,2,9.5,Nottinghamshire,MH Wessels,SR Patel,WJ Weighell,0,0,,,,,,"",""
ball,2,9.6,Nottinghamshire,MH Wessels,SR Patel,WJ Weighell,0,0,,,,,,"",""
ball,2,10.1,Nottinghamshire,SR Patel,MH Wessels,CT Steel,1,0,,,,,,"",""
ball,2,10.2,Nottinghamshire,MH Wessels,SR Patel,CT Steel,4,0,,,,,,"",""
ball,2,10.3,Nottinghamshire,MH Wessels,SR Patel,CT Steel,0,0,,,,,,"",""
ball,2,10.4,Nottinghamshire,MH Wessels,SR Patel,CT Steel,1,0,,,,,,"",""
ball,2,10.5,Nottinghamshire,SR Patel,MH Wessels,CT Steel,4,0,,,,,,"",""
ball,2,10.6,Nottinghamshire,SR Patel,MH Wessels,CT Steel,4,0,,,,,,"",""
ball,2,11.1,Nottinghamshire,MH Wessels,SR Patel,BA Carse,0,0,,,,,,"",""
ball,2,11.2,Nottinghamshire,MH Wessels,SR Patel,BA Carse,1,0,,,,,,"",""
ball,2,11.3,Nottinghamshire,SR Patel,MH Wessels,BA Carse,0,0,,,,,,"",""
ball,2,11.4,Nottinghamshire,SR Patel,MH Wessels,BA Carse,0,0,,,,,,"",""
ball,2,11.5,Nottinghamshire,SR Patel,MH Wessels,BA Carse,0,0,,,,,,"",""
ball,2,11.6,Nottinghamshire,SR Patel,MH Wessels,BA Carse,1,0,,,,,,"",""
ball,2,12.1,Nottinghamshire,SR Patel,MH Wessels,CT Steel,4,0,,,,,,"",""
ball,2,12.2,Nottinghamshire,SR Patel,MH Wessels,CT Steel,4,2,,2,,,,"",""
ball,2,12.3,Nottinghamshire,SR Patel,MH Wessels,CT Steel,0,0,,,,,,"",""
ball,2,12.4,Nottinghamshire,SR Patel,MH Wessels,CT Steel,6,0,,,,,,"",""
ball,2,12.5,Nottinghamshire,SR Patel,MH Wessels,CT Steel,1,0,,,,,,"",""
ball,2,12.6,Nottinghamshire,MH Wessels,SR Patel,CT Steel,6,0,,,,,,"",""
ball,2,12.7,Nottinghamshire,MH Wessels,SR Patel,CT Steel,0,0,,,,,,"",""
ball,2,13.1,Nottinghamshire,SR Patel,MH Wessels,BA Carse,0,0,,,,,,caught,SR Patel
ball,2,13.2,Nottinghamshire,MH Wessels,BRM Taylor,BA Carse,0,0,,,,,,"",""
ball,2,13.3,Nottinghamshire,MH Wessels,BRM Taylor,BA Carse,2,0,,,,,,"",""
ball,2,13.4,Nottinghamshire,MH Wessels,BRM Taylor,BA Carse,1,0,,,,,,"",""
ball,2,13.5,Nottinghamshire,BRM Taylor,MH Wessels,BA Carse,1,0,,,,,,"",""
