version,1.6.0
info,balls_per_over,6
info,team,Essex
info,team,Glamorgan
info,gender,male
info,season,2017
info,date,2017/07/16
info,event,NatWest T20 Blast
info,venue,County Ground
info,city,Chelmsford
info,toss_winner,Essex
info,toss_decision,bat
info,player_of_match,CA Ingram
info,umpire,MA Gough
info,umpire,RJ Warren
info,winner,Glamorgan
info,winner_wickets,5
info,player,Essex,DW Lawrence
info,player,Essex,V Chopra
info,player,Essex,T Westley
info,player,Essex,RS Bopara
info,player,Essex,RN ten Doeschate
info,player,Essex,Ashar Zaidi
info,player,Essex,JS Foster
info,player,Essex,PI Walter
info,player,Essex,SR Harmer
info,player,Essex,Mohammad Amir
info,player,Essex,JA Porter
info,player,Glamorgan,DL Lloyd
info,player,Glamorgan,AHT Donald
info,player,Glamorgan,CA Ingram
info,player,Glamorgan,JA Rudolph
info,player,Glamorgan,CB Cooke
info,player,Glamorgan,GG Wagg
info,player,Glamorgan,CAJ Meschede
info,player,Glamorgan,AG Salter
info,player,Glamorgan,M de Lange
info,player,Glamorgan,T van der Gugten
info,player,Glamorgan,MG Hogan
info,registry,people,AG Salter,1a45b864
info,registry,people,AHT Donald,72918338
info,registry,people,Ashar Zaidi,9bab2b81
info,registry,people,CA Ingram,c995d726
info,registry,people,CAJ Meschede,eddf25bd
info,registry,people,CB Cooke,6755cd5c
info,registry,people,DL Lloyd,0c7f11be
info,registry,people,DW Lawrence,4b685e2d
info,registry,people,GG Wagg,450f6fa6
info,registry,people,JA Porter,5b6d248a
info,registry,people,JA Rudolph,42537f07
info,registry,people,JS Foster,e68dd455
info,registry,people,M de Lange,d4eef961
info,registry,people,MA Gough,76752ac8
info,registry,people,MG Hogan,5da34add
info,registry,people,Mohammad Amir,e174dadd
info,registry,people,PI Walter,57590dbb
info,registry,people,RJ Warren,9d1c62d7
info,registry,people,RN ten Doeschate,4ec07775
info,registry,people,RS Bopara,7ca5e05d
info,registry,people,SR Harmer,23638956
info,registry,people,T Westley,25a42048
info,registry,people,T van der Gugten,d99cc23a
info,registry,people,V Chopra,54745c20
ball,1,0.1,Essex,DW Lawrence,V Chopra,MG Hogan,1,0,,,,,,"",""
ball,1,0.2,Essex,V Chopra,DW Lawrence,MG Hogan,1,0,,,,,,"",""
ball,1,0.3,Essex,DW Lawrence,V Chopra,MG Hogan,0,0,,,,,,bowled,DW Lawrence
ball,1,0.4,Essex,T Westley,V Chopra,MG Hogan,0,0,,,,,,"",""
ball,1,0.5,Essex,T Westley,V Chopra,MG Hogan,0,0,,,,,,"",""
ball,1,0.6,Essex,T Westley,V Chopra,MG Hogan,4,0,,,,,,"",""
ball,1,1.1,Essex,V Chopra,T Westley,T van der Gugten,0,0,,,,,,"",""
ball,1,1.2,Essex,V Chopra,T Westley,T van der Gugten,4,0,,,,,,"",""
ball,1,1.3,Essex,V Chopra,T Westley,T van der Gugten,6,0,,,,,,"",""
ball,1,1.4,Essex,V Chopra,T Westley,T van der Gugten,6,0,,,,,,"",""
ball,1,1.5,Essex,V Chopra,T Westley,T van der Gugten,0,0,,,,,,"",""
ball,1,1.6,Essex,V Chopra,T Westley,T van der Gugten,0,0,,,,,,"",""
ball,1,2.1,Essex,T Westley,V Chopra,MG Hogan,1,0,,,,,,"",""
ball,1,2.2,Essex,V Chopra,T Westley,MG Hogan,1,0,,,,,,"",""
ball,1,2.3,Essex,T Westley,V Chopra,MG Hogan,6,0,,,,,,"",""
ball,1,2.4,Essex,T Westley,V Chopra,MG Hogan,6,0,,,,,,"",""
ball,1,2.5,Essex,T Westley,V Chopra,MG Hogan,2,0,,,,,,"",""
ball,1,2.6,Essex,T Westley,V Chopra,MG Hogan,0,0,,,,,,"",""
ball,1,3.1,Essex,V Chopra,T Westley,GG Wagg,1,0,,,,,,"",""
ball,1,3.2,Essex,T Westley,V Chopra,GG Wagg,1,0,,,,,,"",""
ball,1,3.3,Essex,V Chopra,T Westley,GG Wagg,0,0,,,,,,"",""
ball,1,3.4,Essex,V Chopra,T Westley,GG Wagg,0,0,,,,,,"",""
ball,1,3.5,Essex,V Chopra,T Westley,GG Wagg,0,5,5,,,,,"",""
ball,1,3.6,Essex,V Chopra,T Westley,GG Wagg,0,0,,,,,,"",""
ball,1,3.7,Essex,V Chopra,T Westley,GG Wagg,0,0,,,,,,"",""
ball,1,4.1,Essex,T Westley,V Chopra,M de Lange,1,0,,,,,,"",""
ball,1,4.2,Essex,V Chopra,T Westley,M de Lange,1,0,,,,,,"",""
ball,1,4.3,Essex,T Westley,V Chopra,M de Lange,1,0,,,,,,"",""
ball,1,4.4,Essex,V Chopra,T Westley,M de Lange,6,0,,,,,,"",""
ball,1,4.5,Essex,V Chopra,T Westley,M de Lange,4,0,,,,,,"",""
ball,1,4.6,Essex,V Chopra,T Westley,M de Lange,4,0,,,,,,"",""
ball,1,5.1,Essex,T Westley,V Chopra,GG Wagg,2,0,,,,,,"",""
ball,1,5.2,Essex,T Westley,V Chopra,GG Wagg,2,0,,,,,,"",""
ball,1,5.3,Essex,T Westley,V Chopra,GG Wagg,0,0,,,,,,"",""
ball,1,5.4,Essex,T Westley,V Chopra,GG Wagg,0,1,1,,,,,"",""
ball,1,5.5,Essex,T Westley,V Chopra,GG Wagg,0,0,,,,,,"",""
ball,1,5.6,Essex,T Westley,V Chopra,GG Wagg,1,0,,,,,,"",""
ball,1,5.7,Essex,V Chopra,T Westley,GG Wagg,1,0,,,,,,"",""
ball,1,6.1,Essex,V Chopra,T Westley,M de Lange,1,0,,,,,,"",""
ball,1,6.2,Essex,T Westley,V Chopra,M de Lange,2,0,,,,,,"",""
ball,1,6.3,Essex,T Westley,V Chopra,M de Lange,0,0,,,,,,"",""
ball,1,6.4,Essex,T Westley,V Chopra,M de Lange,0,0,,,,,,caught,T Westley
ball,1,6.5,Essex,V Chopra,RS Bopara,M de Lange,1,0,,,,,,"",""
ball,1,6.6,Essex,RS Bopara,V Chopra,M de Lange,1,0,,,,,,"",""
ball,1,7.1,Essex,RS Bopara,V Chopra,AG Salter,1,0,,,,,,"",""
ball,1,7.2,Essex,V Chopra,RS Bopara,AG Salter,1,0,,,,,,"",""
ball,1,7.3,Essex,RS Bopara,V Chopra,AG Salter,1,0,,,,,,"",""
ball,1,7.4,Essex,V Chopra,RS Bopara,AG Salter,1,0,,,,,,"",""
ball,1,7.5,Essex,RS Bopara,V Chopra,AG Salter,1,0,,,,,,"",""
ball,1,7.6,Essex,V Chopra,RS Bopara,AG Salter,1,0,,,,,,"",""
ball,1,8.1,Essex,V Chopra,RS Bopara,CA Ingram,1,0,,,,,,"",""
ball,1,8.2,Essex,RS Bopara,V Chopra,CA Ingram,0,0,,,,,,"",""
ball,1,8.3,Essex,RS Bopara,V Chopra,CA Ingram,4,0,,,,,,"",""
ball,1,8.4,Essex,RS Bopara,V Chopra,CA Ingram,1,0,,,,,,"",""
ball,1,8.5,Essex,V Chopra,RS Bopara,CA Ingram,0,0,,,,,,"",""
ball,1,8.6,Essex,V Chopra,RS Bopara,CA Ingram,1,0,,,,,,"",""
ball,1,9.1,Essex,V Chopra,RS Bopara,AG Salter,0,0,,,,,,"",""
ball,1,9.2,Essex,V Chopra,RS Bopara,AG Salter,1,0,,,,,,"",""
ball,1,9.3,Essex,RS Bopara,V Chopra,AG Salter,1,0,,,,,,"",""
ball,1,9.4,Essex,V Chopra,RS Bopara,AG Salter,6,0,,,,,,"",""
ball,1,9.5,Essex,V Chopra,RS Bopara,AG Salter,1,0,,,,,,"",""
ball,1,9.6,Essex,RS Bopara,V Chopra,AG Salter,1,0,,,,,,"",""
ball,1,10.1,Essex,RS Bopara,V Chopra,CAJ Meschede,1,0,,,,,,"",""
ball,1,10.2,Essex,V Chopra,RS Bopara,CAJ Meschede,2,0,,,,,,"",""
ball,1,10.3,Essex,V Chopra,RS Bopara,CAJ Meschede,4,0,,,,,,"",""
ball,1,10.4,Essex,V Chopra,RS Bopara,CAJ Meschede,1,2,,2,,,,"",""
ball,1,10.5,Essex,RS Bopara,V Chopra,CAJ Meschede,0,1,1,,,,,"",""
ball,1,10.6,Essex,RS Bopara,V Chopra,CAJ Meschede,6,0,,,,,,"",""
ball,1,10.7,Essex,RS Bopara,V Chopra,CAJ Meschede,1,0,,,,,,"",""
ball,1,10.8,Essex,V Chopra,RS Bopara,CAJ Meschede,1,0,,,,,,"",""
ball,1,11.1,Essex,V Chopra,RS Bopara,CA Ingram,1,0,,,,,,"",""
ball,1,11.2,Essex,RS Bopara,V Chopra,CA Ingram,1,0,,,,,,"",""
ball,1,11.3,Essex,V Chopra,RS Bopara,CA Ingram,4,0,,,,,,"",""
ball,1,11.4,Essex,V Chopra,RS Bopara,CA Ingram,0,0,,,,,,"",""
ball,1,11.5,Essex,V Chopra,RS Bopara,CA Ingram,1,0,,,,,,"",""
ball,1,11.6,Essex,RS Bopara,V Chopra,CA Ingram,0,0,,,,,,"",""
ball,1,12.1,Essex,V Chopra,RS Bopara,M de Lange,0,0,,,,,,"",""
ball,1,12.2,Essex,V Chopra,RS Bopara,M de Lange,6,0,,,,,,"",""
ball,1,12.3,Essex,V Chopra,RS Bopara,M de Lange,1,0,,,,,,"",""
ball,1,12.4,Essex,RS Bopara,V Chopra,M de Lange,6,0,,,,,,"",""
ball,1,12.5,Essex,RS Bopara,V Chopra,M de Lange,1,0,,,,,,"",""
ball,1,12.6,Essex,V Chopra,RS Bopara,M de Lange,0,0,,,,,,"",""
ball,1,13.1,Essex,RS Bopara,V Chopra,CA Ingram,0,0,,,,,,"",""
ball,1,13.2,Essex,RS Bopara,V Chopra,CA Ingram,1,0,,,,,,"",""
ball,1,13.3,Essex,V Chopra,RS Bopara,CA Ingram,1,0,,,,,,"",""
ball,1,13.4,Essex,RS Bopara,V Chopra,CA Ingram,1,0,,,,,,"",""
ball,1,13.5,Essex,V Chopra,RS Bopara,CA Ingram,1,0,,,,,,"",""
ball,1,13.6,Essex,RS Bopara,V Chopra,CA Ingram,2,0,,,,,,"",""
ball,1,14.1,Essex,V Chopra,RS Bopara,MG Hogan,0,0,,,,,,"",""
ball,1,14.2,Essex,V Chopra,RS Bopara,MG Hogan,1,0,,,,,,"",""
ball,1,14.3,Essex,RS Bopara,V Chopra,MG Hogan,1,0,,,,,,"",""
ball,1,14.4,Essex,V Chopra,RS Bopara,MG Hogan,1,0,,,,,,"",""
ball,1,14.5,Essex,RS Bopara,V Chopra,MG Hogan,6,0,,,,,,"",""
ball,1,14.6,Essex,RS Bopara,V Chopra,MG Hogan,1,0,,,,,,"",""
ball,1,15.1,Essex,RS Bopara,V Chopra,CA Ingram,6,0,,,,,,"",""
ball,1,15.2,Essex,RS Bopara,V Chopra,CA Ingram,0,2,2,,,,,"",""
ball,1,15.3,Essex,V Chopra,RS Bopara,CA Ingram,1,0,,,,,,"",""
ball,1,15.4,Essex,RS Bopara,V Chopra,CA Ingram,4,0,,,,,,"",""
ball,1,15.5,Essex,RS Bopara,V Chopra,CA Ingram,1,0,,,,,,"",""
ball,1,15.6,Essex,V Chopra,RS Bopara,CA Ingram,6,0,,,,,,"",""
ball,1,15.7,Essex,V Chopra,RS Bopara,CA Ingram,6,0,,,,,,"",""
ball,1,16.1,Essex,RS Bopara,V Chopra,GG Wagg,1,0,,,,,,"",""
ball,1,16.2,Essex,V Chopra,RS Bopara,GG Wagg,0,0,,,,,,"",""
ball,1,16.3,Essex,V Chopra,RS Bopara,GG Wagg,0,0,,,,,,"",""
ball,1,16.4,Essex,V Chopra,RS Bopara,GG Wagg,1,0,,,,,,"",""
ball,1,16.5,Essex,RS Bopara,V Chopra,GG Wagg,2,0,,,,,,"",""
ball,1,16.6,Essex,RS Bopara,V Chopra,GG Wagg,2,0,,,,,,"",""
ball,1,17.1,Essex,V Chopra,RS Bopara,T van der Gugten,1,0,,,,,,"",""
ball,1,17.2,Essex,RS Bopara,V Chopra,T van der Gugten,2,0,,,,,,"",""
ball,1,17.3,Essex,RS Bopara,V Chopra,T van der Gugten,6,0,,,,,,"",""
ball,1,17.4,Essex,RS Bopara,V Chopra,T van der Gugten,0,0,,,,,,caught,RS Bopara
ball,1,17.5,Essex,RN ten Doeschate,V Chopra,T van der Gugten,2,0,,,,,,"",""
ball,1,17.6,Essex,RN ten Doeschate,V Chopra,T van der Gugten,1,0,,,,,,"",""
ball,1,18.1,Essex,RN ten Doeschate,V Chopra,GG Wagg,1,0,,,,,,"",""
ball,1,18.2,Essex,V Chopra,RN ten Doeschate,GG Wagg,6,0,,,,,,"",""
ball,1,18.3,Essex,V Chopra,RN ten Doeschate,GG Wagg,1,0,,,,,,"",""
ball,1,18.4,Essex,RN ten Doeschate,V Chopra,GG Wagg,0,1,1,,,,,"",""
ball,1,18.5,Essex,RN ten Doeschate,V Chopra,GG Wagg,1,0,,,,,,"",""
ball,1,18.6,Essex,V Chopra,RN ten Doeschate,GG Wagg,1,0,,,,,,"",""
ball,1,18.7,Essex,RN ten Doeschate,V Chopra,GG Wagg,1,0,,,,,,"",""
ball,1,19.1,Essex,RN ten Doeschate,V Chopra,MG Hogan,0,0,,,,,,bowled,RN ten Doeschate
ball,1,19.2,Essex,Ashar Zaidi,V Chopra,MG Hogan,4,0,,,,,,"",""
ball,1,19.3,Essex,Ashar Zaidi,V Chopra,MG Hogan,0,0,,,,,,"",""
ball,1,19.4,Essex,Ashar Zaidi,V Chopra,MG Hogan,1,0,,,,,,"",""
ball,1,19.5,Essex,V Chopra,Ashar Zaidi,MG Hogan,4,0,,,,,,"",""
ball,1,19.6,Essex,V Chopra,Ashar Zaidi,MG Hogan,1,0,,,,,,"",""
ball,2,0.1,Glamorgan,DL Lloyd,AHT Donald,Mohammad Amir,0,0,,,,,,"",""
ball,2,0.2,Glamorgan,DL Lloyd,AHT Donald,Mohammad Amir,1,0,,,,,,"",""
ball,2,0.3,Glamorgan,AHT Donald,DL Lloyd,Mohammad Amir,1,0,,,,,,"",""
ball,2,0.4,Glamorgan,DL Lloyd,AHT Donald,Mohammad Amir,4,0,,,,,,"",""
ball,2,0.5,Glamorgan,DL Lloyd,AHT Donald,Mohammad Amir,0,0,,,,,,"",""
ball,2,0.6,Glamorgan,DL Lloyd,AHT Donald,Mohammad Amir,0,0,,,,,,"",""
ball,2,1.1,Glamorgan,AHT Donald,DL Lloyd,JA Porter,1,0,,,,,,"",""
ball,2,1.2,Glamorgan,DL Lloyd,AHT Donald,JA Porter,4,0,,,,,,"",""
ball,2,1.3,Glamorgan,DL Lloyd,AHT Donald,JA Porter,0,0,,,,,,"",""
ball,2,1.4,Glamorgan,DL Lloyd,AHT Donald,JA Porter,1,0,,,,,,"",""
ball,2,1.5,Glamorgan,AHT Donald,DL Lloyd,JA Porter,0,0,,,,,,bowled,AHT Donald
ball,2,1.6,Glamorgan,CA Ingram,DL Lloyd,JA Porter,1,0,,,,,,"",""
ball,2,2.1,Glamorgan,CA Ingram,DL Lloyd,PI Walter,4,0,,,,,,"",""
ball,2,2.2,Glamorgan,CA Ingram,DL Lloyd,PI Walter,0,0,,,,,,"",""
ball,2,2.3,Glamorgan,CA Ingram,DL Lloyd,PI Walter,0,0,,,,,,"",""
ball,2,2.4,Glamorgan,CA Ingram,DL Lloyd,PI Walter,0,0,,,,,,"",""
ball,2,2.5,Glamorgan,CA Ingram,DL Lloyd,PI Walter,2,0,,,,,,"",""
ball,2,2.6,Glamorgan,CA Ingram,DL Lloyd,PI Walter,0,0,,,,,,"",""
ball,2,3.1,Glamorgan,DL Lloyd,CA Ingram,JA Porter,0,0,,,,,,"",""
ball,2,3.2,Glamorgan,DL Lloyd,CA Ingram,JA Porter,4,0,,,,,,"",""
ball,2,3.3,Glamorgan,DL Lloyd,CA Ingram,JA Porter,0,0,,,,,,"",""
ball,2,3.4,Glamorgan,DL Lloyd,CA Ingram,JA Porter,1,0,,,,,,"",""
ball,2,3.5,Glamorgan,CA Ingram,DL Lloyd,JA Porter,6,0,,,,,,"",""
ball,2,3.6,Glamorgan,CA Ingram,DL Lloyd,JA Porter,0,0,,,,,,"",""
ball,2,4.1,Glamorgan,DL Lloyd,CA Ingram,Mohammad Amir,1,0,,,,,,"",""
ball,2,4.2,Glamorgan,CA Ingram,DL Lloyd,Mohammad Amir,2,0,,,,,,"",""
ball,2,4.3,Glamorgan,CA Ingram,DL Lloyd,Mohammad Amir,4,0,,,,,,"",""
ball,2,4.4,Glamorgan,CA Ingram,DL Lloyd,Mohammad Amir,4,0,,,,,,"",""
ball,2,4.5,Glamorgan,CA Ingram,DL Lloyd,Mohammad Amir,0,0,,,,,,"",""
ball,2,4.6,Glamorgan,CA Ingram,DL Lloyd,Mohammad Amir,0,1,,,,1,,"",""
ball,2,5.1,Glamorgan,CA Ingram,DL Lloyd,SR Harmer,0,0,,,,,,"",""
ball,2,5.2,Glamorgan,CA Ingram,DL Lloyd,SR Harmer,6,0,,,,,,"",""
ball,2,5.3,Glamorgan,CA Ingram,DL Lloyd,SR Harmer,4,0,,,,,,"",""
ball,2,5.4,Glamorgan,CA Ingram,DL Lloyd,SR Harmer,4,0,,,,,,"",""
ball,2,5.5,Glamorgan,CA Ingram,DL Lloyd,SR Harmer,6,0,,,,,,"",""
ball,2,5.6,Glamorgan,CA Ingram,DL Lloyd,SR Harmer,1,0,,,,,,"",""
ball,2,6.1,Glamorgan,CA Ingram,DL Lloyd,RS Bopara,1,0,,,,,,"",""
ball,2,6.2,Glamorgan,DL Lloyd,CA Ingram,RS Bopara,4,0,,,,,,"",""
ball,2,6.3,Glamorgan,DL Lloyd,CA Ingram,RS Bopara,0,0,,,,,,caught,DL Lloyd
ball,2,6.4,Glamorgan,CA Ingram,JA Rudolph,RS Bopara,4,0,,,,,,"",""
ball,2,6.5,Glamorgan,CA Ingram,JA Rudolph,RS Bopara,1,0,,,,,,"",""
ball,2,6.6,Glamorgan,JA Rudolph,CA Ingram,RS Bopara,1,0,,,,,,"",""
ball,2,7.1,Glamorgan,JA Rudolph,CA Ingram,SR Harmer,1,0,,,,,,"",""
ball,2,7.2,Glamorgan,CA Ingram,JA Rudolph,SR Harmer,0,0,,,,,,"",""
ball,2,7.3,Glamorgan,CA Ingram,JA Rudolph,SR Harmer,1,0,,,,,,"",""
ball,2,7.4,Glamorgan,JA Rudolph,CA Ingram,SR Harmer,1,0,,,,,,"",""
ball,2,7.5,Glamorgan,CA Ingram,JA Rudolph,SR Harmer,2,0,,,,,,"",""
ball,2,7.6,Glamorgan,CA Ingram,JA Rudolph,SR Harmer,1,0,,,,,,"",""
ball,2,8.1,Glamorgan,CA Ingram,JA Rudolph,RS Bopara,1,0,,,,,,"",""
ball,2,8.2,Glamorgan,JA Rudolph,CA Ingram,RS Bopara,1,0,,,,,,"",""
ball,2,8.3,Glamorgan,CA Ingram,JA Rudolph,RS Bopara,1,0,,,,,,"",""
ball,2,8.4,Glamorgan,JA Rudolph,CA Ingram,RS Bopara,1,0,,,,,,"",""
ball,2,8.5,Glamorgan,CA Ingram,JA Rudolph,RS Bopara,1,0,,,,,,"",""
ball,2,8.6,Glamorgan,JA Rudolph,CA Ingram,RS Bopara,0,0,,,,,,"",""
ball,2,9.1,Glamorgan,CA Ingram,JA Rudolph,JA Porter,0,0,,,,,,"",""
ball,2,9.2,Glamorgan,CA Ingram,JA Rudolph,JA Porter,6,0,,,,,,"",""
ball,2,9.3,Glamorgan,CA Ingram,JA Rudolph,JA Porter,4,0,,,,,,"",""
ball,2,9.4,Glamorgan,CA Ingram,JA Rudolph,JA Porter,0,1,1,,,,,"",""
ball,2,9.5,Glamorgan,CA Ingram,JA Rudolph,JA Porter,2,0,,,,,,"",""
ball,2,9.6,Glamorgan,CA Ingram,JA Rudolph,JA Porter,6,0,,,,,,"",""
ball,2,9.7,Glamorgan,CA Ingram,JA Rudolph,JA Porter,0,0,,,,,,"",""
ball,2,10.1,Glamorgan,JA Rudolph,CA Ingram,RS Bopara,2,0,,,,,,"",""
ball,2,10.2,Glamorgan,JA Rudolph,CA Ingram,RS Bopara,1,0,,,,,,"",""
ball,2,10.3,Glamorgan,CA Ingram,JA Rudolph,RS Bopara,1,0,,,,,,"",""
ball,2,10.4,Glamorgan,JA Rudolph,CA Ingram,RS Bopara,0,0,,,,,,"",""
ball,2,10.5,Glamorgan,JA Rudolph,CA Ingram,RS Bopara,1,0,,,,,,"",""
ball,2,10.6,Glamorgan,CA Ingram,JA Rudolph,RS Bopara,1,0,,,,,,"",""
ball,2,11.1,Glamorgan,CA Ingram,JA Rudolph,SR Harmer,4,0,,,,,,"",""
ball,2,11.2,Glamorgan,CA Ingram,JA Rudolph,SR Harmer,2,0,,,,,,"",""
ball,2,11.3,Glamorgan,CA Ingram,JA Rudolph,SR Harmer,1,0,,,,,,"",""
ball,2,11.4,Glamorgan,JA Rudolph,CA Ingram,SR Harmer,0,0,,,,,,caught,JA Rudolph
ball,2,11.5,Glamorgan,CA Ingram,CB Cooke,SR Harmer,1,0,,,,,,"",""
ball,2,11.6,Glamorgan,CB Cooke,CA Ingram,SR Harmer,1,0,,,,,,"",""
ball,2,12.1,Glamorgan,CB Cooke,CA Ingram,Ashar Zaidi,2,0,,,,,,"",""
ball,2,12.2,Glamorgan,CB Cooke,CA Ingram,Ashar Zaidi,0,0,,,,,,"",""
ball,2,12.3,Glamorgan,CB Cooke,CA Ingram,Ashar Zaidi,0,0,,,,,,"",""
ball,2,12.4,Glamorgan,CB Cooke,CA Ingram,Ashar Zaidi,1,0,,,,,,"",""
ball,2,12.5,Glamorgan,CA Ingram,CB Cooke,Ashar Zaidi,0,0,,,,,,"",""
ball,2,12.6,Glamorgan,CA Ingram,CB Cooke,Ashar Zaidi,0,1,1,,,,,"",""
ball,2,12.7,Glamorgan,CA Ingram,CB Cooke,Ashar Zaidi,6,0,,,,,,"",""
ball,2,13.1,Glamorgan,CB Cooke,CA Ingram,SR Harmer,0,0,,,,,,"",""
ball,2,13.2,Glamorgan,CB Cooke,CA Ingram,SR Harmer,1,0,,,,,,"",""
ball,2,13.3,Glamorgan,CA Ingram,CB Cooke,SR Harmer,0,4,,,4,,,"",""
ball,2,13.4,Glamorgan,CA Ingram,CB Cooke,SR Harmer,6,0,,,,,,"",""
ball,2,13.5,Glamorgan,CA Ingram,CB Cooke,SR Harmer,1,0,,,,,,"",""
ball,2,13.6,Glamorgan,CB Cooke,CA Ingram,SR Harmer,6,0,,,,,,"",""
ball,2,14.1,Glamorgan,CA Ingram,CB Cooke,PI Walter,0,1,,,,1,,"",""
ball,2,14.2,Glamorgan,CB Cooke,CA Ingram,PI Walter,1,0,,,,,,"",""
ball,2,14.3,Glamorgan,CA Ingram,CB Cooke,PI Walter,1,0,,,,,,"",""
ball,2,14.4,Glamorgan,CB Cooke,CA Ingram,PI Walter,1,2,,2,,,,"",""
ball,2,14.5,Glamorgan,CA Ingram,CB Cooke,PI Walter,6,0,,,,,,"",""
ball,2,14.6,Glamorgan,CA Ingram,CB Cooke,PI Walter,1,0,,,,,,"",""
ball,2,14.7,Glamorgan,CB Cooke,CA Ingram,PI Walter,1,0,,,,,,"",""
ball,2,15.1,Glamorgan,CB Cooke,CA Ingram,RS Bopara,1,0,,,,,,"",""
ball,2,15.2,Glamorgan,CA Ingram,CB Cooke,RS Bopara,1,0,,,,,,"",""
ball,2,15.3,Glamorgan,CB Cooke,CA Ingram,RS Bopara,1,0,,,,,,"",""
ball,2,15.4,Glamorgan,CA Ingram,CB Cooke,RS Bopara,6,0,,,,,,"",""
ball,2,15.5,Glamorgan,CA Ingram,CB Cooke,RS Bopara,1,0,,,,,,"",""
ball,2,15.6,Glamorgan,CB Cooke,CA Ingram,RS Bopara,1,0,,,,,,"",""
ball,2,16.1,Glamorgan,CB Cooke,CA Ingram,Mohammad Amir,4,0,,,,,,"",""
ball,2,16.2,Glamorgan,CB Cooke,CA Ingram,Mohammad Amir,0,1,,,,1,,"",""
ball,2,16.3,Glamorgan,CA Ingram,CB Cooke,Mohammad Amir,0,1,,,,1,,"",""
ball,2,16.4,Glamorgan,CB Cooke,CA Ingram,Mohammad Amir,0,0,,,,,,"",""
ball,2,16.5,Glamorgan,CB Cooke,CA Ingram,Mohammad Amir,4,0,,,,,,"",""
ball,2,16.6,Glamorgan,CB Cooke,CA Ingram,Mohammad Amir,1,0,,,,,,"",""
ball,2,17.1,Glamorgan,CB Cooke,CA Ingram,PI Walter,6,0,,,,,,"",""
ball,2,17.2,Glamorgan,CB Cooke,CA Ingram,PI Walter,0,0,,,,,,"",""
ball,2,17.3,Glamorgan,CB Cooke,CA Ingram,PI Walter,4,0,,,,,,"",""
ball,2,17.4,Glamorgan,CB Cooke,CA Ingram,PI Walter,6,0,,,,,,"",""
ball,2,17.5,Glamorgan,CB Cooke,CA Ingram,PI Walter,0,0,,,,,,"",""
ball,2,17.6,Glamorgan,CB Cooke,CA Ingram,PI Walter,1,0,,,,,,"",""
ball,2,18.1,Glamorgan,CB Cooke,CA Ingram,Mohammad Amir,0,0,,,,,,run out,CA Ingram
ball,2,18.2,Glamorgan,CB Cooke,GG Wagg,Mohammad Amir,6,0,,,,,,"",""
ball,2,18.3,Glamorgan,CB Cooke,GG Wagg,Mohammad Amir,0,0,,,,,,caught,CB Cooke
ball,2,18.4,Glamorgan,GG Wagg,CAJ Meschede,Mohammad Amir,1,0,,,,,,"",""
ball,2,18.5,Glamorgan,CAJ Meschede,GG Wagg,Mohammad Amir,1,0,,,,,,"",""
ball,2,18.6,Glamorgan,GG Wagg,CAJ Meschede,Mohammad Amir,3,0,,,,,,"",""
ball,2,19.1,Glamorgan,GG Wagg,CAJ Meschede,PI Walter,1,0,,,,,,"",""
ball,2,19.2,Glamorgan,CAJ Meschede,GG Wagg,PI Walter,1,0,,,,,,"",""
ball,2,19.3,Glamorgan,GG Wagg,CAJ Meschede,PI Walter,1,0,,,,,,"",""
ball,2,19.4,Glamorgan,CAJ Meschede,GG Wagg,PI Walter,0,0,,,,,,"",""
ball,2,19.5,Glamorgan,CAJ Meschede,GG Wagg,PI Walter,4,0,,,,,,"",""
ball,2,19.6,Glamorgan,CAJ Meschede,GG Wagg,PI Walter,6,0,,,,,,"",""
