version,1.6.0
info,balls_per_over,6
info,team,Lancashire
info,team,Durham
info,gender,male
info,season,2017
info,date,2017/07/23
info,event,NatWest T20 Blast
info,venue,Old Trafford
info,city,Manchester
info,toss_winner,Lancashire
info,toss_decision,bat
info,player_of_match,LS Livingstone
info,umpire,RJ Evans
info,umpire,ID Blackwell
info,winner,Lancashire
info,winner_runs,31
info,player,Lancashire,KR Brown
info,player,Lancashire,LS Livingstone
info,player,Lancashire,AM Lilley
info,player,Lancashire,JC Buttler
info,player,Lancashire,DJ Vilas
info,player,Lancashire,SJ Croft
info,player,Lancashire,R McLaren
info,player,Lancashire,J Clark
info,player,Lancashire,SD Parry
info,player,Lancashire,MW Parkinson
info,player,Lancashire,Junaid Khan
info,player,Durham,CT Steel
info,player,Durham,G Clark
info,player,Durham,GJ Harte
info,player,Durham,JTA Burnham
info,player,Durham,PD Collingwood
info,player,Durham,P Coughlin
info,player,Durham,SW Poynter
info,player,Durham,RD Pringle
info,player,Durham,WJ Weighell
info,player,Durham,C Rushworth
info,player,Durham,AJ Hickey
info,registry,people,AJ Hickey,57330536
info,registry,people,AM Lilley,88a004e9
info,registry,people,C Rushworth,e737a5fe
info,registry,people,CT Steel,5899dceb
info,registry,people,DJ Vilas,087210b1
info,registry,people,G Clark,4fd09cfc
info,registry,people,GJ Harte,67954d19
info,registry,people,ID Blackwell,818e8bf2
info,registry,people,J Clark,c672e80e
info,registry,people,JC Buttler,99b75528
info,registry,people,JTA Burnham,a4a2a0c0
info,registry,people,Junaid Khan,086f5984
info,registry,people,KR Brown,818c9e0d
info,registry,people,LS Livingstone,50c6bc2b
info,registry,people,MW Parkinson,19708692
info,registry,people,P Coughlin,71440756
info,registry,people,PD Collingwood,a386e91b
info,registry,people,R McLaren,c654af19
info,registry,people,RD Pringle,757502b5
info,registry,people,RJ Evans,951127ac
info,registry,people,SD Parry,fdb8ed0d
info,registry,people,SJ Croft,ab474682
info,registry,people,SW Poynter,cdf59953
info,registry,people,WJ Weighell,10f68de1
ball,1,0.1,Lancashire,KR Brown,LS Livingstone,C Rushworth,1,0,,,,,,"",""
ball,1,0.2,Lancashire,LS Livingstone,KR Brown,C Rushworth,0,0,,,,,,"",""
ball,1,0.3,Lancashire,LS Livingstone,KR Brown,C Rushworth,4,0,,,,,,"",""
ball,1,0.4,Lancashire,LS Livingstone,KR Brown,C Rushworth,0,0,,,,,,"",""
ball,1,0.5,Lancashire,LS Livingstone,KR Brown,C Rushworth,0,0,,,,,,"",""
ball,1,0.6,Lancashire,LS Livingstone,KR Brown,C Rushworth,4,0,,,,,,"",""
ball,1,1.1,Lancashire,KR Brown,LS Livingstone,WJ Weighell,0,0,,,,,,"",""
ball,1,1.2,Lancashire,KR Brown,LS Livingstone,WJ Weighell,0,1,1,,,,,"",""
ball,1,1.3,Lancashire,KR Brown,LS Livingstone,WJ Weighell,0,0,,,,,,"",""
ball,1,1.4,Lancashire,KR Brown,LS Livingstone,WJ Weighell,0,0,,,,,,"",""
ball,1,1.5,Lancashire,KR Brown,LS Livingstone,WJ Weighell,1,0,,,,,,"",""
ball,1,1.6,Lancashire,LS Livingstone,KR Brown,WJ Weighell,1,0,,,,,,"",""
ball,1,1.7,Lancashire,KR Brown,LS Livingstone,WJ Weighell,0,0,,,,,,"",""
ball,1,2.1,Lancashire,LS Livingstone,KR Brown,C Rushworth,6,0,,,,,,"",""
ball,1,2.2,Lancashire,LS Livingstone,KR Brown,C Rushworth,1,0,,,,,,"",""
ball,1,2.3,Lancashire,KR Brown,LS Livingstone,C Rushworth,1,0,,,,,,"",""
ball,1,2.4,Lancashire,LS Livingstone,KR Brown,C Rushworth,1,0,,,,,,"",""
ball,1,2.5,Lancashire,KR Brown,LS Livingstone,C Rushworth,0,0,,,,,,caught,KR Brown
ball,1,2.6,Lancashire,AM Lilley,LS Livingstone,C Rushworth,0,0,,,,,,"",""
ball,1,3.1,Lancashire,LS Livingstone,AM Lilley,WJ Weighell,0,0,,,,,,"",""
ball,1,3.2,Lancashire,LS Livingstone,AM Lilley,WJ Weighell,0,0,,,,,,"",""
ball,1,3.3,Lancashire,LS Livingstone,AM Lilley,WJ Weighell,0,0,,,,,,"",""
ball,1,3.4,Lancashire,LS Livingstone,AM Lilley,WJ Weighell,4,0,,,,,,"",""
ball,1,3.5,Lancashire,LS Livingstone,AM Lilley,WJ Weighell,0,0,,,,,,"",""
ball,1,3.6,Lancashire,LS Livingstone,AM Lilley,WJ Weighell,2,0,,,,,,"",""
ball,1,4.1,Lancashire,AM Lilley,LS Livingstone,C Rushworth,4,0,,,,,,"",""
ball,1,4.2,Lancashire,AM Lilley,LS Livingstone,C Rushworth,1,0,,,,,,"",""
ball,1,4.3,Lancashire,LS Livingstone,AM Lilley,C Rushworth,1,0,,,,,,"",""
ball,1,4.4,Lancashire,AM Lilley,LS Livingstone,C Rushworth,1,0,,,,,,"",""
ball,1,4.5,Lancashire,LS Livingstone,AM Lilley,C Rushworth,6,0,,,,,,"",""
ball,1,4.6,Lancashire,LS Livingstone,AM Lilley,C Rushworth,1,0,,,,,,"",""
ball,1,5.1,Lancashire,LS Livingstone,AM Lilley,P Coughlin,1,0,,,,,,"",""
ball,1,5.2,Lancashire,AM Lilley,LS Livingstone,P Coughlin,4,0,,,,,,"",""
ball,1,5.3,Lancashire,AM Lilley,LS Livingstone,P Coughlin,2,0,,,,,,"",""
ball,1,5.4,Lancashire,AM Lilley,LS Livingstone,P Coughlin,0,0,,,,,,caught,AM Lilley
ball,1,5.5,Lancashire,JC Buttler,LS Livingstone,P Coughlin,0,0,,,,,,"",""
ball,1,5.6,Lancashire,JC Buttler,LS Livingstone,P Coughlin,0,0,,,,,,"",""
ball,1,6.1,Lancashire,LS Livingstone,JC Buttler,PD Collingwood,2,0,,,,,,"",""
ball,1,6.2,Lancashire,LS Livingstone,JC Buttler,PD Collingwood,1,0,,,,,,"",""
ball,1,6.3,Lancashire,JC Buttler,LS Livingstone,PD Collingwood,1,0,,,,,,"",""
ball,1,6.4,Lancashire,LS Livingstone,JC Buttler,PD Collingwood,2,0,,,,,,"",""
ball,1,6.5,Lancashire,LS Livingstone,JC Buttler,PD Collingwood,0,0,,,,,,"",""
ball,1,6.6,Lancashire,LS Livingstone,JC Buttler,PD Collingwood,1,0,,,,,,"",""
ball,1,7.1,Lancashire,LS Livingstone,JC Buttler,RD Pringle,1,0,,,,,,"",""
ball,1,7.2,Lancashire,JC Buttler,LS Livingstone,RD Pringle,1,0,,,,,,"",""
ball,1,7.3,Lancashire,LS Livingstone,JC Buttler,RD Pringle,1,0,,,,,,"",""
ball,1,7.4,Lancashire,JC Buttler,LS Livingstone,RD Pringle,2,0,,,,,,"",""
ball,1,7.5,Lancashire,JC Buttler,LS Livingstone,RD Pringle,0,0,,,,,,caught,JC Buttler
ball,1,7.6,Lancashire,DJ Vilas,LS Livingstone,RD Pringle,2,0,,,,,,"",""
ball,1,8.1,Lancashire,LS Livingstone,DJ Vilas,PD Collingwood,1,0,,,,,,"",""
ball,1,8.2,Lancashire,DJ Vilas,LS Livingstone,PD Collingwood,1,0,,,,,,"",""
ball,1,8.3,Lancashire,LS Livingstone,DJ Vilas,PD Collingwood,0,0,,,,,,"",""
ball,1,8.4,Lancashire,LS Livingstone,DJ Vilas,PD Collingwood,1,0,,,,,,"",""
ball,1,8.5,Lancashire,DJ Vilas,LS Livingstone,PD Collingwood,1,0,,,,,,"",""
ball,1,8.6,Lancashire,LS Livingstone,DJ Vilas,PD Collingwood,1,0,,,,,,"",""
ball,1,9.1,Lancashire,LS Livingstone,DJ Vilas,CT Steel,1,0,,,,,,"",""
ball,1,9.2,Lancashire,DJ Vilas,LS Livingstone,CT Steel,1,0,,,,,,"",""
ball,1,9.3,Lancashire,LS Livingstone,DJ Vilas,CT Steel,1,0,,,,,,"",""
ball,1,9.4,Lancashire,DJ Vilas,LS Livingstone,CT Steel,1,0,,,,,,"",""
ball,1,9.5,Lancashire,LS Livingstone,DJ Vilas,CT Steel,1,0,,,,,,"",""
ball,1,9.6,Lancashire,DJ Vilas,LS Livingstone,CT Steel,1,0,,,,,,"",""
ball,1,10.1,Lancashire,DJ Vilas,LS Livingstone,PD Collingwood,1,0,,,,,,"",""
ball,1,10.2,Lancashire,LS Livingstone,DJ Vilas,PD Collingwood,4,0,,,,,,"",""
ball,1,10.3,Lancashire,LS Livingstone,DJ Vilas,PD Collingwood,2,0,,,,,,"",""
ball,1,10.4,Lancashire,LS Livingstone,DJ Vilas,PD Collingwood,1,0,,,,,,"",""
ball,1,10.5,Lancashire,DJ Vilas,LS Livingstone,PD Collingwood,1,0,,,,,,"",""
ball,1,10.6,Lancashire,LS Livingstone,DJ Vilas,PD Collingwood,1,0,,,,,,"",""
ball,1,11.1,Lancashire,LS Livingstone,DJ Vilas,RD Pringle,2,0,,,,,,"",""
ball,1,11.2,Lancashire,LS Livingstone,DJ Vilas,RD Pringle,2,0,,,,,,"",""
ball,1,11.3,Lancashire,LS Livingstone,DJ Vilas,RD Pringle,1,0,,,,,,"",""
ball,1,11.4,Lancashire,DJ Vilas,LS Livingstone,RD Pringle,1,0,,,,,,"",""
ball,1,11.5,Lancashire,LS Livingstone,DJ Vilas,RD Pringle,2,0,,,,,,"",""
ball,1,11.6,Lancashire,LS Livingstone,DJ Vilas,RD Pringle,0,0,,,,,,lbw,LS Livingstone
ball,1,12.1,Lancashire,DJ Vilas,SJ Croft,PD Collingwood,1,0,,,,,,"",""
ball,1,12.2,Lancashire,SJ Croft,DJ Vilas,PD Collingwood,1,0,,,,,,"",""
ball,1,12.3,Lancashire,DJ Vilas,SJ Croft,PD Collingwood,1,0,,,,,,"",""
ball,1,12.4,Lancashire,SJ Croft,DJ Vilas,PD Collingwood,4,0,,,,,,"",""
ball,1,12.5,Lancashire,SJ Croft,DJ Vilas,PD Collingwood,1,0,,,,,,"",""
ball,1,12.6,Lancashire,DJ Vilas,SJ Croft,PD Collingwood,2,0,,,,,,"",""
ball,1,13.1,Lancashire,SJ Croft,DJ Vilas,RD Pringle,1,0,,,,,,"",""
ball,1,13.2,Lancashire,DJ Vilas,SJ Croft,RD Pringle,6,0,,,,,,"",""
ball,1,13.3,Lancashire,DJ Vilas,SJ Croft,RD Pringle,1,0,,,,,,"",""
ball,1,13.4,Lancashire,SJ Croft,DJ Vilas,RD Pringle,1,0,,,,,,"",""
ball,1,13.5,Lancashire,DJ Vilas,SJ Croft,RD Pringle,0,0,,,,,,caught,DJ Vilas
ball,1,13.6,Lancashire,SJ Croft,R McLaren,RD Pringle,0,0,,,,,,"",""
ball,1,14.1,Lancashire,R McLaren,SJ Croft,CT Steel,1,0,,,,,,"",""
ball,1,14.2,Lancashire,SJ Croft,R McLaren,CT Steel,2,0,,,,,,"",""
ball,1,14.3,Lancashire,SJ Croft,R McLaren,CT Steel,1,0,,,,,,"",""
ball,1,14.4,Lancashire,R McLaren,SJ Croft,CT Steel,4,0,,,,,,"",""
ball,1,14.5,Lancashire,R McLaren,SJ Croft,CT Steel,0,0,,,,,,"",""
ball,1,14.6,Lancashire,R McLaren,SJ Croft,CT Steel,1,0,,,,,,"",""
ball,1,15.1,Lancashire,R McLaren,SJ Croft,RD Pringle,1,0,,,,,,"",""
ball,1,15.2,Lancashire,SJ Croft,R McLaren,RD Pringle,0,1,,,,1,,"",""
ball,1,15.3,Lancashire,R McLaren,SJ Croft,RD Pringle,1,0,,,,,,"",""
ball,1,15.4,Lancashire,SJ Croft,R McLaren,RD Pringle,1,0,,,,,,"",""
ball,1,15.5,Lancashire,R McLaren,SJ Croft,RD Pringle,1,0,,,,,,"",""
ball,1,15.6,Lancashire,SJ Croft,R McLaren,RD Pringle,2,0,,,,,,"",""
ball,1,16.1,Lancashire,R McLaren,SJ Croft,WJ Weighell,4,0,,,,,,"",""
ball,1,16.2,Lancashire,R McLaren,SJ Croft,WJ Weighell,0,0,,,,,,"",""
ball,1,16.3,Lancashire,R McLaren,SJ Croft,WJ Weighell,1,0,,,,,,"",""
ball,1,16.4,Lancashire,SJ Croft,R McLaren,WJ Weighell,1,0,,,,,,"",""
ball,1,16.5,Lancashire,R McLaren,SJ Croft,WJ Weighell,1,0,,,,,,"",""
ball,1,16.6,Lancashire,SJ Croft,R McLaren,WJ Weighell,2,2,,2,,,,"",""
ball,1,16.7,Lancashire,SJ Croft,R McLaren,WJ Weighell,2,0,,,,,,"",""
ball,1,17.1,Lancashire,R McLaren,SJ Croft,P Coughlin,0,1,,,,1,,"",""
ball,1,17.2,Lancashire,SJ Croft,R McLaren,P Coughlin,1,0,,,,,,"",""
ball,1,17.3,Lancashire,R McLaren,SJ Croft,P Coughlin,4,0,,,,,,"",""
ball,1,17.4,Lancashire,R McLaren,SJ Croft,P Coughlin,1,0,,,,,,"",""
ball,1,17.5,Lancashire,SJ Croft,R McLaren,P Coughlin,0,0,,,,,,"",""
ball,1,17.6,Lancashire,SJ Croft,R McLaren,P Coughlin,1,0,,,,,,"",""
ball,1,18.1,Lancashire,SJ Croft,R McLaren,WJ Weighell,1,0,,,,,,"",""
ball,1,18.2,Lancashire,R McLaren,SJ Croft,WJ Weighell,1,0,,,,,,"",""
ball,1,18.3,Lancashire,SJ Croft,R McLaren,WJ Weighell,0,0,,,,,,"",""
ball,1,18.4,Lancashire,SJ Croft,R McLaren,WJ Weighell,4,0,,,,,,"",""
ball,1,18.5,Lancashire,SJ Croft,R McLaren,WJ Weighell,1,0,,,,,,"",""
ball,1,18.6,Lancashire,R McLaren,SJ Croft,WJ Weighell,4,0,,,,,,"",""
ball,1,19.1,Lancashire,SJ Croft,R McLaren,P Coughlin,0,0,,,,,,"",""
ball,1,19.2,Lancashire,SJ Croft,R McLaren,P Coughlin,1,0,,,,,,"",""
ball,1,19.3,Lancashire,R McLaren,SJ Croft,P Coughlin,6,0,,,,,,"",""
ball,1,19.4,Lancashire,R McLaren,SJ Croft,P Coughlin,1,0,,,,,,"",""
ball,1,19.5,Lancashire,SJ Croft,R McLaren,P Coughlin,6,0,,,,,,"",""
ball,1,19.6,Lancashire,SJ Croft,R McLaren,P Coughlin,0,1,1,,,,,"",""
ball,1,19.7,Lancashire,SJ Croft,R McLaren,P Coughlin,1,0,,,,,,"",""
ball,2,0.1,Durham,CT Steel,G Clark,SJ Croft,1,0,,,,,,"",""
ball,2,0.2,Durham,G Clark,CT Steel,SJ Croft,4,0,,,,,,"",""
ball,2,0.3,Durham,G Clark,CT Steel,SJ Croft,0,0,,,,,,"",""
ball,2,0.4,Durham,G Clark,CT Steel,SJ Croft,0,1,1,,,,,"",""
ball,2,0.5,Durham,G Clark,CT Steel,SJ Croft,0,0,,,,,,"",""
ball,2,0.6,Durham,G Clark,CT Steel,SJ Croft,0,0,,,,,,"",""
ball,2,0.7,Durham,G Clark,CT Steel,SJ Croft,1,0,,,,,,"",""
ball,2,1.1,Durham,G Clark,CT Steel,J Clark,4,0,,,,,,"",""
ball,2,1.2,Durham,G Clark,CT Steel,J Clark,0,0,,,,,,"",""
ball,2,1.3,Durham,G Clark,CT Steel,J Clark,2,0,,,,,,"",""
ball,2,1.4,Durham,G Clark,CT Steel,J Clark,0,0,,,,,,"",""
ball,2,1.5,Durham,G Clark,CT Steel,J Clark,0,1,1,,,,,"",""
ball,2,1.6,Durham,G Clark,CT Steel,J Clark,4,0,,,,,,"",""
ball,2,1.7,Durham,G Clark,CT Steel,J Clark,1,0,,,,,,"",""
ball,2,2.1,Durham,G Clark,CT Steel,R McLaren,4,0,,,,,,"",""
ball,2,2.2,Durham,G Clark,CT Steel,R McLaren,1,0,,,,,,"",""
ball,2,2.3,Durham,CT Steel,G Clark,R McLaren,0,0,,,,,,"",""
ball,2,2.4,Durham,CT Steel,G Clark,R McLaren,2,0,,,,,,"",""
ball,2,2.5,Durham,CT Steel,G Clark,R McLaren,1,0,,,,,,"",""
ball,2,2.6,Durham,G Clark,CT Steel,R McLaren,1,0,,,,,,"",""
ball,2,3.1,Durham,G Clark,CT Steel,Junaid Khan,1,0,,,,,,"",""
ball,2,3.2,Durham,CT Steel,G Clark,Junaid Khan,2,0,,,,,,"",""
ball,2,3.3,Durham,CT Steel,G Clark,Junaid Khan,0,0,,,,,,"",""
ball,2,3.4,Durham,CT Steel,G Clark,Junaid Khan,0,0,,,,,,"",""
ball,2,3.5,Durham,CT Steel,G Clark,Junaid Khan,1,0,,,,,,"",""
ball,2,3.6,Durham,G Clark,CT Steel,Junaid Khan,1,0,,,,,,"",""
ball,2,4.1,Durham,G Clark,CT Steel,R McLaren,0,0,,,,,,"",""
ball,2,4.2,Durham,G Clark,CT Steel,R McLaren,0,0,,,,,,"",""
ball,2,4.3,Durham,G Clark,CT Steel,R McLaren,0,0,,,,,,caught,G Clark
ball,2,4.4,Durham,CT Steel,GJ Harte,R McLaren,4,0,,,,,,"",""
ball,2,4.5,Durham,CT Steel,GJ Harte,R McLaren,1,0,,,,,,"",""
ball,2,4.6,Durham,GJ Harte,CT Steel,R McLaren,1,0,,,,,,"",""
ball,2,5.1,Durham,GJ Harte,CT Steel,Junaid Khan,1,0,,,,,,"",""
ball,2,5.2,Durham,CT Steel,GJ Harte,Junaid Khan,1,0,,,,,,"",""
ball,2,5.3,Durham,GJ Harte,CT Steel,Junaid Khan,1,0,,,,,,"",""
ball,2,5.4,Durham,CT Steel,GJ Harte,Junaid Khan,4,0,,,,,,"",""
ball,2,5.5,Durham,CT Steel,GJ Harte,Junaid Khan,1,0,,,,,,"",""
ball,2,5.6,Durham,GJ Harte,CT Steel,Junaid Khan,1,0,,,,,,"",""
ball,2,6.1,Durham,GJ Harte,CT Steel,SD Parry,1,0,,,,,,"",""
ball,2,6.2,Durham,CT Steel,GJ Harte,SD Parry,2,0,,,,,,"",""
ball,2,6.3,Durham,CT Steel,GJ Harte,SD Parry,1,0,,,,,,"",""
ball,2,6.4,Durham,GJ Harte,CT Steel,SD Parry,2,0,,,,,,"",""
ball,2,6.5,Durham,GJ Harte,CT Steel,SD Parry,2,0,,,,,,"",""
ball,2,6.6,Durham,GJ Harte,CT Steel,SD Parry,2,0,,,,,,"",""
ball,2,7.1,Durham,CT Steel,GJ Harte,MW Parkinson,1,0,,,,,,"",""
ball,2,7.2,Durham,GJ Harte,CT Steel,MW Parkinson,0,0,,,,,,lbw,GJ Harte
ball,2,7.3,Durham,JTA Burnham,CT Steel,MW Parkinson,0,0,,,,,,"",""
ball,2,7.4,Durham,JTA Burnham,CT Steel,MW Parkinson,0,0,,,,,,"",""
ball,2,7.5,Durham,JTA Burnham,CT Steel,MW Parkinson,0,0,,,,,,"",""
ball,2,7.6,Durham,JTA Burnham,CT Steel,MW Parkinson,0,0,,,,,,"",""
ball,2,8.1,Durham,CT Steel,JTA Burnham,SD Parry,1,0,,,,,,"",""
ball,2,8.2,Durham,JTA Burnham,CT Steel,SD Parry,1,0,,,,,,"",""
ball,2,8.3,Durham,CT Steel,JTA Burnham,SD Parry,0,0,,,,,,"",""
ball,2,8.4,Durham,CT Steel,JTA Burnham,SD Parry,1,0,,,,,,"",""
ball,2,8.5,Durham,JTA Burnham,CT Steel,SD Parry,0,1,1,,,,,"",""
ball,2,8.6,Durham,JTA Burnham,CT Steel,SD Parry,1,0,,,,,,"",""
ball,2,8.7,Durham,CT Steel,JTA Burnham,SD Parry,1,0,,,,,,"",""
ball,2,9.1,Durham,CT Steel,JTA Burnham,MW Parkinson,4,0,,,,,,"",""
ball,2,9.2,Durham,CT Steel,JTA Burnham,MW Parkinson,1,0,,,,,,"",""
ball,2,9.3,Durham,JTA Burnham,CT Steel,MW Parkinson,1,0,,,,,,"",""
ball,2,9.4,Durham,CT Steel,JTA Burnham,MW Parkinson,0,0,,,,,,"",""
ball,2,9.5,Durham,CT Steel,JTA Burnham,MW Parkinson,1,0,,,,,,"",""
ball,2,9.6,Durham,JTA Burnham,CT Steel,MW Parkinson,1,0,,,,,,"",""
ball,2,10.1,Durham,JTA Burnham,CT Steel,J Clark,4,0,,,,,,"",""
ball,2,10.2,Durham,JTA Burnham,CT Steel,J Clark,0,0,,,,,,"",""
ball,2,10.3,Durham,JTA Burnham,CT Steel,J Clark,0,0,,,,,,"",""
ball,2,10.4,Durham,JTA Burnham,CT Steel,J Clark,0,0,,,,,,bowled,JTA Burnham
ball,2,10.5,Durham,PD Collingwood,CT Steel,J Clark,0,1,1,,,,,"",""
ball,2,10.6,Durham,PD Collingwood,CT Steel,J Clark,0,0,,,,,,"",""
ball,2,10.7,Durham,PD Collingwood,CT Steel,J Clark,0,0,,,,,,"",""
ball,2,11.1,Durham,CT Steel,PD Collingwood,MW Parkinson,1,0,,,,,,"",""
ball,2,11.2,Durham,PD Collingwood,CT Steel,MW Parkinson,0,0,,,,,,"",""
ball,2,11.3,Durham,PD Collingwood,CT Steel,MW Parkinson,1,0,,,,,,"",""
ball,2,11.4,Durham,CT Steel,PD Collingwood,MW Parkinson,1,0,,,,,,"",""
ball,2,11.5,Durham,PD Collingwood,CT Steel,MW Parkinson,1,0,,,,,,"",""
ball,2,11.6,Durham,CT Steel,PD Collingwood,MW Parkinson,4,0,,,,,,"",""
ball,2,12.1,Durham,PD Collingwood,CT Steel,J Clark,1,0,,,,,,"",""
ball,2,12.2,Durham,CT Steel,PD Collingwood,J Clark,0,0,,,,,,caught,CT Steel
ball,2,12.3,Durham,PD Collingwood,P Coughlin,J Clark,1,0,,,,,,"",""
ball,2,12.4,Durham,P Coughlin,PD Collingwood,J Clark,2,0,,,,,,"",""
ball,2,12.5,Durham,P Coughlin,PD Collingwood,J Clark,1,0,,,,,,"",""
ball,2,12.6,Durham,PD Collingwood,P Coughlin,J Clark,0,0,,,,,,caught,PD Collingwood
ball,2,13.1,Durham,P Coughlin,SW Poynter,SD Parry,1,0,,,,,,"",""
ball,2,13.2,Durham,SW Poynter,P Coughlin,SD Parry,0,0,,,,,,"",""
ball,2,13.3,Durham,SW Poynter,P Coughlin,SD Parry,0,0,,,,,,"",""
ball,2,13.4,Durham,SW Poynter,P Coughlin,SD Parry,0,0,,,,,,"",""
ball,2,13.5,Durham,SW Poynter,P Coughlin,SD Parry,0,0,,,,,,"",""
ball,2,13.6,Durham,SW Poynter,P Coughlin,SD Parry,1,0,,,,,,"",""
ball,2,14.1,Durham,SW Poynter,P Coughlin,J Clark,1,0,,,,,,"",""
ball,2,14.2,Durham,P Coughlin,SW Poynter,J Clark,6,0,,,,,,"",""
ball,2,14.3,Durham,P Coughlin,SW Poynter,J Clark,2,0,,,,,,"",""
ball,2,14.4,Durham,P Coughlin,SW Poynter,J Clark,3,0,,,,,,"",""
ball,2,14.5,Durham,SW Poynter,P Coughlin,J Clark,1,0,,,,,,"",""
ball,2,14.6,Durham,P Coughlin,SW Poynter,J Clark,1,0,,,,,,"",""
ball,2,15.1,Durham,P Coughlin,SW Poynter,MW Parkinson,1,0,,,,,,"",""
ball,2,15.2,Durham,SW Poynter,P Coughlin,MW Parkinson,1,0,,,,,,"",""
ball,2,15.3,Durham,P Coughlin,SW Poynter,MW Parkinson,2,0,,,,,,"",""
ball,2,15.4,Durham,P Coughlin,SW Poynter,MW Parkinson,0,1,,,,1,,"",""
ball,2,15.5,Durham,SW Poynter,P Coughlin,MW Parkinson,2,0,,,,,,"",""
ball,2,15.6,Durham,SW Poynter,P Coughlin,MW Parkinson,0,0,,,,,,caught,SW Poynter
ball,2,16.1,Durham,P Coughlin,RD Pringle,R McLaren,1,0,,,,,,"",""
ball,2,16.2,Durham,RD Pringle,P Coughlin,R McLaren,1,0,,,,,,"",""
ball,2,16.3,Durham,P Coughlin,RD Pringle,R McLaren,1,0,,,,,,"",""
ball,2,16.4,Durham,RD Pringle,P Coughlin,R McLaren,0,0,,,,,,"",""
ball,2,16.5,Durham,RD Pringle,P Coughlin,R McLaren,1,0,,,,,,"",""
ball,2,16.6,Durham,P Coughlin,RD Pringle,R McLaren,0,1,1,,,,,"",""
ball,2,16.7,Durham,P Coughlin,RD Pringle,R McLaren,6,0,,,,,,"",""
ball,2,17.1,Durham,RD Pringle,P Coughlin,Junaid Khan,3,0,,,,,,"",""
ball,2,17.2,Durham,P Coughlin,RD Pringle,Junaid Khan,1,0,,,,,,"",""
ball,2,17.3,Durham,RD Pringle,P Coughlin,Junaid Khan,0,0,,,,,,"",""
ball,2,17.4,Durham,RD Pringle,P Coughlin,Junaid Khan,0,0,,,,,,"",""
ball,2,17.5,Durham,RD Pringle,P Coughlin,Junaid Khan,2,0,,,,,,"",""
ball,2,17.6,Durham,RD Pringle,P Coughlin,Junaid Khan,1,0,,,,,,"",""
ball,2,18.1,Durham,RD Pringle,P Coughlin,R McLaren,0,1,1,,,,,"",""
ball,2,18.2,Durham,RD Pringle,P Coughlin,R McLaren,2,0,,,,,,"",""
ball,2,18.3,Durham,RD Pringle,P Coughlin,R McLaren,2,0,,,,,,"",""
ball,2,18.4,Durham,RD Pringle,P Coughlin,R McLaren,0,0,,,,,,caught,RD Pringle
ball,2,18.5,Durham,WJ Weighell,P Coughlin,R McLaren,2,0,,,,,,"",""
ball,2,18.6,Durham,WJ Weighell,P Coughlin,R McLaren,1,0,,,,,,"",""
ball,2,18.7,Durham,P Coughlin,WJ Weighell,R McLaren,1,0,,,,,,"",""
ball,2,19.1,Durham,P Coughlin,WJ Weighell,Junaid Khan,0,0,,,,,,caught,P Coughlin
ball,2,19.2,Durham,WJ Weighell,C Rushworth,Junaid Khan,0,0,,,,,,"",""
ball,2,19.3,Durham,WJ Weighell,C Rushworth,Junaid Khan,1,0,,,,,,"",""
ball,2,19.4,Durham,C Rushworth,WJ Weighell,Junaid Khan,0,0,,,,,,"",""
ball,2,19.5,Durham,C Rushworth,WJ Weighell,Junaid Khan,1,0,,,,,,"",""
ball,2,19.6,Durham,WJ Weighell,C Rushworth,Junaid Khan,0,0,,,,,,"",""
