version,1.6.0
info,balls_per_over,6
info,team,Scotland
info,team,Namibia
info,gender,male
info,season,2017
info,date,2017/06/11
info,date,2017/06/12
info,event,ICC World Cricket League Championship
info,match_number,39
info,venue,"Grange Cricket Club Ground, Raeburn Place"
info,city,Edinburgh
info,toss_winner,Namibia
info,toss_decision,field
info,umpire,IN Ramage
info,umpire,Sharfuddoula
info,reserve_umpire,DA Haggo
info,match_referee,DT Jukes
info,winner,Scotland
info,winner_runs,51
info,method,D/L
info,player,Namibia,SJ Baard
info,player,Namibia,LP van der Westhuizen
info,player,Namibia,MG Erasmus
info,player,Namibia,CG Williams
info,player,Namibia,JN Frylinck
info,player,Namibia,C Viljoen
info,player,Namibia,SF Burger
info,player,Namibia,ZE Green
info,player,Namibia,JJ Smit
info,player,Namibia,Z Groenewald
info,player,Namibia,BM Scholtz
info,player,Scotland,MH Cross
info,player,Scotland,KJ Coetzer
info,player,Scotland,CS MacLeod
info,player,Scotland,RD Berrington
info,player,Scotland,CD Wallace
info,player,Scotland,PL Mommsen
info,player,Scotland,CD de Lange
info,player,Scotland,SM Sharif
info,player,Scotland,MRJ Watt
info,player,Scotland,AC Evans
info,player,Scotland,CB Sole
info,registry,people,AC Evans,e9a870ed
info,registry,people,BM Scholtz,e85d03d6
info,registry,people,C Viljoen,f7b2cbe8
info,registry,people,CB Sole,469ccead
info,registry,people,CD Wallace,7b5c6c0b
info,registry,people,CD de Lange,e6d298e8
info,registry,people,CG Williams,e16e7347
info,registry,people,CS MacLeod,9c376401
info,registry,people,DA Haggo,e6789a88
info,registry,people,DT Jukes,7c215d14
info,registry,people,IN Ramage,33cb7803
info,registry,people,JJ Smit,bb134e5c
info,registry,people,JN Frylinck,3c87f0c3
info,registry,people,KJ Coetzer,85d8110a
info,registry,people,LP van der Westhuizen,292381e0
info,registry,people,MG Erasmus,95a5e066
info,registry,people,MH Cross,8b261d84
info,registry,people,MRJ Watt,1252f71a
info,registry,people,PL Mommsen,a56f4b65
info,registry,people,RD Berrington,e21bc7f3
info,registry,people,SF Burger,9ff7f691
info,registry,people,SJ Baard,e8511411
info,registry,people,SM Sharif,f43dd8c2
info,registry,people,Sharfuddoula,63896abb
info,registry,people,Z Groenewald,017faef2
info,registry,people,ZE Green,8716233e
ball,1,0.1,Scotland,MH Cross,KJ Coetzer,Z Groenewald,0,0,,,,,,"",""
ball,1,0.2,Scotland,MH Cross,KJ Coetzer,Z Groenewald,0,0,,,,,,"",""
ball,1,0.3,Scotland,MH Cross,KJ Coetzer,Z Groenewald,0,0,,,,,,"",""
ball,1,0.4,Scotland,MH Cross,KJ Coetzer,Z Groenewald,4,0,,,,,,"",""
ball,1,0.5,Scotland,MH Cross,KJ Coetzer,Z Groenewald,4,0,,,,,,"",""
ball,1,0.6,Scotland,MH Cross,KJ Coetzer,Z Groenewald,0,0,,,,,,"",""
ball,1,1.1,Scotland,KJ Coetzer,MH Cross,SF Burger,0,0,,,,,,"",""
ball,1,1.2,Scotland,KJ Coetzer,MH Cross,SF Burger,0,0,,,,,,"",""
ball,1,1.3,Scotland,KJ Coetzer,MH Cross,SF Burger,1,0,,,,,,"",""
ball,1,1.4,Scotland,MH Cross,KJ Coetzer,SF Burger,1,0,,,,,,"",""
ball,1,1.5,Scotland,KJ Coetzer,MH Cross,SF Burger,0,1,1,,,,,"",""
ball,1,1.6,Scotland,KJ Coetzer,MH Cross,SF Burger,1,0,,,,,,"",""
ball,1,1.7,Scotland,MH Cross,KJ Coetzer,SF Burger,0,0,,,,,,"",""
ball,1,2.1,Scotland,KJ Coetzer,MH Cross,Z Groenewald,0,0,,,,,,"",""
ball,1,2.2,Scotland,KJ Coetzer,MH Cross,Z Groenewald,0,0,,,,,,"",""
ball,1,2.3,Scotland,KJ Coetzer,MH Cross,Z Groenewald,1,0,,,,,,"",""
ball,1,2.4,Scotland,MH Cross,KJ Coetzer,Z Groenewald,1,0,,,,,,"",""
ball,1,2.5,Scotland,KJ Coetzer,MH Cross,Z Groenewald,4,0,,,,,,"",""
ball,1,2.6,Scotland,KJ Coetzer,MH Cross,Z Groenewald,0,0,,,,,,"",""
ball,1,3.1,Scotland,MH Cross,KJ Coetzer,SF Burger,0,0,,,,,,"",""
ball,1,3.2,Scotland,MH Cross,KJ Coetzer,SF Burger,1,0,,,,,,"",""
ball,1,3.3,Scotland,KJ Coetzer,MH Cross,SF Burger,1,0,,,,,,"",""
ball,1,3.4,Scotland,MH Cross,KJ Coetzer,SF Burger,0,0,,,,,,"",""
ball,1,3.5,Scotland,MH Cross,KJ Coetzer,SF Burger,1,0,,,,,,"",""
ball,1,3.6,Scotland,KJ Coetzer,MH Cross,SF Burger,1,0,,,,,,"",""
ball,1,4.1,Scotland,KJ Coetzer,MH Cross,Z Groenewald,4,0,,,,,,"",""
ball,1,4.2,Scotland,KJ Coetzer,MH Cross,Z Groenewald,1,0,,,,,,"",""
ball,1,4.3,Scotland,MH Cross,KJ Coetzer,Z Groenewald,0,0,,,,,,"",""
ball,1,4.4,Scotland,MH Cross,KJ Coetzer,Z Groenewald,0,0,,,,,,"",""
ball,1,4.5,Scotland,MH Cross,KJ Coetzer,Z Groenewald,0,0,,,,,,"",""
ball,1,4.6,Scotland,MH Cross,KJ Coetzer,Z Groenewald,0,0,,,,,,"",""
ball,1,5.1,Scotland,KJ Coetzer,MH Cross,SF Burger,1,0,,,,,,"",""
ball,1,5.2,Scotland,MH Cross,KJ Coetzer,SF Burger,0,0,,,,,,"",""
ball,1,5.3,Scotland,MH Cross,KJ Coetzer,SF Burger,2,0,,,,,,"",""
ball,1,5.4,Scotland,MH Cross,KJ Coetzer,SF Burger,0,0,,,,,,"",""
ball,1,5.5,Scotland,MH Cross,KJ Coetzer,SF Burger,6,0,,,,,,"",""
ball,1,5.6,Scotland,MH Cross,KJ Coetzer,SF Burger,0,0,,,,,,"",""
ball,1,6.1,Scotland,KJ Coetzer,MH Cross,Z Groenewald,0,0,,,,,,"",""
ball,1,6.2,Scotland,KJ Coetzer,MH Cross,Z Groenewald,0,0,,,,,,"",""
ball,1,6.3,Scotland,KJ Coetzer,MH Cross,Z Groenewald,0,0,,,,,,"",""
ball,1,6.4,Scotland,KJ Coetzer,MH Cross,Z Groenewald,0,0,,,,,,"",""
ball,1,6.5,Scotland,KJ Coetzer,MH Cross,Z Groenewald,0,0,,,,,,"",""
ball,1,6.6,Scotland,KJ Coetzer,MH Cross,Z Groenewald,0,0,,,,,,"",""
ball,1,7.1,Scotland,MH Cross,KJ Coetzer,JJ Smit,0,0,,,,,,"",""
ball,1,7.2,Scotland,MH Cross,KJ Coetzer,JJ Smit,0,0,,,,,,"",""
ball,1,7.3,Scotland,MH Cross,KJ Coetzer,JJ Smit,0,0,,,,,,"",""
ball,1,7.4,Scotland,MH Cross,KJ Coetzer,JJ Smit,1,0,,,,,,"",""
ball,1,7.5,Scotland,KJ Coetzer,MH Cross,JJ Smit,0,0,,,,,,"",""
ball,1,7.6,Scotland,KJ Coetzer,MH Cross,JJ Smit,0,2,,,,2,,"",""
ball,1,8.1,Scotland,MH Cross,KJ Coetzer,C Viljoen,0,2,,,,2,,"",""
ball,1,8.2,Scotland,MH Cross,KJ Coetzer,C Viljoen,0,0,,,,,,"",""
ball,1,8.3,Scotland,MH Cross,KJ Coetzer,C Viljoen,0,0,,,,,,caught,MH Cross
ball,1,8.4,Scotland,CS MacLeod,KJ Coetzer,C Viljoen,1,0,,,,,,"",""
ball,1,8.5,Scotland,KJ Coetzer,CS MacLeod,C Viljoen,0,0,,,,,,caught,KJ Coetzer
ball,1,8.6,Scotland,RD Berrington,CS MacLeod,C Viljoen,0,0,,,,,,"",""
ball,1,9.1,Scotland,CS MacLeod,RD Berrington,JJ Smit,0,0,,,,,,"",""
ball,1,9.2,Scotland,CS MacLeod,RD Berrington,JJ Smit,0,0,,,,,,"",""
ball,1,9.3,Scotland,CS MacLeod,RD Berrington,JJ Smit,0,0,,,,,,"",""
ball,1,9.4,Scotland,CS MacLeod,RD Berrington,JJ Smit,0,0,,,,,,"",""
ball,1,9.5,Scotland,CS MacLeod,RD Berrington,JJ Smit,4,0,,,,,,"",""
ball,1,9.6,Scotland,CS MacLeod,RD Berrington,JJ Smit,0,0,,,,,,"",""
ball,1,10.1,Scotland,RD Berrington,CS MacLeod,C Viljoen,0,0,,,,,,"",""
ball,1,10.2,Scotland,RD Berrington,CS MacLeod,C Viljoen,0,0,,,,,,"",""
ball,1,10.3,Scotland,RD Berrington,CS MacLeod,C Viljoen,0,0,,,,,,"",""
ball,1,10.4,Scotland,RD Berrington,CS MacLeod,C Viljoen,0,0,,,,,,"",""
ball,1,10.5,Scotland,RD Berrington,CS MacLeod,C Viljoen,1,0,,,,,,"",""
ball,1,10.6,Scotland,CS MacLeod,RD Berrington,C Viljoen,0,0,,,,,,"",""
ball,1,11.1,Scotland,RD Berrington,CS MacLeod,JJ Smit,2,0,,,,,,"",""
ball,1,11.2,Scotland,RD Berrington,CS MacLeod,JJ Smit,0,0,,,,,,"",""
ball,1,11.3,Scotland,RD Berrington,CS MacLeod,JJ Smit,0,0,,,,,,"",""
ball,1,11.4,Scotland,RD Berrington,CS MacLeod,JJ Smit,0,1,1,,,,,"",""
ball,1,11.5,Scotland,RD Berrington,CS MacLeod,JJ Smit,0,0,,,,,,"",""
ball,1,11.6,Scotland,RD Berrington,CS MacLeod,JJ Smit,0,0,,,,,,"",""
ball,1,11.7,Scotland,RD Berrington,CS MacLeod,JJ Smit,1,0,,,,,,"",""
ball,1,12.1,Scotland,RD Berrington,CS MacLeod,C Viljoen,1,0,,,,,,"",""
ball,1,12.2,Scotland,CS MacLeod,RD Berrington,C Viljoen,0,0,,,,,,"",""
ball,1,12.3,Scotland,CS MacLeod,RD Berrington,C Viljoen,1,0,,,,,,"",""
ball,1,12.4,Scotland,RD Berrington,CS MacLeod,C Viljoen,1,0,,,,,,"",""
ball,1,12.5,Scotland,CS MacLeod,RD Berrington,C Viljoen,1,0,,,,,,"",""
ball,1,12.6,Scotland,RD Berrington,CS MacLeod,C Viljoen,0,0,,,,,,"",""
ball,1,13.1,Scotland,CS MacLeod,RD Berrington,JJ Smit,4,0,,,,,,"",""
ball,1,13.2,Scotland,CS MacLeod,RD Berrington,JJ Smit,0,0,,,,,,"",""
ball,1,13.3,Scotland,CS MacLeod,RD Berrington,JJ Smit,0,0,,,,,,"",""
ball,1,13.4,Scotland,CS MacLeod,RD Berrington,JJ Smit,1,0,,,,,,"",""
ball,1,13.5,Scotland,RD Berrington,CS MacLeod,JJ Smit,0,0,,,,,,"",""
ball,1,13.6,Scotland,RD Berrington,CS MacLeod,JJ Smit,0,0,,,,,,"",""
ball,1,14.1,Scotland,CS MacLeod,RD Berrington,C Viljoen,1,0,,,,,,"",""
ball,1,14.2,Scotland,RD Berrington,CS MacLeod,C Viljoen,0,0,,,,,,"",""
ball,1,14.3,Scotland,RD Berrington,CS MacLeod,C Viljoen,0,0,,,,,,"",""
ball,1,14.4,Scotland,RD Berrington,CS MacLeod,C Viljoen,1,0,,,,,,"",""
ball,1,14.5,Scotland,CS MacLeod,RD Berrington,C Viljoen,1,0,,,,,,"",""
ball,1,14.6,Scotland,RD Berrington,CS MacLeod,C Viljoen,1,0,,,,,,"",""
ball,1,15.1,Scotland,RD Berrington,CS MacLeod,JN Frylinck,0,0,,,,,,"",""
ball,1,15.2,Scotland,RD Berrington,CS MacLeod,JN Frylinck,0,0,,,,,,"",""
ball,1,15.3,Scotland,RD Berrington,CS MacLeod,JN Frylinck,1,0,,,,,,"",""
ball,1,15.4,Scotland,CS MacLeod,RD Berrington,JN Frylinck,0,0,,,,,,"",""
ball,1,15.5,Scotland,CS MacLeod,RD Berrington,JN Frylinck,0,0,,,,,,"",""
ball,1,15.6,Scotland,CS MacLeod,RD Berrington,JN Frylinck,1,0,,,,,,"",""
ball,1,16.1,Scotland,CS MacLeod,RD Berrington,C Viljoen,0,0,,,,,,"",""
ball,1,16.2,Scotland,CS MacLeod,RD Berrington,C Viljoen,0,0,,,,,,"",""
ball,1,16.3,Scotland,CS MacLeod,RD Berrington,C Viljoen,2,0,,,,,,"",""
ball,1,16.4,Scotland,CS MacLeod,RD Berrington,C Viljoen,1,0,,,,,,"",""
ball,1,16.5,Scotland,RD Berrington,CS MacLeod,C Viljoen,0,0,,,,,,"",""
ball,1,16.6,Scotland,RD Berrington,CS MacLeod,C Viljoen,0,0,,,,,,"",""
ball,1,17.1,Scotland,CS MacLeod,RD Berrington,JN Frylinck,0,0,,,,,,"",""
ball,1,17.2,Scotland,CS MacLeod,RD Berrington,JN Frylinck,0,0,,,,,,"",""
ball,1,17.3,Scotland,CS MacLeod,RD Berrington,JN Frylinck,1,0,,,,,,"",""
ball,1,17.4,Scotland,RD Berrington,CS MacLeod,JN Frylinck,0,0,,,,,,"",""
ball,1,17.5,Scotland,RD Berrington,CS MacLeod,JN Frylinck,0,0,,,,,,"",""
ball,1,17.6,Scotland,RD Berrington,CS MacLeod,JN Frylinck,1,0,,,,,,"",""
ball,1,18.1,Scotland,RD Berrington,CS MacLeod,JJ Smit,0,0,,,,,,"",""
ball,1,18.2,Scotland,RD Berrington,CS MacLeod,JJ Smit,0,0,,,,,,"",""
ball,1,18.3,Scotland,RD Berrington,CS MacLeod,JJ Smit,0,0,,,,,,"",""
ball,1,18.4,Scotland,RD Berrington,CS MacLeod,JJ Smit,0,0,,,,,,"",""
ball,1,18.5,Scotland,RD Berrington,CS MacLeod,JJ Smit,1,0,,,,,,"",""
ball,1,18.6,Scotland,CS MacLeod,RD Berrington,JJ Smit,1,0,,,,,,"",""
ball,1,19.1,Scotland,CS MacLeod,RD Berrington,JN Frylinck,0,1,,,1,,,"",""
ball,1,19.2,Scotland,RD Berrington,CS MacLeod,JN Frylinck,3,0,,,,,,"",""
ball,1,19.3,Scotland,CS MacLeod,RD Berrington,JN Frylinck,0,0,,,,,,"",""
ball,1,19.4,Scotland,CS MacLeod,RD Berrington,JN Frylinck,1,0,,,,,,"",""
ball,1,19.5,Scotland,RD Berrington,CS MacLeod,JN Frylinck,1,0,,,,,,"",""
ball,1,19.6,Scotland,CS MacLeod,RD Berrington,JN Frylinck,1,0,,,,,,"",""
ball,1,20.1,Scotland,CS MacLeod,RD Berrington,JJ Smit,0,0,,,,,,caught,CS MacLeod
ball,1,20.2,Scotland,CD Wallace,RD Berrington,JJ Smit,0,0,,,,,,"",""
ball,1,20.3,Scotland,CD Wallace,RD Berrington,JJ Smit,0,0,,,,,,"",""
ball,1,20.4,Scotland,CD Wallace,RD Berrington,JJ Smit,0,0,,,,,,"",""
ball,1,20.5,Scotland,CD Wallace,RD Berrington,JJ Smit,2,0,,,,,,"",""
ball,1,20.6,Scotland,CD Wallace,RD Berrington,JJ Smit,1,0,,,,,,"",""
ball,1,21.1,Scotland,CD Wallace,RD Berrington,JN Frylinck,0,0,,,,,,"",""
ball,1,21.2,Scotland,CD Wallace,RD Berrington,JN Frylinck,0,0,,,,,,"",""
ball,1,21.3,Scotland,CD Wallace,RD Berrington,JN Frylinck,1,0,,,,,,"",""
ball,1,21.4,Scotland,RD Berrington,CD Wallace,JN Frylinck,1,0,,,,,,"",""
ball,1,21.5,Scotland,CD Wallace,RD Berrington,JN Frylinck,0,2,,,,2,,"",""
ball,1,21.6,Scotland,CD Wallace,RD Berrington,JN Frylinck,1,0,,,,,,"",""
ball,1,22.1,Scotland,CD Wallace,RD Berrington,JJ Smit,0,0,,,,,,"",""
ball,1,22.2,Scotland,CD Wallace,RD Berrington,JJ Smit,2,0,,,,,,"",""
ball,1,22.3,Scotland,CD Wallace,RD Berrington,JJ Smit,0,0,,,,,,"",""
ball,1,22.4,Scotland,CD Wallace,RD Berrington,JJ Smit,4,0,,,,,,"",""
ball,1,22.5,Scotland,CD Wallace,RD Berrington,JJ Smit,1,0,,,,,,"",""
ball,1,22.6,Scotland,RD Berrington,CD Wallace,JJ Smit,0,0,,,,,,"",""
ball,1,23.1,Scotland,CD Wallace,RD Berrington,JN Frylinck,0,0,,,,,,"",""
ball,1,23.2,Scotland,CD Wallace,RD Berrington,JN Frylinck,0,0,,,,,,"",""
ball,1,23.3,Scotland,CD Wallace,RD Berrington,JN Frylinck,0,0,,,,,,"",""
ball,1,23.4,Scotland,CD Wallace,RD Berrington,JN Frylinck,2,0,,,,,,"",""
ball,1,23.5,Scotland,CD Wallace,RD Berrington,JN Frylinck,0,0,,,,,,"",""
ball,1,23.6,Scotland,CD Wallace,RD Berrington,JN Frylinck,0,0,,,,,,"",""
ball,1,24.1,Scotland,RD Berrington,CD Wallace,C Viljoen,0,0,,,,,,"",""
ball,1,24.2,Scotland,RD Berrington,CD Wallace,C Viljoen,3,0,,,,,,"",""
ball,1,24.3,Scotland,CD Wallace,RD Berrington,C Viljoen,2,0,,,,,,"",""
ball,1,24.4,Scotland,CD Wallace,RD Berrington,C Viljoen,0,0,,,,,,"",""
ball,1,24.5,Scotland,CD Wallace,RD Berrington,C Viljoen,1,0,,,,,,"",""
ball,1,24.6,Scotland,RD Berrington,CD Wallace,C Viljoen,0,0,,,,,,"",""
ball,1,25.1,Scotland,CD Wallace,RD Berrington,JN Frylinck,1,0,,,,,,"",""
ball,1,25.2,Scotland,RD Berrington,CD Wallace,JN Frylinck,1,0,,,,,,"",""
ball,1,25.3,Scotland,CD Wallace,RD Berrington,JN Frylinck,0,0,,,,,,"",""
ball,1,25.4,Scotland,CD Wallace,RD Berrington,JN Frylinck,0,0,,,,,,"",""
ball,1,25.5,Scotland,CD Wallace,RD Berrington,JN Frylinck,1,0,,,,,,"",""
ball,1,25.6,Scotland,RD Berrington,CD Wallace,JN Frylinck,1,0,,,,,,"",""
ball,1,26.1,Scotland,RD Berrington,CD Wallace,BM Scholtz,0,0,,,,,,"",""
ball,1,26.2,Scotland,RD Berrington,CD Wallace,BM Scholtz,6,0,,,,,,"",""
ball,1,26.3,Scotland,RD Berrington,CD Wallace,BM Scholtz,1,0,,,,,,"",""
ball,1,26.4,Scotland,CD Wallace,RD Berrington,BM Scholtz,0,1,1,,,,,"",""
ball,1,26.5,Scotland,CD Wallace,RD Berrington,BM Scholtz,0,0,,,,,,"",""
ball,1,26.6,Scotland,CD Wallace,RD Berrington,BM Scholtz,1,0,,,,,,"",""
ball,1,26.7,Scotland,RD Berrington,CD Wallace,BM Scholtz,1,0,,,,,,"",""
ball,1,27.1,Scotland,RD Berrington,CD Wallace,JN Frylinck,1,0,,,,,,"",""
ball,1,27.2,Scotland,CD Wallace,RD Berrington,JN Frylinck,1,0,,,,,,"",""
ball,1,27.3,Scotland,RD Berrington,CD Wallace,JN Frylinck,2,0,,,,,,"",""
ball,1,27.4,Scotland,RD Berrington,CD Wallace,JN Frylinck,1,0,,,,,,"",""
ball,1,27.5,Scotland,CD Wallace,RD Berrington,JN Frylinck,0,0,,,,,,"",""
ball,1,27.6,Scotland,CD Wallace,RD Berrington,JN Frylinck,1,0,,,,,,"",""
ball,1,28.1,Scotland,CD Wallace,RD Berrington,BM Scholtz,0,0,,,,,,"",""
ball,1,28.2,Scotland,CD Wallace,RD Berrington,BM Scholtz,0,0,,,,,,"",""
ball,1,28.3,Scotland,CD Wallace,RD Berrington,BM Scholtz,0,0,,,,,,"",""
ball,1,28.4,Scotland,CD Wallace,RD Berrington,BM Scholtz,1,0,,,,,,"",""
ball,1,28.5,Scotland,RD Berrington,CD Wallace,BM Scholtz,1,0,,,,,,"",""
ball,1,28.6,Scotland,CD Wallace,RD Berrington,BM Scholtz,1,0,,,,,,"",""
ball,1,29.1,Scotland,CD Wallace,RD Berrington,SF Burger,2,0,,,,,,"",""
ball,1,29.2,Scotland,CD Wallace,RD Berrington,SF Burger,1,0,,,,,,"",""
ball,1,29.3,Scotland,RD Berrington,CD Wallace,SF Burger,1,0,,,,,,"",""
ball,1,29.4,Scotland,CD Wallace,RD Berrington,SF Burger,0,0,,,,,,"",""
ball,1,29.5,Scotland,CD Wallace,RD Berrington,SF Burger,2,0,,,,,,"",""
ball,1,29.6,Scotland,CD Wallace,RD Berrington,SF Burger,0,2,2,,,,,"",""
ball,1,29.7,Scotland,RD Berrington,CD Wallace,SF Burger,1,0,,,,,,"",""
ball,1,30.1,Scotland,RD Berrington,CD Wallace,BM Scholtz,2,0,,,,,,"",""
ball,1,30.2,Scotland,RD Berrington,CD Wallace,BM Scholtz,2,0,,,,,,"",""
ball,1,30.3,Scotland,RD Berrington,CD Wallace,BM Scholtz,4,0,,,,,,"",""
ball,1,30.4,Scotland,RD Berrington,CD Wallace,BM Scholtz,2,0,,,,,,"",""
ball,1,30.5,Scotland,RD Berrington,CD Wallace,BM Scholtz,6,0,,,,,,"",""
ball,1,30.6,Scotland,RD Berrington,CD Wallace,BM Scholtz,0,0,,,,,,"",""
ball,1,31.1,Scotland,CD Wallace,RD Berrington,SF Burger,0,0,,,,,,"",""
ball,1,31.2,Scotland,CD Wallace,RD Berrington,SF Burger,0,0,,,,,,caught,CD Wallace
ball,1,31.3,Scotland,RD Berrington,PL Mommsen,SF Burger,2,0,,,,,,"",""
ball,1,31.4,Scotland,RD Berrington,PL Mommsen,SF Burger,1,0,,,,,,"",""
ball,1,31.5,Scotland,PL Mommsen,RD Berrington,SF Burger,0,0,,,,,,"",""
ball,1,31.6,Scotland,PL Mommsen,RD Berrington,SF Burger,1,0,,,,,,"",""
ball,1,32.1,Scotland,PL Mommsen,RD Berrington,SJ Baard,1,0,,,,,,"",""
ball,1,32.2,Scotland,RD Berrington,PL Mommsen,SJ Baard,0,0,,,,,,"",""
ball,1,32.3,Scotland,RD Berrington,PL Mommsen,SJ Baard,1,0,,,,,,"",""
ball,1,32.4,Scotland,PL Mommsen,RD Berrington,SJ Baard,1,0,,,,,,"",""
ball,1,32.5,Scotland,RD Berrington,PL Mommsen,SJ Baard,2,0,,,,,,"",""
ball,1,32.6,Scotland,RD Berrington,PL Mommsen,SJ Baard,1,0,,,,,,"",""
ball,1,33.1,Scotland,RD Berrington,PL Mommsen,SF Burger,2,0,,,,,,"",""
ball,1,33.2,Scotland,RD Berrington,PL Mommsen,SF Burger,0,0,,,,,,"",""
ball,1,33.3,Scotland,RD Berrington,PL Mommsen,SF Burger,6,0,,,,,,"",""
ball,1,33.4,Scotland,RD Berrington,PL Mommsen,SF Burger,1,0,,,,,,"",""
ball,1,33.5,Scotland,PL Mommsen,RD Berrington,SF Burger,2,0,,,,,,"",""
ball,1,33.6,Scotland,PL Mommsen,RD Berrington,SF Burger,1,0,,,,,,"",""
ball,1,34.1,Scotland,PL Mommsen,RD Berrington,SJ Baard,6,0,,,,,,"",""
ball,1,34.2,Scotland,PL Mommsen,RD Berrington,SJ Baard,0,1,1,,,,,"",""
ball,1,34.3,Scotland,PL Mommsen,RD Berrington,SJ Baard,4,0,,,,,,"",""
ball,1,34.4,Scotland,PL Mommsen,RD Berrington,SJ Baard,1,0,,,,,,"",""
ball,1,34.5,Scotland,RD Berrington,PL Mommsen,SJ Baard,1,0,,,,,,"",""
ball,1,34.6,Scotland,PL Mommsen,RD Berrington,SJ Baard,0,0,,,,,,"",""
ball,1,34.7,Scotland,PL Mommsen,RD Berrington,SJ Baard,1,0,,,,,,"",""
ball,1,35.1,Scotland,PL Mommsen,RD Berrington,SF Burger,0,0,,,,,,"",""
ball,1,35.2,Scotland,PL Mommsen,RD Berrington,SF Burger,1,0,,,,,,"",""
ball,1,35.3,Scotland,RD Berrington,PL Mommsen,SF Burger,1,0,,,,,,"",""
ball,1,35.4,Scotland,PL Mommsen,RD Berrington,SF Burger,1,0,,,,,,"",""
ball,1,35.5,Scotland,RD Berrington,PL Mommsen,SF Burger,2,0,,,,,,"",""
ball,1,35.6,Scotland,RD Berrington,PL Mommsen,SF Burger,2,0,,,,,,"",""
ball,1,36.1,Scotland,PL Mommsen,RD Berrington,SJ Baard,1,0,,,,,,"",""
ball,1,36.2,Scotland,RD Berrington,PL Mommsen,SJ Baard,2,0,,,,,,"",""
ball,1,36.3,Scotland,RD Berrington,PL Mommsen,SJ Baard,1,0,,,,,,"",""
ball,1,36.4,Scotland,PL Mommsen,RD Berrington,SJ Baard,4,0,,,,,,"",""
ball,1,36.5,Scotland,PL Mommsen,RD Berrington,SJ Baard,2,0,,,,,,"",""
ball,1,36.6,Scotland,PL Mommsen,RD Berrington,SJ Baard,0,0,,,,,,"",""
ball,1,37.1,Scotland,RD Berrington,PL Mommsen,C Viljoen,1,0,,,,,,"",""
ball,1,37.2,Scotland,PL Mommsen,RD Berrington,C Viljoen,1,0,,,,,,"",""
ball,1,37.3,Scotland,RD Berrington,PL Mommsen,C Viljoen,1,0,,,,,,"",""
ball,1,37.4,Scotland,PL Mommsen,RD Berrington,C Viljoen,0,2,2,,,,,"",""
ball,1,37.5,Scotland,RD Berrington,PL Mommsen,C Viljoen,2,0,,,,,,"",""
ball,1,37.6,Scotland,RD Berrington,PL Mommsen,C Viljoen,6,0,,,,,,"",""
ball,1,37.7,Scotland,RD Berrington,PL Mommsen,C Viljoen,4,0,,,,,,"",""
ball,1,38.1,Scotland,PL Mommsen,RD Berrington,JN Frylinck,0,1,,,,1,,"",""
ball,1,38.2,Scotland,RD Berrington,PL Mommsen,JN Frylinck,4,0,,,,,,"",""
ball,1,38.3,Scotland,RD Berrington,PL Mommsen,JN Frylinck,2,0,,,,,,"",""
ball,1,38.4,Scotland,RD Berrington,PL Mommsen,JN Frylinck,2,0,,,,,,"",""
ball,1,38.5,Scotland,RD Berrington,PL Mommsen,JN Frylinck,1,0,,,,,,"",""
ball,1,38.6,Scotland,PL Mommsen,RD Berrington,JN Frylinck,1,0,,,,,,"",""
ball,1,39.1,Scotland,PL Mommsen,RD Berrington,C Viljoen,1,0,,,,,,"",""
ball,1,39.2,Scotland,RD Berrington,PL Mommsen,C Viljoen,4,0,,,,,,"",""
ball,1,39.3,Scotland,RD Berrington,PL Mommsen,C Viljoen,0,0,,,,,,"",""
ball,1,39.4,Scotland,RD Berrington,PL Mommsen,C Viljoen,1,0,,,,,,"",""
ball,1,39.5,Scotland,PL Mommsen,RD Berrington,C Viljoen,1,0,,,,,,"",""
ball,1,39.6,Scotland,RD Berrington,PL Mommsen,C Viljoen,4,0,,,,,,"",""
ball,1,40.1,Scotland,PL Mommsen,RD Berrington,JJ Smit,4,0,,,,,,"",""
ball,1,40.2,Scotland,PL Mommsen,RD Berrington,JJ Smit,2,0,,,,,,"",""
ball,1,40.3,Scotland,PL Mommsen,RD Berrington,JJ Smit,1,0,,,,,,"",""
ball,1,40.4,Scotland,RD Berrington,PL Mommsen,JJ Smit,1,0,,,,,,"",""
ball,1,40.5,Scotland,PL Mommsen,RD Berrington,JJ Smit,1,0,,,,,,"",""
ball,1,40.6,Scotland,RD Berrington,PL Mommsen,JJ Smit,0,0,,,,,,bowled,RD Berrington
ball,1,41.1,Scotland,PL Mommsen,CD de Lange,C Viljoen,0,0,,,,,,"",""
ball,1,41.2,Scotland,PL Mommsen,CD de Lange,C Viljoen,1,0,,,,,,"",""
ball,1,41.3,Scotland,CD de Lange,PL Mommsen,C Viljoen,1,0,,,,,,"",""
ball,1,41.4,Scotland,PL Mommsen,CD de Lange,C Viljoen,0,1,1,,,,,"",""
ball,1,41.5,Scotland,PL Mommsen,CD de Lange,C Viljoen,0,0,,,,,,"",""
ball,1,41.6,Scotland,PL Mommsen,CD de Lange,C Viljoen,4,0,,,,,,"",""
ball,1,41.7,Scotland,PL Mommsen,CD de Lange,C Viljoen,1,0,,,,,,"",""
ball,1,42.1,Scotland,PL Mommsen,CD de Lange,JJ Smit,1,0,,,,,,"",""
ball,1,42.2,Scotland,CD de Lange,PL Mommsen,JJ Smit,2,0,,,,,,"",""
ball,1,42.3,Scotland,CD de Lange,PL Mommsen,JJ Smit,1,0,,,,,,"",""
ball,1,42.4,Scotland,PL Mommsen,CD de Lange,JJ Smit,2,0,,,,,,"",""
ball,1,42.5,Scotland,PL Mommsen,CD de Lange,JJ Smit,1,0,,,,,,"",""
ball,1,42.6,Scotland,CD de Lange,PL Mommsen,JJ Smit,1,0,,,,,,"",""
ball,2,0.1,Namibia,SJ Baard,LP van der Westhuizen,AC Evans,0,0,,,,,,"",""
ball,2,0.2,Namibia,SJ Baard,LP van der Westhuizen,AC Evans,1,0,,,,,,"",""
ball,2,0.3,Namibia,LP van der Westhuizen,SJ Baard,AC Evans,1,0,,,,,,"",""
ball,2,0.4,Namibia,SJ Baard,LP van der Westhuizen,AC Evans,1,0,,,,,,"",""
ball,2,0.5,Namibia,LP van der Westhuizen,SJ Baard,AC Evans,0,0,,,,,,"",""
ball,2,0.6,Namibia,LP van der Westhuizen,SJ Baard,AC Evans,0,0,,,,,,"",""
ball,2,1.1,Namibia,SJ Baard,LP van der Westhuizen,SM Sharif,0,0,,,,,,"",""
ball,2,1.2,Namibia,SJ Baard,LP van der Westhuizen,SM Sharif,0,0,,,,,,"",""
ball,2,1.3,Namibia,SJ Baard,LP van der Westhuizen,SM Sharif,1,0,,,,,,"",""
ball,2,1.4,Namibia,LP van der Westhuizen,SJ Baard,SM Sharif,0,0,,,,,,"",""
ball,2,1.5,Namibia,LP van der Westhuizen,SJ Baard,SM Sharif,0,0,,,,,,"",""
ball,2,1.6,Namibia,LP van der Westhuizen,SJ Baard,SM Sharif,4,0,,,,,,"",""
ball,2,2.1,Namibia,SJ Baard,LP van der Westhuizen,AC Evans,1,0,,,,,,"",""
ball,2,2.2,Namibia,LP van der Westhuizen,SJ Baard,AC Evans,2,0,,,,,,"",""
ball,2,2.3,Namibia,LP van der Westhuizen,SJ Baard,AC Evans,0,0,,,,,,"",""
ball,2,2.4,Namibia,LP van der Westhuizen,SJ Baard,AC Evans,4,0,,,,,,"",""
ball,2,2.5,Namibia,LP van der Westhuizen,SJ Baard,AC Evans,0,0,,,,,,"",""
ball,2,2.6,Namibia,LP van der Westhuizen,SJ Baard,AC Evans,1,0,,,,,,"",""
ball,2,3.1,Namibia,LP van der Westhuizen,SJ Baard,SM Sharif,0,0,,,,,,"",""
ball,2,3.2,Namibia,LP van der Westhuizen,SJ Baard,SM Sharif,0,0,,,,,,"",""
ball,2,3.3,Namibia,LP van der Westhuizen,SJ Baard,SM Sharif,0,0,,,,,,"",""
ball,2,3.4,Namibia,LP van der Westhuizen,SJ Baard,SM Sharif,0,0,,,,,,"",""
ball,2,3.5,Namibia,LP van der Westhuizen,SJ Baard,SM Sharif,0,0,,,,,,"",""
ball,2,3.6,Namibia,LP van der Westhuizen,SJ Baard,SM Sharif,4,0,,,,,,"",""
ball,2,4.1,Namibia,SJ Baard,LP van der Westhuizen,AC Evans,1,0,,,,,,"",""
ball,2,4.2,Namibia,LP van der Westhuizen,SJ Baard,AC Evans,0,0,,,,,,"",""
ball,2,4.3,Namibia,LP van der Westhuizen,SJ Baard,AC Evans,0,0,,,,,,"",""
ball,2,4.4,Namibia,LP van der Westhuizen,SJ Baard,AC Evans,0,0,,,,,,"",""
ball,2,4.5,Namibia,LP van der Westhuizen,SJ Baard,AC Evans,4,0,,,,,,"",""
ball,2,4.6,Namibia,LP van der Westhuizen,SJ Baard,AC Evans,0,0,,,,,,"",""
ball,2,5.1,Namibia,SJ Baard,LP van der Westhuizen,SM Sharif,1,0,,,,,,"",""
ball,2,5.2,Namibia,LP van der Westhuizen,SJ Baard,SM Sharif,1,0,,,,,,"",""
ball,2,5.3,Namibia,SJ Baard,LP van der Westhuizen,SM Sharif,1,0,,,,,,"",""
ball,2,5.4,Namibia,LP van der Westhuizen,SJ Baard,SM Sharif,1,0,,,,,,"",""
ball,2,5.5,Namibia,SJ Baard,LP van der Westhuizen,SM Sharif,0,0,,,,,,"",""
ball,2,5.6,Namibia,SJ Baard,LP van der Westhuizen,SM Sharif,3,0,,,,,,"",""
ball,2,6.1,Namibia,SJ Baard,LP van der Westhuizen,CB Sole,1,0,,,,,,"",""
ball,2,6.2,Namibia,LP van der Westhuizen,SJ Baard,CB Sole,0,0,,,,,,"",""
ball,2,6.3,Namibia,LP van der Westhuizen,SJ Baard,CB Sole,0,1,,,1,,,"",""
ball,2,6.4,Namibia,SJ Baard,LP van der Westhuizen,CB Sole,1,0,,,,,,"",""
ball,2,6.5,Namibia,LP van der Westhuizen,SJ Baard,CB Sole,2,0,,,,,,"",""
ball,2,6.6,Namibia,LP van der Westhuizen,SJ Baard,CB Sole,1,0,,,,,,"",""
ball,2,7.1,Namibia,LP van der Westhuizen,SJ Baard,SM Sharif,0,0,,,,,,"",""
ball,2,7.2,Namibia,LP van der Westhuizen,SJ Baard,SM Sharif,0,0,,,,,,"",""
ball,2,7.3,Namibia,LP van der Westhuizen,SJ Baard,SM Sharif,2,0,,,,,,"",""
ball,2,7.4,Namibia,LP van der Westhuizen,SJ Baard,SM Sharif,0,1,1,,,,,"",""
ball,2,7.5,Namibia,LP van der Westhuizen,SJ Baard,SM Sharif,4,0,,,,,,"",""
ball,2,7.6,Namibia,LP van der Westhuizen,SJ Baard,SM Sharif,2,0,,,,,,"",""
ball,2,7.7,Namibia,LP van der Westhuizen,SJ Baard,SM Sharif,0,0,,,,,,lbw,LP van der Westhuizen
ball,2,8.1,Namibia,SJ Baard,MG Erasmus,CB Sole,0,0,,,,,,"",""
ball,2,8.2,Namibia,SJ Baard,MG Erasmus,CB Sole,0,0,,,,,,"",""
ball,2,8.3,Namibia,SJ Baard,MG Erasmus,CB Sole,0,1,1,,,,,"",""
ball,2,8.4,Namibia,SJ Baard,MG Erasmus,CB Sole,0,0,,,,,,"",""
ball,2,8.5,Namibia,SJ Baard,MG Erasmus,CB Sole,0,0,,,,,,caught,SJ Baard
ball,2,8.6,Namibia,CG Williams,MG Erasmus,CB Sole,0,0,,,,,,"",""
ball,2,8.7,Namibia,CG Williams,MG Erasmus,CB Sole,0,0,,,,,,"",""
ball,2,9.1,Namibia,MG Erasmus,CG Williams,AC Evans,0,0,,,,,,"",""
ball,2,9.2,Namibia,MG Erasmus,CG Williams,AC Evans,0,0,,,,,,"",""
ball,2,9.3,Namibia,MG Erasmus,CG Williams,AC Evans,0,0,,,,,,"",""
ball,2,9.4,Namibia,MG Erasmus,CG Williams,AC Evans,0,0,,,,,,"",""
ball,2,9.5,Namibia,MG Erasmus,CG Williams,AC Evans,0,0,,,,,,"",""
ball,2,9.6,Namibia,MG Erasmus,CG Williams,AC Evans,0,0,,,,,,"",""
ball,2,10.1,Namibia,CG Williams,MG Erasmus,CB Sole,1,0,,,,,,"",""
ball,2,10.2,Namibia,MG Erasmus,CG Williams,CB Sole,1,0,,,,,,"",""
ball,2,10.3,Namibia,CG Williams,MG Erasmus,CB Sole,0,1,1,,,,,"",""
ball,2,10.4,Namibia,CG Williams,MG Erasmus,CB Sole,0,0,,,,,,"",""
ball,2,10.5,Namibia,CG Williams,MG Erasmus,CB Sole,3,0,,,,,,"",""
ball,2,10.6,Namibia,MG Erasmus,CG Williams,CB Sole,0,0,,,,,,"",""
ball,2,10.7,Namibia,MG Erasmus,CG Williams,CB Sole,0,1,1,,,,,"",""
ball,2,10.8,Namibia,MG Erasmus,CG Williams,CB Sole,0,0,,,,,,"",""
ball,2,11.1,Namibia,CG Williams,MG Erasmus,AC Evans,0,0,,,,,,"",""
ball,2,11.2,Namibia,CG Williams,MG Erasmus,AC Evans,0,0,,,,,,caught,CG Williams
ball,2,11.3,Namibia,MG Erasmus,JN Frylinck,AC Evans,0,0,,,,,,"",""
ball,2,11.4,Namibia,MG Erasmus,JN Frylinck,AC Evans,0,0,,,,,,"",""
ball,2,11.5,Namibia,MG Erasmus,JN Frylinck,AC Evans,0,1,1,,,,,"",""
ball,2,11.6,Namibia,MG Erasmus,JN Frylinck,AC Evans,0,0,,,,,,"",""
ball,2,11.7,Namibia,MG Erasmus,JN Frylinck,AC Evans,0,0,,,,,,"",""
ball,2,12.1,Namibia,JN Frylinck,MG Erasmus,CB Sole,0,0,,,,,,"",""
ball,2,12.2,Namibia,JN Frylinck,MG Erasmus,CB Sole,0,0,,,,,,"",""
ball,2,12.3,Namibia,JN Frylinck,MG Erasmus,CB Sole,0,0,,,,,,"",""
ball,2,12.4,Namibia,JN Frylinck,MG Erasmus,CB Sole,0,0,,,,,,"",""
ball,2,12.5,Namibia,JN Frylinck,MG Erasmus,CB Sole,0,0,,,,,,caught,JN Frylinck
ball,2,12.6,Namibia,C Viljoen,MG Erasmus,CB Sole,0,0,,,,,,"",""
ball,2,13.1,Namibia,MG Erasmus,C Viljoen,AC Evans,0,1,1,,,,,"",""
ball,2,13.2,Namibia,MG Erasmus,C Viljoen,AC Evans,0,0,,,,,,"",""
ball,2,13.3,Namibia,MG Erasmus,C Viljoen,AC Evans,0,0,,,,,,"",""
ball,2,13.4,Namibia,MG Erasmus,C Viljoen,AC Evans,0,0,,,,,,"",""
ball,2,13.5,Namibia,MG Erasmus,C Viljoen,AC Evans,0,0,,,,,,"",""
ball,2,13.6,Namibia,MG Erasmus,C Viljoen,AC Evans,0,1,1,,,,,"",""
ball,2,13.7,Namibia,MG Erasmus,C Viljoen,AC Evans,0,0,,,,,,"",""
ball,2,13.8,Namibia,MG Erasmus,C Viljoen,AC Evans,0,0,,,,,,"",""
ball,2,14.1,Namibia,C Viljoen,MG Erasmus,CB Sole,0,0,,,,,,"",""
ball,2,14.2,Namibia,C Viljoen,MG Erasmus,CB Sole,2,0,,,,,,"",""
ball,2,14.3,Namibia,C Viljoen,MG Erasmus,CB Sole,0,1,1,,,,,"",""
ball,2,14.4,Namibia,C Viljoen,MG Erasmus,CB Sole,0,0,,,,,,"",""
ball,2,14.5,Namibia,C Viljoen,MG Erasmus,CB Sole,4,0,,,,,,"",""
ball,2,14.6,Namibia,C Viljoen,MG Erasmus,CB Sole,0,0,,,,,,"",""
ball,2,14.7,Namibia,C Viljoen,MG Erasmus,CB Sole,4,0,,,,,,"",""
ball,2,15.1,Namibia,MG Erasmus,C Viljoen,MRJ Watt,0,0,,,,,,"",""
ball,2,15.2,Namibia,MG Erasmus,C Viljoen,MRJ Watt,0,0,,,,,,"",""
ball,2,15.3,Namibia,MG Erasmus,C Viljoen,MRJ Watt,1,0,,,,,,"",""
ball,2,15.4,Namibia,C Viljoen,MG Erasmus,MRJ Watt,0,0,,,,,,"",""
ball,2,15.5,Namibia,C Viljoen,MG Erasmus,MRJ Watt,1,0,,,,,,"",""
ball,2,15.6,Namibia,MG Erasmus,C Viljoen,MRJ Watt,1,0,,,,,,"",""
ball,2,16.1,Namibia,MG Erasmus,C Viljoen,CB Sole,0,1,,,1,,,"",""
ball,2,16.2,Namibia,C Viljoen,MG Erasmus,CB Sole,4,0,,,,,,"",""
ball,2,16.3,Namibia,C Viljoen,MG Erasmus,CB Sole,2,0,,,,,,"",""
ball,2,16.4,Namibia,C Viljoen,MG Erasmus,CB Sole,0,0,,,,,,"",""
ball,2,16.5,Namibia,C Viljoen,MG Erasmus,CB Sole,0,0,,,,,,"",""
ball,2,16.6,Namibia,C Viljoen,MG Erasmus,CB Sole,0,0,,,,,,"",""
ball,2,17.1,Namibia,MG Erasmus,C Viljoen,MRJ Watt,1,0,,,,,,"",""
ball,2,17.2,Namibia,C Viljoen,MG Erasmus,MRJ Watt,0,0,,,,,,"",""
ball,2,17.3,Namibia,C Viljoen,MG Erasmus,MRJ Watt,1,0,,,,,,"",""
ball,2,17.4,Namibia,MG Erasmus,C Viljoen,MRJ Watt,0,0,,,,,,"",""
ball,2,17.5,Namibia,MG Erasmus,C Viljoen,MRJ Watt,1,0,,,,,,"",""
ball,2,17.6,Namibia,C Viljoen,MG Erasmus,MRJ Watt,0,0,,,,,,caught and bowled,C Viljoen
ball,2,18.1,Namibia,MG Erasmus,SF Burger,CD de Lange,0,0,,,,,,"",""
ball,2,18.2,Namibia,MG Erasmus,SF Burger,CD de Lange,0,0,,,,,,"",""
ball,2,18.3,Namibia,MG Erasmus,SF Burger,CD de Lange,6,0,,,,,,"",""
ball,2,18.4,Namibia,MG Erasmus,SF Burger,CD de Lange,1,0,,,,,,"",""
ball,2,18.5,Namibia,SF Burger,MG Erasmus,CD de Lange,0,0,,,,,,"",""
ball,2,18.6,Namibia,SF Burger,MG Erasmus,CD de Lange,0,0,,,,,,"",""
ball,2,19.1,Namibia,MG Erasmus,SF Burger,MRJ Watt,1,0,,,,,,"",""
ball,2,19.2,Namibia,SF Burger,MG Erasmus,MRJ Watt,0,0,,,,,,"",""
ball,2,19.3,Namibia,SF Burger,MG Erasmus,MRJ Watt,1,0,,,,,,"",""
ball,2,19.4,Namibia,MG Erasmus,SF Burger,MRJ Watt,0,0,,,,,,"",""
ball,2,19.5,Namibia,MG Erasmus,SF Burger,MRJ Watt,2,0,,,,,,"",""
ball,2,19.6,Namibia,MG Erasmus,SF Burger,MRJ Watt,1,0,,,,,,"",""
ball,2,20.1,Namibia,MG Erasmus,SF Burger,CD de Lange,0,0,,,,,,"",""
ball,2,20.2,Namibia,MG Erasmus,SF Burger,CD de Lange,0,0,,,,,,"",""
ball,2,20.3,Namibia,MG Erasmus,SF Burger,CD de Lange,0,0,,,,,,"",""
ball,2,20.4,Namibia,MG Erasmus,SF Burger,CD de Lange,6,0,,,,,,"",""
ball,2,20.5,Namibia,MG Erasmus,SF Burger,CD de Lange,0,0,,,,,,"",""
ball,2,20.6,Namibia,MG Erasmus,SF Burger,CD de Lange,1,0,,,,,,"",""
ball,2,21.1,Namibia,MG Erasmus,SF Burger,MRJ Watt,0,0,,,,,,"",""
ball,2,21.2,Namibia,MG Erasmus,SF Burger,MRJ Watt,1,0,,,,,,"",""
ball,2,21.3,Namibia,SF Burger,MG Erasmus,MRJ Watt,0,0,,,,,,"",""
ball,2,21.4,Namibia,SF Burger,MG Erasmus,MRJ Watt,1,0,,,,,,"",""
ball,2,21.5,Namibia,MG Erasmus,SF Burger,MRJ Watt,0,0,,,,,,"",""
ball,2,21.6,Namibia,MG Erasmus,SF Burger,MRJ Watt,2,0,,,,,,"",""
ball,2,22.1,Namibia,SF Burger,MG Erasmus,CD de Lange,0,0,,,,,,"",""
ball,2,22.2,Namibia,SF Burger,MG Erasmus,CD de Lange,1,0,,,,,,"",""
ball,2,22.3,Namibia,MG Erasmus,SF Burger,CD de Lange,1,0,,,,,,"",""
ball,2,22.4,Namibia,SF Burger,MG Erasmus,CD de Lange,1,0,,,,,,"",""
ball,2,22.5,Namibia,MG Erasmus,SF Burger,CD de Lange,0,0,,,,,,"",""
ball,2,22.6,Namibia,MG Erasmus,SF Burger,CD de Lange,1,0,,,,,,"",""
ball,2,23.1,Namibia,MG Erasmus,SF Burger,MRJ Watt,0,0,,,,,,"",""
ball,2,23.2,Namibia,MG Erasmus,SF Burger,MRJ Watt,0,0,,,,,,"",""
ball,2,23.3,Namibia,MG Erasmus,SF Burger,MRJ Watt,4,0,,,,,,"",""
ball,2,23.4,Namibia,MG Erasmus,SF Burger,MRJ Watt,0,0,,,,,,"",""
ball,2,23.5,Namibia,MG Erasmus,SF Burger,MRJ Watt,2,0,,,,,,"",""
ball,2,23.6,Namibia,MG Erasmus,SF Burger,MRJ Watt,0,0,,,,,,"",""
ball,2,24.1,Namibia,SF Burger,MG Erasmus,SM Sharif,0,0,,,,,,"",""
ball,2,24.2,Namibia,SF Burger,MG Erasmus,SM Sharif,0,0,,,,,,"",""
ball,2,24.3,Namibia,SF Burger,MG Erasmus,SM Sharif,2,0,,,,,,"",""
ball,2,24.4,Namibia,SF Burger,MG Erasmus,SM Sharif,0,0,,,,,,"",""
ball,2,24.5,Namibia,SF Burger,MG Erasmus,SM Sharif,0,0,,,,,,"",""
ball,2,24.6,Namibia,SF Burger,MG Erasmus,SM Sharif,0,0,,,,,,"",""
ball,2,25.1,Namibia,MG Erasmus,SF Burger,RD Berrington,0,0,,,,,,"",""
ball,2,25.2,Namibia,MG Erasmus,SF Burger,RD Berrington,0,0,,,,,,"",""
ball,2,25.3,Namibia,MG Erasmus,SF Burger,RD Berrington,1,0,,,,,,"",""
ball,2,25.4,Namibia,SF Burger,MG Erasmus,RD Berrington,1,0,,,,,,"",""
ball,2,25.5,Namibia,MG Erasmus,SF Burger,RD Berrington,0,0,,,,,,caught,MG Erasmus
ball,2,25.6,Namibia,ZE Green,SF Burger,RD Berrington,0,0,,,,,,"",""
ball,2,26.1,Namibia,SF Burger,ZE Green,SM Sharif,0,0,,,,,,"",""
ball,2,26.2,Namibia,SF Burger,ZE Green,SM Sharif,0,0,,,,,,"",""
ball,2,26.3,Namibia,SF Burger,ZE Green,SM Sharif,0,0,,,,,,"",""
ball,2,26.4,Namibia,SF Burger,ZE Green,SM Sharif,1,0,,,,,,"",""
ball,2,26.5,Namibia,ZE Green,SF Burger,SM Sharif,0,0,,,,,,"",""
ball,2,26.6,Namibia,ZE Green,SF Burger,SM Sharif,0,0,,,,,,"",""
ball,2,27.1,Namibia,SF Burger,ZE Green,RD Berrington,0,0,,,,,,"",""
ball,2,27.2,Namibia,SF Burger,ZE Green,RD Berrington,2,0,,,,,,"",""
ball,2,27.3,Namibia,SF Burger,ZE Green,RD Berrington,1,0,,,,,,"",""
ball,2,27.4,Namibia,ZE Green,SF Burger,RD Berrington,0,0,,,,,,"",""
ball,2,27.5,Namibia,ZE Green,SF Burger,RD Berrington,0,1,1,,,,,"",""
ball,2,27.6,Namibia,ZE Green,SF Burger,RD Berrington,0,0,,,,,,"",""
ball,2,27.7,Namibia,ZE Green,SF Burger,RD Berrington,0,5,5,,,,,"",""
ball,2,27.8,Namibia,ZE Green,SF Burger,RD Berrington,1,0,,,,,,"",""
ball,2,28.1,Namibia,ZE Green,SF Burger,CD de Lange,1,0,,,,,,"",""
ball,2,28.2,Namibia,SF Burger,ZE Green,CD de Lange,1,0,,,,,,"",""
ball,2,28.3,Namibia,ZE Green,SF Burger,CD de Lange,0,0,,,,,,"",""
ball,2,28.4,Namibia,ZE Green,SF Burger,CD de Lange,1,0,,,,,,"",""
ball,2,28.5,Namibia,SF Burger,ZE Green,CD de Lange,0,0,,,,,,bowled,SF Burger
ball,2,28.6,Namibia,JJ Smit,ZE Green,CD de Lange,0,0,,,,,,"",""
ball,2,29.1,Namibia,ZE Green,JJ Smit,RD Berrington,0,0,,,,,,"",""
ball,2,29.2,Namibia,ZE Green,JJ Smit,RD Berrington,0,0,,,,,,"",""
ball,2,29.3,Namibia,ZE Green,JJ Smit,RD Berrington,1,0,,,,,,"",""
ball,2,29.4,Namibia,JJ Smit,ZE Green,RD Berrington,0,0,,,,,,"",""
ball,2,29.5,Namibia,JJ Smit,ZE Green,RD Berrington,1,0,,,,,,"",""
ball,2,29.6,Namibia,ZE Green,JJ Smit,RD Berrington,1,0,,,,,,"",""
ball,2,30.1,Namibia,ZE Green,JJ Smit,CD de Lange,0,0,,,,,,"",""
ball,2,30.2,Namibia,ZE Green,JJ Smit,CD de Lange,0,0,,,,,,"",""
ball,2,30.3,Namibia,ZE Green,JJ Smit,CD de Lange,0,0,,,,,,"",""
ball,2,30.4,Namibia,ZE Green,JJ Smit,CD de Lange,1,0,,,,,,"",""
ball,2,30.5,Namibia,JJ Smit,ZE Green,CD de Lange,1,0,,,,,,"",""
ball,2,30.6,Namibia,ZE Green,JJ Smit,CD de Lange,0,0,,,,,,"",""
ball,2,31.1,Namibia,JJ Smit,ZE Green,AC Evans,2,0,,,,,,"",""
ball,2,31.2,Namibia,JJ Smit,ZE Green,AC Evans,0,0,,,,,,"",""
ball,2,31.3,Namibia,JJ Smit,ZE Green,AC Evans,0,0,,,,,,"",""
ball,2,31.4,Namibia,JJ Smit,ZE Green,AC Evans,1,0,,,,,,"",""
ball,2,31.5,Namibia,ZE Green,JJ Smit,AC Evans,0,0,,,,,,"",""
ball,2,31.6,Namibia,ZE Green,JJ Smit,AC Evans,0,0,,,,,,"",""
ball,2,32.1,Namibia,JJ Smit,ZE Green,CD de Lange,0,0,,,,,,"",""
ball,2,32.2,Namibia,JJ Smit,ZE Green,CD de Lange,6,0,,,,,,"",""
ball,2,32.3,Namibia,JJ Smit,ZE Green,CD de Lange,1,0,,,,,,"",""
ball,2,32.4,Namibia,ZE Green,JJ Smit,CD de Lange,0,0,,,,,,"",""
ball,2,32.5,Namibia,ZE Green,JJ Smit,CD de Lange,4,0,,,,,,"",""
ball,2,32.6,Namibia,ZE Green,JJ Smit,CD de Lange,0,0,,,,,,"",""
ball,2,33.1,Namibia,JJ Smit,ZE Green,AC Evans,2,0,,,,,,"",""
ball,2,33.2,Namibia,JJ Smit,ZE Green,AC Evans,6,0,,,,,,"",""
ball,2,33.3,Namibia,JJ Smit,ZE Green,AC Evans,2,0,,,,,,"",""
ball,2,33.4,Namibia,JJ Smit,ZE Green,AC Evans,0,0,,,,,,"",""
ball,2,33.5,Namibia,JJ Smit,ZE Green,AC Evans,1,0,,,,,,"",""
ball,2,33.6,Namibia,ZE Green,JJ Smit,AC Evans,1,0,,,,,,"",""
ball,2,34.1,Namibia,ZE Green,JJ Smit,CD de Lange,1,0,,,,,,"",""
ball,2,34.2,Namibia,JJ Smit,ZE Green,CD de Lange,2,0,,,,,,"",""
ball,2,34.3,Namibia,JJ Smit,ZE Green,CD de Lange,1,0,,,,,,"",""
ball,2,34.4,Namibia,ZE Green,JJ Smit,CD de Lange,0,0,,,,,,lbw,ZE Green
ball,2,34.5,Namibia,Z Groenewald,JJ Smit,CD de Lange,2,0,,,,,,"",""
ball,2,34.6,Namibia,Z Groenewald,JJ Smit,CD de Lange,4,0,,,,,,"",""
ball,2,35.1,Namibia,JJ Smit,Z Groenewald,SM Sharif,0,0,,,,,,"",""
ball,2,35.2,Namibia,JJ Smit,Z Groenewald,SM Sharif,1,0,,,,,,"",""
ball,2,35.3,Namibia,Z Groenewald,JJ Smit,SM Sharif,1,0,,,,,,"",""
ball,2,35.4,Namibia,JJ Smit,Z Groenewald,SM Sharif,0,0,,,,,,"",""
ball,2,35.5,Namibia,JJ Smit,Z Groenewald,SM Sharif,1,0,,,,,,"",""
ball,2,35.6,Namibia,Z Groenewald,JJ Smit,SM Sharif,2,0,,,,,,"",""
ball,2,36.1,Namibia,JJ Smit,Z Groenewald,CB Sole,1,0,,,,,,"",""
ball,2,36.2,Namibia,Z Groenewald,JJ Smit,CB Sole,1,0,,,,,,"",""
ball,2,36.3,Namibia,JJ Smit,Z Groenewald,CB Sole,1,0,,,,,,"",""
ball,2,36.4,Namibia,Z Groenewald,JJ Smit,CB Sole,0,1,1,,,,,"",""
ball,2,36.5,Namibia,Z Groenewald,JJ Smit,CB Sole,4,0,,,,,,"",""
ball,2,36.6,Namibia,Z Groenewald,JJ Smit,CB Sole,2,0,,,,,,"",""
ball,2,36.7,Namibia,Z Groenewald,JJ Smit,CB Sole,4,0,,,,,,"",""
ball,2,37.1,Namibia,JJ Smit,Z Groenewald,SM Sharif,0,0,,,,,,"",""
ball,2,37.2,Namibia,JJ Smit,Z Groenewald,SM Sharif,0,0,,,,,,caught,JJ Smit
ball,2,37.3,Namibia,Z Groenewald,BM Scholtz,SM Sharif,1,0,,,,,,"",""
ball,2,37.4,Namibia,BM Scholtz,Z Groenewald,SM Sharif,1,0,,,,,,"",""
ball,2,37.5,Namibia,Z Groenewald,BM Scholtz,SM Sharif,0,0,,,,,,"",""
ball,2,37.6,Namibia,Z Groenewald,BM Scholtz,SM Sharif,1,0,,,,,,"",""
ball,2,38.1,Namibia,Z Groenewald,BM Scholtz,MRJ Watt,0,0,,,,,,"",""
ball,2,38.2,Namibia,Z Groenewald,BM Scholtz,MRJ Watt,6,0,,,,,,"",""
ball,2,38.3,Namibia,Z Groenewald,BM Scholtz,MRJ Watt,6,0,,,,,,"",""
ball,2,38.4,Namibia,Z Groenewald,BM Scholtz,MRJ Watt,0,0,,,,,,"",""
ball,2,38.5,Namibia,Z Groenewald,BM Scholtz,MRJ Watt,4,0,,,,,,"",""
ball,2,38.6,Namibia,Z Groenewald,BM Scholtz,MRJ Watt,1,0,,,,,,"",""
ball,2,39.1,Namibia,Z Groenewald,BM Scholtz,SM Sharif,1,0,,,,,,"",""
ball,2,39.2,Namibia,BM Scholtz,Z Groenewald,SM Sharif,1,0,,,,,,"",""
ball,2,39.3,Namibia,Z Groenewald,BM Scholtz,SM Sharif,2,0,,,,,,"",""
ball,2,39.4,Namibia,Z Groenewald,BM Scholtz,SM Sharif,0,0,,,,,,caught,Z Groenewald
