version,1.6.0
info,balls_per_over,6
info,team,Nottinghamshire
info,team,Leicestershire
info,gender,male
info,season,2017
info,date,2017/08/02
info,event,NatWest T20 Blast
info,venue,Grace Road
info,city,Leicester
info,toss_winner,Leicestershire
info,toss_decision,field
info,umpire,DJ Millns
info,umpire,RJ Bailey
info,tv_umpire,GD Lloyd
info,outcome,no result
info,player,Nottinghamshire,MH Wessels
info,player,Nottinghamshire,AD Hales
info,player,Nottinghamshire,TJ Moores
info,player,Nottinghamshire,DT Christian
info,player,Nottinghamshire,BRM Taylor
info,player,Nottinghamshire,SR Patel
info,player,Nottinghamshire,SJ Mullaney
info,player,Nottinghamshire,WT Root
info,player,Nottinghamshire,IS Sodhi
info,player,Nottinghamshire,JT Ball
info,player,Nottinghamshire,HF Gurney
info,player,Leicestershire,L Ronchi
info,player,Leicestershire,CS Delport
info,player,Leicestershire,MJ Cosgrove
info,player,Leicestershire,CN Ackermann
info,player,Leicestershire,AM Ali
info,player,Leicestershire,LJ Hill
info,player,Leicestershire,TJ Wells
info,player,Leicestershire,MW Pillans
info,player,Leicestershire,CJ McKay
info,player,Leicestershire,D Klein
info,player,Leicestershire,CF Parkinson
info,registry,people,AD Hales,92aeac25
info,registry,people,AM Ali,e3434f95
info,registry,people,BRM Taylor,53597be1
info,registry,people,CF Parkinson,aa1210d8
info,registry,people,CJ McKay,94eac556
info,registry,people,CN Ackermann,e734d090
info,registry,people,CS Delport,afa78c3a
info,registry,people,D Klein,aeab0d4f
info,registry,people,DJ Millns,46ecfe40
info,registry,people,DT Christian,2a2e6343
info,registry,people,GD Lloyd,36e0770d
info,registry,people,HF Gurney,e412cb64
info,registry,people,IS Sodhi,641ac5ff
info,registry,people,JT Ball,3d0ed2f9
info,registry,people,L Ronchi,0fa5042b
info,registry,people,LJ Hill,35f9a295
info,registry,people,MH Wessels,90f47cf2
info,registry,people,MJ Cosgrove,be768595
info,registry,people,MW Pillans,6a2fadd0
info,registry,people,RJ Bailey,6bd04fa5
info,registry,people,SJ Mullaney,0e0d43b4
info,registry,people,SR Patel,18fac429
info,registry,people,TJ Moores,85dcb721
info,registry,people,TJ Wells,eb1a5b03
info,registry,people,WT Root,72898514
ball,1,0.1,Nottinghamshire,MH Wessels,AD Hales,D Klein,0,0,,,,,,"",""
ball,1,0.2,Nottinghamshire,MH Wessels,AD Hales,D Klein,4,0,,,,,,"",""
ball,1,0.3,Nottinghamshire,MH Wessels,AD Hales,D Klein,1,0,,,,,,"",""
ball,1,0.4,Nottinghamshire,AD Hales,MH Wessels,D Klein,1,0,,,,,,"",""
ball,1,0.5,Nottinghamshire,MH Wessels,AD Hales,D Klein,0,0,,,,,,"",""
ball,1,0.6,Nottinghamshire,MH Wessels,AD Hales,D Klein,1,0,,,,,,"",""
ball,1,1.1,Nottinghamshire,MH Wessels,AD Hales,CF Parkinson,1,0,,,,,,"",""
ball,1,1.2,Nottinghamshire,AD Hales,MH Wessels,CF Parkinson,4,0,,,,,,"",""
ball,1,1.3,Nottinghamshire,AD Hales,MH Wessels,CF Parkinson,1,0,,,,,,"",""
ball,1,1.4,Nottinghamshire,MH Wessels,AD Hales,CF Parkinson,0,0,,,,,,"",""
ball,1,1.5,Nottinghamshire,MH Wessels,AD Hales,CF Parkinson,0,0,,,,,,"",""
ball,1,1.6,Nottinghamshire,MH Wessels,AD Hales,CF Parkinson,6,0,,,,,,"",""
ball,1,2.1,Nottinghamshire,AD Hales,MH Wessels,D Klein,4,0,,,,,,"",""
ball,1,2.2,Nottinghamshire,AD Hales,MH Wessels,D Klein,0,0,,,,,,"",""
ball,1,2.3,Nottinghamshire,AD Hales,MH Wessels,D Klein,0,0,,,,,,"",""
ball,1,2.4,Nottinghamshire,AD Hales,MH Wessels,D Klein,0,0,,,,,,"",""
ball,1,2.5,Nottinghamshire,AD Hales,MH Wessels,D Klein,4,0,,,,,,"",""
ball,1,2.6,Nottinghamshire,AD Hales,MH Wessels,D Klein,6,2,,2,,,,"",""
ball,1,2.7,Nottinghamshire,AD Hales,MH Wessels,D Klein,1,0,,,,,,"",""
ball,1,3.1,Nottinghamshire,AD Hales,MH Wessels,CJ McKay,0,1,,,,1,,"",""
ball,1,3.2,Nottinghamshire,MH Wessels,AD Hales,CJ McKay,4,0,,,,,,"",""
ball,1,3.3,Nottinghamshire,MH Wessels,AD Hales,CJ McKay,0,0,,,,,,"",""
ball,1,3.4,Nottinghamshire,MH Wessels,AD Hales,CJ McKay,6,0,,,,,,"",""
ball,1,3.5,Nottinghamshire,MH Wessels,AD Hales,CJ McKay,6,0,,,,,,"",""
ball,1,3.6,Nottinghamshire,MH Wessels,AD Hales,CJ McKay,1,0,,,,,,"",""
ball,1,4.1,Nottinghamshire,MH Wessels,AD Hales,MW Pillans,0,0,,,,,,"",""
ball,1,4.2,Nottinghamshire,MH Wessels,AD Hales,MW Pillans,4,0,,,,,,"",""
ball,1,4.3,Nottinghamshire,MH Wessels,AD Hales,MW Pillans,1,0,,,,,,"",""
ball,1,4.4,Nottinghamshire,AD Hales,MH Wessels,MW Pillans,4,0,,,,,,"",""
ball,1,4.5,Nottinghamshire,AD Hales,MH Wessels,MW Pillans,4,0,,,,,,"",""
ball,1,4.6,Nottinghamshire,AD Hales,MH Wessels,MW Pillans,2,0,,,,,,"",""
ball,1,5.1,Nottinghamshire,MH Wessels,AD Hales,CF Parkinson,1,0,,,,,,"",""
ball,1,5.2,Nottinghamshire,AD Hales,MH Wessels,CF Parkinson,4,0,,,,,,"",""
ball,1,5.3,Nottinghamshire,AD Hales,MH Wessels,CF Parkinson,0,0,,,,,,"",""
ball,1,5.4,Nottinghamshire,AD Hales,MH Wessels,CF Parkinson,0,0,,,,,,"",""
ball,1,5.5,Nottinghamshire,AD Hales,MH Wessels,CF Parkinson,4,0,,,,,,"",""
ball,1,5.6,Nottinghamshire,AD Hales,MH Wessels,CF Parkinson,4,0,,,,,,"",""
ball,1,6.1,Nottinghamshire,MH Wessels,AD Hales,CN Ackermann,1,0,,,,,,"",""
ball,1,6.2,Nottinghamshire,AD Hales,MH Wessels,CN Ackermann,1,0,,,,,,"",""
ball,1,6.3,Nottinghamshire,MH Wessels,AD Hales,CN Ackermann,1,0,,,,,,"",""
ball,1,6.4,Nottinghamshire,AD Hales,MH Wessels,CN Ackermann,0,0,,,,,,"",""
ball,1,6.5,Nottinghamshire,AD Hales,MH Wessels,CN Ackermann,1,0,,,,,,"",""
ball,1,6.6,Nottinghamshire,MH Wessels,AD Hales,CN Ackermann,0,0,,,,,,"",""
ball,1,7.1,Nottinghamshire,AD Hales,MH Wessels,CS Delport,1,0,,,,,,"",""
ball,1,7.2,Nottinghamshire,MH Wessels,AD Hales,CS Delport,0,0,,,,,,"",""
ball,1,7.3,Nottinghamshire,MH Wessels,AD Hales,CS Delport,4,0,,,,,,"",""
ball,1,7.4,Nottinghamshire,MH Wessels,AD Hales,CS Delport,0,2,,,2,,,"",""
ball,1,7.5,Nottinghamshire,MH Wessels,AD Hales,CS Delport,0,0,,,,,,"",""
ball,1,7.6,Nottinghamshire,MH Wessels,AD Hales,CS Delport,0,5,5,,,,,"",""
ball,1,7.7,Nottinghamshire,MH Wessels,AD Hales,CS Delport,0,0,,,,,,"",""
ball,1,8.1,Nottinghamshire,AD Hales,MH Wessels,CN Ackermann,2,0,,,,,,"",""
ball,1,8.2,Nottinghamshire,AD Hales,MH Wessels,CN Ackermann,1,0,,,,,,"",""
ball,1,8.3,Nottinghamshire,MH Wessels,AD Hales,CN Ackermann,1,0,,,,,,"",""
ball,1,8.4,Nottinghamshire,AD Hales,MH Wessels,CN Ackermann,2,0,,,,,,"",""
ball,1,8.5,Nottinghamshire,AD Hales,MH Wessels,CN Ackermann,0,0,,,,,,stumped,AD Hales
ball,1,8.6,Nottinghamshire,TJ Moores,MH Wessels,CN Ackermann,0,0,,,,,,"",""
ball,1,9.1,Nottinghamshire,MH Wessels,TJ Moores,CS Delport,1,0,,,,,,"",""
ball,1,9.2,Nottinghamshire,TJ Moores,MH Wessels,CS Delport,1,0,,,,,,"",""
ball,1,9.3,Nottinghamshire,MH Wessels,TJ Moores,CS Delport,6,0,,,,,,"",""
ball,1,9.4,Nottinghamshire,MH Wessels,TJ Moores,CS Delport,0,0,,,,,,"",""
ball,1,9.5,Nottinghamshire,MH Wessels,TJ Moores,CS Delport,4,0,,,,,,"",""
ball,1,9.6,Nottinghamshire,MH Wessels,TJ Moores,CS Delport,1,0,,,,,,"",""
ball,1,10.1,Nottinghamshire,MH Wessels,TJ Moores,CN Ackermann,6,0,,,,,,"",""
ball,1,10.2,Nottinghamshire,MH Wessels,TJ Moores,CN Ackermann,1,0,,,,,,"",""
ball,1,10.3,Nottinghamshire,TJ Moores,MH Wessels,CN Ackermann,6,0,,,,,,"",""
ball,1,10.4,Nottinghamshire,TJ Moores,MH Wessels,CN Ackermann,1,0,,,,,,"",""
ball,1,10.5,Nottinghamshire,MH Wessels,TJ Moores,CN Ackermann,0,2,2,,,,,"",""
ball,1,10.6,Nottinghamshire,TJ Moores,MH Wessels,CN Ackermann,0,0,,,,,,"",""
ball,1,10.7,Nottinghamshire,TJ Moores,MH Wessels,CN Ackermann,1,0,,,,,,"",""
ball,1,11.1,Nottinghamshire,TJ Moores,MH Wessels,MW Pillans,0,0,,,,,,"",""
ball,1,11.2,Nottinghamshire,TJ Moores,MH Wessels,MW Pillans,2,0,,,,,,"",""
ball,1,11.3,Nottinghamshire,TJ Moores,MH Wessels,MW Pillans,0,0,,,,,,"",""
ball,1,11.4,Nottinghamshire,TJ Moores,MH Wessels,MW Pillans,1,0,,,,,,"",""
ball,1,11.5,Nottinghamshire,MH Wessels,TJ Moores,MW Pillans,0,1,,,,1,,"",""
ball,1,11.6,Nottinghamshire,TJ Moores,MH Wessels,MW Pillans,1,0,,,,,,"",""
ball,1,12.1,Nottinghamshire,TJ Moores,MH Wessels,CF Parkinson,6,0,,,,,,"",""
ball,1,12.2,Nottinghamshire,TJ Moores,MH Wessels,CF Parkinson,0,0,,,,,,caught,TJ Moores
ball,1,12.3,Nottinghamshire,MH Wessels,DT Christian,CF Parkinson,1,0,,,,,,"",""
ball,1,12.4,Nottinghamshire,DT Christian,MH Wessels,CF Parkinson,0,0,,,,,,"",""
ball,1,12.5,Nottinghamshire,DT Christian,MH Wessels,CF Parkinson,1,0,,,,,,"",""
ball,1,12.6,Nottinghamshire,MH Wessels,DT Christian,CF Parkinson,0,0,,,,,,caught,MH Wessels
ball,1,13.1,Nottinghamshire,DT Christian,BRM Taylor,D Klein,0,0,,,,,,"",""
ball,1,13.2,Nottinghamshire,DT Christian,BRM Taylor,D Klein,4,0,,,,,,"",""
ball,1,13.3,Nottinghamshire,DT Christian,BRM Taylor,D Klein,0,0,,,,,,"",""
ball,1,13.4,Nottinghamshire,DT Christian,BRM Taylor,D Klein,1,0,,,,,,"",""
ball,1,13.5,Nottinghamshire,BRM Taylor,DT Christian,D Klein,0,0,,,,,,bowled,BRM Taylor
ball,1,13.6,Nottinghamshire,SR Patel,DT Christian,D Klein,0,0,,,,,,bowled,SR Patel
ball,1,14.1,Nottinghamshire,DT Christian,SJ Mullaney,CF Parkinson,1,0,,,,,,"",""
ball,1,14.2,Nottinghamshire,SJ Mullaney,DT Christian,CF Parkinson,1,0,,,,,,"",""
ball,1,14.3,Nottinghamshire,DT Christian,SJ Mullaney,CF Parkinson,1,0,,,,,,"",""
ball,1,14.4,Nottinghamshire,SJ Mullaney,DT Christian,CF Parkinson,1,0,,,,,,"",""
ball,1,14.5,Nottinghamshire,DT Christian,SJ Mullaney,CF Parkinson,1,0,,,,,,"",""
ball,1,14.6,Nottinghamshire,SJ Mullaney,DT Christian,CF Parkinson,1,0,,,,,,"",""
ball,1,15.1,Nottinghamshire,SJ Mullaney,DT Christian,D Klein,0,0,,,,,,"",""
ball,1,15.2,Nottinghamshire,SJ Mullaney,DT Christian,D Klein,4,0,,,,,,"",""
ball,1,15.3,Nottinghamshire,SJ Mullaney,DT Christian,D Klein,3,0,,,,,,"",""
ball,1,15.4,Nottinghamshire,DT Christian,SJ Mullaney,D Klein,1,0,,,,,,"",""
ball,1,15.5,Nottinghamshire,SJ Mullaney,DT Christian,D Klein,4,0,,,,,,"",""
ball,1,15.6,Nottinghamshire,SJ Mullaney,DT Christian,D Klein,0,0,,,,,,"",""
ball,1,16.1,Nottinghamshire,DT Christian,SJ Mullaney,CJ McKay,1,0,,,,,,"",""
ball,1,16.2,Nottinghamshire,SJ Mullaney,DT Christian,CJ McKay,0,0,,,,,,caught,SJ Mullaney
ball,1,16.3,Nottinghamshire,DT Christian,WT Root,CJ McKay,4,0,,,,,,"",""
ball,1,16.4,Nottinghamshire,DT Christian,WT Root,CJ McKay,1,0,,,,,,"",""
ball,1,16.5,Nottinghamshire,WT Root,DT Christian,CJ McKay,1,0,,,,,,"",""
ball,1,16.6,Nottinghamshire,DT Christian,WT Root,CJ McKay,1,0,,,,,,"",""
ball,1,17.1,Nottinghamshire,DT Christian,WT Root,MW Pillans,0,1,1,,,,,"",""
ball,1,17.2,Nottinghamshire,DT Christian,WT Root,MW Pillans,4,0,,,,,,"",""
ball,1,17.3,Nottinghamshire,DT Christian,WT Root,MW Pillans,1,0,,,,,,"",""
ball,1,17.4,Nottinghamshire,WT Root,DT Christian,MW Pillans,1,0,,,,,,"",""
ball,1,17.5,Nottinghamshire,DT Christian,WT Root,MW Pillans,4,0,,,,,,"",""
ball,1,17.6,Nottinghamshire,DT Christian,WT Root,MW Pillans,4,0,,,,,,"",""
ball,1,17.7,Nottinghamshire,DT Christian,WT Root,MW Pillans,1,0,,,,,,"",""
ball,1,18.1,Nottinghamshire,DT Christian,WT Root,CJ McKay,1,0,,,,,,"",""
ball,1,18.2,Nottinghamshire,WT Root,DT Christian,CJ McKay,4,0,,,,,,"",""
ball,1,18.3,Nottinghamshire,WT Root,DT Christian,CJ McKay,0,0,,,,,,"",""
ball,1,18.4,Nottinghamshire,WT Root,DT Christian,CJ McKay,2,0,,,,,,"",""
ball,1,18.5,Nottinghamshire,WT Root,DT Christian,CJ McKay,1,0,,,,,,"",""
ball,1,18.6,Nottinghamshire,DT Christian,WT Root,CJ McKay,1,0,,,,,,"",""
ball,1,19.1,Nottinghamshire,DT Christian,WT Root,MW Pillans,0,0,,,,,,caught,DT Christian
ball,1,19.2,Nottinghamshire,WT Root,IS Sodhi,MW Pillans,4,0,,,,,,"",""
ball,1,19.3,Nottinghamshire,WT Root,IS Sodhi,MW Pillans,0,0,,,,,,"",""
ball,1,19.4,Nottinghamshire,WT Root,IS Sodhi,MW Pillans,1,0,,,,,,"",""
ball,1,19.5,Nottinghamshire,IS Sodhi,WT Root,MW Pillans,2,0,,,,,,"",""
ball,1,19.6,Nottinghamshire,IS Sodhi,WT Root,MW Pillans,0,0,,,,,,bowled,IS Sodhi
