version,1.6.0
info,balls_per_over,6
info,team,Surrey
info,team,Kent
info,gender,male
info,season,2017
info,date,2017/08/18
info,event,NatWest T20 Blast
info,venue,St Lawrence Ground
info,city,Canterbury
info,toss_winner,Surrey
info,toss_decision,bat
info,player_of_match,JJ Roy
info,umpire,SC Gale
info,umpire,M Burns
info,winner,Surrey
info,winner_runs,10
info,player,Surrey,JJ Roy
info,player,Surrey,AJ Finch
info,player,Surrey,MC Henriques
info,player,Surrey,BT Foakes
info,player,Surrey,OJ Pope
info,player,Surrey,SM Curran
info,player,Surrey,R Clarke
info,player,Surrey,RJ Burns
info,player,Surrey,SC Meaker
info,player,Surrey,GJ Batty
info,player,Surrey,JW Dernbach
info,player,Kent,JL Denly
info,player,Kent,DJ Bell-Drummond
info,player,Kent,SA Northeast
info,player,Kent,SW Billings
info,player,Kent,DI Stevens
info,player,Kent,JDS Neesham
info,player,Kent,AJ Blake
info,player,Kent,AF Milne
info,player,Kent,CJ Haggett
info,player,Kent,ME Claydon
info,player,Kent,Imran Qayyum
info,registry,people,AF Milne,350bb1b1
info,registry,people,AJ Blake,ea27a674
info,registry,people,AJ Finch,b8d490fd
info,registry,people,BT Foakes,fd770945
info,registry,people,CJ Haggett,9395f98e
info,registry,people,DI Stevens,bca21d18
info,registry,people,DJ Bell-Drummond,8f938a32
info,registry,people,GJ Batty,5ac8f17b
info,registry,people,Imran Qayyum,e5652e3d
info,registry,people,JDS Neesham,9219eff0
info,registry,people,JJ Roy,d1c36f5c
info,registry,people,JL Denly,bdadf7da
info,registry,people,JW Dernbach,7be8a0ed
info,registry,people,M Burns,b3bd0666
info,registry,people,MC Henriques,32198ae0
info,registry,people,ME Claydon,15101f12
info,registry,people,OJ Pope,e94bc520
info,registry,people,R Clarke,8728a058
info,registry,people,RJ Burns,29e8a62e
info,registry,people,SA Northeast,7e4c8ba3
info,registry,people,SC Gale,3df4cd05
info,registry,people,SC Meaker,eb9cb105
info,registry,people,SM Curran,e94915e6
info,registry,people,SW Billings,c16d4035
ball,1,0.1,Surrey,JJ Roy,AJ Finch,Imran Qayyum,0,0,,,,,,"",""
ball,1,0.2,Surrey,JJ Roy,AJ Finch,Imran Qayyum,0,0,,,,,,"",""
ball,1,0.3,Surrey,JJ Roy,AJ Finch,Imran Qayyum,0,1,,,,1,,"",""
ball,1,0.4,Surrey,AJ Finch,JJ Roy,Imran Qayyum,6,0,,,,,,"",""
ball,1,0.5,Surrey,AJ Finch,JJ Roy,Imran Qayyum,0,0,,,,,,"",""
ball,1,0.6,Surrey,AJ Finch,JJ Roy,Imran Qayyum,0,0,,,,,,"",""
ball,1,1.1,Surrey,JJ Roy,AJ Finch,JDS Neesham,0,1,1,,,,,"",""
ball,1,1.2,Surrey,JJ Roy,AJ Finch,JDS Neesham,0,0,,,,,,"",""
ball,1,1.3,Surrey,JJ Roy,AJ Finch,JDS Neesham,4,0,,,,,,"",""
ball,1,1.4,Surrey,JJ Roy,AJ Finch,JDS Neesham,2,0,,,,,,"",""
ball,1,1.5,Surrey,JJ Roy,AJ Finch,JDS Neesham,0,0,,,,,,"",""
ball,1,1.6,Surrey,JJ Roy,AJ Finch,JDS Neesham,4,0,,,,,,"",""
ball,1,1.7,Surrey,JJ Roy,AJ Finch,JDS Neesham,0,0,,,,,,"",""
ball,1,2.1,Surrey,AJ Finch,JJ Roy,AF Milne,0,0,,,,,,"",""
ball,1,2.2,Surrey,AJ Finch,JJ Roy,AF Milne,1,0,,,,,,"",""
ball,1,2.3,Surrey,JJ Roy,AJ Finch,AF Milne,4,0,,,,,,"",""
ball,1,2.4,Surrey,JJ Roy,AJ Finch,AF Milne,0,2,,2,,,,"",""
ball,1,2.5,Surrey,JJ Roy,AJ Finch,AF Milne,4,0,,,,,,"",""
ball,1,2.6,Surrey,JJ Roy,AJ Finch,AF Milne,4,0,,,,,,"",""
ball,1,2.7,Surrey,JJ Roy,AJ Finch,AF Milne,0,0,,,,,,"",""
ball,1,3.1,Surrey,AJ Finch,JJ Roy,ME Claydon,0,0,,,,,,"",""
ball,1,3.2,Surrey,AJ Finch,JJ Roy,ME Claydon,1,0,,,,,,"",""
ball,1,3.3,Surrey,JJ Roy,AJ Finch,ME Claydon,0,0,,,,,,"",""
ball,1,3.4,Surrey,JJ Roy,AJ Finch,ME Claydon,6,0,,,,,,"",""
ball,1,3.5,Surrey,JJ Roy,AJ Finch,ME Claydon,4,0,,,,,,"",""
ball,1,3.6,Surrey,JJ Roy,AJ Finch,ME Claydon,1,0,,,,,,"",""
ball,1,4.1,Surrey,JJ Roy,AJ Finch,AF Milne,1,0,,,,,,"",""
ball,1,4.2,Surrey,AJ Finch,JJ Roy,AF Milne,0,0,,,,,,bowled,AJ Finch
ball,1,4.3,Surrey,MC Henriques,JJ Roy,AF Milne,0,0,,,,,,lbw,MC Henriques
ball,1,4.4,Surrey,BT Foakes,JJ Roy,AF Milne,0,0,,,,,,"",""
ball,1,4.5,Surrey,BT Foakes,JJ Roy,AF Milne,1,0,,,,,,"",""
ball,1,4.6,Surrey,JJ Roy,BT Foakes,AF Milne,1,0,,,,,,"",""
ball,1,5.1,Surrey,JJ Roy,BT Foakes,Imran Qayyum,1,0,,,,,,"",""
ball,1,5.2,Surrey,BT Foakes,JJ Roy,Imran Qayyum,1,0,,,,,,"",""
ball,1,5.3,Surrey,JJ Roy,BT Foakes,Imran Qayyum,4,0,,,,,,"",""
ball,1,5.4,Surrey,JJ Roy,BT Foakes,Imran Qayyum,1,0,,,,,,"",""
ball,1,5.5,Surrey,BT Foakes,JJ Roy,Imran Qayyum,0,4,,,4,,,"",""
ball,1,5.6,Surrey,BT Foakes,JJ Roy,Imran Qayyum,0,0,,,,,,"",""
ball,1,6.1,Surrey,JJ Roy,BT Foakes,JDS Neesham,0,0,,,,,,"",""
ball,1,6.2,Surrey,JJ Roy,BT Foakes,JDS Neesham,0,0,,,,,,"",""
ball,1,6.3,Surrey,JJ Roy,BT Foakes,JDS Neesham,1,0,,,,,,"",""
ball,1,6.4,Surrey,BT Foakes,JJ Roy,JDS Neesham,1,0,,,,,,"",""
ball,1,6.5,Surrey,JJ Roy,BT Foakes,JDS Neesham,1,0,,,,,,"",""
ball,1,6.6,Surrey,BT Foakes,JJ Roy,JDS Neesham,1,0,,,,,,"",""
ball,1,7.1,Surrey,BT Foakes,JJ Roy,CJ Haggett,1,0,,,,,,"",""
ball,1,7.2,Surrey,JJ Roy,BT Foakes,CJ Haggett,4,0,,,,,,"",""
ball,1,7.3,Surrey,JJ Roy,BT Foakes,CJ Haggett,1,0,,,,,,"",""
ball,1,7.4,Surrey,BT Foakes,JJ Roy,CJ Haggett,1,0,,,,,,"",""
ball,1,7.5,Surrey,JJ Roy,BT Foakes,CJ Haggett,1,0,,,,,,"",""
ball,1,7.6,Surrey,BT Foakes,JJ Roy,CJ Haggett,2,0,,,,,,"",""
ball,1,8.1,Surrey,JJ Roy,BT Foakes,DI Stevens,6,0,,,,,,"",""
ball,1,8.2,Surrey,JJ Roy,BT Foakes,DI Stevens,2,0,,,,,,"",""
ball,1,8.3,Surrey,JJ Roy,BT Foakes,DI Stevens,4,0,,,,,,"",""
ball,1,8.4,Surrey,JJ Roy,BT Foakes,DI Stevens,1,0,,,,,,"",""
ball,1,8.5,Surrey,BT Foakes,JJ Roy,DI Stevens,1,0,,,,,,"",""
ball,1,8.6,Surrey,JJ Roy,BT Foakes,DI Stevens,1,0,,,,,,"",""
ball,1,9.1,Surrey,JJ Roy,BT Foakes,Imran Qayyum,6,0,,,,,,"",""
ball,1,9.2,Surrey,JJ Roy,BT Foakes,Imran Qayyum,1,0,,,,,,"",""
ball,1,9.3,Surrey,BT Foakes,JJ Roy,Imran Qayyum,0,0,,,,,,"",""
ball,1,9.4,Surrey,BT Foakes,JJ Roy,Imran Qayyum,1,0,,,,,,"",""
ball,1,9.5,Surrey,JJ Roy,BT Foakes,Imran Qayyum,1,0,,,,,,"",""
ball,1,9.6,Surrey,BT Foakes,JJ Roy,Imran Qayyum,1,0,,,,,,"",""
ball,1,10.1,Surrey,BT Foakes,JJ Roy,ME Claydon,2,0,,,,,,"",""
ball,1,10.2,Surrey,BT Foakes,JJ Roy,ME Claydon,0,0,,,,,,caught,BT Foakes
ball,1,10.3,Surrey,OJ Pope,JJ Roy,ME Claydon,0,1,,,,1,,"",""
ball,1,10.4,Surrey,JJ Roy,OJ Pope,ME Claydon,1,0,,,,,,"",""
ball,1,10.5,Surrey,OJ Pope,JJ Roy,ME Claydon,0,1,,,,1,,"",""
ball,1,10.6,Surrey,JJ Roy,OJ Pope,ME Claydon,1,0,,,,,,"",""
ball,1,11.1,Surrey,JJ Roy,OJ Pope,CJ Haggett,1,0,,,,,,"",""
ball,1,11.2,Surrey,OJ Pope,JJ Roy,CJ Haggett,1,0,,,,,,"",""
ball,1,11.3,Surrey,JJ Roy,OJ Pope,CJ Haggett,4,0,,,,,,"",""
ball,1,11.4,Surrey,JJ Roy,OJ Pope,CJ Haggett,0,1,1,,,,,"",""
ball,1,11.5,Surrey,JJ Roy,OJ Pope,CJ Haggett,0,0,,,,,,caught,JJ Roy
ball,1,11.6,Surrey,OJ Pope,SM Curran,CJ Haggett,1,0,,,,,,"",""
ball,1,11.7,Surrey,SM Curran,OJ Pope,CJ Haggett,0,0,,,,,,"",""
ball,1,12.1,Surrey,OJ Pope,SM Curran,JDS Neesham,1,0,,,,,,"",""
ball,1,12.2,Surrey,SM Curran,OJ Pope,JDS Neesham,1,0,,,,,,"",""
ball,1,12.3,Surrey,OJ Pope,SM Curran,JDS Neesham,0,0,,,,,,"",""
ball,1,12.4,Surrey,OJ Pope,SM Curran,JDS Neesham,1,0,,,,,,"",""
ball,1,12.5,Surrey,SM Curran,OJ Pope,JDS Neesham,0,0,,,,,,"",""
ball,1,12.6,Surrey,SM Curran,OJ Pope,JDS Neesham,1,0,,,,,,"",""
ball,1,13.1,Surrey,SM Curran,OJ Pope,CJ Haggett,4,0,,,,,,"",""
ball,1,13.2,Surrey,SM Curran,OJ Pope,CJ Haggett,1,0,,,,,,"",""
ball,1,13.3,Surrey,OJ Pope,SM Curran,CJ Haggett,1,0,,,,,,"",""
ball,1,13.4,Surrey,SM Curran,OJ Pope,CJ Haggett,1,0,,,,,,"",""
ball,1,13.5,Surrey,OJ Pope,SM Curran,CJ Haggett,0,0,,,,,,"",""
ball,1,13.6,Surrey,OJ Pope,SM Curran,CJ Haggett,0,0,,,,,,"",""
ball,1,14.1,Surrey,SM Curran,OJ Pope,AF Milne,0,0,,,,,,"",""
ball,1,14.2,Surrey,SM Curran,OJ Pope,AF Milne,0,0,,,,,,"",""
ball,1,14.3,Surrey,SM Curran,OJ Pope,AF Milne,1,0,,,,,,"",""
ball,1,14.4,Surrey,OJ Pope,SM Curran,AF Milne,2,0,,,,,,"",""
ball,1,14.5,Surrey,OJ Pope,SM Curran,AF Milne,0,1,1,,,,,"",""
ball,1,14.6,Surrey,OJ Pope,SM Curran,AF Milne,1,0,,,,,,"",""
ball,1,14.7,Surrey,SM Curran,OJ Pope,AF Milne,0,0,,,,,,"",""
ball,1,15.1,Surrey,OJ Pope,SM Curran,CJ Haggett,2,0,,,,,,"",""
ball,1,15.2,Surrey,OJ Pope,SM Curran,CJ Haggett,0,0,,,,,,bowled,OJ Pope
ball,1,15.3,Surrey,R Clarke,SM Curran,CJ Haggett,1,0,,,,,,"",""
ball,1,15.4,Surrey,SM Curran,R Clarke,CJ Haggett,2,0,,,,,,"",""
ball,1,15.5,Surrey,SM Curran,R Clarke,CJ Haggett,1,0,,,,,,"",""
ball,1,15.6,Surrey,R Clarke,SM Curran,CJ Haggett,1,0,,,,,,"",""
ball,1,16.1,Surrey,R Clarke,SM Curran,ME Claydon,0,0,,,,,,"",""
ball,1,16.2,Surrey,R Clarke,SM Curran,ME Claydon,0,0,,,,,,"",""
ball,1,16.3,Surrey,R Clarke,SM Curran,ME Claydon,0,0,,,,,,"",""
ball,1,16.4,Surrey,R Clarke,SM Curran,ME Claydon,1,0,,,,,,"",""
ball,1,16.5,Surrey,SM Curran,R Clarke,ME Claydon,0,0,,,,,,"",""
ball,1,16.6,Surrey,SM Curran,R Clarke,ME Claydon,0,0,,,,,,"",""
ball,1,17.1,Surrey,R Clarke,SM Curran,JDS Neesham,0,0,,,,,,caught,R Clarke
ball,1,17.2,Surrey,SM Curran,RJ Burns,JDS Neesham,1,0,,,,,,"",""
ball,1,17.3,Surrey,RJ Burns,SM Curran,JDS Neesham,4,0,,,,,,"",""
ball,1,17.4,Surrey,RJ Burns,SM Curran,JDS Neesham,0,0,,,,,,caught,RJ Burns
ball,1,17.5,Surrey,SM Curran,SC Meaker,JDS Neesham,1,0,,,,,,"",""
ball,1,17.6,Surrey,SC Meaker,SM Curran,JDS Neesham,1,0,,,,,,"",""
ball,1,18.1,Surrey,SC Meaker,SM Curran,ME Claydon,1,0,,,,,,"",""
ball,1,18.2,Surrey,SM Curran,SC Meaker,ME Claydon,1,0,,,,,,"",""
ball,1,18.3,Surrey,SC Meaker,SM Curran,ME Claydon,1,0,,,,,,"",""
ball,1,18.4,Surrey,SM Curran,SC Meaker,ME Claydon,2,0,,,,,,"",""
ball,1,18.5,Surrey,SM Curran,SC Meaker,ME Claydon,1,0,,,,,,"",""
ball,1,18.6,Surrey,SC Meaker,SM Curran,ME Claydon,1,0,,,,,,"",""
ball,1,19.1,Surrey,SC Meaker,SM Curran,AF Milne,1,0,,,,,,"",""
ball,1,19.2,Surrey,SM Curran,SC Meaker,AF Milne,0,0,,,,,,"",""
ball,1,19.3,Surrey,SM Curran,SC Meaker,AF Milne,2,0,,,,,,"",""
ball,1,19.4,Surrey,SM Curran,SC Meaker,AF Milne,0,0,,,,,,bowled,SM Curran
ball,1,19.5,Surrey,GJ Batty,SC Meaker,AF Milne,0,1,,,1,,,"",""
ball,1,19.6,Surrey,SC Meaker,GJ Batty,AF Milne,0,0,,,,,,run out,GJ Batty
ball,2,0.1,Kent,JL Denly,DJ Bell-Drummond,JW Dernbach,0,0,,,,,,"",""
ball,2,0.2,Kent,JL Denly,DJ Bell-Drummond,JW Dernbach,0,0,,,,,,"",""
ball,2,0.3,Kent,JL Denly,DJ Bell-Drummond,JW Dernbach,0,1,1,,,,,"",""
ball,2,0.4,Kent,JL Denly,DJ Bell-Drummond,JW Dernbach,4,0,,,,,,"",""
ball,2,0.5,Kent,JL Denly,DJ Bell-Drummond,JW Dernbach,0,0,,,,,,"",""
ball,2,0.6,Kent,JL Denly,DJ Bell-Drummond,JW Dernbach,0,0,,,,,,"",""
ball,2,0.7,Kent,JL Denly,DJ Bell-Drummond,JW Dernbach,0,0,,,,,,"",""
ball,2,1.1,Kent,DJ Bell-Drummond,JL Denly,SM Curran,0,0,,,,,,"",""
ball,2,1.2,Kent,DJ Bell-Drummond,JL Denly,SM Curran,0,0,,,,,,"",""
ball,2,1.3,Kent,DJ Bell-Drummond,JL Denly,SM Curran,0,0,,,,,,"",""
ball,2,1.4,Kent,DJ Bell-Drummond,JL Denly,SM Curran,4,0,,,,,,"",""
ball,2,1.5,Kent,DJ Bell-Drummond,JL Denly,SM Curran,4,0,,,,,,"",""
ball,2,1.6,Kent,DJ Bell-Drummond,JL Denly,SM Curran,0,0,,,,,,"",""
ball,2,2.1,Kent,JL Denly,DJ Bell-Drummond,R Clarke,1,0,,,,,,"",""
ball,2,2.2,Kent,DJ Bell-Drummond,JL Denly,R Clarke,0,0,,,,,,"",""
ball,2,2.3,Kent,DJ Bell-Drummond,JL Denly,R Clarke,1,0,,,,,,"",""
ball,2,2.4,Kent,JL Denly,DJ Bell-Drummond,R Clarke,0,0,,,,,,"",""
ball,2,2.5,Kent,JL Denly,DJ Bell-Drummond,R Clarke,1,0,,,,,,"",""
ball,2,2.6,Kent,DJ Bell-Drummond,JL Denly,R Clarke,0,0,,,,,,"",""
ball,2,3.1,Kent,JL Denly,DJ Bell-Drummond,SM Curran,1,0,,,,,,"",""
ball,2,3.2,Kent,DJ Bell-Drummond,JL Denly,SM Curran,0,0,,,,,,"",""
ball,2,3.3,Kent,DJ Bell-Drummond,JL Denly,SM Curran,6,0,,,,,,"",""
ball,2,3.4,Kent,DJ Bell-Drummond,JL Denly,SM Curran,1,0,,,,,,"",""
ball,2,3.5,Kent,JL Denly,DJ Bell-Drummond,SM Curran,1,0,,,,,,"",""
ball,2,3.6,Kent,DJ Bell-Drummond,JL Denly,SM Curran,6,0,,,,,,"",""
ball,2,4.1,Kent,JL Denly,DJ Bell-Drummond,JW Dernbach,0,1,1,,,,,"",""
ball,2,4.2,Kent,JL Denly,DJ Bell-Drummond,JW Dernbach,4,0,,,,,,"",""
ball,2,4.3,Kent,JL Denly,DJ Bell-Drummond,JW Dernbach,2,0,,,,,,"",""
ball,2,4.4,Kent,JL Denly,DJ Bell-Drummond,JW Dernbach,1,0,,,,,,"",""
ball,2,4.5,Kent,DJ Bell-Drummond,JL Denly,JW Dernbach,0,0,,,,,,lbw,DJ Bell-Drummond
ball,2,4.6,Kent,SA Northeast,JL Denly,JW Dernbach,1,0,,,,,,"",""
ball,2,4.7,Kent,JL Denly,SA Northeast,JW Dernbach,4,0,,,,,,"",""
ball,2,5.1,Kent,SA Northeast,JL Denly,R Clarke,0,0,,,,,,"",""
ball,2,5.2,Kent,SA Northeast,JL Denly,R Clarke,1,0,,,,,,"",""
ball,2,5.3,Kent,JL Denly,SA Northeast,R Clarke,0,0,,,,,,"",""
ball,2,5.4,Kent,JL Denly,SA Northeast,R Clarke,4,0,,,,,,"",""
ball,2,5.5,Kent,JL Denly,SA Northeast,R Clarke,0,0,,,,,,"",""
ball,2,5.6,Kent,JL Denly,SA Northeast,R Clarke,1,0,,,,,,"",""
ball,2,6.1,Kent,JL Denly,SA Northeast,GJ Batty,1,0,,,,,,"",""
ball,2,6.2,Kent,SA Northeast,JL Denly,GJ Batty,1,0,,,,,,"",""
ball,2,6.3,Kent,JL Denly,SA Northeast,GJ Batty,0,0,,,,,,"",""
ball,2,6.4,Kent,JL Denly,SA Northeast,GJ Batty,1,0,,,,,,"",""
ball,2,6.5,Kent,SA Northeast,JL Denly,GJ Batty,0,0,,,,,,"",""
ball,2,6.6,Kent,SA Northeast,JL Denly,GJ Batty,4,0,,,,,,"",""
ball,2,7.1,Kent,JL Denly,SA Northeast,SC Meaker,1,0,,,,,,"",""
ball,2,7.2,Kent,SA Northeast,JL Denly,SC Meaker,1,0,,,,,,"",""
ball,2,7.3,Kent,JL Denly,SA Northeast,SC Meaker,4,0,,,,,,"",""
ball,2,7.4,Kent,JL Denly,SA Northeast,SC Meaker,1,0,,,,,,"",""
ball,2,7.5,Kent,SA Northeast,JL Denly,SC Meaker,4,0,,,,,,"",""
ball,2,7.6,Kent,SA Northeast,JL Denly,SC Meaker,0,0,,,,,,"",""
ball,2,8.1,Kent,JL Denly,SA Northeast,MC Henriques,1,0,,,,,,"",""
ball,2,8.2,Kent,SA Northeast,JL Denly,MC Henriques,0,0,,,,,,"",""
ball,2,8.3,Kent,SA Northeast,JL Denly,MC Henriques,0,0,,,,,,"",""
ball,2,8.4,Kent,SA Northeast,JL Denly,MC Henriques,1,0,,,,,,"",""
ball,2,8.5,Kent,JL Denly,SA Northeast,MC Henriques,1,0,,,,,,"",""
ball,2,8.6,Kent,SA Northeast,JL Denly,MC Henriques,2,0,,,,,,"",""
ball,2,9.1,Kent,JL Denly,SA Northeast,SC Meaker,0,0,,,,,,"",""
ball,2,9.2,Kent,JL Denly,SA Northeast,SC Meaker,1,0,,,,,,"",""
ball,2,9.3,Kent,SA Northeast,JL Denly,SC Meaker,0,0,,,,,,"",""
ball,2,9.4,Kent,SA Northeast,JL Denly,SC Meaker,4,0,,,,,,"",""
ball,2,9.5,Kent,SA Northeast,JL Denly,SC Meaker,0,0,,,,,,caught,SA Northeast
ball,2,9.6,Kent,SW Billings,JL Denly,SC Meaker,0,0,,,,,,"",""
ball,2,10.1,Kent,JL Denly,SW Billings,GJ Batty,1,0,,,,,,"",""
ball,2,10.2,Kent,SW Billings,JL Denly,GJ Batty,1,0,,,,,,"",""
ball,2,10.3,Kent,JL Denly,SW Billings,GJ Batty,1,0,,,,,,"",""
ball,2,10.4,Kent,SW Billings,JL Denly,GJ Batty,1,0,,,,,,"",""
ball,2,10.5,Kent,JL Denly,SW Billings,GJ Batty,1,0,,,,,,"",""
ball,2,10.6,Kent,SW Billings,JL Denly,GJ Batty,1,0,,,,,,"",""
ball,2,11.1,Kent,SW Billings,JL Denly,SC Meaker,4,0,,,,,,"",""
ball,2,11.2,Kent,SW Billings,JL Denly,SC Meaker,4,0,,,,,,"",""
ball,2,11.3,Kent,SW Billings,JL Denly,SC Meaker,2,0,,,,,,"",""
ball,2,11.4,Kent,SW Billings,JL Denly,SC Meaker,1,0,,,,,,"",""
ball,2,11.5,Kent,JL Denly,SW Billings,SC Meaker,0,0,,,,,,"",""
ball,2,11.6,Kent,JL Denly,SW Billings,SC Meaker,0,0,,,,,,"",""
ball,2,12.1,Kent,SW Billings,JL Denly,MC Henriques,0,0,,,,,,"",""
ball,2,12.2,Kent,SW Billings,JL Denly,MC Henriques,1,0,,,,,,"",""
ball,2,12.3,Kent,JL Denly,SW Billings,MC Henriques,1,0,,,,,,"",""
ball,2,12.4,Kent,SW Billings,JL Denly,MC Henriques,0,0,,,,,,bowled,SW Billings
ball,2,12.5,Kent,DI Stevens,JL Denly,MC Henriques,0,0,,,,,,"",""
ball,2,12.6,Kent,DI Stevens,JL Denly,MC Henriques,0,0,,,,,,"",""
ball,2,13.1,Kent,JL Denly,DI Stevens,R Clarke,0,0,,,,,,"",""
ball,2,13.2,Kent,JL Denly,DI Stevens,R Clarke,1,0,,,,,,"",""
ball,2,13.3,Kent,DI Stevens,JL Denly,R Clarke,1,0,,,,,,"",""
ball,2,13.4,Kent,JL Denly,DI Stevens,R Clarke,0,0,,,,,,caught,JL Denly
ball,2,13.5,Kent,JDS Neesham,DI Stevens,R Clarke,1,0,,,,,,"",""
ball,2,13.6,Kent,DI Stevens,JDS Neesham,R Clarke,0,0,,,,,,"",""
ball,2,14.1,Kent,JDS Neesham,DI Stevens,MC Henriques,0,0,,,,,,"",""
ball,2,14.2,Kent,JDS Neesham,DI Stevens,MC Henriques,0,0,,,,,,"",""
ball,2,14.3,Kent,JDS Neesham,DI Stevens,MC Henriques,2,0,,,,,,"",""
ball,2,14.4,Kent,JDS Neesham,DI Stevens,MC Henriques,1,0,,,,,,"",""
ball,2,14.5,Kent,DI Stevens,JDS Neesham,MC Henriques,4,0,,,,,,"",""
ball,2,14.6,Kent,DI Stevens,JDS Neesham,MC Henriques,2,0,,,,,,"",""
ball,2,15.1,Kent,JDS Neesham,DI Stevens,SM Curran,1,0,,,,,,"",""
ball,2,15.2,Kent,DI Stevens,JDS Neesham,SM Curran,0,1,1,,,,,"",""
ball,2,15.3,Kent,DI Stevens,JDS Neesham,SM Curran,1,0,,,,,,"",""
ball,2,15.4,Kent,JDS Neesham,DI Stevens,SM Curran,1,0,,,,,,"",""
ball,2,15.5,Kent,DI Stevens,JDS Neesham,SM Curran,0,0,,,,,,"",""
ball,2,15.6,Kent,DI Stevens,JDS Neesham,SM Curran,1,0,,,,,,"",""
ball,2,15.7,Kent,JDS Neesham,DI Stevens,SM Curran,0,0,,,,,,"",""
ball,2,16.1,Kent,DI Stevens,JDS Neesham,JW Dernbach,2,0,,,,,,"",""
ball,2,16.2,Kent,DI Stevens,JDS Neesham,JW Dernbach,1,0,,,,,,"",""
ball,2,16.3,Kent,JDS Neesham,DI Stevens,JW Dernbach,2,0,,,,,,"",""
ball,2,16.4,Kent,JDS Neesham,DI Stevens,JW Dernbach,1,2,,2,,,,"",""
ball,2,16.5,Kent,DI Stevens,JDS Neesham,JW Dernbach,0,0,,,,,,"",""
ball,2,16.6,Kent,DI Stevens,JDS Neesham,JW Dernbach,1,0,,,,,,"",""
ball,2,16.7,Kent,JDS Neesham,DI Stevens,JW Dernbach,6,0,,,,,,"",""
ball,2,17.1,Kent,DI Stevens,JDS Neesham,SM Curran,0,0,,,,,,caught,DI Stevens
ball,2,17.2,Kent,AJ Blake,JDS Neesham,SM Curran,0,0,,,,,,"",""
ball,2,17.3,Kent,AJ Blake,JDS Neesham,SM Curran,0,1,,,,1,,"",""
ball,2,17.4,Kent,JDS Neesham,AJ Blake,SM Curran,0,0,,,,,,"",""
ball,2,17.5,Kent,JDS Neesham,AJ Blake,SM Curran,1,0,,,,,,"",""
ball,2,17.6,Kent,AJ Blake,JDS Neesham,SM Curran,1,0,,,,,,"",""
ball,2,18.1,Kent,AJ Blake,JDS Neesham,JW Dernbach,6,0,,,,,,"",""
ball,2,18.2,Kent,AJ Blake,JDS Neesham,JW Dernbach,2,0,,,,,,"",""
ball,2,18.3,Kent,AJ Blake,JDS Neesham,JW Dernbach,0,0,,,,,,"",""
ball,2,18.4,Kent,AJ Blake,JDS Neesham,JW Dernbach,0,0,,,,,,"",""
ball,2,18.5,Kent,AJ Blake,JDS Neesham,JW Dernbach,0,0,,,,,,"",""
ball,2,18.6,Kent,AJ Blake,JDS Neesham,JW Dernbach,0,0,,,,,,"",""
ball,2,19.1,Kent,JDS Neesham,AJ Blake,R Clarke,1,0,,,,,,"",""
ball,2,19.2,Kent,AJ Blake,JDS Neesham,R Clarke,0,0,,,,,,caught and bowled,AJ Blake
ball,2,19.3,Kent,JDS Neesham,AF Milne,R Clarke,0,0,,,,,,caught,JDS Neesham
ball,2,19.4,Kent,AF Milne,CJ Haggett,R Clarke,2,0,,,,,,"",""
ball,2,19.5,Kent,AF Milne,CJ Haggett,R Clarke,0,0,,,,,,lbw,AF Milne
ball,2,19.6,Kent,ME Claydon,CJ Haggett,R Clarke,1,0,,,,,,"",""
