version,1.6.0
info,balls_per_over,6
info,team,Nepal
info,team,Kenya
info,gender,male
info,season,2016/17
info,date,2017/03/11
info,event,ICC World Cricket League Championship
info,match_number,35
info,venue,Tribhuvan University International Cricket Ground
info,city,Kirtipur
info,toss_winner,Kenya
info,toss_decision,field
info,umpire,VK Jha
info,umpire,Sarika Prasad
info,reserve_umpire,DN Subedi
info,match_referee,D Govindjee
info,winner,Kenya
info,winner_wickets,5
info,method,D/L
info,player,Nepal,G Malla
info,player,Nepal,S Dhamala
info,player,Nepal,Sagar Pun
info,player,Nepal,DS Airee
info,player,Nepal,S Vesawkar
info,player,Nepal,B Bhandari
info,player,Nepal,M Alam
info,player,Nepal,B Regmi
info,player,Nepal,SP Gauchan
info,player,Nepal,Sompal Kami
info,player,Nepal,S Lamichhane
info,player,Kenya,IA Karim
info,player,Kenya,AA Obanda
info,player,Kenya,DM Gondaria
info,player,Kenya,CO Obuya
info,player,Kenya,RR Patel
info,player,Kenya,K Kaul
info,player,Kenya,Gurdeep Singh
info,player,Kenya,NM Odhiambo
info,player,Kenya,NN Odhiambo
info,player,Kenya,E Otieno
info,player,Kenya,SO Ngoche
info,registry,people,AA Obanda,7081491e
info,registry,people,B Bhandari,82342b13
info,registry,people,B Regmi,98d05440
info,registry,people,CO Obuya,5680f1ad
info,registry,people,D Govindjee,8b4c4069
info,registry,people,DM Gondaria,9048c17e
info,registry,people,DN Subedi,fb0a571f
info,registry,people,DS Airee,1747ea18
info,registry,people,E Otieno,c57fa67e
info,registry,people,G Malla,b2e1d224
info,registry,people,Gurdeep Singh,31865a5b
info,registry,people,IA Karim,ca92a578
info,registry,people,K Kaul,8a369727
info,registry,people,M Alam,535ad39e
info,registry,people,NM Odhiambo,c07a1f41
info,registry,people,NN Odhiambo,753b5a2d
info,registry,people,RR Patel,7fa6bd8e
info,registry,people,S Dhamala,e95cd1f5
info,registry,people,S Lamichhane,b410bd3d
info,registry,people,S Vesawkar,3de06845
info,registry,people,SO Ngoche,49118dc7
info,registry,people,SP Gauchan,2d8aae2f
info,registry,people,Sagar Pun,3c4007d3
info,registry,people,Sarika Prasad,8ff397fa
info,registry,people,Sompal Kami,1adb8ee8
info,registry,people,VK Jha,5d46eb72
ball,1,0.1,Nepal,G Malla,S Dhamala,NN Odhiambo,0,1,,1,,,,"",""
ball,1,0.2,Nepal,G Malla,S Dhamala,NN Odhiambo,0,0,,,,,,"",""
ball,1,0.3,Nepal,G Malla,S Dhamala,NN Odhiambo,2,0,,,,,,"",""
ball,1,0.4,Nepal,G Malla,S Dhamala,NN Odhiambo,1,0,,,,,,"",""
ball,1,0.5,Nepal,S Dhamala,G Malla,NN Odhiambo,0,0,,,,,,"",""
ball,1,0.6,Nepal,S Dhamala,G Malla,NN Odhiambo,0,0,,,,,,"",""
ball,1,0.7,Nepal,S Dhamala,G Malla,NN Odhiambo,0,0,,,,,,"",""
ball,1,1.1,Nepal,G Malla,S Dhamala,E Otieno,4,0,,,,,,"",""
ball,1,1.2,Nepal,G Malla,S Dhamala,E Otieno,4,0,,,,,,"",""
ball,1,1.3,Nepal,G Malla,S Dhamala,E Otieno,0,0,,,,,,"",""
ball,1,1.4,Nepal,G Malla,S Dhamala,E Otieno,1,0,,,,,,"",""
ball,1,1.5,Nepal,S Dhamala,G Malla,E Otieno,0,0,,,,,,"",""
ball,1,1.6,Nepal,S Dhamala,G Malla,E Otieno,0,0,,,,,,"",""
ball,1,2.1,Nepal,G Malla,S Dhamala,NN Odhiambo,0,0,,,,,,"",""
ball,1,2.2,Nepal,G Malla,S Dhamala,NN Odhiambo,0,0,,,,,,"",""
ball,1,2.3,Nepal,G Malla,S Dhamala,NN Odhiambo,0,0,,,,,,"",""
ball,1,2.4,Nepal,G Malla,S Dhamala,NN Odhiambo,0,0,,,,,,"",""
ball,1,2.5,Nepal,G Malla,S Dhamala,NN Odhiambo,0,0,,,,,,"",""
ball,1,2.6,Nepal,G Malla,S Dhamala,NN Odhiambo,0,0,,,,,,"",""
ball,1,3.1,Nepal,S Dhamala,G Malla,E Otieno,0,0,,,,,,"",""
ball,1,3.2,Nepal,S Dhamala,G Malla,E Otieno,2,0,,,,,,"",""
ball,1,3.3,Nepal,S Dhamala,G Malla,E Otieno,0,0,,,,,,"",""
ball,1,3.4,Nepal,S Dhamala,G Malla,E Otieno,1,0,,,,,,"",""
ball,1,3.5,Nepal,G Malla,S Dhamala,E Otieno,0,0,,,,,,"",""
ball,1,3.6,Nepal,G Malla,S Dhamala,E Otieno,1,0,,,,,,"",""
ball,1,4.1,Nepal,G Malla,S Dhamala,NN Odhiambo,0,0,,,,,,"",""
ball,1,4.2,Nepal,G Malla,S Dhamala,NN Odhiambo,0,0,,,,,,"",""
ball,1,4.3,Nepal,G Malla,S Dhamala,NN Odhiambo,0,0,,,,,,"",""
ball,1,4.4,Nepal,G Malla,S Dhamala,NN Odhiambo,0,0,,,,,,"",""
ball,1,4.5,Nepal,G Malla,S Dhamala,NN Odhiambo,4,0,,,,,,"",""
ball,1,4.6,Nepal,G Malla,S Dhamala,NN Odhiambo,0,0,,,,,,"",""
ball,1,5.1,Nepal,S Dhamala,G Malla,E Otieno,0,0,,,,,,"",""
ball,1,5.2,Nepal,S Dhamala,G Malla,E Otieno,0,0,,,,,,caught,S Dhamala
ball,1,5.3,Nepal,G Malla,Sagar Pun,E Otieno,0,0,,,,,,"",""
ball,1,5.4,Nepal,G Malla,Sagar Pun,E Otieno,0,0,,,,,,"",""
ball,1,5.5,Nepal,G Malla,Sagar Pun,E Otieno,0,0,,,,,,"",""
ball,1,5.6,Nepal,G Malla,Sagar Pun,E Otieno,0,0,,,,,,"",""
ball,1,6.1,Nepal,Sagar Pun,G Malla,NM Odhiambo,0,0,,,,,,"",""
ball,1,6.2,Nepal,Sagar Pun,G Malla,NM Odhiambo,0,1,,,,1,,"",""
ball,1,6.3,Nepal,G Malla,Sagar Pun,NM Odhiambo,0,0,,,,,,"",""
ball,1,6.4,Nepal,G Malla,Sagar Pun,NM Odhiambo,0,0,,,,,,"",""
ball,1,6.5,Nepal,G Malla,Sagar Pun,NM Odhiambo,0,0,,,,,,"",""
ball,1,6.6,Nepal,G Malla,Sagar Pun,NM Odhiambo,0,0,,,,,,"",""
ball,1,7.1,Nepal,Sagar Pun,G Malla,E Otieno,0,0,,,,,,"",""
ball,1,7.2,Nepal,Sagar Pun,G Malla,E Otieno,0,0,,,,,,"",""
ball,1,7.3,Nepal,Sagar Pun,G Malla,E Otieno,0,0,,,,,,"",""
ball,1,7.4,Nepal,Sagar Pun,G Malla,E Otieno,0,0,,,,,,"",""
ball,1,7.5,Nepal,Sagar Pun,G Malla,E Otieno,0,0,,,,,,"",""
ball,1,7.6,Nepal,Sagar Pun,G Malla,E Otieno,0,0,,,,,,"",""
ball,1,8.1,Nepal,G Malla,Sagar Pun,NM Odhiambo,1,0,,,,,,"",""
ball,1,8.2,Nepal,Sagar Pun,G Malla,NM Odhiambo,0,1,,,,1,,"",""
ball,1,8.3,Nepal,G Malla,Sagar Pun,NM Odhiambo,1,0,,,,,,"",""
ball,1,8.4,Nepal,Sagar Pun,G Malla,NM Odhiambo,0,0,,,,,,"",""
ball,1,8.5,Nepal,Sagar Pun,G Malla,NM Odhiambo,4,0,,,,,,"",""
ball,1,8.6,Nepal,Sagar Pun,G Malla,NM Odhiambo,0,0,,,,,,"",""
ball,1,9.1,Nepal,G Malla,Sagar Pun,NN Odhiambo,4,0,,,,,,"",""
ball,1,9.2,Nepal,G Malla,Sagar Pun,NN Odhiambo,4,0,,,,,,"",""
ball,1,9.3,Nepal,G Malla,Sagar Pun,NN Odhiambo,0,0,,,,,,bowled,G Malla
ball,1,9.4,Nepal,DS Airee,Sagar Pun,NN Odhiambo,0,0,,,,,,"",""
ball,1,9.5,Nepal,DS Airee,Sagar Pun,NN Odhiambo,0,0,,,,,,"",""
ball,1,9.6,Nepal,DS Airee,Sagar Pun,NN Odhiambo,0,0,,,,,,"",""
ball,1,10.1,Nepal,Sagar Pun,DS Airee,NM Odhiambo,1,0,,,,,,"",""
ball,1,10.2,Nepal,DS Airee,Sagar Pun,NM Odhiambo,1,0,,,,,,"",""
ball,1,10.3,Nepal,Sagar Pun,DS Airee,NM Odhiambo,4,0,,,,,,"",""
ball,1,10.4,Nepal,Sagar Pun,DS Airee,NM Odhiambo,0,0,,,,,,"",""
ball,1,10.5,Nepal,Sagar Pun,DS Airee,NM Odhiambo,0,0,,,,,,"",""
ball,1,10.6,Nepal,Sagar Pun,DS Airee,NM Odhiambo,0,0,,,,,,"",""
ball,1,11.1,Nepal,DS Airee,Sagar Pun,NN Odhiambo,0,0,,,,,,"",""
ball,1,11.2,Nepal,DS Airee,Sagar Pun,NN Odhiambo,0,0,,,,,,"",""
ball,1,11.3,Nepal,DS Airee,Sagar Pun,NN Odhiambo,0,0,,,,,,"",""
ball,1,11.4,Nepal,DS Airee,Sagar Pun,NN Odhiambo,1,0,,,,,,"",""
ball,1,11.5,Nepal,Sagar Pun,DS Airee,NN Odhiambo,1,0,,,,,,"",""
ball,1,11.6,Nepal,DS Airee,Sagar Pun,NN Odhiambo,0,0,,,,,,"",""
ball,1,12.1,Nepal,Sagar Pun,DS Airee,NM Odhiambo,0,0,,,,,,"",""
ball,1,12.2,Nepal,Sagar Pun,DS Airee,NM Odhiambo,0,0,,,,,,"",""
ball,1,12.3,Nepal,Sagar Pun,DS Airee,NM Odhiambo,0,0,,,,,,"",""
ball,1,12.4,Nepal,Sagar Pun,DS Airee,NM Odhiambo,0,0,,,,,,"",""
ball,1,12.5,Nepal,Sagar Pun,DS Airee,NM Odhiambo,0,0,,,,,,caught,Sagar Pun
ball,1,12.6,Nepal,S Vesawkar,DS Airee,NM Odhiambo,0,0,,,,,,"",""
ball,1,13.1,Nepal,DS Airee,S Vesawkar,DM Gondaria,0,0,,,,,,"",""
ball,1,13.2,Nepal,DS Airee,S Vesawkar,DM Gondaria,1,0,,,,,,"",""
ball,1,13.3,Nepal,S Vesawkar,DS Airee,DM Gondaria,1,0,,,,,,"",""
ball,1,13.4,Nepal,DS Airee,S Vesawkar,DM Gondaria,0,0,,,,,,"",""
ball,1,13.5,Nepal,DS Airee,S Vesawkar,DM Gondaria,0,0,,,,,,"",""
ball,1,13.6,Nepal,DS Airee,S Vesawkar,DM Gondaria,1,0,,,,,,"",""
ball,1,14.1,Nepal,DS Airee,S Vesawkar,E Otieno,0,0,,,,,,"",""
ball,1,14.2,Nepal,DS Airee,S Vesawkar,E Otieno,0,0,,,,,,"",""
ball,1,14.3,Nepal,DS Airee,S Vesawkar,E Otieno,1,0,,,,,,"",""
ball,1,14.4,Nepal,S Vesawkar,DS Airee,E Otieno,1,0,,,,,,"",""
ball,1,14.5,Nepal,DS Airee,S Vesawkar,E Otieno,0,0,,,,,,"",""
ball,1,14.6,Nepal,DS Airee,S Vesawkar,E Otieno,0,0,,,,,,"",""
ball,1,15.1,Nepal,S Vesawkar,DS Airee,DM Gondaria,1,0,,,,,,"",""
ball,1,15.2,Nepal,DS Airee,S Vesawkar,DM Gondaria,1,0,,,,,,"",""
ball,1,15.3,Nepal,S Vesawkar,DS Airee,DM Gondaria,0,0,,,,,,"",""
ball,1,15.4,Nepal,S Vesawkar,DS Airee,DM Gondaria,0,0,,,,,,"",""
ball,1,15.5,Nepal,S Vesawkar,DS Airee,DM Gondaria,0,0,,,,,,"",""
ball,1,15.6,Nepal,S Vesawkar,DS Airee,DM Gondaria,0,0,,,,,,"",""
ball,1,16.1,Nepal,DS Airee,S Vesawkar,E Otieno,0,0,,,,,,"",""
ball,1,16.2,Nepal,DS Airee,S Vesawkar,E Otieno,0,0,,,,,,"",""
ball,1,16.3,Nepal,DS Airee,S Vesawkar,E Otieno,0,0,,,,,,"",""
ball,1,16.4,Nepal,DS Airee,S Vesawkar,E Otieno,0,1,,,,1,,"",""
ball,1,16.5,Nepal,S Vesawkar,DS Airee,E Otieno,0,0,,,,,,"",""
ball,1,16.6,Nepal,S Vesawkar,DS Airee,E Otieno,0,0,,,,,,"",""
ball,1,17.1,Nepal,DS Airee,S Vesawkar,DM Gondaria,0,0,,,,,,"",""
ball,1,17.2,Nepal,DS Airee,S Vesawkar,DM Gondaria,0,0,,,,,,"",""
ball,1,17.3,Nepal,DS Airee,S Vesawkar,DM Gondaria,1,0,,,,,,"",""
ball,1,17.4,Nepal,S Vesawkar,DS Airee,DM Gondaria,0,0,,,,,,"",""
ball,1,17.5,Nepal,S Vesawkar,DS Airee,DM Gondaria,0,0,,,,,,"",""
ball,1,17.6,Nepal,S Vesawkar,DS Airee,DM Gondaria,0,0,,,,,,"",""
ball,1,18.1,Nepal,DS Airee,S Vesawkar,NM Odhiambo,1,0,,,,,,"",""
ball,1,18.2,Nepal,S Vesawkar,DS Airee,NM Odhiambo,0,0,,,,,,"",""
ball,1,18.3,Nepal,S Vesawkar,DS Airee,NM Odhiambo,0,0,,,,,,"",""
ball,1,18.4,Nepal,S Vesawkar,DS Airee,NM Odhiambo,0,0,,,,,,"",""
ball,1,18.5,Nepal,S Vesawkar,DS Airee,NM Odhiambo,0,0,,,,,,caught,S Vesawkar
ball,1,18.6,Nepal,DS Airee,B Bhandari,NM Odhiambo,1,0,,,,,,"",""
ball,1,19.1,Nepal,DS Airee,B Bhandari,DM Gondaria,0,0,,,,,,"",""
ball,1,19.2,Nepal,DS Airee,B Bhandari,DM Gondaria,0,0,,,,,,"",""
ball,1,19.3,Nepal,DS Airee,B Bhandari,DM Gondaria,0,0,,,,,,"",""
ball,1,19.4,Nepal,DS Airee,B Bhandari,DM Gondaria,0,0,,,,,,"",""
ball,1,19.5,Nepal,DS Airee,B Bhandari,DM Gondaria,0,0,,,,,,"",""
ball,1,19.6,Nepal,DS Airee,B Bhandari,DM Gondaria,1,0,,,,,,"",""
ball,1,20.1,Nepal,DS Airee,B Bhandari,NM Odhiambo,0,0,,,,,,"",""
ball,1,20.2,Nepal,DS Airee,B Bhandari,NM Odhiambo,0,0,,,,,,"",""
ball,1,20.3,Nepal,DS Airee,B Bhandari,NM Odhiambo,1,0,,,,,,"",""
ball,1,20.4,Nepal,B Bhandari,DS Airee,NM Odhiambo,1,0,,,,,,"",""
ball,1,20.5,Nepal,DS Airee,B Bhandari,NM Odhiambo,1,0,,,,,,"",""
ball,1,20.6,Nepal,B Bhandari,DS Airee,NM Odhiambo,0,0,,,,,,"",""
ball,1,21.1,Nepal,DS Airee,B Bhandari,DM Gondaria,1,0,,,,,,"",""
ball,1,21.2,Nepal,B Bhandari,DS Airee,DM Gondaria,1,0,,,,,,"",""
ball,1,21.3,Nepal,DS Airee,B Bhandari,DM Gondaria,1,0,,,,,,"",""
ball,1,21.4,Nepal,B Bhandari,DS Airee,DM Gondaria,0,0,,,,,,"",""
ball,1,21.5,Nepal,B Bhandari,DS Airee,DM Gondaria,0,0,,,,,,"",""
ball,1,21.6,Nepal,B Bhandari,DS Airee,DM Gondaria,2,0,,,,,,"",""
ball,1,22.1,Nepal,DS Airee,B Bhandari,SO Ngoche,0,0,,,,,,"",""
ball,1,22.2,Nepal,DS Airee,B Bhandari,SO Ngoche,0,0,,,,,,"",""
ball,1,22.3,Nepal,DS Airee,B Bhandari,SO Ngoche,0,0,,,,,,"",""
ball,1,22.4,Nepal,DS Airee,B Bhandari,SO Ngoche,1,0,,,,,,"",""
ball,1,22.5,Nepal,B Bhandari,DS Airee,SO Ngoche,0,0,,,,,,"",""
ball,1,22.6,Nepal,B Bhandari,DS Airee,SO Ngoche,0,0,,,,,,bowled,B Bhandari
ball,1,23.1,Nepal,DS Airee,M Alam,RR Patel,2,0,,,,,,"",""
ball,1,23.2,Nepal,DS Airee,M Alam,RR Patel,1,0,,,,,,"",""
ball,1,23.3,Nepal,M Alam,DS Airee,RR Patel,0,0,,,,,,"",""
ball,1,23.4,Nepal,M Alam,DS Airee,RR Patel,0,0,,,,,,"",""
ball,1,23.5,Nepal,M Alam,DS Airee,RR Patel,0,0,,,,,,"",""
ball,1,23.6,Nepal,M Alam,DS Airee,RR Patel,0,0,,,,,,"",""
ball,1,24.1,Nepal,DS Airee,M Alam,SO Ngoche,0,0,,,,,,"",""
ball,1,24.2,Nepal,DS Airee,M Alam,SO Ngoche,0,0,,,,,,"",""
ball,1,24.3,Nepal,DS Airee,M Alam,SO Ngoche,0,0,,,,,,"",""
ball,1,24.4,Nepal,DS Airee,M Alam,SO Ngoche,0,0,,,,,,"",""
ball,1,24.5,Nepal,DS Airee,M Alam,SO Ngoche,0,0,,,,,,"",""
ball,1,24.6,Nepal,DS Airee,M Alam,SO Ngoche,0,0,,,,,,"",""
ball,1,25.1,Nepal,M Alam,DS Airee,RR Patel,2,0,,,,,,"",""
ball,1,25.2,Nepal,M Alam,DS Airee,RR Patel,0,0,,,,,,"",""
ball,1,25.3,Nepal,M Alam,DS Airee,RR Patel,0,0,,,,,,caught,M Alam
ball,1,25.4,Nepal,B Regmi,DS Airee,RR Patel,0,0,,,,,,"",""
ball,1,25.5,Nepal,B Regmi,DS Airee,RR Patel,0,0,,,,,,"",""
ball,1,25.6,Nepal,B Regmi,DS Airee,RR Patel,0,0,,,,,,"",""
ball,1,26.1,Nepal,DS Airee,B Regmi,SO Ngoche,1,0,,,,,,"",""
ball,1,26.2,Nepal,B Regmi,DS Airee,SO Ngoche,0,0,,,,,,"",""
ball,1,26.3,Nepal,B Regmi,DS Airee,SO Ngoche,0,0,,,,,,"",""
ball,1,26.4,Nepal,B Regmi,DS Airee,SO Ngoche,1,0,,,,,,"",""
ball,1,26.5,Nepal,DS Airee,B Regmi,SO Ngoche,0,0,,,,,,"",""
ball,1,26.6,Nepal,DS Airee,B Regmi,SO Ngoche,0,0,,,,,,caught,DS Airee
ball,1,27.1,Nepal,B Regmi,SP Gauchan,RR Patel,0,0,,,,,,"",""
ball,1,27.2,Nepal,B Regmi,SP Gauchan,RR Patel,0,0,,,,,,"",""
ball,1,27.3,Nepal,B Regmi,SP Gauchan,RR Patel,1,0,,,,,,"",""
ball,1,27.4,Nepal,SP Gauchan,B Regmi,RR Patel,0,0,,,,,,"",""
ball,1,27.5,Nepal,SP Gauchan,B Regmi,RR Patel,1,0,,,,,,"",""
ball,1,27.6,Nepal,B Regmi,SP Gauchan,RR Patel,0,0,,,,,,"",""
ball,1,28.1,Nepal,SP Gauchan,B Regmi,SO Ngoche,0,0,,,,,,"",""
ball,1,28.2,Nepal,SP Gauchan,B Regmi,SO Ngoche,1,0,,,,,,"",""
ball,1,28.3,Nepal,B Regmi,SP Gauchan,SO Ngoche,0,0,,,,,,"",""
ball,1,28.4,Nepal,B Regmi,SP Gauchan,SO Ngoche,1,0,,,,,,"",""
ball,1,28.5,Nepal,SP Gauchan,B Regmi,SO Ngoche,0,0,,,,,,"",""
ball,1,28.6,Nepal,SP Gauchan,B Regmi,SO Ngoche,0,0,,,,,,"",""
ball,1,29.1,Nepal,B Regmi,SP Gauchan,RR Patel,2,0,,,,,,"",""
ball,1,29.2,Nepal,B Regmi,SP Gauchan,RR Patel,0,0,,,,,,"",""
ball,1,29.3,Nepal,B Regmi,SP Gauchan,RR Patel,0,0,,,,,,"",""
ball,1,29.4,Nepal,B Regmi,SP Gauchan,RR Patel,1,0,,,,,,"",""
ball,1,29.5,Nepal,SP Gauchan,B Regmi,RR Patel,1,0,,,,,,"",""
ball,1,29.6,Nepal,B Regmi,SP Gauchan,RR Patel,0,0,,,,,,"",""
ball,1,30.1,Nepal,SP Gauchan,B Regmi,SO Ngoche,0,0,,,,,,"",""
ball,1,30.2,Nepal,SP Gauchan,B Regmi,SO Ngoche,1,0,,,,,,"",""
ball,1,30.3,Nepal,B Regmi,SP Gauchan,SO Ngoche,0,0,,,,,,"",""
ball,1,30.4,Nepal,B Regmi,SP Gauchan,SO Ngoche,0,0,,,,,,caught,B Regmi
ball,1,30.5,Nepal,Sompal Kami,SP Gauchan,SO Ngoche,0,0,,,,,,"",""
ball,1,30.6,Nepal,Sompal Kami,SP Gauchan,SO Ngoche,0,0,,,,,,"",""
ball,1,31.1,Nepal,SP Gauchan,Sompal Kami,RR Patel,0,0,,,,,,"",""
ball,1,31.2,Nepal,SP Gauchan,Sompal Kami,RR Patel,1,0,,,,,,"",""
ball,1,31.3,Nepal,Sompal Kami,SP Gauchan,RR Patel,0,0,,,,,,"",""
ball,1,31.4,Nepal,Sompal Kami,SP Gauchan,RR Patel,4,0,,,,,,"",""
ball,1,31.5,Nepal,Sompal Kami,SP Gauchan,RR Patel,0,0,,,,,,"",""
ball,1,31.6,Nepal,Sompal Kami,SP Gauchan,RR Patel,0,0,,,,,,"",""
ball,1,32.1,Nepal,SP Gauchan,Sompal Kami,SO Ngoche,4,0,,,,,,"",""
ball,1,32.2,Nepal,SP Gauchan,Sompal Kami,SO Ngoche,1,0,,,,,,"",""
ball,1,32.3,Nepal,Sompal Kami,SP Gauchan,SO Ngoche,1,0,,,,,,"",""
ball,1,32.4,Nepal,SP Gauchan,Sompal Kami,SO Ngoche,1,0,,,,,,"",""
ball,1,32.5,Nepal,Sompal Kami,SP Gauchan,SO Ngoche,1,0,,,,,,"",""
ball,1,32.6,Nepal,SP Gauchan,Sompal Kami,SO Ngoche,4,0,,,,,,"",""
ball,1,33.1,Nepal,Sompal Kami,SP Gauchan,NN Odhiambo,0,0,,,,,,"",""
ball,1,33.2,Nepal,Sompal Kami,SP Gauchan,NN Odhiambo,0,0,,,,,,"",""
ball,1,33.3,Nepal,Sompal Kami,SP Gauchan,NN Odhiambo,1,0,,,,,,"",""
ball,1,33.4,Nepal,SP Gauchan,Sompal Kami,NN Odhiambo,0,0,,,,,,"",""
ball,1,33.5,Nepal,SP Gauchan,Sompal Kami,NN Odhiambo,1,0,,,,,,"",""
ball,1,33.6,Nepal,Sompal Kami,SP Gauchan,NN Odhiambo,1,0,,,,,,"",""
ball,1,34.1,Nepal,Sompal Kami,SP Gauchan,E Otieno,1,0,,,,,,"",""
ball,1,34.2,Nepal,SP Gauchan,Sompal Kami,E Otieno,0,0,,,,,,"",""
ball,1,34.3,Nepal,SP Gauchan,Sompal Kami,E Otieno,0,0,,,,,,"",""
ball,1,34.4,Nepal,SP Gauchan,Sompal Kami,E Otieno,0,0,,,,,,"",""
ball,1,34.5,Nepal,SP Gauchan,Sompal Kami,E Otieno,0,0,,,,,,"",""
ball,1,34.6,Nepal,SP Gauchan,Sompal Kami,E Otieno,0,0,,,,,,"",""
ball,1,35.1,Nepal,Sompal Kami,SP Gauchan,NN Odhiambo,1,0,,,,,,"",""
ball,1,35.2,Nepal,SP Gauchan,Sompal Kami,NN Odhiambo,1,0,,,,,,"",""
ball,1,35.3,Nepal,Sompal Kami,SP Gauchan,NN Odhiambo,4,0,,,,,,"",""
ball,1,35.4,Nepal,Sompal Kami,SP Gauchan,NN Odhiambo,0,1,,,,1,,"",""
ball,1,35.5,Nepal,SP Gauchan,Sompal Kami,NN Odhiambo,1,0,,,,,,"",""
ball,1,35.6,Nepal,Sompal Kami,SP Gauchan,NN Odhiambo,1,0,,,,,,"",""
ball,2,0.1,Kenya,IA Karim,AA Obanda,Sompal Kami,0,0,,,,,,"",""
ball,2,0.2,Kenya,IA Karim,AA Obanda,Sompal Kami,0,0,,,,,,"",""
ball,2,0.3,Kenya,IA Karim,AA Obanda,Sompal Kami,0,1,,,,1,,"",""
ball,2,0.4,Kenya,AA Obanda,IA Karim,Sompal Kami,1,0,,,,,,"",""
ball,2,0.5,Kenya,IA Karim,AA Obanda,Sompal Kami,0,1,,1,,,,"",""
ball,2,0.6,Kenya,IA Karim,AA Obanda,Sompal Kami,0,1,1,,,,,"",""
ball,2,0.7,Kenya,IA Karim,AA Obanda,Sompal Kami,4,0,,,,,,"",""
ball,2,0.8,Kenya,IA Karim,AA Obanda,Sompal Kami,0,0,,,,,,"",""
ball,2,1.1,Kenya,AA Obanda,IA Karim,B Regmi,0,0,,,,,,"",""
ball,2,1.2,Kenya,AA Obanda,IA Karim,B Regmi,0,0,,,,,,caught,AA Obanda
ball,2,1.3,Kenya,DM Gondaria,IA Karim,B Regmi,0,0,,,,,,"",""
ball,2,1.4,Kenya,DM Gondaria,IA Karim,B Regmi,0,0,,,,,,"",""
ball,2,1.5,Kenya,DM Gondaria,IA Karim,B Regmi,0,0,,,,,,"",""
ball,2,1.6,Kenya,DM Gondaria,IA Karim,B Regmi,0,0,,,,,,"",""
ball,2,2.1,Kenya,IA Karim,DM Gondaria,Sagar Pun,0,0,,,,,,"",""
ball,2,2.2,Kenya,IA Karim,DM Gondaria,Sagar Pun,0,0,,,,,,"",""
ball,2,2.3,Kenya,IA Karim,DM Gondaria,Sagar Pun,0,0,,,,,,"",""
ball,2,2.4,Kenya,IA Karim,DM Gondaria,Sagar Pun,2,0,,,,,,"",""
ball,2,2.5,Kenya,IA Karim,DM Gondaria,Sagar Pun,0,0,,,,,,"",""
ball,2,2.6,Kenya,IA Karim,DM Gondaria,Sagar Pun,0,0,,,,,,"",""
ball,2,3.1,Kenya,DM Gondaria,IA Karim,B Regmi,0,0,,,,,,"",""
ball,2,3.2,Kenya,DM Gondaria,IA Karim,B Regmi,0,0,,,,,,"",""
ball,2,3.3,Kenya,DM Gondaria,IA Karim,B Regmi,0,0,,,,,,"",""
ball,2,3.4,Kenya,DM Gondaria,IA Karim,B Regmi,0,0,,,,,,"",""
ball,2,3.5,Kenya,DM Gondaria,IA Karim,B Regmi,6,0,,,,,,"",""
ball,2,3.6,Kenya,DM Gondaria,IA Karim,B Regmi,0,0,,,,,,"",""
ball,2,4.1,Kenya,IA Karim,DM Gondaria,Sagar Pun,0,0,,,,,,"",""
ball,2,4.2,Kenya,IA Karim,DM Gondaria,Sagar Pun,0,0,,,,,,"",""
ball,2,4.3,Kenya,IA Karim,DM Gondaria,Sagar Pun,0,0,,,,,,"",""
ball,2,4.4,Kenya,IA Karim,DM Gondaria,Sagar Pun,0,0,,,,,,"",""
ball,2,4.5,Kenya,IA Karim,DM Gondaria,Sagar Pun,0,0,,,,,,"",""
ball,2,4.6,Kenya,IA Karim,DM Gondaria,Sagar Pun,0,0,,,,,,"",""
ball,2,5.1,Kenya,DM Gondaria,IA Karim,Sompal Kami,0,0,,,,,,"",""
ball,2,5.2,Kenya,DM Gondaria,IA Karim,Sompal Kami,0,1,,1,,,,"",""
ball,2,5.3,Kenya,DM Gondaria,IA Karim,Sompal Kami,0,1,1,,,,,"",""
ball,2,5.4,Kenya,DM Gondaria,IA Karim,Sompal Kami,1,0,,,,,,"",""
ball,2,5.5,Kenya,IA Karim,DM Gondaria,Sompal Kami,1,0,,,,,,"",""
ball,2,5.6,Kenya,DM Gondaria,IA Karim,Sompal Kami,0,0,,,,,,"",""
ball,2,5.7,Kenya,DM Gondaria,IA Karim,Sompal Kami,0,0,,,,,,"",""
ball,2,5.8,Kenya,DM Gondaria,IA Karim,Sompal Kami,0,0,,,,,,"",""
ball,2,6.1,Kenya,IA Karim,DM Gondaria,Sagar Pun,1,0,,,,,,"",""
ball,2,6.2,Kenya,DM Gondaria,IA Karim,Sagar Pun,0,0,,,,,,caught,DM Gondaria
ball,2,6.3,Kenya,IA Karim,CO Obuya,Sagar Pun,0,0,,,,,,lbw,IA Karim
ball,2,6.4,Kenya,RR Patel,CO Obuya,Sagar Pun,1,0,,,,,,"",""
ball,2,6.5,Kenya,CO Obuya,RR Patel,Sagar Pun,0,0,,,,,,"",""
ball,2,6.6,Kenya,CO Obuya,RR Patel,Sagar Pun,0,0,,,,,,"",""
ball,2,7.1,Kenya,RR Patel,CO Obuya,B Regmi,4,0,,,,,,"",""
ball,2,7.2,Kenya,RR Patel,CO Obuya,B Regmi,0,0,,,,,,"",""
ball,2,7.3,Kenya,RR Patel,CO Obuya,B Regmi,1,0,,,,,,"",""
ball,2,7.4,Kenya,CO Obuya,RR Patel,B Regmi,0,0,,,,,,"",""
ball,2,7.5,Kenya,CO Obuya,RR Patel,B Regmi,1,0,,,,,,"",""
ball,2,7.6,Kenya,RR Patel,CO Obuya,B Regmi,0,0,,,,,,"",""
ball,2,8.1,Kenya,CO Obuya,RR Patel,Sagar Pun,2,0,,,,,,"",""
ball,2,8.2,Kenya,CO Obuya,RR Patel,Sagar Pun,0,0,,,,,,"",""
ball,2,8.3,Kenya,CO Obuya,RR Patel,Sagar Pun,0,0,,,,,,"",""
ball,2,8.4,Kenya,CO Obuya,RR Patel,Sagar Pun,0,0,,,,,,"",""
ball,2,8.5,Kenya,CO Obuya,RR Patel,Sagar Pun,1,0,,,,,,"",""
ball,2,8.6,Kenya,RR Patel,CO Obuya,Sagar Pun,1,0,,,,,,"",""
ball,2,9.1,Kenya,RR Patel,CO Obuya,S Lamichhane,0,0,,,,,,"",""
ball,2,9.2,Kenya,RR Patel,CO Obuya,S Lamichhane,0,1,1,,,,,"",""
ball,2,9.3,Kenya,RR Patel,CO Obuya,S Lamichhane,1,0,,,,,,"",""
ball,2,9.4,Kenya,CO Obuya,RR Patel,S Lamichhane,4,0,,,,,,"",""
ball,2,9.5,Kenya,CO Obuya,RR Patel,S Lamichhane,0,0,,,,,,"",""
ball,2,9.6,Kenya,CO Obuya,RR Patel,S Lamichhane,0,0,,,,,,"",""
ball,2,9.7,Kenya,CO Obuya,RR Patel,S Lamichhane,0,0,,,,,,"",""
ball,2,10.1,Kenya,RR Patel,CO Obuya,SP Gauchan,1,0,,,,,,"",""
ball,2,10.2,Kenya,CO Obuya,RR Patel,SP Gauchan,2,0,,,,,,"",""
ball,2,10.3,Kenya,CO Obuya,RR Patel,SP Gauchan,1,0,,,,,,"",""
ball,2,10.4,Kenya,RR Patel,CO Obuya,SP Gauchan,0,0,,,,,,"",""
ball,2,10.5,Kenya,RR Patel,CO Obuya,SP Gauchan,0,0,,,,,,"",""
ball,2,10.6,Kenya,RR Patel,CO Obuya,SP Gauchan,0,0,,,,,,"",""
ball,2,11.1,Kenya,CO Obuya,RR Patel,S Lamichhane,0,0,,,,,,"",""
ball,2,11.2,Kenya,CO Obuya,RR Patel,S Lamichhane,0,0,,,,,,"",""
ball,2,11.3,Kenya,CO Obuya,RR Patel,S Lamichhane,1,0,,,,,,"",""
ball,2,11.4,Kenya,RR Patel,CO Obuya,S Lamichhane,0,0,,,,,,"",""
ball,2,11.5,Kenya,RR Patel,CO Obuya,S Lamichhane,0,0,,,,,,"",""
ball,2,11.6,Kenya,RR Patel,CO Obuya,S Lamichhane,1,0,,,,,,"",""
ball,2,12.1,Kenya,RR Patel,CO Obuya,Sompal Kami,1,0,,,,,,"",""
ball,2,12.2,Kenya,CO Obuya,RR Patel,Sompal Kami,0,0,,,,,,"",""
ball,2,12.3,Kenya,CO Obuya,RR Patel,Sompal Kami,1,0,,,,,,"",""
ball,2,12.4,Kenya,RR Patel,CO Obuya,Sompal Kami,0,0,,,,,,"",""
ball,2,12.5,Kenya,RR Patel,CO Obuya,Sompal Kami,0,0,,,,,,"",""
ball,2,12.6,Kenya,RR Patel,CO Obuya,Sompal Kami,2,0,,,,,,"",""
ball,2,13.1,Kenya,CO Obuya,RR Patel,B Regmi,1,0,,,,,,"",""
ball,2,13.2,Kenya,RR Patel,CO Obuya,B Regmi,0,0,,,,,,"",""
ball,2,13.3,Kenya,RR Patel,CO Obuya,B Regmi,0,0,,,,,,"",""
ball,2,13.4,Kenya,RR Patel,CO Obuya,B Regmi,1,0,,,,,,"",""
ball,2,13.5,Kenya,CO Obuya,RR Patel,B Regmi,4,0,,,,,,"",""
ball,2,13.6,Kenya,CO Obuya,RR Patel,B Regmi,0,0,,,,,,"",""
ball,2,14.1,Kenya,RR Patel,CO Obuya,Sompal Kami,0,0,,,,,,"",""
ball,2,14.2,Kenya,RR Patel,CO Obuya,Sompal Kami,0,0,,,,,,"",""
ball,2,14.3,Kenya,RR Patel,CO Obuya,Sompal Kami,1,0,,,,,,"",""
ball,2,14.4,Kenya,CO Obuya,RR Patel,Sompal Kami,0,0,,,,,,"",""
ball,2,14.5,Kenya,CO Obuya,RR Patel,Sompal Kami,0,0,,,,,,"",""
ball,2,14.6,Kenya,CO Obuya,RR Patel,Sompal Kami,0,1,,1,,,,"",""
ball,2,14.7,Kenya,CO Obuya,RR Patel,Sompal Kami,0,1,1,,,,,"",""
ball,2,14.8,Kenya,CO Obuya,RR Patel,Sompal Kami,4,0,,,,,,"",""
ball,2,15.1,Kenya,RR Patel,CO Obuya,SP Gauchan,0,0,,,,,,"",""
ball,2,15.2,Kenya,RR Patel,CO Obuya,SP Gauchan,0,0,,,,,,"",""
ball,2,15.3,Kenya,RR Patel,CO Obuya,SP Gauchan,0,0,,,,,,"",""
ball,2,15.4,Kenya,RR Patel,CO Obuya,SP Gauchan,0,0,,,,,,"",""
ball,2,15.5,Kenya,RR Patel,CO Obuya,SP Gauchan,1,0,,,,,,"",""
ball,2,15.6,Kenya,CO Obuya,RR Patel,SP Gauchan,0,0,,,,,,"",""
ball,2,16.1,Kenya,RR Patel,CO Obuya,S Lamichhane,1,0,,,,,,"",""
ball,2,16.2,Kenya,CO Obuya,RR Patel,S Lamichhane,2,0,,,,,,"",""
ball,2,16.3,Kenya,CO Obuya,RR Patel,S Lamichhane,0,0,,,,,,"",""
ball,2,16.4,Kenya,CO Obuya,RR Patel,S Lamichhane,0,0,,,,,,"",""
ball,2,16.5,Kenya,CO Obuya,RR Patel,S Lamichhane,0,0,,,,,,lbw,CO Obuya
ball,2,16.6,Kenya,K Kaul,RR Patel,S Lamichhane,4,0,,,,,,"",""
ball,2,17.1,Kenya,RR Patel,K Kaul,SP Gauchan,0,0,,,,,,"",""
ball,2,17.2,Kenya,RR Patel,K Kaul,SP Gauchan,0,0,,,,,,"",""
ball,2,17.3,Kenya,RR Patel,K Kaul,SP Gauchan,0,0,,,,,,"",""
ball,2,17.4,Kenya,RR Patel,K Kaul,SP Gauchan,0,0,,,,,,"",""
ball,2,17.5,Kenya,RR Patel,K Kaul,SP Gauchan,0,0,,,,,,"",""
ball,2,17.6,Kenya,RR Patel,K Kaul,SP Gauchan,1,0,,,,,,"",""
ball,2,18.1,Kenya,RR Patel,K Kaul,S Lamichhane,0,0,,,,,,"",""
ball,2,18.2,Kenya,RR Patel,K Kaul,S Lamichhane,1,0,,,,,,"",""
ball,2,18.3,Kenya,K Kaul,RR Patel,S Lamichhane,0,0,,,,,,"",""
ball,2,18.4,Kenya,K Kaul,RR Patel,S Lamichhane,0,0,,,,,,"",""
ball,2,18.5,Kenya,K Kaul,RR Patel,S Lamichhane,0,0,,,,,,lbw,K Kaul
ball,2,18.6,Kenya,Gurdeep Singh,RR Patel,S Lamichhane,0,0,,,,,,"",""
ball,2,19.1,Kenya,RR Patel,Gurdeep Singh,SP Gauchan,0,0,,,,,,"",""
ball,2,19.2,Kenya,RR Patel,Gurdeep Singh,SP Gauchan,0,0,,,,,,"",""
ball,2,19.3,Kenya,RR Patel,Gurdeep Singh,SP Gauchan,0,0,,,,,,"",""
ball,2,19.4,Kenya,RR Patel,Gurdeep Singh,SP Gauchan,1,0,,,,,,"",""
ball,2,19.5,Kenya,Gurdeep Singh,RR Patel,SP Gauchan,2,0,,,,,,"",""
ball,2,19.6,Kenya,Gurdeep Singh,RR Patel,SP Gauchan,0,0,,,,,,"",""
ball,2,20.1,Kenya,RR Patel,Gurdeep Singh,S Lamichhane,0,0,,,,,,"",""
ball,2,20.2,Kenya,RR Patel,Gurdeep Singh,S Lamichhane,1,0,,,,,,"",""
ball,2,20.3,Kenya,Gurdeep Singh,RR Patel,S Lamichhane,1,0,,,,,,"",""
ball,2,20.4,Kenya,RR Patel,Gurdeep Singh,S Lamichhane,2,0,,,,,,"",""
ball,2,20.5,Kenya,RR Patel,Gurdeep Singh,S Lamichhane,1,0,,,,,,"",""
ball,2,20.6,Kenya,Gurdeep Singh,RR Patel,S Lamichhane,0,0,,,,,,"",""
ball,2,21.1,Kenya,RR Patel,Gurdeep Singh,SP Gauchan,0,0,,,,,,"",""
ball,2,21.2,Kenya,RR Patel,Gurdeep Singh,SP Gauchan,1,0,,,,,,"",""
ball,2,21.3,Kenya,Gurdeep Singh,RR Patel,SP Gauchan,0,0,,,,,,"",""
ball,2,21.4,Kenya,Gurdeep Singh,RR Patel,SP Gauchan,2,0,,,,,,"",""
ball,2,21.5,Kenya,Gurdeep Singh,RR Patel,SP Gauchan,0,0,,,,,,"",""
ball,2,21.6,Kenya,Gurdeep Singh,RR Patel,SP Gauchan,4,0,,,,,,"",""
ball,2,22.1,Kenya,RR Patel,Gurdeep Singh,B Regmi,2,0,,,,,,"",""
ball,2,22.2,Kenya,RR Patel,Gurdeep Singh,B Regmi,1,0,,,,,,"",""
ball,2,22.3,Kenya,Gurdeep Singh,RR Patel,B Regmi,0,0,,,,,,"",""
ball,2,22.4,Kenya,Gurdeep Singh,RR Patel,B Regmi,0,0,,,,,,"",""
ball,2,22.5,Kenya,Gurdeep Singh,RR Patel,B Regmi,2,0,,,,,,"",""
ball,2,22.6,Kenya,Gurdeep Singh,RR Patel,B Regmi,1,0,,,,,,"",""
ball,2,23.1,Kenya,Gurdeep Singh,RR Patel,Sagar Pun,0,0,,,,,,"",""
ball,2,23.2,Kenya,Gurdeep Singh,RR Patel,Sagar Pun,0,0,,,,,,"",""
ball,2,23.3,Kenya,Gurdeep Singh,RR Patel,Sagar Pun,0,0,,,,,,"",""
ball,2,23.4,Kenya,Gurdeep Singh,RR Patel,Sagar Pun,0,0,,,,,,"",""
ball,2,23.5,Kenya,Gurdeep Singh,RR Patel,Sagar Pun,0,0,,,,,,"",""
ball,2,23.6,Kenya,Gurdeep Singh,RR Patel,Sagar Pun,0,0,,,,,,"",""
ball,2,24.1,Kenya,RR Patel,Gurdeep Singh,Sompal Kami,6,0,,,,,,"",""
