version,1.6.0
info,balls_per_over,6
info,team,New Zealand
info,team,England
info,gender,male
info,season,2017/18
info,date,2018/02/13
info,event,Trans-Tasman Twenty20 Trophy
info,match_number,4
info,venue,Westpac Stadium
info,city,Wellington
info,toss_winner,England
info,toss_decision,field
info,player_of_match,KS Williamson
info,umpire,SB Haig
info,umpire,WR Knights
info,reserve_umpire,CM Brown
info,tv_umpire,P Wilson
info,match_referee,J Srinath
info,winner,New Zealand
info,winner_runs,12
info,player,New Zealand,MJ Guptill
info,player,New Zealand,C Munro
info,player,New Zealand,KS Williamson
info,player,New Zealand,C de Grandhomme
info,player,New Zealand,MS Chapman
info,player,New Zealand,LRPL Taylor
info,player,New Zealand,TL Seifert
info,player,New Zealand,MJ Santner
info,player,New Zealand,TG Southee
info,player,New Zealand,IS Sodhi
info,player,New Zealand,TA Boult
info,player,England,JJ Roy
info,player,England,AD Hales
info,player,England,DJ Malan
info,player,England,JM Vince
info,player,England,JC Buttler
info,player,England,SW Billings
info,player,England,DJ Willey
info,player,England,CJ Jordan
info,player,England,LE Plunkett
info,player,England,AU Rashid
info,player,England,MA Wood
info,registry,people,AD Hales,92aeac25
info,registry,people,AU Rashid,249d60c9
info,registry,people,C Munro,af2c687b
info,registry,people,C de Grandhomme,94d7f855
info,registry,people,CJ Jordan,ffe699c0
info,registry,people,CM Brown,448f4f1c
info,registry,people,DJ Malan,ad9c32a2
info,registry,people,DJ Willey,7f048519
info,registry,people,IS Sodhi,641ac5ff
info,registry,people,J Srinath,bad31fac
info,registry,people,JC Buttler,99b75528
info,registry,people,JJ Roy,d1c36f5c
info,registry,people,JM Vince,a15618fe
info,registry,people,KS Williamson,d027ba9f
info,registry,people,LE Plunkett,9a963804
info,registry,people,LRPL Taylor,b61a3e1a
info,registry,people,MA Wood,8d92a2c3
info,registry,people,MJ Guptill,2be41edb
info,registry,people,MJ Santner,e4a0deae
info,registry,people,MS Chapman,7fa12533
info,registry,people,P Wilson,68304a36
info,registry,people,SB Haig,811655b3
info,registry,people,SW Billings,c16d4035
info,registry,people,TA Boult,a818c1be
info,registry,people,TG Southee,13c35c9e
info,registry,people,TL Seifert,4663bd23
info,registry,people,WR Knights,63cbf8d8
ball,1,0.1,New Zealand,MJ Guptill,C Munro,DJ Willey,2,0,,,,,,"",""
ball,1,0.2,New Zealand,MJ Guptill,C Munro,DJ Willey,0,0,,,,,,"",""
ball,1,0.3,New Zealand,MJ Guptill,C Munro,DJ Willey,1,0,,,,,,"",""
ball,1,0.4,New Zealand,C Munro,MJ Guptill,DJ Willey,0,0,,,,,,"",""
ball,1,0.5,New Zealand,C Munro,MJ Guptill,DJ Willey,0,0,,,,,,"",""
ball,1,0.6,New Zealand,C Munro,MJ Guptill,DJ Willey,1,0,,,,,,"",""
ball,1,1.1,New Zealand,C Munro,MJ Guptill,MA Wood,4,0,,,,,,"",""
ball,1,1.2,New Zealand,C Munro,MJ Guptill,MA Wood,0,1,,,,1,,"",""
ball,1,1.3,New Zealand,MJ Guptill,C Munro,MA Wood,0,0,,,,,,"",""
ball,1,1.4,New Zealand,MJ Guptill,C Munro,MA Wood,0,0,,,,,,"",""
ball,1,1.5,New Zealand,MJ Guptill,C Munro,MA Wood,4,0,,,,,,"",""
ball,1,1.6,New Zealand,MJ Guptill,C Munro,MA Wood,4,0,,,,,,"",""
ball,1,2.1,New Zealand,C Munro,MJ Guptill,DJ Willey,0,1,,,,1,,"",""
ball,1,2.2,New Zealand,MJ Guptill,C Munro,DJ Willey,4,0,,,,,,"",""
ball,1,2.3,New Zealand,MJ Guptill,C Munro,DJ Willey,4,0,,,,,,"",""
ball,1,2.4,New Zealand,MJ Guptill,C Munro,DJ Willey,0,0,,,,,,"",""
ball,1,2.5,New Zealand,MJ Guptill,C Munro,DJ Willey,0,0,,,,,,"",""
ball,1,2.6,New Zealand,MJ Guptill,C Munro,DJ Willey,0,0,,,,,,"",""
ball,1,3.1,New Zealand,C Munro,MJ Guptill,CJ Jordan,1,0,,,,,,"",""
ball,1,3.2,New Zealand,MJ Guptill,C Munro,CJ Jordan,1,0,,,,,,"",""
ball,1,3.3,New Zealand,C Munro,MJ Guptill,CJ Jordan,0,0,,,,,,"",""
ball,1,3.4,New Zealand,C Munro,MJ Guptill,CJ Jordan,0,0,,,,,,"",""
ball,1,3.5,New Zealand,C Munro,MJ Guptill,CJ Jordan,4,0,,,,,,"",""
ball,1,3.6,New Zealand,C Munro,MJ Guptill,CJ Jordan,1,0,,,,,,"",""
ball,1,4.1,New Zealand,C Munro,MJ Guptill,MA Wood,0,1,,,,1,,"",""
ball,1,4.2,New Zealand,MJ Guptill,C Munro,MA Wood,4,0,,,,,,"",""
ball,1,4.3,New Zealand,MJ Guptill,C Munro,MA Wood,1,0,,,,,,"",""
ball,1,4.4,New Zealand,C Munro,MJ Guptill,MA Wood,0,0,,,,,,caught,C Munro
ball,1,4.5,New Zealand,MJ Guptill,KS Williamson,MA Wood,0,1,1,,,,,"",""
ball,1,4.6,New Zealand,MJ Guptill,KS Williamson,MA Wood,1,0,,,,,,"",""
ball,1,4.7,New Zealand,KS Williamson,MJ Guptill,MA Wood,1,0,,,,,,"",""
ball,1,5.1,New Zealand,KS Williamson,MJ Guptill,LE Plunkett,0,0,,,,,,"",""
ball,1,5.2,New Zealand,KS Williamson,MJ Guptill,LE Plunkett,1,0,,,,,,"",""
ball,1,5.3,New Zealand,MJ Guptill,KS Williamson,LE Plunkett,1,0,,,,,,"",""
ball,1,5.4,New Zealand,KS Williamson,MJ Guptill,LE Plunkett,1,0,,,,,,"",""
ball,1,5.5,New Zealand,MJ Guptill,KS Williamson,LE Plunkett,1,0,,,,,,"",""
ball,1,5.6,New Zealand,KS Williamson,MJ Guptill,LE Plunkett,4,0,,,,,,"",""
ball,1,6.1,New Zealand,MJ Guptill,KS Williamson,AU Rashid,1,0,,,,,,"",""
ball,1,6.2,New Zealand,KS Williamson,MJ Guptill,AU Rashid,1,0,,,,,,"",""
ball,1,6.3,New Zealand,MJ Guptill,KS Williamson,AU Rashid,1,0,,,,,,"",""
ball,1,6.4,New Zealand,KS Williamson,MJ Guptill,AU Rashid,1,0,,,,,,"",""
ball,1,6.5,New Zealand,MJ Guptill,KS Williamson,AU Rashid,1,0,,,,,,"",""
ball,1,6.6,New Zealand,KS Williamson,MJ Guptill,AU Rashid,1,0,,,,,,"",""
ball,1,7.1,New Zealand,KS Williamson,MJ Guptill,LE Plunkett,0,0,,,,,,"",""
ball,1,7.2,New Zealand,KS Williamson,MJ Guptill,LE Plunkett,1,0,,,,,,"",""
ball,1,7.3,New Zealand,MJ Guptill,KS Williamson,LE Plunkett,0,0,,,,,,"",""
ball,1,7.4,New Zealand,MJ Guptill,KS Williamson,LE Plunkett,1,0,,,,,,"",""
ball,1,7.5,New Zealand,KS Williamson,MJ Guptill,LE Plunkett,1,0,,,,,,"",""
ball,1,7.6,New Zealand,MJ Guptill,KS Williamson,LE Plunkett,1,0,,,,,,"",""
ball,1,8.1,New Zealand,MJ Guptill,KS Williamson,AU Rashid,1,0,,,,,,"",""
ball,1,8.2,New Zealand,KS Williamson,MJ Guptill,AU Rashid,1,0,,,,,,"",""
ball,1,8.3,New Zealand,MJ Guptill,KS Williamson,AU Rashid,1,0,,,,,,"",""
ball,1,8.4,New Zealand,KS Williamson,MJ Guptill,AU Rashid,1,0,,,,,,"",""
ball,1,8.5,New Zealand,MJ Guptill,KS Williamson,AU Rashid,6,0,,,,,,"",""
ball,1,8.6,New Zealand,MJ Guptill,KS Williamson,AU Rashid,1,0,,,,,,"",""
ball,1,9.1,New Zealand,MJ Guptill,KS Williamson,DJ Willey,1,0,,,,,,"",""
ball,1,9.2,New Zealand,KS Williamson,MJ Guptill,DJ Willey,0,0,,,,,,"",""
ball,1,9.3,New Zealand,KS Williamson,MJ Guptill,DJ Willey,4,0,,,,,,"",""
ball,1,9.4,New Zealand,KS Williamson,MJ Guptill,DJ Willey,2,0,,,,,,"",""
ball,1,9.5,New Zealand,KS Williamson,MJ Guptill,DJ Willey,4,0,,,,,,"",""
ball,1,9.6,New Zealand,KS Williamson,MJ Guptill,DJ Willey,1,0,,,,,,"",""
ball,1,10.1,New Zealand,KS Williamson,MJ Guptill,AU Rashid,1,0,,,,,,"",""
ball,1,10.2,New Zealand,MJ Guptill,KS Williamson,AU Rashid,1,0,,,,,,"",""
ball,1,10.3,New Zealand,KS Williamson,MJ Guptill,AU Rashid,1,0,,,,,,"",""
ball,1,10.4,New Zealand,MJ Guptill,KS Williamson,AU Rashid,6,0,,,,,,"",""
ball,1,10.5,New Zealand,MJ Guptill,KS Williamson,AU Rashid,6,0,,,,,,"",""
ball,1,10.6,New Zealand,MJ Guptill,KS Williamson,AU Rashid,1,0,,,,,,"",""
ball,1,11.1,New Zealand,MJ Guptill,KS Williamson,CJ Jordan,1,0,,,,,,"",""
ball,1,11.2,New Zealand,KS Williamson,MJ Guptill,CJ Jordan,0,0,,,,,,"",""
ball,1,11.3,New Zealand,KS Williamson,MJ Guptill,CJ Jordan,2,0,,,,,,"",""
ball,1,11.4,New Zealand,KS Williamson,MJ Guptill,CJ Jordan,0,1,1,,,,,"",""
ball,1,11.5,New Zealand,KS Williamson,MJ Guptill,CJ Jordan,1,0,,,,,,"",""
ball,1,11.6,New Zealand,MJ Guptill,KS Williamson,CJ Jordan,4,0,,,,,,"",""
ball,1,11.7,New Zealand,MJ Guptill,KS Williamson,CJ Jordan,1,0,,,,,,"",""
ball,1,12.1,New Zealand,MJ Guptill,KS Williamson,LE Plunkett,1,0,,,,,,"",""
ball,1,12.2,New Zealand,KS Williamson,MJ Guptill,LE Plunkett,0,0,,,,,,"",""
ball,1,12.3,New Zealand,KS Williamson,MJ Guptill,LE Plunkett,1,0,,,,,,"",""
ball,1,12.4,New Zealand,MJ Guptill,KS Williamson,LE Plunkett,0,1,,,,1,,"",""
ball,1,12.5,New Zealand,KS Williamson,MJ Guptill,LE Plunkett,0,1,1,,,,,"",""
ball,1,12.6,New Zealand,KS Williamson,MJ Guptill,LE Plunkett,6,0,,,,,,"",""
ball,1,12.7,New Zealand,KS Williamson,MJ Guptill,LE Plunkett,0,0,,,,,,"",""
ball,1,13.1,New Zealand,MJ Guptill,KS Williamson,AU Rashid,1,0,,,,,,"",""
ball,1,13.2,New Zealand,KS Williamson,MJ Guptill,AU Rashid,0,0,,,,,,"",""
ball,1,13.3,New Zealand,KS Williamson,MJ Guptill,AU Rashid,1,0,,,,,,"",""
ball,1,13.4,New Zealand,MJ Guptill,KS Williamson,AU Rashid,0,0,,,,,,caught,MJ Guptill
ball,1,13.5,New Zealand,C de Grandhomme,KS Williamson,AU Rashid,0,0,,,,,,caught,C de Grandhomme
ball,1,13.6,New Zealand,KS Williamson,MS Chapman,AU Rashid,1,0,,,,,,"",""
ball,1,14.1,New Zealand,KS Williamson,MS Chapman,LE Plunkett,6,0,,,,,,"",""
ball,1,14.2,New Zealand,KS Williamson,MS Chapman,LE Plunkett,1,0,,,,,,"",""
ball,1,14.3,New Zealand,MS Chapman,KS Williamson,LE Plunkett,0,0,,,,,,"",""
ball,1,14.4,New Zealand,MS Chapman,KS Williamson,LE Plunkett,0,1,1,,,,,"",""
ball,1,14.5,New Zealand,MS Chapman,KS Williamson,LE Plunkett,1,0,,,,,,"",""
ball,1,14.6,New Zealand,KS Williamson,MS Chapman,LE Plunkett,1,0,,,,,,"",""
ball,1,14.7,New Zealand,MS Chapman,KS Williamson,LE Plunkett,2,0,,,,,,"",""
ball,1,15.1,New Zealand,KS Williamson,MS Chapman,MA Wood,6,0,,,,,,"",""
ball,1,15.2,New Zealand,KS Williamson,MS Chapman,MA Wood,6,0,,,,,,"",""
ball,1,15.3,New Zealand,KS Williamson,MS Chapman,MA Wood,0,0,,,,,,"",""
ball,1,15.4,New Zealand,KS Williamson,MS Chapman,MA Wood,3,0,,,,,,"",""
ball,1,15.5,New Zealand,MS Chapman,KS Williamson,MA Wood,1,0,,,,,,"",""
ball,1,15.6,New Zealand,KS Williamson,MS Chapman,MA Wood,4,0,,,,,,"",""
ball,1,16.1,New Zealand,MS Chapman,KS Williamson,DJ Willey,1,0,,,,,,"",""
ball,1,16.2,New Zealand,KS Williamson,MS Chapman,DJ Willey,2,0,,,,,,"",""
ball,1,16.3,New Zealand,KS Williamson,MS Chapman,DJ Willey,2,0,,,,,,"",""
ball,1,16.4,New Zealand,KS Williamson,MS Chapman,DJ Willey,1,0,,,,,,"",""
ball,1,16.5,New Zealand,MS Chapman,KS Williamson,DJ Willey,6,0,,,,,,"",""
ball,1,16.6,New Zealand,MS Chapman,KS Williamson,DJ Willey,0,0,,,,,,"",""
ball,1,17.1,New Zealand,KS Williamson,MS Chapman,CJ Jordan,0,0,,,,,,"",""
ball,1,17.2,New Zealand,KS Williamson,MS Chapman,CJ Jordan,0,0,,,,,,"",""
ball,1,17.3,New Zealand,KS Williamson,MS Chapman,CJ Jordan,0,1,1,,,,,"",""
ball,1,17.4,New Zealand,KS Williamson,MS Chapman,CJ Jordan,1,0,,,,,,"",""
ball,1,17.5,New Zealand,MS Chapman,KS Williamson,CJ Jordan,1,0,,,,,,"",""
ball,1,17.6,New Zealand,KS Williamson,MS Chapman,CJ Jordan,0,0,,,,,,"",""
ball,1,17.7,New Zealand,KS Williamson,MS Chapman,CJ Jordan,0,0,,,,,,bowled,KS Williamson
ball,1,18.1,New Zealand,MS Chapman,LRPL Taylor,MA Wood,6,0,,,,,,"",""
ball,1,18.2,New Zealand,MS Chapman,LRPL Taylor,MA Wood,0,0,,,,,,"",""
ball,1,18.3,New Zealand,MS Chapman,LRPL Taylor,MA Wood,0,1,1,,,,,"",""
ball,1,18.4,New Zealand,MS Chapman,LRPL Taylor,MA Wood,2,0,,,,,,"",""
ball,1,18.5,New Zealand,MS Chapman,LRPL Taylor,MA Wood,0,1,,,,1,,"",""
ball,1,18.6,New Zealand,LRPL Taylor,MS Chapman,MA Wood,1,0,,,,,,"",""
ball,1,18.7,New Zealand,MS Chapman,LRPL Taylor,MA Wood,0,1,1,,,,,"",""
ball,1,18.8,New Zealand,MS Chapman,LRPL Taylor,MA Wood,0,0,,,,,,caught,MS Chapman
ball,1,19.1,New Zealand,TL Seifert,LRPL Taylor,CJ Jordan,0,0,,,,,,"",""
ball,1,19.2,New Zealand,TL Seifert,LRPL Taylor,CJ Jordan,2,0,,,,,,"",""
ball,1,19.3,New Zealand,TL Seifert,LRPL Taylor,CJ Jordan,6,0,,,,,,"",""
ball,1,19.4,New Zealand,TL Seifert,LRPL Taylor,CJ Jordan,6,0,,,,,,"",""
ball,1,19.5,New Zealand,TL Seifert,LRPL Taylor,CJ Jordan,0,0,,,,,,"",""
ball,1,19.6,New Zealand,TL Seifert,LRPL Taylor,CJ Jordan,0,1,,,1,,,"",""
ball,2,0.1,England,JJ Roy,AD Hales,TA Boult,0,0,,,,,,"",""
ball,2,0.2,England,JJ Roy,AD Hales,TA Boult,0,0,,,,,,"",""
ball,2,0.3,England,JJ Roy,AD Hales,TA Boult,0,0,,,,,,"",""
ball,2,0.4,England,JJ Roy,AD Hales,TA Boult,0,0,,,,,,"",""
ball,2,0.5,England,JJ Roy,AD Hales,TA Boult,4,0,,,,,,"",""
ball,2,0.6,England,JJ Roy,AD Hales,TA Boult,4,0,,,,,,"",""
ball,2,1.1,England,AD Hales,JJ Roy,MJ Santner,0,0,,,,,,"",""
ball,2,1.2,England,AD Hales,JJ Roy,MJ Santner,1,0,,,,,,"",""
ball,2,1.3,England,JJ Roy,AD Hales,MJ Santner,0,1,,,,1,,"",""
ball,2,1.4,England,AD Hales,JJ Roy,MJ Santner,0,0,,,,,,"",""
ball,2,1.5,England,AD Hales,JJ Roy,MJ Santner,4,0,,,,,,"",""
ball,2,1.6,England,AD Hales,JJ Roy,MJ Santner,0,0,,,,,,"",""
ball,2,2.1,England,JJ Roy,AD Hales,TG Southee,0,0,,,,,,caught,JJ Roy
ball,2,2.2,England,DJ Malan,AD Hales,TG Southee,0,0,,,,,,"",""
ball,2,2.3,England,DJ Malan,AD Hales,TG Southee,0,0,,,,,,"",""
ball,2,2.4,England,DJ Malan,AD Hales,TG Southee,1,0,,,,,,"",""
ball,2,2.5,England,AD Hales,DJ Malan,TG Southee,4,0,,,,,,"",""
ball,2,2.6,England,AD Hales,DJ Malan,TG Southee,4,0,,,,,,"",""
ball,2,3.1,England,DJ Malan,AD Hales,MJ Santner,1,0,,,,,,"",""
ball,2,3.2,England,AD Hales,DJ Malan,MJ Santner,0,0,,,,,,"",""
ball,2,3.3,England,AD Hales,DJ Malan,MJ Santner,4,0,,,,,,"",""
ball,2,3.4,England,AD Hales,DJ Malan,MJ Santner,2,0,,,,,,"",""
ball,2,3.5,England,AD Hales,DJ Malan,MJ Santner,0,1,,,,1,,"",""
ball,2,3.6,England,DJ Malan,AD Hales,MJ Santner,0,0,,,,,,"",""
ball,2,4.1,England,AD Hales,DJ Malan,TA Boult,6,0,,,,,,"",""
ball,2,4.2,England,AD Hales,DJ Malan,TA Boult,0,0,,,,,,"",""
ball,2,4.3,England,AD Hales,DJ Malan,TA Boult,0,0,,,,,,"",""
ball,2,4.4,England,AD Hales,DJ Malan,TA Boult,4,0,,,,,,"",""
ball,2,4.5,England,AD Hales,DJ Malan,TA Boult,6,0,,,,,,"",""
ball,2,4.6,England,AD Hales,DJ Malan,TA Boult,4,0,,,,,,"",""
ball,2,5.1,England,DJ Malan,AD Hales,TG Southee,0,0,,,,,,"",""
ball,2,5.2,England,DJ Malan,AD Hales,TG Southee,0,0,,,,,,"",""
ball,2,5.3,England,DJ Malan,AD Hales,TG Southee,1,0,,,,,,"",""
ball,2,5.4,England,AD Hales,DJ Malan,TG Southee,1,0,,,,,,"",""
ball,2,5.5,England,DJ Malan,AD Hales,TG Southee,4,0,,,,,,"",""
ball,2,5.6,England,DJ Malan,AD Hales,TG Southee,3,0,,,,,,"",""
ball,2,6.1,England,DJ Malan,AD Hales,IS Sodhi,0,0,,,,,,"",""
ball,2,6.2,England,DJ Malan,AD Hales,IS Sodhi,0,0,,,,,,"",""
ball,2,6.3,England,DJ Malan,AD Hales,IS Sodhi,4,0,,,,,,"",""
ball,2,6.4,England,DJ Malan,AD Hales,IS Sodhi,1,0,,,,,,"",""
ball,2,6.5,England,AD Hales,DJ Malan,IS Sodhi,0,0,,,,,,"",""
ball,2,6.6,England,AD Hales,DJ Malan,IS Sodhi,6,0,,,,,,"",""
ball,2,7.1,England,DJ Malan,AD Hales,C Munro,1,0,,,,,,"",""
ball,2,7.2,England,AD Hales,DJ Malan,C Munro,0,0,,,,,,"",""
ball,2,7.3,England,AD Hales,DJ Malan,C Munro,0,0,,,,,,"",""
ball,2,7.4,England,AD Hales,DJ Malan,C Munro,1,0,,,,,,"",""
ball,2,7.5,England,DJ Malan,AD Hales,C Munro,0,0,,,,,,"",""
ball,2,7.6,England,DJ Malan,AD Hales,C Munro,1,0,,,,,,"",""
ball,2,8.1,England,DJ Malan,AD Hales,IS Sodhi,4,0,,,,,,"",""
ball,2,8.2,England,DJ Malan,AD Hales,IS Sodhi,1,0,,,,,,"",""
ball,2,8.3,England,AD Hales,DJ Malan,IS Sodhi,0,0,,,,,,caught,AD Hales
ball,2,8.4,England,JM Vince,DJ Malan,IS Sodhi,0,0,,,,,,"",""
ball,2,8.5,England,JM Vince,DJ Malan,IS Sodhi,2,0,,,,,,"",""
ball,2,8.6,England,JM Vince,DJ Malan,IS Sodhi,1,0,,,,,,"",""
ball,2,9.1,England,JM Vince,DJ Malan,C Munro,0,0,,,,,,"",""
ball,2,9.2,England,JM Vince,DJ Malan,C Munro,6,0,,,,,,"",""
ball,2,9.3,England,JM Vince,DJ Malan,C Munro,1,0,,,,,,"",""
ball,2,9.4,England,DJ Malan,JM Vince,C Munro,0,0,,,,,,"",""
ball,2,9.5,England,DJ Malan,JM Vince,C Munro,0,0,,,,,,"",""
ball,2,9.6,England,DJ Malan,JM Vince,C Munro,1,0,,,,,,"",""
ball,2,10.1,England,DJ Malan,JM Vince,C de Grandhomme,0,0,,,,,,"",""
ball,2,10.2,England,DJ Malan,JM Vince,C de Grandhomme,4,0,,,,,,"",""
ball,2,10.3,England,DJ Malan,JM Vince,C de Grandhomme,1,0,,,,,,"",""
ball,2,10.4,England,JM Vince,DJ Malan,C de Grandhomme,0,0,,,,,,run out,JM Vince
ball,2,10.5,England,DJ Malan,JC Buttler,C de Grandhomme,1,0,,,,,,"",""
ball,2,10.6,England,JC Buttler,DJ Malan,C de Grandhomme,1,0,,,,,,"",""
ball,2,11.1,England,JC Buttler,DJ Malan,IS Sodhi,0,0,,,,,,"",""
ball,2,11.2,England,JC Buttler,DJ Malan,IS Sodhi,1,0,,,,,,"",""
ball,2,11.3,England,DJ Malan,JC Buttler,IS Sodhi,6,0,,,,,,"",""
ball,2,11.4,England,DJ Malan,JC Buttler,IS Sodhi,4,0,,,,,,"",""
ball,2,11.5,England,DJ Malan,JC Buttler,IS Sodhi,1,0,,,,,,"",""
ball,2,11.6,England,JC Buttler,DJ Malan,IS Sodhi,0,0,,,,,,caught,JC Buttler
ball,2,12.1,England,SW Billings,DJ Malan,C de Grandhomme,1,0,,,,,,"",""
ball,2,12.2,England,DJ Malan,SW Billings,C de Grandhomme,1,0,,,,,,"",""
ball,2,12.3,England,SW Billings,DJ Malan,C de Grandhomme,0,0,,,,,,"",""
ball,2,12.4,England,SW Billings,DJ Malan,C de Grandhomme,1,0,,,,,,"",""
ball,2,12.5,England,DJ Malan,SW Billings,C de Grandhomme,4,0,,,,,,"",""
ball,2,12.6,England,DJ Malan,SW Billings,C de Grandhomme,1,0,,,,,,"",""
ball,2,13.1,England,DJ Malan,SW Billings,TG Southee,0,0,,,,,,"",""
ball,2,13.2,England,DJ Malan,SW Billings,TG Southee,1,0,,,,,,"",""
ball,2,13.3,England,SW Billings,DJ Malan,TG Southee,2,0,,,,,,"",""
ball,2,13.4,England,SW Billings,DJ Malan,TG Southee,0,0,,,,,,"",""
ball,2,13.5,England,SW Billings,DJ Malan,TG Southee,4,0,,,,,,"",""
ball,2,13.6,England,SW Billings,DJ Malan,TG Southee,1,0,,,,,,"",""
ball,2,14.1,England,SW Billings,DJ Malan,MJ Santner,0,0,,,,,,"",""
ball,2,14.2,England,SW Billings,DJ Malan,MJ Santner,1,0,,,,,,"",""
ball,2,14.3,England,DJ Malan,SW Billings,MJ Santner,1,0,,,,,,"",""
ball,2,14.4,England,SW Billings,DJ Malan,MJ Santner,2,0,,,,,,"",""
ball,2,14.5,England,SW Billings,DJ Malan,MJ Santner,0,0,,,,,,caught,SW Billings
ball,2,14.6,England,DJ Malan,DJ Willey,MJ Santner,2,0,,,,,,"",""
ball,2,15.1,England,DJ Willey,DJ Malan,IS Sodhi,6,0,,,,,,"",""
ball,2,15.2,England,DJ Willey,DJ Malan,IS Sodhi,1,0,,,,,,"",""
ball,2,15.3,England,DJ Malan,DJ Willey,IS Sodhi,1,0,,,,,,"",""
ball,2,15.4,England,DJ Willey,DJ Malan,IS Sodhi,2,0,,,,,,"",""
ball,2,15.5,England,DJ Willey,DJ Malan,IS Sodhi,2,0,,,,,,"",""
ball,2,15.6,England,DJ Willey,DJ Malan,IS Sodhi,6,0,,,,,,"",""
ball,2,16.1,England,DJ Malan,DJ Willey,MJ Santner,2,0,,,,,,"",""
ball,2,16.2,England,DJ Malan,DJ Willey,MJ Santner,0,1,1,,,,,"",""
ball,2,16.3,England,DJ Malan,DJ Willey,MJ Santner,6,0,,,,,,"",""
ball,2,16.4,England,DJ Malan,DJ Willey,MJ Santner,0,0,,,,,,caught,DJ Malan
ball,2,16.5,England,DJ Willey,CJ Jordan,MJ Santner,1,0,,,,,,"",""
ball,2,16.6,England,CJ Jordan,DJ Willey,MJ Santner,0,0,,,,,,"",""
ball,2,16.7,England,CJ Jordan,DJ Willey,MJ Santner,1,0,,,,,,"",""
ball,2,17.1,England,CJ Jordan,DJ Willey,TA Boult,0,2,,,2,,,"",""
ball,2,17.2,England,CJ Jordan,DJ Willey,TA Boult,1,0,,,,,,"",""
ball,2,17.3,England,DJ Willey,CJ Jordan,TA Boult,1,0,,,,,,"",""
ball,2,17.4,England,CJ Jordan,DJ Willey,TA Boult,4,0,,,,,,"",""
ball,2,17.5,England,CJ Jordan,DJ Willey,TA Boult,0,0,,,,,,bowled,CJ Jordan
ball,2,17.6,England,LE Plunkett,DJ Willey,TA Boult,0,0,,,,,,bowled,LE Plunkett
ball,2,18.1,England,DJ Willey,AU Rashid,TG Southee,1,0,,,,,,"",""
ball,2,18.2,England,AU Rashid,DJ Willey,TG Southee,0,1,1,,,,,"",""
ball,2,18.3,England,AU Rashid,DJ Willey,TG Southee,0,0,,,,,,"",""
ball,2,18.4,England,AU Rashid,DJ Willey,TG Southee,1,0,,,,,,"",""
ball,2,18.5,England,DJ Willey,AU Rashid,TG Southee,0,0,,,,,,"",""
ball,2,18.6,England,DJ Willey,AU Rashid,TG Southee,1,0,,,,,,"",""
ball,2,18.7,England,AU Rashid,DJ Willey,TG Southee,0,0,,,,,,run out,DJ Willey
ball,2,19.1,England,AU Rashid,MA Wood,TA Boult,2,0,,,,,,"",""
ball,2,19.2,England,AU Rashid,MA Wood,TA Boult,1,0,,,,,,"",""
ball,2,19.3,England,MA Wood,AU Rashid,TA Boult,4,0,,,,,,"",""
ball,2,19.4,England,MA Wood,AU Rashid,TA Boult,0,0,,,,,,"",""
ball,2,19.5,England,MA Wood,AU Rashid,TA Boult,1,0,,,,,,"",""
ball,2,19.6,England,AU Rashid,MA Wood,TA Boult,4,0,,,,,,"",""
