version,1.6.0
info,balls_per_over,6
info,team,Sri Lanka
info,team,Ireland
info,gender,female
info,season,2016/17
info,date,2017/02/08
info,event,ICC Women's World Cup Qualifier
info,match_number,5
info,venue,Nondescripts Cricket Club Ground
info,city,Colombo
info,toss_winner,Sri Lanka
info,toss_decision,bat
info,player_of_match,SIP Fernando
info,umpire,K Cross
info,umpire,IN Ramage
info,reserve_umpire,AK Chaudhary
info,winner,Sri Lanka
info,winner_runs,146
info,player,Ireland,MV Waldron
info,player,Ireland,CNIM Joyce
info,player,Ireland,KJ Garth
info,player,Ireland,L Delany
info,player,Ireland,IMHC Joyce
info,player,Ireland,GH Lewis
info,player,Ireland,CMA Shillington
info,player,Ireland,RA Lewis
info,player,Ireland,LN McCarthy
info,player,Ireland,CJ Metcalfe
info,player,Ireland,MF Kendal
info,player,Sri Lanka,AC Jayangani
info,player,Sri Lanka,LE Kaushalya
info,player,Sri Lanka,MDN Hansika
info,player,Sri Lanka,PM Weerakkody
info,player,Sri Lanka,MADD Surangika
info,player,Sri Lanka,GWHM Perera
info,player,Sri Lanka,SS Weerakkody
info,player,Sri Lanka,PRCS Kumarihami
info,player,Sri Lanka,KDU Prabodhani
info,player,Sri Lanka,SIP Fernando
info,player,Sri Lanka,I Ranaweera
info,registry,people,AC Jayangani,ac56b5a7
info,registry,people,AK Chaudhary,fdcc6236
info,registry,people,BMSM Kumari,b55fb828
info,registry,people,CJ Metcalfe,d58fdb42
info,registry,people,CMA Shillington,60e11a00
info,registry,people,CNIM Joyce,56418eae
info,registry,people,GH Lewis,1b9d1579
info,registry,people,GWHM Perera,53068b45
info,registry,people,I Ranaweera,a61850e6
info,registry,people,IMHC Joyce,d3b4b8ed
info,registry,people,IN Ramage,33cb7803
info,registry,people,K Cross,d59c5855
info,registry,people,KDU Prabodhani,a0fdf513
info,registry,people,KJ Garth,0b69a844
info,registry,people,L Delany,b4f73b44
info,registry,people,LE Kaushalya,8b552293
info,registry,people,LN McCarthy,77c88f05
info,registry,people,MADD Surangika,3f440bd6
info,registry,people,MDN Hansika,dfc89c58
info,registry,people,MF Kendal,b36b66c3
info,registry,people,MV Waldron,2e4f11e9
info,registry,people,PM Weerakkody,1b3718d2
info,registry,people,PRCS Kumarihami,a1c4aed5
info,registry,people,RA Lewis,be85b12d
info,registry,people,SIP Fernando,5838cb64
info,registry,people,SS Weerakkody,5f862ccd
ball,1,0.1,Sri Lanka,AC Jayangani,LE Kaushalya,LN McCarthy,4,0,,,,,,"",""
ball,1,0.2,Sri Lanka,AC Jayangani,LE Kaushalya,LN McCarthy,0,0,,,,,,"",""
ball,1,0.3,Sri Lanka,AC Jayangani,LE Kaushalya,LN McCarthy,0,0,,,,,,"",""
ball,1,0.4,Sri Lanka,AC Jayangani,LE Kaushalya,LN McCarthy,0,0,,,,,,"",""
ball,1,0.5,Sri Lanka,AC Jayangani,LE Kaushalya,LN McCarthy,2,0,,,,,,"",""
ball,1,0.6,Sri Lanka,AC Jayangani,LE Kaushalya,LN McCarthy,0,0,,,,,,"",""
ball,1,1.1,Sri Lanka,LE Kaushalya,AC Jayangani,IMHC Joyce,0,0,,,,,,"",""
ball,1,1.2,Sri Lanka,LE Kaushalya,AC Jayangani,IMHC Joyce,0,0,,,,,,"",""
ball,1,1.3,Sri Lanka,LE Kaushalya,AC Jayangani,IMHC Joyce,0,0,,,,,,"",""
ball,1,1.4,Sri Lanka,LE Kaushalya,AC Jayangani,IMHC Joyce,0,0,,,,,,"",""
ball,1,1.5,Sri Lanka,LE Kaushalya,AC Jayangani,IMHC Joyce,1,0,,,,,,"",""
ball,1,1.6,Sri Lanka,AC Jayangani,LE Kaushalya,IMHC Joyce,0,0,,,,,,"",""
ball,1,2.1,Sri Lanka,LE Kaushalya,AC Jayangani,LN McCarthy,0,0,,,,,,"",""
ball,1,2.2,Sri Lanka,LE Kaushalya,AC Jayangani,LN McCarthy,0,0,,,,,,"",""
ball,1,2.3,Sri Lanka,LE Kaushalya,AC Jayangani,LN McCarthy,4,0,,,,,,"",""
ball,1,2.4,Sri Lanka,LE Kaushalya,AC Jayangani,LN McCarthy,0,0,,,,,,"",""
ball,1,2.5,Sri Lanka,LE Kaushalya,AC Jayangani,LN McCarthy,4,0,,,,,,"",""
ball,1,2.6,Sri Lanka,LE Kaushalya,AC Jayangani,LN McCarthy,1,0,,,,,,"",""
ball,1,3.1,Sri Lanka,LE Kaushalya,AC Jayangani,IMHC Joyce,0,0,,,,,,"",""
ball,1,3.2,Sri Lanka,LE Kaushalya,AC Jayangani,IMHC Joyce,0,0,,,,,,"",""
ball,1,3.3,Sri Lanka,LE Kaushalya,AC Jayangani,IMHC Joyce,0,0,,,,,,"",""
ball,1,3.4,Sri Lanka,LE Kaushalya,AC Jayangani,IMHC Joyce,1,0,,,,,,"",""
ball,1,3.5,Sri Lanka,AC Jayangani,LE Kaushalya,IMHC Joyce,0,0,,,,,,"",""
ball,1,3.6,Sri Lanka,AC Jayangani,LE Kaushalya,IMHC Joyce,0,0,,,,,,"",""
ball,1,4.1,Sri Lanka,LE Kaushalya,AC Jayangani,LN McCarthy,0,0,,,,,,"",""
ball,1,4.2,Sri Lanka,LE Kaushalya,AC Jayangani,LN McCarthy,0,0,,,,,,"",""
ball,1,4.3,Sri Lanka,LE Kaushalya,AC Jayangani,LN McCarthy,0,0,,,,,,"",""
ball,1,4.4,Sri Lanka,LE Kaushalya,AC Jayangani,LN McCarthy,0,0,,,,,,"",""
ball,1,4.5,Sri Lanka,LE Kaushalya,AC Jayangani,LN McCarthy,0,0,,,,,,"",""
ball,1,4.6,Sri Lanka,LE Kaushalya,AC Jayangani,LN McCarthy,0,0,,,,,,"",""
ball,1,5.1,Sri Lanka,AC Jayangani,LE Kaushalya,IMHC Joyce,0,0,,,,,,"",""
ball,1,5.2,Sri Lanka,AC Jayangani,LE Kaushalya,IMHC Joyce,0,0,,,,,,"",""
ball,1,5.3,Sri Lanka,AC Jayangani,LE Kaushalya,IMHC Joyce,0,0,,,,,,"",""
ball,1,5.4,Sri Lanka,AC Jayangani,LE Kaushalya,IMHC Joyce,0,0,,,,,,"",""
ball,1,5.5,Sri Lanka,AC Jayangani,LE Kaushalya,IMHC Joyce,0,0,,,,,,"",""
ball,1,5.6,Sri Lanka,AC Jayangani,LE Kaushalya,IMHC Joyce,0,0,,,,,,"",""
ball,1,6.1,Sri Lanka,LE Kaushalya,AC Jayangani,LN McCarthy,2,0,,,,,,"",""
ball,1,6.2,Sri Lanka,LE Kaushalya,AC Jayangani,LN McCarthy,0,0,,,,,,"",""
ball,1,6.3,Sri Lanka,LE Kaushalya,AC Jayangani,LN McCarthy,1,0,,,,,,"",""
ball,1,6.4,Sri Lanka,AC Jayangani,LE Kaushalya,LN McCarthy,0,0,,,,,,"",""
ball,1,6.5,Sri Lanka,AC Jayangani,LE Kaushalya,LN McCarthy,0,0,,,,,,"",""
ball,1,6.6,Sri Lanka,AC Jayangani,LE Kaushalya,LN McCarthy,0,0,,,,,,"",""
ball,1,7.1,Sri Lanka,LE Kaushalya,AC Jayangani,IMHC Joyce,0,4,,,,4,,"",""
ball,1,7.2,Sri Lanka,LE Kaushalya,AC Jayangani,IMHC Joyce,0,0,,,,,,"",""
ball,1,7.3,Sri Lanka,LE Kaushalya,AC Jayangani,IMHC Joyce,0,0,,,,,,caught,LE Kaushalya
ball,1,7.4,Sri Lanka,MDN Hansika,AC Jayangani,IMHC Joyce,0,0,,,,,,"",""
ball,1,7.5,Sri Lanka,MDN Hansika,AC Jayangani,IMHC Joyce,0,0,,,,,,"",""
ball,1,7.6,Sri Lanka,MDN Hansika,AC Jayangani,IMHC Joyce,0,0,,,,,,"",""
ball,1,8.1,Sri Lanka,AC Jayangani,MDN Hansika,LN McCarthy,0,1,1,,,,,"",""
ball,1,8.2,Sri Lanka,AC Jayangani,MDN Hansika,LN McCarthy,0,0,,,,,,"",""
ball,1,8.3,Sri Lanka,AC Jayangani,MDN Hansika,LN McCarthy,0,0,,,,,,run out,AC Jayangani
ball,1,8.4,Sri Lanka,PM Weerakkody,MDN Hansika,LN McCarthy,0,0,,,,,,"",""
ball,1,8.5,Sri Lanka,PM Weerakkody,MDN Hansika,LN McCarthy,0,0,,,,,,"",""
ball,1,8.6,Sri Lanka,PM Weerakkody,MDN Hansika,LN McCarthy,0,0,,,,,,"",""
ball,1,8.7,Sri Lanka,PM Weerakkody,MDN Hansika,LN McCarthy,0,0,,,,,,"",""
ball,1,9.1,Sri Lanka,MDN Hansika,PM Weerakkody,IMHC Joyce,0,0,,,,,,"",""
ball,1,9.2,Sri Lanka,MDN Hansika,PM Weerakkody,IMHC Joyce,0,0,,,,,,"",""
ball,1,9.3,Sri Lanka,MDN Hansika,PM Weerakkody,IMHC Joyce,0,0,,,,,,"",""
ball,1,9.4,Sri Lanka,MDN Hansika,PM Weerakkody,IMHC Joyce,4,0,,,,,,"",""
ball,1,9.5,Sri Lanka,MDN Hansika,PM Weerakkody,IMHC Joyce,0,0,,,,,,"",""
ball,1,9.6,Sri Lanka,MDN Hansika,PM Weerakkody,IMHC Joyce,0,0,,,,,,"",""
ball,1,10.1,Sri Lanka,PM Weerakkody,MDN Hansika,LN McCarthy,0,0,,,,,,"",""
ball,1,10.2,Sri Lanka,PM Weerakkody,MDN Hansika,LN McCarthy,0,0,,,,,,"",""
ball,1,10.3,Sri Lanka,PM Weerakkody,MDN Hansika,LN McCarthy,0,1,1,,,,,"",""
ball,1,10.4,Sri Lanka,PM Weerakkody,MDN Hansika,LN McCarthy,1,0,,,,,,"",""
ball,1,10.5,Sri Lanka,MDN Hansika,PM Weerakkody,LN McCarthy,0,0,,,,,,"",""
ball,1,10.6,Sri Lanka,MDN Hansika,PM Weerakkody,LN McCarthy,0,0,,,,,,"",""
ball,1,10.7,Sri Lanka,MDN Hansika,PM Weerakkody,LN McCarthy,0,0,,,,,,"",""
ball,1,11.1,Sri Lanka,PM Weerakkody,MDN Hansika,IMHC Joyce,2,0,,,,,,"",""
ball,1,11.2,Sri Lanka,PM Weerakkody,MDN Hansika,IMHC Joyce,0,0,,,,,,"",""
ball,1,11.3,Sri Lanka,PM Weerakkody,MDN Hansika,IMHC Joyce,1,0,,,,,,"",""
ball,1,11.4,Sri Lanka,MDN Hansika,PM Weerakkody,IMHC Joyce,0,0,,,,,,"",""
ball,1,11.5,Sri Lanka,MDN Hansika,PM Weerakkody,IMHC Joyce,0,0,,,,,,"",""
ball,1,11.6,Sri Lanka,MDN Hansika,PM Weerakkody,IMHC Joyce,1,0,,,,,,"",""
ball,1,12.1,Sri Lanka,MDN Hansika,PM Weerakkody,LN McCarthy,0,0,,,,,,"",""
ball,1,12.2,Sri Lanka,MDN Hansika,PM Weerakkody,LN McCarthy,0,0,,,,,,"",""
ball,1,12.3,Sri Lanka,MDN Hansika,PM Weerakkody,LN McCarthy,0,0,,,,,,"",""
ball,1,12.4,Sri Lanka,MDN Hansika,PM Weerakkody,LN McCarthy,0,0,,,,,,"",""
ball,1,12.5,Sri Lanka,MDN Hansika,PM Weerakkody,LN McCarthy,0,0,,,,,,"",""
ball,1,12.6,Sri Lanka,MDN Hansika,PM Weerakkody,LN McCarthy,0,0,,,,,,"",""
ball,1,13.1,Sri Lanka,PM Weerakkody,MDN Hansika,KJ Garth,0,0,,,,,,"",""
ball,1,13.2,Sri Lanka,PM Weerakkody,MDN Hansika,KJ Garth,0,0,,,,,,"",""
ball,1,13.3,Sri Lanka,PM Weerakkody,MDN Hansika,KJ Garth,0,0,,,,,,"",""
ball,1,13.4,Sri Lanka,PM Weerakkody,MDN Hansika,KJ Garth,0,0,,,,,,"",""
ball,1,13.5,Sri Lanka,PM Weerakkody,MDN Hansika,KJ Garth,0,0,,,,,,"",""
ball,1,13.6,Sri Lanka,PM Weerakkody,MDN Hansika,KJ Garth,0,0,,,,,,"",""
ball,1,14.1,Sri Lanka,MDN Hansika,PM Weerakkody,LN McCarthy,0,0,,,,,,"",""
ball,1,14.2,Sri Lanka,MDN Hansika,PM Weerakkody,LN McCarthy,0,0,,,,,,"",""
ball,1,14.3,Sri Lanka,MDN Hansika,PM Weerakkody,LN McCarthy,0,0,,,,,,"",""
ball,1,14.4,Sri Lanka,MDN Hansika,PM Weerakkody,LN McCarthy,2,0,,,,,,"",""
ball,1,14.5,Sri Lanka,MDN Hansika,PM Weerakkody,LN McCarthy,0,0,,,,,,"",""
ball,1,14.6,Sri Lanka,MDN Hansika,PM Weerakkody,LN McCarthy,0,0,,,,,,"",""
ball,1,15.1,Sri Lanka,PM Weerakkody,MDN Hansika,KJ Garth,0,0,,,,,,"",""
ball,1,15.2,Sri Lanka,PM Weerakkody,MDN Hansika,KJ Garth,2,0,,,,,,"",""
ball,1,15.3,Sri Lanka,PM Weerakkody,MDN Hansika,KJ Garth,0,0,,,,,,"",""
ball,1,15.4,Sri Lanka,PM Weerakkody,MDN Hansika,KJ Garth,0,0,,,,,,"",""
ball,1,15.5,Sri Lanka,PM Weerakkody,MDN Hansika,KJ Garth,1,0,,,,,,"",""
ball,1,15.6,Sri Lanka,MDN Hansika,PM Weerakkody,KJ Garth,0,0,,,,,,"",""
ball,1,16.1,Sri Lanka,PM Weerakkody,MDN Hansika,LN McCarthy,0,0,,,,,,"",""
ball,1,16.2,Sri Lanka,PM Weerakkody,MDN Hansika,LN McCarthy,4,0,,,,,,"",""
ball,1,16.3,Sri Lanka,PM Weerakkody,MDN Hansika,LN McCarthy,0,0,,,,,,"",""
ball,1,16.4,Sri Lanka,PM Weerakkody,MDN Hansika,LN McCarthy,0,0,,,,,,"",""
ball,1,16.5,Sri Lanka,PM Weerakkody,MDN Hansika,LN McCarthy,0,0,,,,,,"",""
ball,1,16.6,Sri Lanka,PM Weerakkody,MDN Hansika,LN McCarthy,0,0,,,,,,"",""
ball,1,17.1,Sri Lanka,MDN Hansika,PM Weerakkody,KJ Garth,0,0,,,,,,"",""
ball,1,17.2,Sri Lanka,MDN Hansika,PM Weerakkody,KJ Garth,4,0,,,,,,"",""
ball,1,17.3,Sri Lanka,MDN Hansika,PM Weerakkody,KJ Garth,0,0,,,,,,"",""
ball,1,17.4,Sri Lanka,MDN Hansika,PM Weerakkody,KJ Garth,0,0,,,,,,"",""
ball,1,17.5,Sri Lanka,MDN Hansika,PM Weerakkody,KJ Garth,0,0,,,,,,"",""
ball,1,17.6,Sri Lanka,MDN Hansika,PM Weerakkody,KJ Garth,0,0,,,,,,"",""
ball,1,18.1,Sri Lanka,PM Weerakkody,MDN Hansika,LN McCarthy,1,0,,,,,,"",""
ball,1,18.2,Sri Lanka,MDN Hansika,PM Weerakkody,LN McCarthy,1,0,,,,,,"",""
ball,1,18.3,Sri Lanka,PM Weerakkody,MDN Hansika,LN McCarthy,1,0,,,,,,"",""
ball,1,18.4,Sri Lanka,MDN Hansika,PM Weerakkody,LN McCarthy,1,0,,,,,,"",""
ball,1,18.5,Sri Lanka,PM Weerakkody,MDN Hansika,LN McCarthy,1,0,,,,,,"",""
ball,1,18.6,Sri Lanka,MDN Hansika,PM Weerakkody,LN McCarthy,0,0,,,,,,"",""
ball,1,19.1,Sri Lanka,PM Weerakkody,MDN Hansika,KJ Garth,0,0,,,,,,"",""
ball,1,19.2,Sri Lanka,PM Weerakkody,MDN Hansika,KJ Garth,1,0,,,,,,"",""
ball,1,19.3,Sri Lanka,MDN Hansika,PM Weerakkody,KJ Garth,0,0,,,,,,"",""
ball,1,19.4,Sri Lanka,MDN Hansika,PM Weerakkody,KJ Garth,0,0,,,,,,"",""
ball,1,19.5,Sri Lanka,MDN Hansika,PM Weerakkody,KJ Garth,0,0,,,,,,"",""
ball,1,19.6,Sri Lanka,MDN Hansika,PM Weerakkody,KJ Garth,0,0,,,,,,"",""
ball,1,20.1,Sri Lanka,PM Weerakkody,MDN Hansika,CJ Metcalfe,0,0,,,,,,"",""
ball,1,20.2,Sri Lanka,PM Weerakkody,MDN Hansika,CJ Metcalfe,0,0,,,,,,"",""
ball,1,20.3,Sri Lanka,PM Weerakkody,MDN Hansika,CJ Metcalfe,0,0,,,,,,"",""
ball,1,20.4,Sri Lanka,PM Weerakkody,MDN Hansika,CJ Metcalfe,0,0,,,,,,"",""
ball,1,20.5,Sri Lanka,PM Weerakkody,MDN Hansika,CJ Metcalfe,4,0,,,,,,"",""
ball,1,20.6,Sri Lanka,PM Weerakkody,MDN Hansika,CJ Metcalfe,0,0,,,,,,"",""
ball,1,21.1,Sri Lanka,MDN Hansika,PM Weerakkody,GH Lewis,1,0,,,,,,"",""
ball,1,21.2,Sri Lanka,PM Weerakkody,MDN Hansika,GH Lewis,2,0,,,,,,"",""
ball,1,21.3,Sri Lanka,PM Weerakkody,MDN Hansika,GH Lewis,0,0,,,,,,"",""
ball,1,21.4,Sri Lanka,PM Weerakkody,MDN Hansika,GH Lewis,0,0,,,,,,"",""
ball,1,21.5,Sri Lanka,PM Weerakkody,MDN Hansika,GH Lewis,1,0,,,,,,"",""
ball,1,21.6,Sri Lanka,MDN Hansika,PM Weerakkody,GH Lewis,0,0,,,,,,"",""
ball,1,22.1,Sri Lanka,PM Weerakkody,MDN Hansika,CJ Metcalfe,0,0,,,,,,"",""
ball,1,22.2,Sri Lanka,PM Weerakkody,MDN Hansika,CJ Metcalfe,4,0,,,,,,"",""
ball,1,22.3,Sri Lanka,PM Weerakkody,MDN Hansika,CJ Metcalfe,0,0,,,,,,"",""
ball,1,22.4,Sri Lanka,PM Weerakkody,MDN Hansika,CJ Metcalfe,0,0,,,,,,"",""
ball,1,22.5,Sri Lanka,PM Weerakkody,MDN Hansika,CJ Metcalfe,4,0,,,,,,"",""
ball,1,22.6,Sri Lanka,PM Weerakkody,MDN Hansika,CJ Metcalfe,0,0,,,,,,"",""
ball,1,23.1,Sri Lanka,MDN Hansika,PM Weerakkody,GH Lewis,1,0,,,,,,"",""
ball,1,23.2,Sri Lanka,PM Weerakkody,MDN Hansika,GH Lewis,2,0,,,,,,"",""
ball,1,23.3,Sri Lanka,PM Weerakkody,MDN Hansika,GH Lewis,1,0,,,,,,"",""
ball,1,23.4,Sri Lanka,MDN Hansika,PM Weerakkody,GH Lewis,0,0,,,,,,"",""
ball,1,23.5,Sri Lanka,MDN Hansika,PM Weerakkody,GH Lewis,0,0,,,,,,"",""
ball,1,23.6,Sri Lanka,MDN Hansika,PM Weerakkody,GH Lewis,1,0,,,,,,"",""
ball,1,24.1,Sri Lanka,MDN Hansika,PM Weerakkody,CJ Metcalfe,0,0,,,,,,"",""
ball,1,24.2,Sri Lanka,MDN Hansika,PM Weerakkody,CJ Metcalfe,0,0,,,,,,"",""
ball,1,24.3,Sri Lanka,MDN Hansika,PM Weerakkody,CJ Metcalfe,0,0,,,,,,"",""
ball,1,24.4,Sri Lanka,MDN Hansika,PM Weerakkody,CJ Metcalfe,0,0,,,,,,"",""
ball,1,24.5,Sri Lanka,MDN Hansika,PM Weerakkody,CJ Metcalfe,4,0,,,,,,"",""
ball,1,24.6,Sri Lanka,MDN Hansika,PM Weerakkody,CJ Metcalfe,0,0,,,,,,"",""
ball,1,25.1,Sri Lanka,PM Weerakkody,MDN Hansika,GH Lewis,1,0,,,,,,"",""
ball,1,25.2,Sri Lanka,MDN Hansika,PM Weerakkody,GH Lewis,1,0,,,,,,"",""
ball,1,25.3,Sri Lanka,PM Weerakkody,MDN Hansika,GH Lewis,1,0,,,,,,"",""
ball,1,25.4,Sri Lanka,MDN Hansika,PM Weerakkody,GH Lewis,1,0,,,,,,"",""
ball,1,25.5,Sri Lanka,PM Weerakkody,MDN Hansika,GH Lewis,0,0,,,,,,"",""
ball,1,25.6,Sri Lanka,PM Weerakkody,MDN Hansika,GH Lewis,1,0,,,,,,"",""
ball,1,26.1,Sri Lanka,PM Weerakkody,MDN Hansika,CJ Metcalfe,0,0,,,,,,"",""
ball,1,26.2,Sri Lanka,PM Weerakkody,MDN Hansika,CJ Metcalfe,0,0,,,,,,"",""
ball,1,26.3,Sri Lanka,PM Weerakkody,MDN Hansika,CJ Metcalfe,0,0,,,,,,"",""
ball,1,26.4,Sri Lanka,PM Weerakkody,MDN Hansika,CJ Metcalfe,4,0,,,,,,"",""
ball,1,26.5,Sri Lanka,PM Weerakkody,MDN Hansika,CJ Metcalfe,0,0,,,,,,"",""
ball,1,26.6,Sri Lanka,PM Weerakkody,MDN Hansika,CJ Metcalfe,0,0,,,,,,"",""
ball,1,27.1,Sri Lanka,MDN Hansika,PM Weerakkody,RA Lewis,4,0,,,,,,"",""
ball,1,27.2,Sri Lanka,MDN Hansika,PM Weerakkody,RA Lewis,4,0,,,,,,"",""
ball,1,27.3,Sri Lanka,MDN Hansika,PM Weerakkody,RA Lewis,0,1,1,,,,,"",""
ball,1,27.4,Sri Lanka,MDN Hansika,PM Weerakkody,RA Lewis,0,0,,,,,,caught,MDN Hansika
ball,1,27.5,Sri Lanka,MADD Surangika,PM Weerakkody,RA Lewis,0,0,,,,,,"",""
ball,1,27.6,Sri Lanka,MADD Surangika,PM Weerakkody,RA Lewis,0,0,,,,,,"",""
ball,1,27.7,Sri Lanka,MADD Surangika,PM Weerakkody,RA Lewis,0,0,,,,,,"",""
ball,1,28.1,Sri Lanka,PM Weerakkody,MADD Surangika,CJ Metcalfe,0,0,,,,,,"",""
ball,1,28.2,Sri Lanka,PM Weerakkody,MADD Surangika,CJ Metcalfe,4,0,,,,,,"",""
ball,1,28.3,Sri Lanka,PM Weerakkody,MADD Surangika,CJ Metcalfe,0,0,,,,,,"",""
ball,1,28.4,Sri Lanka,PM Weerakkody,MADD Surangika,CJ Metcalfe,4,0,,,,,,"",""
ball,1,28.5,Sri Lanka,PM Weerakkody,MADD Surangika,CJ Metcalfe,4,0,,,,,,"",""
ball,1,28.6,Sri Lanka,PM Weerakkody,MADD Surangika,CJ Metcalfe,0,0,,,,,,"",""
ball,1,29.1,Sri Lanka,MADD Surangika,PM Weerakkody,RA Lewis,0,0,,,,,,"",""
ball,1,29.2,Sri Lanka,MADD Surangika,PM Weerakkody,RA Lewis,1,0,,,,,,"",""
ball,1,29.3,Sri Lanka,PM Weerakkody,MADD Surangika,RA Lewis,1,0,,,,,,"",""
ball,1,29.4,Sri Lanka,MADD Surangika,PM Weerakkody,RA Lewis,1,0,,,,,,"",""
ball,1,29.5,Sri Lanka,PM Weerakkody,MADD Surangika,RA Lewis,0,0,,,,,,"",""
ball,1,29.6,Sri Lanka,PM Weerakkody,MADD Surangika,RA Lewis,2,0,,,,,,"",""
ball,1,30.1,Sri Lanka,MADD Surangika,PM Weerakkody,CJ Metcalfe,0,0,,,,,,"",""
ball,1,30.2,Sri Lanka,MADD Surangika,PM Weerakkody,CJ Metcalfe,0,0,,,,,,"",""
ball,1,30.3,Sri Lanka,MADD Surangika,PM Weerakkody,CJ Metcalfe,2,0,,,,,,"",""
ball,1,30.4,Sri Lanka,MADD Surangika,PM Weerakkody,CJ Metcalfe,0,0,,,,,,"",""
ball,1,30.5,Sri Lanka,MADD Surangika,PM Weerakkody,CJ Metcalfe,1,0,,,,,,"",""
ball,1,30.6,Sri Lanka,PM Weerakkody,MADD Surangika,CJ Metcalfe,0,0,,,,,,"",""
ball,1,31.1,Sri Lanka,MADD Surangika,PM Weerakkody,RA Lewis,1,0,,,,,,"",""
ball,1,31.2,Sri Lanka,PM Weerakkody,MADD Surangika,RA Lewis,1,0,,,,,,"",""
ball,1,31.3,Sri Lanka,MADD Surangika,PM Weerakkody,RA Lewis,0,0,,,,,,"",""
ball,1,31.4,Sri Lanka,MADD Surangika,PM Weerakkody,RA Lewis,1,0,,,,,,"",""
ball,1,31.5,Sri Lanka,PM Weerakkody,MADD Surangika,RA Lewis,1,0,,,,,,"",""
ball,1,31.6,Sri Lanka,MADD Surangika,PM Weerakkody,RA Lewis,1,0,,,,,,"",""
ball,1,32.1,Sri Lanka,MADD Surangika,PM Weerakkody,KJ Garth,1,0,,,,,,"",""
ball,1,32.2,Sri Lanka,PM Weerakkody,MADD Surangika,KJ Garth,0,0,,,,,,"",""
ball,1,32.3,Sri Lanka,PM Weerakkody,MADD Surangika,KJ Garth,1,0,,,,,,"",""
ball,1,32.4,Sri Lanka,MADD Surangika,PM Weerakkody,KJ Garth,0,0,,,,,,"",""
ball,1,32.5,Sri Lanka,MADD Surangika,PM Weerakkody,KJ Garth,0,0,,,,,,"",""
ball,1,32.6,Sri Lanka,MADD Surangika,PM Weerakkody,KJ Garth,1,0,,,,,,"",""
ball,1,33.1,Sri Lanka,MADD Surangika,PM Weerakkody,GH Lewis,0,0,,,,,,"",""
ball,1,33.2,Sri Lanka,MADD Surangika,PM Weerakkody,GH Lewis,0,0,,,,,,"",""
ball,1,33.3,Sri Lanka,MADD Surangika,PM Weerakkody,GH Lewis,0,0,,,,,,"",""
ball,1,33.4,Sri Lanka,MADD Surangika,PM Weerakkody,GH Lewis,1,0,,,,,,"",""
ball,1,33.5,Sri Lanka,PM Weerakkody,MADD Surangika,GH Lewis,1,0,,,,,,"",""
ball,1,33.6,Sri Lanka,MADD Surangika,PM Weerakkody,GH Lewis,0,0,,,,,,"",""
ball,1,34.1,Sri Lanka,PM Weerakkody,MADD Surangika,KJ Garth,0,0,,,,,,"",""
ball,1,34.2,Sri Lanka,PM Weerakkody,MADD Surangika,KJ Garth,0,0,,,,,,"",""
ball,1,34.3,Sri Lanka,PM Weerakkody,MADD Surangika,KJ Garth,0,0,,,,,,"",""
ball,1,34.4,Sri Lanka,PM Weerakkody,MADD Surangika,KJ Garth,1,0,,,,,,"",""
ball,1,34.5,Sri Lanka,MADD Surangika,PM Weerakkody,KJ Garth,0,0,,,,,,"",""
ball,1,34.6,Sri Lanka,MADD Surangika,PM Weerakkody,KJ Garth,1,0,,,,,,"",""
ball,1,35.1,Sri Lanka,MADD Surangika,PM Weerakkody,GH Lewis,1,0,,,,,,"",""
ball,1,35.2,Sri Lanka,PM Weerakkody,MADD Surangika,GH Lewis,1,0,,,,,,"",""
ball,1,35.3,Sri Lanka,MADD Surangika,PM Weerakkody,GH Lewis,1,0,,,,,,"",""
ball,1,35.4,Sri Lanka,PM Weerakkody,MADD Surangika,GH Lewis,0,0,,,,,,caught,PM Weerakkody
ball,1,35.5,Sri Lanka,GWHM Perera,MADD Surangika,GH Lewis,1,0,,,,,,"",""
ball,1,35.6,Sri Lanka,MADD Surangika,GWHM Perera,GH Lewis,0,0,,,,,,"",""
ball,1,36.1,Sri Lanka,GWHM Perera,MADD Surangika,KJ Garth,2,0,,,,,,"",""
ball,1,36.2,Sri Lanka,GWHM Perera,MADD Surangika,KJ Garth,4,0,,,,,,"",""
ball,1,36.3,Sri Lanka,GWHM Perera,MADD Surangika,KJ Garth,1,0,,,,,,"",""
ball,1,36.4,Sri Lanka,MADD Surangika,GWHM Perera,KJ Garth,4,0,,,,,,"",""
ball,1,36.5,Sri Lanka,MADD Surangika,GWHM Perera,KJ Garth,0,0,,,,,,"",""
ball,1,36.6,Sri Lanka,MADD Surangika,GWHM Perera,KJ Garth,4,0,,,,,,"",""
ball,1,37.1,Sri Lanka,GWHM Perera,MADD Surangika,GH Lewis,1,0,,,,,,"",""
ball,1,37.2,Sri Lanka,MADD Surangika,GWHM Perera,GH Lewis,1,0,,,,,,"",""
ball,1,37.3,Sri Lanka,GWHM Perera,MADD Surangika,GH Lewis,2,0,,,,,,"",""
ball,1,37.4,Sri Lanka,GWHM Perera,MADD Surangika,GH Lewis,1,0,,,,,,"",""
ball,1,37.5,Sri Lanka,MADD Surangika,GWHM Perera,GH Lewis,0,0,,,,,,"",""
ball,1,37.6,Sri Lanka,MADD Surangika,GWHM Perera,GH Lewis,2,0,,,,,,"",""
ball,1,38.1,Sri Lanka,GWHM Perera,MADD Surangika,CJ Metcalfe,0,0,,,,,,"",""
ball,1,38.2,Sri Lanka,GWHM Perera,MADD Surangika,CJ Metcalfe,1,0,,,,,,"",""
ball,1,38.3,Sri Lanka,MADD Surangika,GWHM Perera,CJ Metcalfe,1,0,,,,,,"",""
ball,1,38.4,Sri Lanka,GWHM Perera,MADD Surangika,CJ Metcalfe,4,0,,,,,,"",""
ball,1,38.5,Sri Lanka,GWHM Perera,MADD Surangika,CJ Metcalfe,0,0,,,,,,"",""
ball,1,38.6,Sri Lanka,GWHM Perera,MADD Surangika,CJ Metcalfe,0,0,,,,,,"",""
ball,1,39.1,Sri Lanka,MADD Surangika,GWHM Perera,GH Lewis,0,0,,,,,,"",""
ball,1,39.2,Sri Lanka,MADD Surangika,GWHM Perera,GH Lewis,0,0,,,,,,"",""
ball,1,39.3,Sri Lanka,MADD Surangika,GWHM Perera,GH Lewis,0,0,,,,,,"",""
ball,1,39.4,Sri Lanka,MADD Surangika,GWHM Perera,GH Lewis,2,0,,,,,,"",""
ball,1,39.5,Sri Lanka,MADD Surangika,GWHM Perera,GH Lewis,1,0,,,,,,"",""
ball,1,39.6,Sri Lanka,GWHM Perera,MADD Surangika,GH Lewis,0,0,,,,,,caught,GWHM Perera
ball,1,40.1,Sri Lanka,MADD Surangika,SS Weerakkody,CJ Metcalfe,1,0,,,,,,"",""
ball,1,40.2,Sri Lanka,SS Weerakkody,MADD Surangika,CJ Metcalfe,1,0,,,,,,"",""
ball,1,40.3,Sri Lanka,MADD Surangika,SS Weerakkody,CJ Metcalfe,0,0,,,,,,"",""
ball,1,40.4,Sri Lanka,MADD Surangika,SS Weerakkody,CJ Metcalfe,1,0,,,,,,"",""
ball,1,40.5,Sri Lanka,SS Weerakkody,MADD Surangika,CJ Metcalfe,1,0,,,,,,"",""
ball,1,40.6,Sri Lanka,MADD Surangika,SS Weerakkody,CJ Metcalfe,0,0,,,,,,"",""
ball,1,41.1,Sri Lanka,SS Weerakkody,MADD Surangika,GH Lewis,4,0,,,,,,"",""
ball,1,41.2,Sri Lanka,SS Weerakkody,MADD Surangika,GH Lewis,0,0,,,,,,"",""
ball,1,41.3,Sri Lanka,SS Weerakkody,MADD Surangika,GH Lewis,1,0,,,,,,"",""
ball,1,41.4,Sri Lanka,MADD Surangika,SS Weerakkody,GH Lewis,4,0,,,,,,"",""
ball,1,41.5,Sri Lanka,MADD Surangika,SS Weerakkody,GH Lewis,1,0,,,,,,"",""
ball,1,41.6,Sri Lanka,SS Weerakkody,MADD Surangika,GH Lewis,1,0,,,,,,"",""
ball,1,42.1,Sri Lanka,SS Weerakkody,MADD Surangika,CJ Metcalfe,0,0,,,,,,"",""
ball,1,42.2,Sri Lanka,SS Weerakkody,MADD Surangika,CJ Metcalfe,1,0,,,,,,"",""
ball,1,42.3,Sri Lanka,MADD Surangika,SS Weerakkody,CJ Metcalfe,1,0,,,,,,"",""
ball,1,42.4,Sri Lanka,SS Weerakkody,MADD Surangika,CJ Metcalfe,1,0,,,,,,"",""
ball,1,42.5,Sri Lanka,MADD Surangika,SS Weerakkody,CJ Metcalfe,1,0,,,,,,"",""
ball,1,42.6,Sri Lanka,SS Weerakkody,MADD Surangika,CJ Metcalfe,1,0,,,,,,"",""
ball,1,43.1,Sri Lanka,SS Weerakkody,MADD Surangika,IMHC Joyce,1,0,,,,,,"",""
ball,1,43.2,Sri Lanka,MADD Surangika,SS Weerakkody,IMHC Joyce,1,0,,,,,,"",""
ball,1,43.3,Sri Lanka,SS Weerakkody,MADD Surangika,IMHC Joyce,0,0,,,,,,caught,SS Weerakkody
ball,1,43.4,Sri Lanka,MADD Surangika,PRCS Kumarihami,IMHC Joyce,1,0,,,,,,"",""
ball,1,43.5,Sri Lanka,PRCS Kumarihami,MADD Surangika,IMHC Joyce,0,0,,,,,,"",""
ball,1,43.6,Sri Lanka,PRCS Kumarihami,MADD Surangika,IMHC Joyce,1,0,,,,,,"",""
ball,1,44.1,Sri Lanka,PRCS Kumarihami,MADD Surangika,KJ Garth,4,0,,,,,,"",""
ball,1,44.2,Sri Lanka,PRCS Kumarihami,MADD Surangika,KJ Garth,1,0,,,,,,"",""
ball,1,44.3,Sri Lanka,MADD Surangika,PRCS Kumarihami,KJ Garth,1,0,,,,,,"",""
ball,1,44.4,Sri Lanka,PRCS Kumarihami,MADD Surangika,KJ Garth,0,0,,,,,,"",""
ball,1,44.5,Sri Lanka,PRCS Kumarihami,MADD Surangika,KJ Garth,0,0,,,,,,"",""
ball,1,44.6,Sri Lanka,PRCS Kumarihami,MADD Surangika,KJ Garth,0,0,,,,,,"",""
ball,1,45.1,Sri Lanka,MADD Surangika,PRCS Kumarihami,IMHC Joyce,1,0,,,,,,"",""
ball,1,45.2,Sri Lanka,PRCS Kumarihami,MADD Surangika,IMHC Joyce,0,1,1,,,,,"",""
ball,1,45.3,Sri Lanka,PRCS Kumarihami,MADD Surangika,IMHC Joyce,0,0,,,,,,caught,PRCS Kumarihami
ball,1,45.4,Sri Lanka,KDU Prabodhani,MADD Surangika,IMHC Joyce,0,0,,,,,,"",""
ball,1,45.5,Sri Lanka,KDU Prabodhani,MADD Surangika,IMHC Joyce,2,0,,,,,,"",""
ball,1,45.6,Sri Lanka,KDU Prabodhani,MADD Surangika,IMHC Joyce,2,0,,,,,,"",""
ball,1,45.7,Sri Lanka,KDU Prabodhani,MADD Surangika,IMHC Joyce,4,0,,,,,,"",""
ball,1,46.1,Sri Lanka,MADD Surangika,KDU Prabodhani,KJ Garth,1,0,,,,,,"",""
ball,1,46.2,Sri Lanka,KDU Prabodhani,MADD Surangika,KJ Garth,4,0,,,,,,"",""
ball,1,46.3,Sri Lanka,KDU Prabodhani,MADD Surangika,KJ Garth,0,0,,,,,,"",""
ball,1,46.4,Sri Lanka,KDU Prabodhani,MADD Surangika,KJ Garth,4,0,,,,,,"",""
ball,1,46.5,Sri Lanka,KDU Prabodhani,MADD Surangika,KJ Garth,4,0,,,,,,"",""
ball,1,46.6,Sri Lanka,KDU Prabodhani,MADD Surangika,KJ Garth,1,0,,,,,,"",""
ball,1,47.1,Sri Lanka,KDU Prabodhani,MADD Surangika,IMHC Joyce,0,0,,,,,,"",""
ball,1,47.2,Sri Lanka,KDU Prabodhani,MADD Surangika,IMHC Joyce,0,0,,,,,,caught,KDU Prabodhani
ball,1,47.3,Sri Lanka,SIP Fernando,MADD Surangika,IMHC Joyce,1,0,,,,,,"",""
ball,1,47.4,Sri Lanka,MADD Surangika,SIP Fernando,IMHC Joyce,1,0,,,,,,"",""
ball,1,47.5,Sri Lanka,SIP Fernando,MADD Surangika,IMHC Joyce,1,0,,,,,,"",""
ball,1,47.6,Sri Lanka,MADD Surangika,SIP Fernando,IMHC Joyce,4,0,,,,,,"",""
ball,1,48.1,Sri Lanka,SIP Fernando,MADD Surangika,CJ Metcalfe,1,0,,,,,,"",""
ball,1,48.2,Sri Lanka,SIP Fernando,MADD Surangika,CJ Metcalfe,0,0,,,,,,"",""
ball,1,48.3,Sri Lanka,SIP Fernando,MADD Surangika,CJ Metcalfe,1,0,,,,,,"",""
ball,1,48.4,Sri Lanka,MADD Surangika,SIP Fernando,CJ Metcalfe,2,0,,,,,,"",""
ball,1,48.5,Sri Lanka,MADD Surangika,SIP Fernando,CJ Metcalfe,1,0,,,,,,"",""
ball,1,48.6,Sri Lanka,SIP Fernando,MADD Surangika,CJ Metcalfe,1,0,,,,,,"",""
ball,1,49.1,Sri Lanka,SIP Fernando,MADD Surangika,IMHC Joyce,1,0,,,,,,"",""
ball,1,49.2,Sri Lanka,MADD Surangika,SIP Fernando,IMHC Joyce,1,0,,,,,,"",""
ball,1,49.3,Sri Lanka,SIP Fernando,MADD Surangika,IMHC Joyce,1,0,,,,,,"",""
ball,1,49.4,Sri Lanka,MADD Surangika,SIP Fernando,IMHC Joyce,1,0,,,,,,"",""
ball,1,49.5,Sri Lanka,SIP Fernando,MADD Surangika,IMHC Joyce,4,0,,,,,,"",""
ball,1,49.6,Sri Lanka,SIP Fernando,MADD Surangika,IMHC Joyce,0,0,,,,,,"",""
ball,2,0.1,Ireland,MV Waldron,CNIM Joyce,KDU Prabodhani,0,0,,,,,,"",""
ball,2,0.2,Ireland,MV Waldron,CNIM Joyce,KDU Prabodhani,0,0,,,,,,"",""
ball,2,0.3,Ireland,MV Waldron,CNIM Joyce,KDU Prabodhani,0,0,,,,,,"",""
ball,2,0.4,Ireland,MV Waldron,CNIM Joyce,KDU Prabodhani,0,0,,,,,,"",""
ball,2,0.5,Ireland,MV Waldron,CNIM Joyce,KDU Prabodhani,0,0,,,,,,"",""
ball,2,0.6,Ireland,MV Waldron,CNIM Joyce,KDU Prabodhani,0,0,,,,,,"",""
ball,2,1.1,Ireland,CNIM Joyce,MV Waldron,SIP Fernando,0,0,,,,,,"",""
ball,2,1.2,Ireland,CNIM Joyce,MV Waldron,SIP Fernando,0,0,,,,,,"",""
ball,2,1.3,Ireland,CNIM Joyce,MV Waldron,SIP Fernando,0,0,,,,,,"",""
ball,2,1.4,Ireland,CNIM Joyce,MV Waldron,SIP Fernando,0,0,,,,,,"",""
ball,2,1.5,Ireland,CNIM Joyce,MV Waldron,SIP Fernando,0,0,,,,,,"",""
ball,2,1.6,Ireland,CNIM Joyce,MV Waldron,SIP Fernando,4,0,,,,,,"",""
ball,2,2.1,Ireland,MV Waldron,CNIM Joyce,KDU Prabodhani,0,0,,,,,,"",""
ball,2,2.2,Ireland,MV Waldron,CNIM Joyce,KDU Prabodhani,0,0,,,,,,"",""
ball,2,2.3,Ireland,MV Waldron,CNIM Joyce,KDU Prabodhani,0,0,,,,,,run out,CNIM Joyce
ball,2,2.4,Ireland,KJ Garth,MV Waldron,KDU Prabodhani,0,0,,,,,,"",""
ball,2,2.5,Ireland,KJ Garth,MV Waldron,KDU Prabodhani,0,0,,,,,,"",""
ball,2,2.6,Ireland,KJ Garth,MV Waldron,KDU Prabodhani,0,0,,,,,,"",""
ball,2,3.1,Ireland,MV Waldron,KJ Garth,SIP Fernando,0,0,,,,,,"",""
ball,2,3.2,Ireland,MV Waldron,KJ Garth,SIP Fernando,0,0,,,,,,"",""
ball,2,3.3,Ireland,MV Waldron,KJ Garth,SIP Fernando,1,0,,,,,,"",""
ball,2,3.4,Ireland,KJ Garth,MV Waldron,SIP Fernando,0,0,,,,,,"",""
ball,2,3.5,Ireland,KJ Garth,MV Waldron,SIP Fernando,0,0,,,,,,"",""
ball,2,3.6,Ireland,KJ Garth,MV Waldron,SIP Fernando,1,0,,,,,,"",""
ball,2,4.1,Ireland,KJ Garth,MV Waldron,KDU Prabodhani,2,0,,,,,,"",""
ball,2,4.2,Ireland,KJ Garth,MV Waldron,KDU Prabodhani,0,0,,,,,,"",""
ball,2,4.3,Ireland,KJ Garth,MV Waldron,KDU Prabodhani,1,0,,,,,,"",""
ball,2,4.4,Ireland,MV Waldron,KJ Garth,KDU Prabodhani,0,0,,,,,,"",""
ball,2,4.5,Ireland,MV Waldron,KJ Garth,KDU Prabodhani,0,0,,,,,,"",""
ball,2,4.6,Ireland,MV Waldron,KJ Garth,KDU Prabodhani,2,0,,,,,,"",""
ball,2,5.1,Ireland,KJ Garth,MV Waldron,SIP Fernando,0,0,,,,,,"",""
ball,2,5.2,Ireland,KJ Garth,MV Waldron,SIP Fernando,0,0,,,,,,"",""
ball,2,5.3,Ireland,KJ Garth,MV Waldron,SIP Fernando,0,0,,,,,,"",""
ball,2,5.4,Ireland,KJ Garth,MV Waldron,SIP Fernando,0,0,,,,,,lbw,KJ Garth
ball,2,5.5,Ireland,L Delany,MV Waldron,SIP Fernando,0,0,,,,,,"",""
ball,2,5.6,Ireland,L Delany,MV Waldron,SIP Fernando,0,0,,,,,,"",""
ball,2,6.1,Ireland,MV Waldron,L Delany,KDU Prabodhani,0,0,,,,,,"",""
ball,2,6.2,Ireland,MV Waldron,L Delany,KDU Prabodhani,0,0,,,,,,"",""
ball,2,6.3,Ireland,MV Waldron,L Delany,KDU Prabodhani,0,0,,,,,,"",""
ball,2,6.4,Ireland,MV Waldron,L Delany,KDU Prabodhani,0,0,,,,,,"",""
ball,2,6.5,Ireland,MV Waldron,L Delany,KDU Prabodhani,0,0,,,,,,"",""
ball,2,6.6,Ireland,MV Waldron,L Delany,KDU Prabodhani,0,0,,,,,,"",""
ball,2,7.1,Ireland,L Delany,MV Waldron,SIP Fernando,1,0,,,,,,"",""
ball,2,7.2,Ireland,MV Waldron,L Delany,SIP Fernando,0,0,,,,,,"",""
ball,2,7.3,Ireland,MV Waldron,L Delany,SIP Fernando,0,0,,,,,,"",""
ball,2,7.4,Ireland,MV Waldron,L Delany,SIP Fernando,0,0,,,,,,"",""
ball,2,7.5,Ireland,MV Waldron,L Delany,SIP Fernando,2,0,,,,,,"",""
ball,2,7.6,Ireland,MV Waldron,L Delany,SIP Fernando,0,0,,,,,,"",""
ball,2,8.1,Ireland,L Delany,MV Waldron,KDU Prabodhani,1,0,,,,,,"",""
ball,2,8.2,Ireland,MV Waldron,L Delany,KDU Prabodhani,0,0,,,,,,"",""
ball,2,8.3,Ireland,MV Waldron,L Delany,KDU Prabodhani,0,0,,,,,,"",""
ball,2,8.4,Ireland,MV Waldron,L Delany,KDU Prabodhani,0,0,,,,,,"",""
ball,2,8.5,Ireland,MV Waldron,L Delany,KDU Prabodhani,1,0,,,,,,"",""
ball,2,8.6,Ireland,L Delany,MV Waldron,KDU Prabodhani,0,0,,,,,,"",""
ball,2,9.1,Ireland,MV Waldron,L Delany,SIP Fernando,0,0,,,,,,"",""
ball,2,9.2,Ireland,MV Waldron,L Delany,SIP Fernando,0,1,1,,,,,"",""
ball,2,9.3,Ireland,MV Waldron,L Delany,SIP Fernando,1,0,,,,,,"",""
ball,2,9.4,Ireland,L Delany,MV Waldron,SIP Fernando,0,1,1,,,,,"",""
ball,2,9.5,Ireland,L Delany,MV Waldron,SIP Fernando,0,0,,,,,,"",""
ball,2,9.6,Ireland,L Delany,MV Waldron,SIP Fernando,0,0,,,,,,"",""
ball,2,9.7,Ireland,L Delany,MV Waldron,SIP Fernando,0,0,,,,,,"",""
ball,2,9.8,Ireland,L Delany,MV Waldron,SIP Fernando,1,0,,,,,,"",""
ball,2,10.1,Ireland,L Delany,MV Waldron,KDU Prabodhani,0,0,,,,,,"",""
ball,2,10.2,Ireland,L Delany,MV Waldron,KDU Prabodhani,1,0,,,,,,"",""
ball,2,10.3,Ireland,MV Waldron,L Delany,KDU Prabodhani,0,0,,,,,,"",""
ball,2,10.4,Ireland,MV Waldron,L Delany,KDU Prabodhani,0,0,,,,,,"",""
ball,2,10.5,Ireland,MV Waldron,L Delany,KDU Prabodhani,0,0,,,,,,"",""
ball,2,10.6,Ireland,MV Waldron,L Delany,KDU Prabodhani,1,0,,,,,,"",""
ball,2,11.1,Ireland,MV Waldron,L Delany,SIP Fernando,0,0,,,,,,"",""
ball,2,11.2,Ireland,MV Waldron,L Delany,SIP Fernando,1,0,,,,,,"",""
ball,2,11.3,Ireland,L Delany,MV Waldron,SIP Fernando,1,0,,,,,,"",""
ball,2,11.4,Ireland,MV Waldron,L Delany,SIP Fernando,0,0,,,,,,lbw,MV Waldron
ball,2,11.5,Ireland,IMHC Joyce,L Delany,SIP Fernando,0,0,,,,,,"",""
ball,2,11.6,Ireland,IMHC Joyce,L Delany,SIP Fernando,0,0,,,,,,"",""
ball,2,12.1,Ireland,L Delany,IMHC Joyce,KDU Prabodhani,0,0,,,,,,"",""
ball,2,12.2,Ireland,L Delany,IMHC Joyce,KDU Prabodhani,1,0,,,,,,"",""
ball,2,12.3,Ireland,IMHC Joyce,L Delany,KDU Prabodhani,0,0,,,,,,"",""
ball,2,12.4,Ireland,IMHC Joyce,L Delany,KDU Prabodhani,0,0,,,,,,"",""
ball,2,12.5,Ireland,IMHC Joyce,L Delany,KDU Prabodhani,0,0,,,,,,"",""
ball,2,12.6,Ireland,IMHC Joyce,L Delany,KDU Prabodhani,0,0,,,,,,"",""
ball,2,13.1,Ireland,L Delany,IMHC Joyce,SIP Fernando,0,1,1,,,,,"",""
ball,2,13.2,Ireland,L Delany,IMHC Joyce,SIP Fernando,1,0,,,,,,"",""
ball,2,13.3,Ireland,IMHC Joyce,L Delany,SIP Fernando,0,0,,,,,,"",""
ball,2,13.4,Ireland,IMHC Joyce,L Delany,SIP Fernando,0,0,,,,,,caught,IMHC Joyce
ball,2,13.5,Ireland,GH Lewis,L Delany,SIP Fernando,0,0,,,,,,"",""
ball,2,13.6,Ireland,GH Lewis,L Delany,SIP Fernando,0,0,,,,,,"",""
ball,2,13.7,Ireland,GH Lewis,L Delany,SIP Fernando,0,0,,,,,,"",""
ball,2,14.1,Ireland,L Delany,GH Lewis,SS Weerakkody,0,1,1,,,,,"",""
ball,2,14.2,Ireland,L Delany,GH Lewis,SS Weerakkody,0,0,,,,,,"",""
ball,2,14.3,Ireland,L Delany,GH Lewis,SS Weerakkody,0,0,,,,,,"",""
ball,2,14.4,Ireland,L Delany,GH Lewis,SS Weerakkody,0,0,,,,,,"",""
ball,2,14.5,Ireland,L Delany,GH Lewis,SS Weerakkody,0,0,,,,,,"",""
ball,2,14.6,Ireland,L Delany,GH Lewis,SS Weerakkody,0,0,,,,,,"",""
ball,2,14.7,Ireland,L Delany,GH Lewis,SS Weerakkody,0,0,,,,,,"",""
ball,2,15.1,Ireland,GH Lewis,L Delany,SIP Fernando,0,0,,,,,,"",""
ball,2,15.2,Ireland,GH Lewis,L Delany,SIP Fernando,0,0,,,,,,"",""
ball,2,15.3,Ireland,GH Lewis,L Delany,SIP Fernando,1,0,,,,,,"",""
ball,2,15.4,Ireland,L Delany,GH Lewis,SIP Fernando,0,0,,,,,,"",""
ball,2,15.5,Ireland,L Delany,GH Lewis,SIP Fernando,0,0,,,,,,"",""
ball,2,15.6,Ireland,L Delany,GH Lewis,SIP Fernando,1,0,,,,,,"",""
ball,2,16.1,Ireland,L Delany,GH Lewis,SS Weerakkody,0,0,,,,,,"",""
ball,2,16.2,Ireland,L Delany,GH Lewis,SS Weerakkody,0,0,,,,,,"",""
ball,2,16.3,Ireland,L Delany,GH Lewis,SS Weerakkody,0,0,,,,,,"",""
ball,2,16.4,Ireland,L Delany,GH Lewis,SS Weerakkody,1,0,,,,,,"",""
ball,2,16.5,Ireland,GH Lewis,L Delany,SS Weerakkody,4,0,,,,,,"",""
ball,2,16.6,Ireland,GH Lewis,L Delany,SS Weerakkody,0,0,,,,,,"",""
ball,2,17.1,Ireland,L Delany,GH Lewis,SIP Fernando,1,0,,,,,,"",""
ball,2,17.2,Ireland,GH Lewis,L Delany,SIP Fernando,0,0,,,,,,"",""
ball,2,17.3,Ireland,GH Lewis,L Delany,SIP Fernando,0,0,,,,,,"",""
ball,2,17.4,Ireland,GH Lewis,L Delany,SIP Fernando,0,0,,,,,,"",""
ball,2,17.5,Ireland,GH Lewis,L Delany,SIP Fernando,0,0,,,,,,"",""
ball,2,17.6,Ireland,GH Lewis,L Delany,SIP Fernando,0,0,,,,,,"",""
ball,2,18.1,Ireland,L Delany,GH Lewis,SS Weerakkody,0,0,,,,,,"",""
ball,2,18.2,Ireland,L Delany,GH Lewis,SS Weerakkody,0,0,,,,,,"",""
ball,2,18.3,Ireland,L Delany,GH Lewis,SS Weerakkody,0,0,,,,,,"",""
ball,2,18.4,Ireland,L Delany,GH Lewis,SS Weerakkody,0,0,,,,,,"",""
ball,2,18.5,Ireland,L Delany,GH Lewis,SS Weerakkody,0,0,,,,,,"",""
ball,2,18.6,Ireland,L Delany,GH Lewis,SS Weerakkody,1,0,,,,,,"",""
ball,2,19.1,Ireland,L Delany,GH Lewis,SIP Fernando,0,0,,,,,,"",""
ball,2,19.2,Ireland,L Delany,GH Lewis,SIP Fernando,0,0,,,,,,"",""
ball,2,19.3,Ireland,L Delany,GH Lewis,SIP Fernando,0,0,,,,,,"",""
ball,2,19.4,Ireland,L Delany,GH Lewis,SIP Fernando,1,0,,,,,,"",""
ball,2,19.5,Ireland,GH Lewis,L Delany,SIP Fernando,0,0,,,,,,"",""
ball,2,19.6,Ireland,GH Lewis,L Delany,SIP Fernando,0,0,,,,,,"",""
ball,2,20.1,Ireland,L Delany,GH Lewis,SS Weerakkody,0,0,,,,,,"",""
ball,2,20.2,Ireland,L Delany,GH Lewis,SS Weerakkody,0,0,,,,,,"",""
ball,2,20.3,Ireland,L Delany,GH Lewis,SS Weerakkody,1,0,,,,,,"",""
ball,2,20.4,Ireland,GH Lewis,L Delany,SS Weerakkody,0,0,,,,,,"",""
ball,2,20.5,Ireland,GH Lewis,L Delany,SS Weerakkody,1,0,,,,,,"",""
ball,2,20.6,Ireland,L Delany,GH Lewis,SS Weerakkody,1,0,,,,,,"",""
ball,2,21.1,Ireland,L Delany,GH Lewis,I Ranaweera,0,0,,,,,,"",""
ball,2,21.2,Ireland,L Delany,GH Lewis,I Ranaweera,0,0,,,,,,"",""
ball,2,21.3,Ireland,L Delany,GH Lewis,I Ranaweera,0,0,,,,,,"",""
ball,2,21.4,Ireland,L Delany,GH Lewis,I Ranaweera,0,0,,,,,,"",""
ball,2,21.5,Ireland,L Delany,GH Lewis,I Ranaweera,0,0,,,,,,"",""
ball,2,21.6,Ireland,L Delany,GH Lewis,I Ranaweera,0,0,,,,,,"",""
ball,2,22.1,Ireland,GH Lewis,L Delany,SS Weerakkody,0,0,,,,,,"",""
ball,2,22.2,Ireland,GH Lewis,L Delany,SS Weerakkody,4,0,,,,,,"",""
ball,2,22.3,Ireland,GH Lewis,L Delany,SS Weerakkody,0,0,,,,,,caught,GH Lewis
ball,2,22.4,Ireland,CMA Shillington,L Delany,SS Weerakkody,0,0,,,,,,"",""
ball,2,22.5,Ireland,CMA Shillington,L Delany,SS Weerakkody,0,0,,,,,,"",""
ball,2,22.6,Ireland,CMA Shillington,L Delany,SS Weerakkody,2,0,,,,,,"",""
ball,2,23.1,Ireland,L Delany,CMA Shillington,I Ranaweera,1,0,,,,,,"",""
ball,2,23.2,Ireland,CMA Shillington,L Delany,I Ranaweera,0,0,,,,,,"",""
ball,2,23.3,Ireland,CMA Shillington,L Delany,I Ranaweera,4,0,,,,,,"",""
ball,2,23.4,Ireland,CMA Shillington,L Delany,I Ranaweera,0,0,,,,,,"",""
ball,2,23.5,Ireland,CMA Shillington,L Delany,I Ranaweera,0,0,,,,,,"",""
ball,2,23.6,Ireland,CMA Shillington,L Delany,I Ranaweera,0,0,,,,,,"",""
ball,2,24.1,Ireland,L Delany,CMA Shillington,SS Weerakkody,0,0,,,,,,"",""
ball,2,24.2,Ireland,L Delany,CMA Shillington,SS Weerakkody,0,0,,,,,,"",""
ball,2,24.3,Ireland,L Delany,CMA Shillington,SS Weerakkody,0,0,,,,,,caught,L Delany
ball,2,24.4,Ireland,RA Lewis,CMA Shillington,SS Weerakkody,0,0,,,,,,"",""
ball,2,24.5,Ireland,RA Lewis,CMA Shillington,SS Weerakkody,0,0,,,,,,"",""
ball,2,24.6,Ireland,RA Lewis,CMA Shillington,SS Weerakkody,2,0,,,,,,"",""
ball,2,25.1,Ireland,CMA Shillington,RA Lewis,I Ranaweera,0,0,,,,,,"",""
ball,2,25.2,Ireland,CMA Shillington,RA Lewis,I Ranaweera,1,0,,,,,,"",""
ball,2,25.3,Ireland,RA Lewis,CMA Shillington,I Ranaweera,0,0,,,,,,"",""
ball,2,25.4,Ireland,RA Lewis,CMA Shillington,I Ranaweera,0,0,,,,,,"",""
ball,2,25.5,Ireland,RA Lewis,CMA Shillington,I Ranaweera,0,0,,,,,,"",""
ball,2,25.6,Ireland,RA Lewis,CMA Shillington,I Ranaweera,0,0,,,,,,"",""
ball,2,26.1,Ireland,CMA Shillington,RA Lewis,SS Weerakkody,4,0,,,,,,"",""
ball,2,26.2,Ireland,CMA Shillington,RA Lewis,SS Weerakkody,0,0,,,,,,"",""
ball,2,26.3,Ireland,CMA Shillington,RA Lewis,SS Weerakkody,4,0,,,,,,"",""
ball,2,26.4,Ireland,CMA Shillington,RA Lewis,SS Weerakkody,1,0,,,,,,"",""
ball,2,26.5,Ireland,RA Lewis,CMA Shillington,SS Weerakkody,0,0,,,,,,"",""
ball,2,26.6,Ireland,RA Lewis,CMA Shillington,SS Weerakkody,0,0,,,,,,"",""
ball,2,27.1,Ireland,CMA Shillington,RA Lewis,I Ranaweera,0,0,,,,,,"",""
ball,2,27.2,Ireland,CMA Shillington,RA Lewis,I Ranaweera,0,0,,,,,,"",""
ball,2,27.3,Ireland,CMA Shillington,RA Lewis,I Ranaweera,4,0,,,,,,"",""
ball,2,27.4,Ireland,CMA Shillington,RA Lewis,I Ranaweera,0,1,,,,1,,"",""
ball,2,27.5,Ireland,RA Lewis,CMA Shillington,I Ranaweera,0,0,,,,,,caught,RA Lewis
ball,2,27.6,Ireland,LN McCarthy,CMA Shillington,I Ranaweera,0,0,,,,,,"",""
ball,2,28.1,Ireland,CMA Shillington,LN McCarthy,SS Weerakkody,1,0,,,,,,"",""
ball,2,28.2,Ireland,LN McCarthy,CMA Shillington,SS Weerakkody,0,0,,,,,,"",""
ball,2,28.3,Ireland,LN McCarthy,CMA Shillington,SS Weerakkody,1,0,,,,,,"",""
ball,2,28.4,Ireland,CMA Shillington,LN McCarthy,SS Weerakkody,0,0,,,,,,"",""
ball,2,28.5,Ireland,CMA Shillington,LN McCarthy,SS Weerakkody,0,0,,,,,,"",""
ball,2,28.6,Ireland,CMA Shillington,LN McCarthy,SS Weerakkody,0,0,,,,,,"",""
ball,2,29.1,Ireland,LN McCarthy,CMA Shillington,I Ranaweera,0,0,,,,,,"",""
ball,2,29.2,Ireland,LN McCarthy,CMA Shillington,I Ranaweera,0,0,,,,,,"",""
ball,2,29.3,Ireland,LN McCarthy,CMA Shillington,I Ranaweera,0,0,,,,,,"",""
ball,2,29.4,Ireland,LN McCarthy,CMA Shillington,I Ranaweera,0,0,,,,,,"",""
ball,2,29.5,Ireland,LN McCarthy,CMA Shillington,I Ranaweera,0,0,,,,,,"",""
ball,2,29.6,Ireland,LN McCarthy,CMA Shillington,I Ranaweera,0,0,,,,,,"",""
ball,2,30.1,Ireland,CMA Shillington,LN McCarthy,SS Weerakkody,1,0,,,,,,"",""
ball,2,30.2,Ireland,LN McCarthy,CMA Shillington,SS Weerakkody,1,0,,,,,,"",""
ball,2,30.3,Ireland,CMA Shillington,LN McCarthy,SS Weerakkody,1,0,,,,,,"",""
ball,2,30.4,Ireland,LN McCarthy,CMA Shillington,SS Weerakkody,0,0,,,,,,"",""
ball,2,30.5,Ireland,LN McCarthy,CMA Shillington,SS Weerakkody,0,0,,,,,,"",""
ball,2,30.6,Ireland,LN McCarthy,CMA Shillington,SS Weerakkody,1,0,,,,,,"",""
ball,2,31.1,Ireland,LN McCarthy,CMA Shillington,I Ranaweera,0,0,,,,,,"",""
ball,2,31.2,Ireland,LN McCarthy,CMA Shillington,I Ranaweera,0,0,,,,,,"",""
ball,2,31.3,Ireland,LN McCarthy,CMA Shillington,I Ranaweera,0,0,,,,,,"",""
ball,2,31.4,Ireland,LN McCarthy,CMA Shillington,I Ranaweera,0,0,,,,,,caught,LN McCarthy
ball,2,31.5,Ireland,CMA Shillington,CJ Metcalfe,I Ranaweera,0,0,,,,,,"",""
ball,2,31.6,Ireland,CMA Shillington,CJ Metcalfe,I Ranaweera,0,0,,,,,,"",""
ball,2,32.1,Ireland,CJ Metcalfe,CMA Shillington,SS Weerakkody,0,0,,,,,,"",""
ball,2,32.2,Ireland,CJ Metcalfe,CMA Shillington,SS Weerakkody,0,0,,,,,,"",""
ball,2,32.3,Ireland,CJ Metcalfe,CMA Shillington,SS Weerakkody,0,0,,,,,,"",""
ball,2,32.4,Ireland,CJ Metcalfe,CMA Shillington,SS Weerakkody,1,0,,,,,,"",""
ball,2,32.5,Ireland,CMA Shillington,CJ Metcalfe,SS Weerakkody,2,0,,,,,,"",""
ball,2,32.6,Ireland,CMA Shillington,CJ Metcalfe,SS Weerakkody,1,0,,,,,,"",""
ball,2,33.1,Ireland,CMA Shillington,CJ Metcalfe,I Ranaweera,0,0,,,,,,"",""
ball,2,33.2,Ireland,CMA Shillington,CJ Metcalfe,I Ranaweera,0,0,,,,,,"",""
ball,2,33.3,Ireland,CMA Shillington,CJ Metcalfe,I Ranaweera,0,0,,,,,,"",""
ball,2,33.4,Ireland,CMA Shillington,CJ Metcalfe,I Ranaweera,0,0,,,,,,"",""
ball,2,33.5,Ireland,CMA Shillington,CJ Metcalfe,I Ranaweera,0,0,,,,,,"",""
ball,2,33.6,Ireland,CMA Shillington,CJ Metcalfe,I Ranaweera,0,0,,,,,,"",""
ball,2,34.1,Ireland,CJ Metcalfe,CMA Shillington,LE Kaushalya,0,0,,,,,,"",""
ball,2,34.2,Ireland,CJ Metcalfe,CMA Shillington,LE Kaushalya,0,0,,,,,,"",""
ball,2,34.3,Ireland,CJ Metcalfe,CMA Shillington,LE Kaushalya,0,0,,,,,,"",""
ball,2,34.4,Ireland,CJ Metcalfe,CMA Shillington,LE Kaushalya,1,0,,,,,,"",""
ball,2,34.5,Ireland,CMA Shillington,CJ Metcalfe,LE Kaushalya,2,0,,,,,,"",""
ball,2,34.6,Ireland,CMA Shillington,CJ Metcalfe,LE Kaushalya,4,0,,,,,,"",""
ball,2,35.1,Ireland,CJ Metcalfe,CMA Shillington,I Ranaweera,0,0,,,,,,"",""
ball,2,35.2,Ireland,CJ Metcalfe,CMA Shillington,I Ranaweera,2,0,,,,,,"",""
ball,2,35.3,Ireland,CJ Metcalfe,CMA Shillington,I Ranaweera,0,0,,,,,,"",""
ball,2,35.4,Ireland,CJ Metcalfe,CMA Shillington,I Ranaweera,0,0,,,,,,"",""
ball,2,35.5,Ireland,CJ Metcalfe,CMA Shillington,I Ranaweera,0,1,,,,1,,"",""
ball,2,35.6,Ireland,CMA Shillington,CJ Metcalfe,I Ranaweera,4,0,,,,,,"",""
ball,2,36.1,Ireland,CJ Metcalfe,CMA Shillington,KDU Prabodhani,0,0,,,,,,caught,CJ Metcalfe
