version,1.6.0
info,balls_per_over,6
info,team,Sri Lanka
info,team,South Africa
info,gender,female
info,season,2016/17
info,date,2017/02/17
info,event,ICC Women's World Cup Qualifier
info,match_number,24
info,venue,P Sara Oval
info,city,Colombo
info,toss_winner,Sri Lanka
info,toss_decision,bat
info,player_of_match,S Luus
info,umpire,CA Polosak
info,umpire,IN Ramage
info,reserve_umpire,JM Williams
info,winner,South Africa
info,winner_wickets,9
info,player,South Africa,L Lee
info,player,South Africa,L Wolvaardt
info,player,South Africa,S Luus
info,player,South Africa,T Chetty
info,player,South Africa,M Kapp
info,player,South Africa,CL Tryon
info,player,South Africa,D van Niekerk
info,player,South Africa,M du Preez
info,player,South Africa,S Ismail
info,player,South Africa,A Khaka
info,player,South Africa,M Daniels
info,player,Sri Lanka,MDN Hansika
info,player,Sri Lanka,AC Jayangani
info,player,Sri Lanka,PRCS Kumarihami
info,player,Sri Lanka,MADD Surangika
info,player,Sri Lanka,PM Weerakkody
info,player,Sri Lanka,LE Kaushalya
info,player,Sri Lanka,GWHM Perera
info,player,Sri Lanka,SS Weerakkody
info,player,Sri Lanka,KDU Prabodhani
info,player,Sri Lanka,I Ranaweera
info,player,Sri Lanka,BMSM Kumari
info,registry,people,A Khaka,0d518f89
info,registry,people,AC Jayangani,ac56b5a7
info,registry,people,BMSM Kumari,b55fb828
info,registry,people,CA Polosak,26a360d2
info,registry,people,CL Tryon,4d4605e6
info,registry,people,D van Niekerk,8c5775f3
info,registry,people,GWHM Perera,53068b45
info,registry,people,I Ranaweera,a61850e6
info,registry,people,IN Ramage,33cb7803
info,registry,people,JM Williams,b61d9d70
info,registry,people,KDU Prabodhani,a0fdf513
info,registry,people,L Lee,7b01ce83
info,registry,people,L Wolvaardt,e60f81c9
info,registry,people,LE Kaushalya,8b552293
info,registry,people,M Daniels,16443d2f
info,registry,people,M Kapp,63e3b6b3
info,registry,people,M du Preez,e219f17a
info,registry,people,MADD Surangika,3f440bd6
info,registry,people,MDN Hansika,dfc89c58
info,registry,people,PM Weerakkody,1b3718d2
info,registry,people,PRCS Kumarihami,a1c4aed5
info,registry,people,S Ismail,108c4c09
info,registry,people,S Luus,6d76bc23
info,registry,people,SS Weerakkody,5f862ccd
info,registry,people,T Chetty,53a5767d
ball,1,0.1,Sri Lanka,MDN Hansika,AC Jayangani,S Ismail,0,1,1,,,,,"",""
ball,1,0.2,Sri Lanka,MDN Hansika,AC Jayangani,S Ismail,0,0,,,,,,"",""
ball,1,0.3,Sri Lanka,MDN Hansika,AC Jayangani,S Ismail,0,0,,,,,,"",""
ball,1,0.4,Sri Lanka,MDN Hansika,AC Jayangani,S Ismail,0,0,,,,,,"",""
ball,1,0.5,Sri Lanka,MDN Hansika,AC Jayangani,S Ismail,1,0,,,,,,"",""
ball,1,0.6,Sri Lanka,AC Jayangani,MDN Hansika,S Ismail,0,0,,,,,,"",""
ball,1,0.7,Sri Lanka,AC Jayangani,MDN Hansika,S Ismail,0,0,,,,,,"",""
ball,1,1.1,Sri Lanka,MDN Hansika,AC Jayangani,M Kapp,0,0,,,,,,"",""
ball,1,1.2,Sri Lanka,MDN Hansika,AC Jayangani,M Kapp,0,1,,,,1,,"",""
ball,1,1.3,Sri Lanka,AC Jayangani,MDN Hansika,M Kapp,0,0,,,,,,lbw,AC Jayangani
ball,1,1.4,Sri Lanka,PRCS Kumarihami,MDN Hansika,M Kapp,0,1,,,,1,,"",""
ball,1,1.5,Sri Lanka,MDN Hansika,PRCS Kumarihami,M Kapp,0,1,1,,,,,"",""
ball,1,1.6,Sri Lanka,MDN Hansika,PRCS Kumarihami,M Kapp,0,0,,,,,,"",""
ball,1,1.7,Sri Lanka,MDN Hansika,PRCS Kumarihami,M Kapp,0,0,,,,,,"",""
ball,1,2.1,Sri Lanka,PRCS Kumarihami,MDN Hansika,S Ismail,0,0,,,,,,"",""
ball,1,2.2,Sri Lanka,PRCS Kumarihami,MDN Hansika,S Ismail,0,0,,,,,,"",""
ball,1,2.3,Sri Lanka,PRCS Kumarihami,MDN Hansika,S Ismail,0,0,,,,,,"",""
ball,1,2.4,Sri Lanka,PRCS Kumarihami,MDN Hansika,S Ismail,0,0,,,,,,"",""
ball,1,2.5,Sri Lanka,PRCS Kumarihami,MDN Hansika,S Ismail,0,0,,,,,,"",""
ball,1,2.6,Sri Lanka,PRCS Kumarihami,MDN Hansika,S Ismail,0,0,,,,,,"",""
ball,1,3.1,Sri Lanka,MDN Hansika,PRCS Kumarihami,M Kapp,4,0,,,,,,"",""
ball,1,3.2,Sri Lanka,MDN Hansika,PRCS Kumarihami,M Kapp,2,0,,,,,,"",""
ball,1,3.3,Sri Lanka,MDN Hansika,PRCS Kumarihami,M Kapp,0,0,,,,,,"",""
ball,1,3.4,Sri Lanka,MDN Hansika,PRCS Kumarihami,M Kapp,0,0,,,,,,"",""
ball,1,3.5,Sri Lanka,MDN Hansika,PRCS Kumarihami,M Kapp,0,0,,,,,,"",""
ball,1,3.6,Sri Lanka,MDN Hansika,PRCS Kumarihami,M Kapp,0,0,,,,,,"",""
ball,1,4.1,Sri Lanka,PRCS Kumarihami,MDN Hansika,S Ismail,0,0,,,,,,"",""
ball,1,4.2,Sri Lanka,PRCS Kumarihami,MDN Hansika,S Ismail,0,0,,,,,,"",""
ball,1,4.3,Sri Lanka,PRCS Kumarihami,MDN Hansika,S Ismail,0,4,,,,4,,"",""
ball,1,4.4,Sri Lanka,PRCS Kumarihami,MDN Hansika,S Ismail,1,0,,,,,,"",""
ball,1,4.5,Sri Lanka,MDN Hansika,PRCS Kumarihami,S Ismail,0,0,,,,,,"",""
ball,1,4.6,Sri Lanka,MDN Hansika,PRCS Kumarihami,S Ismail,0,0,,,,,,"",""
ball,1,5.1,Sri Lanka,PRCS Kumarihami,MDN Hansika,M Kapp,0,0,,,,,,"",""
ball,1,5.2,Sri Lanka,PRCS Kumarihami,MDN Hansika,M Kapp,0,0,,,,,,"",""
ball,1,5.3,Sri Lanka,PRCS Kumarihami,MDN Hansika,M Kapp,0,0,,,,,,"",""
ball,1,5.4,Sri Lanka,PRCS Kumarihami,MDN Hansika,M Kapp,1,0,,,,,,"",""
ball,1,5.5,Sri Lanka,MDN Hansika,PRCS Kumarihami,M Kapp,0,0,,,,,,"",""
ball,1,5.6,Sri Lanka,MDN Hansika,PRCS Kumarihami,M Kapp,0,0,,,,,,"",""
ball,1,6.1,Sri Lanka,PRCS Kumarihami,MDN Hansika,S Ismail,1,0,,,,,,"",""
ball,1,6.2,Sri Lanka,MDN Hansika,PRCS Kumarihami,S Ismail,0,1,1,,,,,"",""
ball,1,6.3,Sri Lanka,MDN Hansika,PRCS Kumarihami,S Ismail,0,0,,,,,,"",""
ball,1,6.4,Sri Lanka,MDN Hansika,PRCS Kumarihami,S Ismail,0,0,,,,,,"",""
ball,1,6.5,Sri Lanka,MDN Hansika,PRCS Kumarihami,S Ismail,0,0,,,,,,"",""
ball,1,6.6,Sri Lanka,MDN Hansika,PRCS Kumarihami,S Ismail,1,0,,,,,,"",""
ball,1,6.7,Sri Lanka,PRCS Kumarihami,MDN Hansika,S Ismail,0,0,,,,,,"",""
ball,1,7.1,Sri Lanka,MDN Hansika,PRCS Kumarihami,M Kapp,0,0,,,,,,"",""
ball,1,7.2,Sri Lanka,MDN Hansika,PRCS Kumarihami,M Kapp,1,0,,,,,,"",""
ball,1,7.3,Sri Lanka,PRCS Kumarihami,MDN Hansika,M Kapp,0,0,,,,,,"",""
ball,1,7.4,Sri Lanka,PRCS Kumarihami,MDN Hansika,M Kapp,0,0,,,,,,"",""
ball,1,7.5,Sri Lanka,PRCS Kumarihami,MDN Hansika,M Kapp,0,0,,,,,,"",""
ball,1,7.6,Sri Lanka,PRCS Kumarihami,MDN Hansika,M Kapp,0,0,,,,,,"",""
ball,1,8.1,Sri Lanka,MDN Hansika,PRCS Kumarihami,S Ismail,0,0,,,,,,"",""
ball,1,8.2,Sri Lanka,MDN Hansika,PRCS Kumarihami,S Ismail,0,0,,,,,,"",""
ball,1,8.3,Sri Lanka,MDN Hansika,PRCS Kumarihami,S Ismail,0,0,,,,,,"",""
ball,1,8.4,Sri Lanka,MDN Hansika,PRCS Kumarihami,S Ismail,1,0,,,,,,"",""
ball,1,8.5,Sri Lanka,PRCS Kumarihami,MDN Hansika,S Ismail,0,0,,,,,,"",""
ball,1,8.6,Sri Lanka,PRCS Kumarihami,MDN Hansika,S Ismail,4,0,,,,,,"",""
ball,1,9.1,Sri Lanka,MDN Hansika,PRCS Kumarihami,A Khaka,0,0,,,,,,"",""
ball,1,9.2,Sri Lanka,MDN Hansika,PRCS Kumarihami,A Khaka,0,0,,,,,,"",""
ball,1,9.3,Sri Lanka,MDN Hansika,PRCS Kumarihami,A Khaka,1,0,,,,,,"",""
ball,1,9.4,Sri Lanka,PRCS Kumarihami,MDN Hansika,A Khaka,0,0,,,,,,"",""
ball,1,9.5,Sri Lanka,PRCS Kumarihami,MDN Hansika,A Khaka,0,0,,,,,,"",""
ball,1,9.6,Sri Lanka,PRCS Kumarihami,MDN Hansika,A Khaka,0,0,,,,,,"",""
ball,1,10.1,Sri Lanka,MDN Hansika,PRCS Kumarihami,M Daniels,0,0,,,,,,"",""
ball,1,10.2,Sri Lanka,MDN Hansika,PRCS Kumarihami,M Daniels,2,0,,,,,,"",""
ball,1,10.3,Sri Lanka,MDN Hansika,PRCS Kumarihami,M Daniels,0,0,,,,,,"",""
ball,1,10.4,Sri Lanka,MDN Hansika,PRCS Kumarihami,M Daniels,1,0,,,,,,"",""
ball,1,10.5,Sri Lanka,PRCS Kumarihami,MDN Hansika,M Daniels,0,1,1,,,,,"",""
ball,1,10.6,Sri Lanka,PRCS Kumarihami,MDN Hansika,M Daniels,1,0,,,,,,"",""
ball,1,10.7,Sri Lanka,MDN Hansika,PRCS Kumarihami,M Daniels,0,0,,,,,,"",""
ball,1,11.1,Sri Lanka,PRCS Kumarihami,MDN Hansika,A Khaka,0,0,,,,,,"",""
ball,1,11.2,Sri Lanka,PRCS Kumarihami,MDN Hansika,A Khaka,1,0,,,,,,"",""
ball,1,11.3,Sri Lanka,MDN Hansika,PRCS Kumarihami,A Khaka,0,1,,,,1,,"",""
ball,1,11.4,Sri Lanka,PRCS Kumarihami,MDN Hansika,A Khaka,0,0,,,,,,"",""
ball,1,11.5,Sri Lanka,PRCS Kumarihami,MDN Hansika,A Khaka,0,0,,,,,,"",""
ball,1,11.6,Sri Lanka,PRCS Kumarihami,MDN Hansika,A Khaka,0,0,,,,,,"",""
ball,1,12.1,Sri Lanka,MDN Hansika,PRCS Kumarihami,M Daniels,0,0,,,,,,"",""
ball,1,12.2,Sri Lanka,MDN Hansika,PRCS Kumarihami,M Daniels,1,0,,,,,,"",""
ball,1,12.3,Sri Lanka,PRCS Kumarihami,MDN Hansika,M Daniels,0,0,,,,,,"",""
ball,1,12.4,Sri Lanka,PRCS Kumarihami,MDN Hansika,M Daniels,0,1,1,,,,,"",""
ball,1,12.5,Sri Lanka,PRCS Kumarihami,MDN Hansika,M Daniels,0,0,,,,,,"",""
ball,1,12.6,Sri Lanka,PRCS Kumarihami,MDN Hansika,M Daniels,0,0,,,,,,"",""
ball,1,12.7,Sri Lanka,PRCS Kumarihami,MDN Hansika,M Daniels,0,0,,,,,,"",""
ball,1,13.1,Sri Lanka,MDN Hansika,PRCS Kumarihami,A Khaka,1,0,,,,,,"",""
ball,1,13.2,Sri Lanka,PRCS Kumarihami,MDN Hansika,A Khaka,0,0,,,,,,"",""
ball,1,13.3,Sri Lanka,PRCS Kumarihami,MDN Hansika,A Khaka,0,0,,,,,,"",""
ball,1,13.4,Sri Lanka,PRCS Kumarihami,MDN Hansika,A Khaka,0,0,,,,,,"",""
ball,1,13.5,Sri Lanka,PRCS Kumarihami,MDN Hansika,A Khaka,0,0,,,,,,"",""
ball,1,13.6,Sri Lanka,PRCS Kumarihami,MDN Hansika,A Khaka,1,0,,,,,,"",""
ball,1,14.1,Sri Lanka,PRCS Kumarihami,MDN Hansika,M Daniels,1,0,,,,,,"",""
ball,1,14.2,Sri Lanka,MDN Hansika,PRCS Kumarihami,M Daniels,0,0,,,,,,"",""
ball,1,14.3,Sri Lanka,MDN Hansika,PRCS Kumarihami,M Daniels,1,0,,,,,,"",""
ball,1,14.4,Sri Lanka,PRCS Kumarihami,MDN Hansika,M Daniels,0,1,1,,,,,"",""
ball,1,14.5,Sri Lanka,PRCS Kumarihami,MDN Hansika,M Daniels,1,0,,,,,,"",""
ball,1,14.6,Sri Lanka,MDN Hansika,PRCS Kumarihami,M Daniels,0,1,1,,,,,"",""
ball,1,14.7,Sri Lanka,MDN Hansika,PRCS Kumarihami,M Daniels,0,0,,,,,,"",""
ball,1,14.8,Sri Lanka,MDN Hansika,PRCS Kumarihami,M Daniels,0,0,,,,,,"",""
ball,1,15.1,Sri Lanka,PRCS Kumarihami,MDN Hansika,A Khaka,1,0,,,,,,"",""
ball,1,15.2,Sri Lanka,MDN Hansika,PRCS Kumarihami,A Khaka,0,1,1,,,,,"",""
ball,1,15.3,Sri Lanka,MDN Hansika,PRCS Kumarihami,A Khaka,0,0,,,,,,"",""
ball,1,15.4,Sri Lanka,MDN Hansika,PRCS Kumarihami,A Khaka,4,0,,,,,,"",""
ball,1,15.5,Sri Lanka,MDN Hansika,PRCS Kumarihami,A Khaka,0,1,1,,,,,"",""
ball,1,15.6,Sri Lanka,MDN Hansika,PRCS Kumarihami,A Khaka,0,0,,,,,,"",""
ball,1,15.7,Sri Lanka,MDN Hansika,PRCS Kumarihami,A Khaka,0,0,,,,,,"",""
ball,1,15.8,Sri Lanka,MDN Hansika,PRCS Kumarihami,A Khaka,1,0,,,,,,"",""
ball,1,16.1,Sri Lanka,MDN Hansika,PRCS Kumarihami,D van Niekerk,0,0,,,,,,"",""
ball,1,16.2,Sri Lanka,MDN Hansika,PRCS Kumarihami,D van Niekerk,0,0,,,,,,"",""
ball,1,16.3,Sri Lanka,MDN Hansika,PRCS Kumarihami,D van Niekerk,0,0,,,,,,"",""
ball,1,16.4,Sri Lanka,MDN Hansika,PRCS Kumarihami,D van Niekerk,0,0,,,,,,"",""
ball,1,16.5,Sri Lanka,MDN Hansika,PRCS Kumarihami,D van Niekerk,4,0,,,,,,"",""
ball,1,16.6,Sri Lanka,MDN Hansika,PRCS Kumarihami,D van Niekerk,0,0,,,,,,"",""
ball,1,17.1,Sri Lanka,PRCS Kumarihami,MDN Hansika,S Luus,0,0,,,,,,"",""
ball,1,17.2,Sri Lanka,PRCS Kumarihami,MDN Hansika,S Luus,1,0,,,,,,"",""
ball,1,17.3,Sri Lanka,MDN Hansika,PRCS Kumarihami,S Luus,4,0,,,,,,"",""
ball,1,17.4,Sri Lanka,MDN Hansika,PRCS Kumarihami,S Luus,4,0,,,,,,"",""
ball,1,17.5,Sri Lanka,MDN Hansika,PRCS Kumarihami,S Luus,1,0,,,,,,"",""
ball,1,17.6,Sri Lanka,PRCS Kumarihami,MDN Hansika,S Luus,0,2,,,2,,,"",""
ball,1,18.1,Sri Lanka,MDN Hansika,PRCS Kumarihami,D van Niekerk,0,0,,,,,,"",""
ball,1,18.2,Sri Lanka,MDN Hansika,PRCS Kumarihami,D van Niekerk,1,0,,,,,,"",""
ball,1,18.3,Sri Lanka,PRCS Kumarihami,MDN Hansika,D van Niekerk,1,0,,,,,,"",""
ball,1,18.4,Sri Lanka,MDN Hansika,PRCS Kumarihami,D van Niekerk,0,0,,,,,,"",""
ball,1,18.5,Sri Lanka,MDN Hansika,PRCS Kumarihami,D van Niekerk,0,0,,,,,,"",""
ball,1,18.6,Sri Lanka,MDN Hansika,PRCS Kumarihami,D van Niekerk,0,0,,,,,,"",""
ball,1,19.1,Sri Lanka,PRCS Kumarihami,MDN Hansika,S Luus,0,0,,,,,,"",""
ball,1,19.2,Sri Lanka,PRCS Kumarihami,MDN Hansika,S Luus,0,0,,,,,,"",""
ball,1,19.3,Sri Lanka,PRCS Kumarihami,MDN Hansika,S Luus,0,0,,,,,,"",""
ball,1,19.4,Sri Lanka,PRCS Kumarihami,MDN Hansika,S Luus,0,0,,,,,,"",""
ball,1,19.5,Sri Lanka,PRCS Kumarihami,MDN Hansika,S Luus,0,0,,,,,,"",""
ball,1,19.6,Sri Lanka,PRCS Kumarihami,MDN Hansika,S Luus,0,0,,,,,,"",""
ball,1,20.1,Sri Lanka,MDN Hansika,PRCS Kumarihami,D van Niekerk,1,0,,,,,,"",""
ball,1,20.2,Sri Lanka,PRCS Kumarihami,MDN Hansika,D van Niekerk,0,0,,,,,,"",""
ball,1,20.3,Sri Lanka,PRCS Kumarihami,MDN Hansika,D van Niekerk,0,0,,,,,,"",""
ball,1,20.4,Sri Lanka,PRCS Kumarihami,MDN Hansika,D van Niekerk,0,0,,,,,,lbw,PRCS Kumarihami
ball,1,20.5,Sri Lanka,MADD Surangika,MDN Hansika,D van Niekerk,0,0,,,,,,"",""
ball,1,20.6,Sri Lanka,MADD Surangika,MDN Hansika,D van Niekerk,0,0,,,,,,"",""
ball,1,21.1,Sri Lanka,MDN Hansika,MADD Surangika,S Luus,0,0,,,,,,"",""
ball,1,21.2,Sri Lanka,MDN Hansika,MADD Surangika,S Luus,0,0,,,,,,"",""
ball,1,21.3,Sri Lanka,MDN Hansika,MADD Surangika,S Luus,1,0,,,,,,"",""
ball,1,21.4,Sri Lanka,MADD Surangika,MDN Hansika,S Luus,1,0,,,,,,"",""
ball,1,21.5,Sri Lanka,MDN Hansika,MADD Surangika,S Luus,1,0,,,,,,"",""
ball,1,21.6,Sri Lanka,MADD Surangika,MDN Hansika,S Luus,0,0,,,,,,"",""
ball,1,22.1,Sri Lanka,MDN Hansika,MADD Surangika,D van Niekerk,0,0,,,,,,"",""
ball,1,22.2,Sri Lanka,MDN Hansika,MADD Surangika,D van Niekerk,0,0,,,,,,"",""
ball,1,22.3,Sri Lanka,MDN Hansika,MADD Surangika,D van Niekerk,0,0,,,,,,"",""
ball,1,22.4,Sri Lanka,MDN Hansika,MADD Surangika,D van Niekerk,0,0,,,,,,"",""
ball,1,22.5,Sri Lanka,MDN Hansika,MADD Surangika,D van Niekerk,1,0,,,,,,"",""
ball,1,22.6,Sri Lanka,MADD Surangika,MDN Hansika,D van Niekerk,0,0,,,,,,run out,MADD Surangika
ball,1,23.1,Sri Lanka,MDN Hansika,PM Weerakkody,S Luus,1,0,,,,,,"",""
ball,1,23.2,Sri Lanka,PM Weerakkody,MDN Hansika,S Luus,0,0,,,,,,"",""
ball,1,23.3,Sri Lanka,PM Weerakkody,MDN Hansika,S Luus,0,0,,,,,,"",""
ball,1,23.4,Sri Lanka,PM Weerakkody,MDN Hansika,S Luus,1,0,,,,,,"",""
ball,1,23.5,Sri Lanka,MDN Hansika,PM Weerakkody,S Luus,0,0,,,,,,"",""
ball,1,23.6,Sri Lanka,MDN Hansika,PM Weerakkody,S Luus,1,0,,,,,,"",""
ball,1,24.1,Sri Lanka,MDN Hansika,PM Weerakkody,D van Niekerk,0,0,,,,,,"",""
ball,1,24.2,Sri Lanka,MDN Hansika,PM Weerakkody,D van Niekerk,0,0,,,,,,"",""
ball,1,24.3,Sri Lanka,MDN Hansika,PM Weerakkody,D van Niekerk,0,0,,,,,,"",""
ball,1,24.4,Sri Lanka,MDN Hansika,PM Weerakkody,D van Niekerk,0,0,,,,,,"",""
ball,1,24.5,Sri Lanka,MDN Hansika,PM Weerakkody,D van Niekerk,0,0,,,,,,"",""
ball,1,24.6,Sri Lanka,MDN Hansika,PM Weerakkody,D van Niekerk,0,0,,,,,,"",""
ball,1,25.1,Sri Lanka,PM Weerakkody,MDN Hansika,S Luus,0,0,,,,,,caught,PM Weerakkody
ball,1,25.2,Sri Lanka,LE Kaushalya,MDN Hansika,S Luus,0,0,,,,,,"",""
ball,1,25.3,Sri Lanka,LE Kaushalya,MDN Hansika,S Luus,0,0,,,,,,"",""
ball,1,25.4,Sri Lanka,LE Kaushalya,MDN Hansika,S Luus,0,0,,,,,,"",""
ball,1,25.5,Sri Lanka,LE Kaushalya,MDN Hansika,S Luus,0,0,,,,,,"",""
ball,1,25.6,Sri Lanka,LE Kaushalya,MDN Hansika,S Luus,0,0,,,,,,"",""
ball,1,26.1,Sri Lanka,MDN Hansika,LE Kaushalya,D van Niekerk,0,0,,,,,,"",""
ball,1,26.2,Sri Lanka,MDN Hansika,LE Kaushalya,D van Niekerk,0,0,,,,,,"",""
ball,1,26.3,Sri Lanka,MDN Hansika,LE Kaushalya,D van Niekerk,0,0,,,,,,"",""
ball,1,26.4,Sri Lanka,MDN Hansika,LE Kaushalya,D van Niekerk,0,0,,,,,,"",""
ball,1,26.5,Sri Lanka,MDN Hansika,LE Kaushalya,D van Niekerk,0,0,,,,,,"",""
ball,1,26.6,Sri Lanka,MDN Hansika,LE Kaushalya,D van Niekerk,0,0,,,,,,"",""
ball,1,27.1,Sri Lanka,LE Kaushalya,MDN Hansika,S Luus,1,0,,,,,,"",""
ball,1,27.2,Sri Lanka,MDN Hansika,LE Kaushalya,S Luus,0,0,,,,,,"",""
ball,1,27.3,Sri Lanka,MDN Hansika,LE Kaushalya,S Luus,0,0,,,,,,"",""
ball,1,27.4,Sri Lanka,MDN Hansika,LE Kaushalya,S Luus,0,0,,,,,,"",""
ball,1,27.5,Sri Lanka,MDN Hansika,LE Kaushalya,S Luus,1,0,,,,,,"",""
ball,1,27.6,Sri Lanka,LE Kaushalya,MDN Hansika,S Luus,2,0,,,,,,"",""
ball,1,28.1,Sri Lanka,MDN Hansika,LE Kaushalya,D van Niekerk,0,0,,,,,,"",""
ball,1,28.2,Sri Lanka,MDN Hansika,LE Kaushalya,D van Niekerk,4,0,,,,,,"",""
ball,1,28.3,Sri Lanka,MDN Hansika,LE Kaushalya,D van Niekerk,1,0,,,,,,"",""
ball,1,28.4,Sri Lanka,LE Kaushalya,MDN Hansika,D van Niekerk,0,0,,,,,,"",""
ball,1,28.5,Sri Lanka,LE Kaushalya,MDN Hansika,D van Niekerk,0,0,,,,,,bowled,LE Kaushalya
ball,1,28.6,Sri Lanka,GWHM Perera,MDN Hansika,D van Niekerk,0,0,,,,,,"",""
ball,1,29.1,Sri Lanka,MDN Hansika,GWHM Perera,S Luus,0,0,,,,,,stumped,MDN Hansika
ball,1,29.2,Sri Lanka,SS Weerakkody,GWHM Perera,S Luus,0,0,,,,,,"",""
ball,1,29.3,Sri Lanka,SS Weerakkody,GWHM Perera,S Luus,0,0,,,,,,"",""
ball,1,29.4,Sri Lanka,SS Weerakkody,GWHM Perera,S Luus,0,0,,,,,,"",""
ball,1,29.5,Sri Lanka,SS Weerakkody,GWHM Perera,S Luus,1,0,,,,,,"",""
ball,1,29.6,Sri Lanka,GWHM Perera,SS Weerakkody,S Luus,4,0,,,,,,"",""
ball,1,30.1,Sri Lanka,SS Weerakkody,GWHM Perera,D van Niekerk,0,0,,,,,,"",""
ball,1,30.2,Sri Lanka,SS Weerakkody,GWHM Perera,D van Niekerk,0,0,,,,,,"",""
ball,1,30.3,Sri Lanka,SS Weerakkody,GWHM Perera,D van Niekerk,0,0,,,,,,"",""
ball,1,30.4,Sri Lanka,SS Weerakkody,GWHM Perera,D van Niekerk,0,0,,,,,,"",""
ball,1,30.5,Sri Lanka,SS Weerakkody,GWHM Perera,D van Niekerk,0,0,,,,,,"",""
ball,1,30.6,Sri Lanka,SS Weerakkody,GWHM Perera,D van Niekerk,0,0,,,,,,"",""
ball,1,31.1,Sri Lanka,GWHM Perera,SS Weerakkody,S Luus,0,0,,,,,,"",""
ball,1,31.2,Sri Lanka,GWHM Perera,SS Weerakkody,S Luus,2,0,,,,,,"",""
ball,1,31.3,Sri Lanka,GWHM Perera,SS Weerakkody,S Luus,0,0,,,,,,"",""
ball,1,31.4,Sri Lanka,GWHM Perera,SS Weerakkody,S Luus,1,0,,,,,,"",""
ball,1,31.5,Sri Lanka,SS Weerakkody,GWHM Perera,S Luus,2,0,,,,,,"",""
ball,1,31.6,Sri Lanka,SS Weerakkody,GWHM Perera,S Luus,0,0,,,,,,caught,SS Weerakkody
ball,1,32.1,Sri Lanka,GWHM Perera,KDU Prabodhani,D van Niekerk,0,0,,,,,,"",""
ball,1,32.2,Sri Lanka,GWHM Perera,KDU Prabodhani,D van Niekerk,0,0,,,,,,"",""
ball,1,32.3,Sri Lanka,GWHM Perera,KDU Prabodhani,D van Niekerk,0,0,,,,,,"",""
ball,1,32.4,Sri Lanka,GWHM Perera,KDU Prabodhani,D van Niekerk,0,0,,,,,,"",""
ball,1,32.5,Sri Lanka,GWHM Perera,KDU Prabodhani,D van Niekerk,0,0,,,,,,"",""
ball,1,32.6,Sri Lanka,GWHM Perera,KDU Prabodhani,D van Niekerk,0,0,,,,,,"",""
ball,1,33.1,Sri Lanka,KDU Prabodhani,GWHM Perera,S Luus,0,0,,,,,,"",""
ball,1,33.2,Sri Lanka,KDU Prabodhani,GWHM Perera,S Luus,0,0,,,,,,"",""
ball,1,33.3,Sri Lanka,KDU Prabodhani,GWHM Perera,S Luus,1,0,,,,,,"",""
ball,1,33.4,Sri Lanka,GWHM Perera,KDU Prabodhani,S Luus,0,0,,,,,,"",""
ball,1,33.5,Sri Lanka,GWHM Perera,KDU Prabodhani,S Luus,1,0,,,,,,"",""
ball,1,33.6,Sri Lanka,KDU Prabodhani,GWHM Perera,S Luus,2,0,,,,,,"",""
ball,1,34.1,Sri Lanka,GWHM Perera,KDU Prabodhani,D van Niekerk,0,0,,,,,,"",""
ball,1,34.2,Sri Lanka,GWHM Perera,KDU Prabodhani,D van Niekerk,0,0,,,,,,"",""
ball,1,34.3,Sri Lanka,GWHM Perera,KDU Prabodhani,D van Niekerk,0,0,,,,,,"",""
ball,1,34.4,Sri Lanka,GWHM Perera,KDU Prabodhani,D van Niekerk,0,0,,,,,,"",""
ball,1,34.5,Sri Lanka,GWHM Perera,KDU Prabodhani,D van Niekerk,1,0,,,,,,"",""
ball,1,34.6,Sri Lanka,KDU Prabodhani,GWHM Perera,D van Niekerk,0,0,,,,,,"",""
ball,1,35.1,Sri Lanka,GWHM Perera,KDU Prabodhani,S Luus,0,0,,,,,,"",""
ball,1,35.2,Sri Lanka,GWHM Perera,KDU Prabodhani,S Luus,4,0,,,,,,"",""
ball,1,35.3,Sri Lanka,GWHM Perera,KDU Prabodhani,S Luus,2,0,,,,,,"",""
ball,1,35.4,Sri Lanka,GWHM Perera,KDU Prabodhani,S Luus,0,0,,,,,,"",""
ball,1,35.5,Sri Lanka,GWHM Perera,KDU Prabodhani,S Luus,0,0,,,,,,"",""
ball,1,35.6,Sri Lanka,GWHM Perera,KDU Prabodhani,S Luus,0,0,,,,,,"",""
ball,1,36.1,Sri Lanka,KDU Prabodhani,GWHM Perera,S Ismail,0,0,,,,,,"",""
ball,1,36.2,Sri Lanka,KDU Prabodhani,GWHM Perera,S Ismail,0,0,,,,,,"",""
ball,1,36.3,Sri Lanka,KDU Prabodhani,GWHM Perera,S Ismail,1,0,,,,,,"",""
ball,1,36.4,Sri Lanka,GWHM Perera,KDU Prabodhani,S Ismail,1,0,,,,,,"",""
ball,1,36.5,Sri Lanka,KDU Prabodhani,GWHM Perera,S Ismail,0,0,,,,,,"",""
ball,1,36.6,Sri Lanka,KDU Prabodhani,GWHM Perera,S Ismail,0,1,1,,,,,"",""
ball,1,36.7,Sri Lanka,KDU Prabodhani,GWHM Perera,S Ismail,0,0,,,,,,"",""
ball,1,37.1,Sri Lanka,GWHM Perera,KDU Prabodhani,M Kapp,0,0,,,,,,"",""
ball,1,37.2,Sri Lanka,GWHM Perera,KDU Prabodhani,M Kapp,1,0,,,,,,"",""
ball,1,37.3,Sri Lanka,KDU Prabodhani,GWHM Perera,M Kapp,1,0,,,,,,"",""
ball,1,37.4,Sri Lanka,GWHM Perera,KDU Prabodhani,M Kapp,0,0,,,,,,"",""
ball,1,37.5,Sri Lanka,GWHM Perera,KDU Prabodhani,M Kapp,0,0,,,,,,"",""
ball,1,37.6,Sri Lanka,GWHM Perera,KDU Prabodhani,M Kapp,0,0,,,,,,"",""
ball,1,38.1,Sri Lanka,KDU Prabodhani,GWHM Perera,A Khaka,0,0,,,,,,"",""
ball,1,38.2,Sri Lanka,KDU Prabodhani,GWHM Perera,A Khaka,0,0,,,,,,"",""
ball,1,38.3,Sri Lanka,KDU Prabodhani,GWHM Perera,A Khaka,0,0,,,,,,caught,KDU Prabodhani
ball,1,38.4,Sri Lanka,I Ranaweera,GWHM Perera,A Khaka,0,0,,,,,,"",""
ball,1,38.5,Sri Lanka,I Ranaweera,GWHM Perera,A Khaka,0,0,,,,,,"",""
ball,1,38.6,Sri Lanka,I Ranaweera,GWHM Perera,A Khaka,0,0,,,,,,"",""
ball,1,39.1,Sri Lanka,GWHM Perera,I Ranaweera,M Kapp,0,0,,,,,,"",""
ball,1,39.2,Sri Lanka,GWHM Perera,I Ranaweera,M Kapp,1,0,,,,,,"",""
ball,1,39.3,Sri Lanka,I Ranaweera,GWHM Perera,M Kapp,0,0,,,,,,"",""
ball,1,39.4,Sri Lanka,I Ranaweera,GWHM Perera,M Kapp,0,0,,,,,,"",""
ball,1,39.5,Sri Lanka,I Ranaweera,GWHM Perera,M Kapp,4,0,,,,,,"",""
ball,1,39.6,Sri Lanka,I Ranaweera,GWHM Perera,M Kapp,0,0,,,,,,"",""
ball,1,40.1,Sri Lanka,GWHM Perera,I Ranaweera,A Khaka,0,0,,,,,,"",""
ball,1,40.2,Sri Lanka,GWHM Perera,I Ranaweera,A Khaka,0,0,,,,,,"",""
ball,1,40.3,Sri Lanka,GWHM Perera,I Ranaweera,A Khaka,0,0,,,,,,"",""
ball,1,40.4,Sri Lanka,GWHM Perera,I Ranaweera,A Khaka,0,0,,,,,,"",""
ball,1,40.5,Sri Lanka,GWHM Perera,I Ranaweera,A Khaka,0,0,,,,,,"",""
ball,1,40.6,Sri Lanka,GWHM Perera,I Ranaweera,A Khaka,0,0,,,,,,"",""
ball,1,41.1,Sri Lanka,I Ranaweera,GWHM Perera,S Ismail,0,0,,,,,,"",""
ball,1,41.2,Sri Lanka,I Ranaweera,GWHM Perera,S Ismail,0,0,,,,,,"",""
ball,1,41.3,Sri Lanka,I Ranaweera,GWHM Perera,S Ismail,0,0,,,,,,"",""
ball,1,41.4,Sri Lanka,I Ranaweera,GWHM Perera,S Ismail,0,0,,,,,,"",""
ball,1,41.5,Sri Lanka,I Ranaweera,GWHM Perera,S Ismail,0,0,,,,,,"",""
ball,1,41.6,Sri Lanka,I Ranaweera,GWHM Perera,S Ismail,1,0,,,,,,"",""
ball,1,42.1,Sri Lanka,I Ranaweera,GWHM Perera,A Khaka,0,0,,,,,,"",""
ball,1,42.2,Sri Lanka,I Ranaweera,GWHM Perera,A Khaka,0,0,,,,,,"",""
ball,1,42.3,Sri Lanka,I Ranaweera,GWHM Perera,A Khaka,0,0,,,,,,"",""
ball,1,42.4,Sri Lanka,I Ranaweera,GWHM Perera,A Khaka,0,0,,,,,,"",""
ball,1,42.5,Sri Lanka,I Ranaweera,GWHM Perera,A Khaka,0,0,,,,,,"",""
ball,1,42.6,Sri Lanka,I Ranaweera,GWHM Perera,A Khaka,0,0,,,,,,"",""
ball,1,43.1,Sri Lanka,GWHM Perera,I Ranaweera,M Kapp,0,0,,,,,,"",""
ball,1,43.2,Sri Lanka,GWHM Perera,I Ranaweera,M Kapp,2,0,,,,,,"",""
ball,1,43.3,Sri Lanka,GWHM Perera,I Ranaweera,M Kapp,0,0,,,,,,"",""
ball,1,43.4,Sri Lanka,GWHM Perera,I Ranaweera,M Kapp,2,0,,,,,,"",""
ball,1,43.5,Sri Lanka,GWHM Perera,I Ranaweera,M Kapp,4,0,,,,,,"",""
ball,1,43.6,Sri Lanka,GWHM Perera,I Ranaweera,M Kapp,0,0,,,,,,"",""
ball,1,44.1,Sri Lanka,I Ranaweera,GWHM Perera,M Daniels,0,0,,,,,,"",""
ball,1,44.2,Sri Lanka,I Ranaweera,GWHM Perera,M Daniels,1,0,,,,,,"",""
ball,1,44.3,Sri Lanka,GWHM Perera,I Ranaweera,M Daniels,0,0,,,,,,"",""
ball,1,44.4,Sri Lanka,GWHM Perera,I Ranaweera,M Daniels,0,0,,,,,,"",""
ball,1,44.5,Sri Lanka,GWHM Perera,I Ranaweera,M Daniels,0,0,,,,,,"",""
ball,1,44.6,Sri Lanka,GWHM Perera,I Ranaweera,M Daniels,0,0,,,,,,"",""
ball,1,45.1,Sri Lanka,I Ranaweera,GWHM Perera,A Khaka,0,0,,,,,,"",""
ball,1,45.2,Sri Lanka,I Ranaweera,GWHM Perera,A Khaka,0,0,,,,,,"",""
ball,1,45.3,Sri Lanka,I Ranaweera,GWHM Perera,A Khaka,0,0,,,,,,"",""
ball,1,45.4,Sri Lanka,I Ranaweera,GWHM Perera,A Khaka,0,0,,,,,,"",""
ball,1,45.5,Sri Lanka,I Ranaweera,GWHM Perera,A Khaka,0,0,,,,,,"",""
ball,1,45.6,Sri Lanka,I Ranaweera,GWHM Perera,A Khaka,0,0,,,,,,"",""
ball,1,46.1,Sri Lanka,GWHM Perera,I Ranaweera,M Daniels,0,0,,,,,,"",""
ball,1,46.2,Sri Lanka,GWHM Perera,I Ranaweera,M Daniels,0,0,,,,,,caught,GWHM Perera
ball,1,46.3,Sri Lanka,I Ranaweera,BMSM Kumari,M Daniels,2,0,,,,,,"",""
ball,1,46.4,Sri Lanka,I Ranaweera,BMSM Kumari,M Daniels,1,0,,,,,,"",""
ball,1,46.5,Sri Lanka,BMSM Kumari,I Ranaweera,M Daniels,0,0,,,,,,"",""
ball,1,46.6,Sri Lanka,BMSM Kumari,I Ranaweera,M Daniels,0,0,,,,,,"",""
ball,1,47.1,Sri Lanka,I Ranaweera,BMSM Kumari,M Kapp,0,0,,,,,,"",""
ball,1,47.2,Sri Lanka,I Ranaweera,BMSM Kumari,M Kapp,0,0,,,,,,"",""
ball,1,47.3,Sri Lanka,I Ranaweera,BMSM Kumari,M Kapp,1,0,,,,,,"",""
ball,1,47.4,Sri Lanka,BMSM Kumari,I Ranaweera,M Kapp,0,0,,,,,,"",""
ball,1,47.5,Sri Lanka,BMSM Kumari,I Ranaweera,M Kapp,0,0,,,,,,"",""
ball,1,47.6,Sri Lanka,BMSM Kumari,I Ranaweera,M Kapp,1,0,,,,,,"",""
ball,1,48.1,Sri Lanka,BMSM Kumari,I Ranaweera,M Daniels,0,0,,,,,,"",""
ball,1,48.2,Sri Lanka,BMSM Kumari,I Ranaweera,M Daniels,0,0,,,,,,"",""
ball,1,48.3,Sri Lanka,BMSM Kumari,I Ranaweera,M Daniels,0,0,,,,,,"",""
ball,1,48.4,Sri Lanka,BMSM Kumari,I Ranaweera,M Daniels,0,0,,,,,,"",""
ball,1,48.5,Sri Lanka,BMSM Kumari,I Ranaweera,M Daniels,0,0,,,,,,"",""
ball,1,48.6,Sri Lanka,BMSM Kumari,I Ranaweera,M Daniels,0,0,,,,,,"",""
ball,1,49.1,Sri Lanka,I Ranaweera,BMSM Kumari,A Khaka,1,0,,,,,,"",""
ball,1,49.2,Sri Lanka,BMSM Kumari,I Ranaweera,A Khaka,4,0,,,,,,"",""
ball,1,49.3,Sri Lanka,BMSM Kumari,I Ranaweera,A Khaka,1,0,,,,,,"",""
ball,1,49.4,Sri Lanka,I Ranaweera,BMSM Kumari,A Khaka,0,0,,,,,,"",""
ball,1,49.5,Sri Lanka,I Ranaweera,BMSM Kumari,A Khaka,4,0,,,,,,"",""
ball,1,49.6,Sri Lanka,I Ranaweera,BMSM Kumari,A Khaka,0,0,,,,,,"",""
ball,2,0.1,South Africa,L Lee,L Wolvaardt,KDU Prabodhani,1,0,,,,,,"",""
ball,2,0.2,South Africa,L Wolvaardt,L Lee,KDU Prabodhani,0,0,,,,,,"",""
ball,2,0.3,South Africa,L Wolvaardt,L Lee,KDU Prabodhani,0,0,,,,,,"",""
ball,2,0.4,South Africa,L Wolvaardt,L Lee,KDU Prabodhani,0,0,,,,,,"",""
ball,2,0.5,South Africa,L Wolvaardt,L Lee,KDU Prabodhani,0,0,,,,,,"",""
ball,2,0.6,South Africa,L Wolvaardt,L Lee,KDU Prabodhani,0,0,,,,,,"",""
ball,2,1.1,South Africa,L Lee,L Wolvaardt,BMSM Kumari,0,0,,,,,,"",""
ball,2,1.2,South Africa,L Lee,L Wolvaardt,BMSM Kumari,0,0,,,,,,"",""
ball,2,1.3,South Africa,L Lee,L Wolvaardt,BMSM Kumari,0,0,,,,,,"",""
ball,2,1.4,South Africa,L Lee,L Wolvaardt,BMSM Kumari,4,0,,,,,,"",""
ball,2,1.5,South Africa,L Lee,L Wolvaardt,BMSM Kumari,0,0,,,,,,"",""
ball,2,1.6,South Africa,L Lee,L Wolvaardt,BMSM Kumari,4,0,,,,,,"",""
ball,2,2.1,South Africa,L Wolvaardt,L Lee,KDU Prabodhani,0,0,,,,,,"",""
ball,2,2.2,South Africa,L Wolvaardt,L Lee,KDU Prabodhani,0,0,,,,,,"",""
ball,2,2.3,South Africa,L Wolvaardt,L Lee,KDU Prabodhani,0,0,,,,,,"",""
ball,2,2.4,South Africa,L Wolvaardt,L Lee,KDU Prabodhani,0,0,,,,,,"",""
ball,2,2.5,South Africa,L Wolvaardt,L Lee,KDU Prabodhani,0,0,,,,,,"",""
ball,2,2.6,South Africa,L Wolvaardt,L Lee,KDU Prabodhani,0,0,,,,,,"",""
ball,2,3.1,South Africa,L Lee,L Wolvaardt,PRCS Kumarihami,2,0,,,,,,"",""
ball,2,3.2,South Africa,L Lee,L Wolvaardt,PRCS Kumarihami,0,0,,,,,,"",""
ball,2,3.3,South Africa,L Lee,L Wolvaardt,PRCS Kumarihami,0,0,,,,,,"",""
ball,2,3.4,South Africa,L Lee,L Wolvaardt,PRCS Kumarihami,1,0,,,,,,"",""
ball,2,3.5,South Africa,L Wolvaardt,L Lee,PRCS Kumarihami,0,0,,,,,,"",""
ball,2,3.6,South Africa,L Wolvaardt,L Lee,PRCS Kumarihami,0,0,,,,,,"",""
ball,2,4.1,South Africa,L Lee,L Wolvaardt,KDU Prabodhani,1,0,,,,,,"",""
ball,2,4.2,South Africa,L Wolvaardt,L Lee,KDU Prabodhani,0,0,,,,,,"",""
ball,2,4.3,South Africa,L Wolvaardt,L Lee,KDU Prabodhani,4,0,,,,,,"",""
ball,2,4.4,South Africa,L Wolvaardt,L Lee,KDU Prabodhani,0,0,,,,,,"",""
ball,2,4.5,South Africa,L Wolvaardt,L Lee,KDU Prabodhani,0,0,,,,,,"",""
ball,2,4.6,South Africa,L Wolvaardt,L Lee,KDU Prabodhani,4,0,,,,,,"",""
ball,2,5.1,South Africa,L Lee,L Wolvaardt,PRCS Kumarihami,1,0,,,,,,"",""
ball,2,5.2,South Africa,L Wolvaardt,L Lee,PRCS Kumarihami,1,0,,,,,,"",""
ball,2,5.3,South Africa,L Lee,L Wolvaardt,PRCS Kumarihami,0,0,,,,,,"",""
ball,2,5.4,South Africa,L Lee,L Wolvaardt,PRCS Kumarihami,4,0,,,,,,"",""
ball,2,5.5,South Africa,L Lee,L Wolvaardt,PRCS Kumarihami,0,0,,,,,,"",""
ball,2,5.6,South Africa,L Lee,L Wolvaardt,PRCS Kumarihami,1,0,,,,,,"",""
ball,2,6.1,South Africa,L Lee,L Wolvaardt,I Ranaweera,0,0,,,,,,"",""
ball,2,6.2,South Africa,L Lee,L Wolvaardt,I Ranaweera,4,0,,,,,,"",""
ball,2,6.3,South Africa,L Lee,L Wolvaardt,I Ranaweera,0,0,,,,,,"",""
ball,2,6.4,South Africa,L Lee,L Wolvaardt,I Ranaweera,0,0,,,,,,"",""
ball,2,6.5,South Africa,L Lee,L Wolvaardt,I Ranaweera,4,0,,,,,,"",""
ball,2,6.6,South Africa,L Lee,L Wolvaardt,I Ranaweera,0,0,,,,,,"",""
ball,2,7.1,South Africa,L Wolvaardt,L Lee,PRCS Kumarihami,1,0,,,,,,"",""
ball,2,7.2,South Africa,L Lee,L Wolvaardt,PRCS Kumarihami,0,0,,,,,,"",""
ball,2,7.3,South Africa,L Lee,L Wolvaardt,PRCS Kumarihami,0,0,,,,,,"",""
ball,2,7.4,South Africa,L Lee,L Wolvaardt,PRCS Kumarihami,4,0,,,,,,"",""
ball,2,7.5,South Africa,L Lee,L Wolvaardt,PRCS Kumarihami,4,0,,,,,,"",""
ball,2,7.6,South Africa,L Lee,L Wolvaardt,PRCS Kumarihami,0,0,,,,,,"",""
ball,2,8.1,South Africa,L Wolvaardt,L Lee,LE Kaushalya,0,0,,,,,,"",""
ball,2,8.2,South Africa,L Wolvaardt,L Lee,LE Kaushalya,0,0,,,,,,"",""
ball,2,8.3,South Africa,L Wolvaardt,L Lee,LE Kaushalya,1,0,,,,,,"",""
ball,2,8.4,South Africa,L Lee,L Wolvaardt,LE Kaushalya,0,0,,,,,,caught,L Lee
ball,2,8.5,South Africa,S Luus,L Wolvaardt,LE Kaushalya,0,0,,,,,,"",""
ball,2,8.6,South Africa,S Luus,L Wolvaardt,LE Kaushalya,0,0,,,,,,"",""
ball,2,9.1,South Africa,L Wolvaardt,S Luus,I Ranaweera,0,0,,,,,,"",""
ball,2,9.2,South Africa,L Wolvaardt,S Luus,I Ranaweera,0,0,,,,,,"",""
ball,2,9.3,South Africa,L Wolvaardt,S Luus,I Ranaweera,0,2,,,,2,,"",""
ball,2,9.4,South Africa,L Wolvaardt,S Luus,I Ranaweera,0,0,,,,,,"",""
ball,2,9.5,South Africa,L Wolvaardt,S Luus,I Ranaweera,0,0,,,,,,"",""
ball,2,9.6,South Africa,L Wolvaardt,S Luus,I Ranaweera,0,0,,,,,,"",""
ball,2,10.1,South Africa,S Luus,L Wolvaardt,LE Kaushalya,0,0,,,,,,"",""
ball,2,10.2,South Africa,S Luus,L Wolvaardt,LE Kaushalya,4,0,,,,,,"",""
ball,2,10.3,South Africa,S Luus,L Wolvaardt,LE Kaushalya,0,0,,,,,,"",""
ball,2,10.4,South Africa,S Luus,L Wolvaardt,LE Kaushalya,0,0,,,,,,"",""
ball,2,10.5,South Africa,S Luus,L Wolvaardt,LE Kaushalya,0,0,,,,,,"",""
ball,2,10.6,South Africa,S Luus,L Wolvaardt,LE Kaushalya,0,0,,,,,,"",""
ball,2,11.1,South Africa,L Wolvaardt,S Luus,I Ranaweera,0,0,,,,,,"",""
ball,2,11.2,South Africa,L Wolvaardt,S Luus,I Ranaweera,0,0,,,,,,"",""
ball,2,11.3,South Africa,L Wolvaardt,S Luus,I Ranaweera,0,0,,,,,,"",""
ball,2,11.4,South Africa,L Wolvaardt,S Luus,I Ranaweera,0,0,,,,,,"",""
ball,2,11.5,South Africa,L Wolvaardt,S Luus,I Ranaweera,0,0,,,,,,"",""
ball,2,11.6,South Africa,L Wolvaardt,S Luus,I Ranaweera,4,0,,,,,,"",""
ball,2,12.1,South Africa,S Luus,L Wolvaardt,LE Kaushalya,0,0,,,,,,"",""
ball,2,12.2,South Africa,S Luus,L Wolvaardt,LE Kaushalya,4,0,,,,,,"",""
ball,2,12.3,South Africa,S Luus,L Wolvaardt,LE Kaushalya,0,0,,,,,,"",""
ball,2,12.4,South Africa,S Luus,L Wolvaardt,LE Kaushalya,1,0,,,,,,"",""
ball,2,12.5,South Africa,L Wolvaardt,S Luus,LE Kaushalya,4,0,,,,,,"",""
ball,2,12.6,South Africa,L Wolvaardt,S Luus,LE Kaushalya,1,0,,,,,,"",""
ball,2,13.1,South Africa,L Wolvaardt,S Luus,I Ranaweera,0,0,,,,,,"",""
ball,2,13.2,South Africa,L Wolvaardt,S Luus,I Ranaweera,0,0,,,,,,"",""
ball,2,13.3,South Africa,L Wolvaardt,S Luus,I Ranaweera,1,0,,,,,,"",""
ball,2,13.4,South Africa,S Luus,L Wolvaardt,I Ranaweera,0,0,,,,,,"",""
ball,2,13.5,South Africa,S Luus,L Wolvaardt,I Ranaweera,1,0,,,,,,"",""
ball,2,13.6,South Africa,L Wolvaardt,S Luus,I Ranaweera,0,0,,,,,,"",""
ball,2,14.1,South Africa,S Luus,L Wolvaardt,AC Jayangani,0,0,,,,,,"",""
ball,2,14.2,South Africa,S Luus,L Wolvaardt,AC Jayangani,4,0,,,,,,"",""
ball,2,14.3,South Africa,S Luus,L Wolvaardt,AC Jayangani,0,2,,,,2,,"",""
ball,2,14.4,South Africa,S Luus,L Wolvaardt,AC Jayangani,0,0,,,,,,"",""
ball,2,14.5,South Africa,S Luus,L Wolvaardt,AC Jayangani,1,0,,,,,,"",""
ball,2,14.6,South Africa,L Wolvaardt,S Luus,AC Jayangani,4,0,,,,,,"",""
ball,2,15.1,South Africa,S Luus,L Wolvaardt,I Ranaweera,0,0,,,,,,"",""
ball,2,15.2,South Africa,S Luus,L Wolvaardt,I Ranaweera,3,0,,,,,,"",""
ball,2,15.3,South Africa,L Wolvaardt,S Luus,I Ranaweera,0,0,,,,,,"",""
ball,2,15.4,South Africa,L Wolvaardt,S Luus,I Ranaweera,0,0,,,,,,"",""
ball,2,15.5,South Africa,L Wolvaardt,S Luus,I Ranaweera,0,0,,,,,,"",""
ball,2,15.6,South Africa,L Wolvaardt,S Luus,I Ranaweera,1,0,,,,,,"",""
ball,2,16.1,South Africa,L Wolvaardt,S Luus,KDU Prabodhani,0,0,,,,,,"",""
ball,2,16.2,South Africa,L Wolvaardt,S Luus,KDU Prabodhani,0,0,,,,,,"",""
ball,2,16.3,South Africa,L Wolvaardt,S Luus,KDU Prabodhani,4,0,,,,,,"",""
ball,2,16.4,South Africa,L Wolvaardt,S Luus,KDU Prabodhani,0,0,,,,,,"",""
ball,2,16.5,South Africa,L Wolvaardt,S Luus,KDU Prabodhani,0,0,,,,,,"",""
ball,2,16.6,South Africa,L Wolvaardt,S Luus,KDU Prabodhani,1,0,,,,,,"",""
ball,2,17.1,South Africa,L Wolvaardt,S Luus,I Ranaweera,0,0,,,,,,"",""
ball,2,17.2,South Africa,L Wolvaardt,S Luus,I Ranaweera,0,0,,,,,,"",""
ball,2,17.3,South Africa,L Wolvaardt,S Luus,I Ranaweera,0,0,,,,,,"",""
ball,2,17.4,South Africa,L Wolvaardt,S Luus,I Ranaweera,0,0,,,,,,"",""
ball,2,17.5,South Africa,L Wolvaardt,S Luus,I Ranaweera,0,0,,,,,,"",""
ball,2,17.6,South Africa,L Wolvaardt,S Luus,I Ranaweera,0,0,,,,,,"",""
ball,2,18.1,South Africa,S Luus,L Wolvaardt,BMSM Kumari,0,0,,,,,,"",""
ball,2,18.2,South Africa,S Luus,L Wolvaardt,BMSM Kumari,0,0,,,,,,"",""
ball,2,18.3,South Africa,S Luus,L Wolvaardt,BMSM Kumari,1,0,,,,,,"",""
ball,2,18.4,South Africa,L Wolvaardt,S Luus,BMSM Kumari,1,0,,,,,,"",""
ball,2,18.5,South Africa,S Luus,L Wolvaardt,BMSM Kumari,0,0,,,,,,"",""
ball,2,18.6,South Africa,S Luus,L Wolvaardt,BMSM Kumari,1,0,,,,,,"",""
ball,2,19.1,South Africa,S Luus,L Wolvaardt,I Ranaweera,0,0,,,,,,"",""
ball,2,19.2,South Africa,S Luus,L Wolvaardt,I Ranaweera,1,0,,,,,,"",""
ball,2,19.3,South Africa,L Wolvaardt,S Luus,I Ranaweera,0,0,,,,,,"",""
ball,2,19.4,South Africa,L Wolvaardt,S Luus,I Ranaweera,0,0,,,,,,"",""
ball,2,19.5,South Africa,L Wolvaardt,S Luus,I Ranaweera,0,0,,,,,,"",""
ball,2,19.6,South Africa,L Wolvaardt,S Luus,I Ranaweera,0,0,,,,,,"",""
ball,2,20.1,South Africa,S Luus,L Wolvaardt,PRCS Kumarihami,0,0,,,,,,"",""
ball,2,20.2,South Africa,S Luus,L Wolvaardt,PRCS Kumarihami,0,0,,,,,,"",""
ball,2,20.3,South Africa,S Luus,L Wolvaardt,PRCS Kumarihami,0,0,,,,,,"",""
ball,2,20.4,South Africa,S Luus,L Wolvaardt,PRCS Kumarihami,0,0,,,,,,"",""
ball,2,20.5,South Africa,S Luus,L Wolvaardt,PRCS Kumarihami,0,0,,,,,,"",""
ball,2,20.6,South Africa,S Luus,L Wolvaardt,PRCS Kumarihami,0,0,,,,,,"",""
ball,2,21.1,South Africa,L Wolvaardt,S Luus,I Ranaweera,0,0,,,,,,"",""
ball,2,21.2,South Africa,L Wolvaardt,S Luus,I Ranaweera,0,2,,,,2,,"",""
ball,2,21.3,South Africa,L Wolvaardt,S Luus,I Ranaweera,0,0,,,,,,"",""
ball,2,21.4,South Africa,L Wolvaardt,S Luus,I Ranaweera,0,0,,,,,,"",""
ball,2,21.5,South Africa,L Wolvaardt,S Luus,I Ranaweera,0,0,,,,,,"",""
ball,2,21.6,South Africa,L Wolvaardt,S Luus,I Ranaweera,0,0,,,,,,"",""
ball,2,22.1,South Africa,S Luus,L Wolvaardt,PRCS Kumarihami,4,0,,,,,,"",""
ball,2,22.2,South Africa,S Luus,L Wolvaardt,PRCS Kumarihami,1,0,,,,,,"",""
ball,2,22.3,South Africa,L Wolvaardt,S Luus,PRCS Kumarihami,0,0,,,,,,"",""
ball,2,22.4,South Africa,L Wolvaardt,S Luus,PRCS Kumarihami,1,0,,,,,,"",""
ball,2,22.5,South Africa,S Luus,L Wolvaardt,PRCS Kumarihami,0,0,,,,,,"",""
ball,2,22.6,South Africa,S Luus,L Wolvaardt,PRCS Kumarihami,1,0,,,,,,"",""
ball,2,23.1,South Africa,S Luus,L Wolvaardt,SS Weerakkody,0,0,,,,,,"",""
ball,2,23.2,South Africa,S Luus,L Wolvaardt,SS Weerakkody,0,0,,,,,,"",""
ball,2,23.3,South Africa,S Luus,L Wolvaardt,SS Weerakkody,1,0,,,,,,"",""
ball,2,23.4,South Africa,L Wolvaardt,S Luus,SS Weerakkody,0,0,,,,,,"",""
ball,2,23.5,South Africa,L Wolvaardt,S Luus,SS Weerakkody,0,0,,,,,,"",""
ball,2,23.6,South Africa,L Wolvaardt,S Luus,SS Weerakkody,0,0,,,,,,"",""
ball,2,24.1,South Africa,S Luus,L Wolvaardt,PRCS Kumarihami,1,0,,,,,,"",""
ball,2,24.2,South Africa,L Wolvaardt,S Luus,PRCS Kumarihami,0,0,,,,,,"",""
ball,2,24.3,South Africa,L Wolvaardt,S Luus,PRCS Kumarihami,0,0,,,,,,"",""
ball,2,24.4,South Africa,L Wolvaardt,S Luus,PRCS Kumarihami,0,0,,,,,,"",""
ball,2,24.5,South Africa,L Wolvaardt,S Luus,PRCS Kumarihami,0,0,,,,,,"",""
ball,2,24.6,South Africa,L Wolvaardt,S Luus,PRCS Kumarihami,1,0,,,,,,"",""
ball,2,25.1,South Africa,L Wolvaardt,S Luus,SS Weerakkody,0,0,,,,,,"",""
ball,2,25.2,South Africa,L Wolvaardt,S Luus,SS Weerakkody,0,0,,,,,,"",""
ball,2,25.3,South Africa,L Wolvaardt,S Luus,SS Weerakkody,0,0,,,,,,"",""
ball,2,25.4,South Africa,L Wolvaardt,S Luus,SS Weerakkody,1,0,,,,,,"",""
ball,2,25.5,South Africa,S Luus,L Wolvaardt,SS Weerakkody,0,0,,,,,,"",""
ball,2,25.6,South Africa,S Luus,L Wolvaardt,SS Weerakkody,0,1,1,,,,,"",""
ball,2,25.7,South Africa,S Luus,L Wolvaardt,SS Weerakkody,1,0,,,,,,"",""
ball,2,26.1,South Africa,S Luus,L Wolvaardt,PRCS Kumarihami,1,0,,,,,,"",""
ball,2,26.2,South Africa,L Wolvaardt,S Luus,PRCS Kumarihami,1,0,,,,,,"",""
ball,2,26.3,South Africa,S Luus,L Wolvaardt,PRCS Kumarihami,0,0,,,,,,"",""
ball,2,26.4,South Africa,S Luus,L Wolvaardt,PRCS Kumarihami,0,0,,,,,,"",""
ball,2,26.5,South Africa,S Luus,L Wolvaardt,PRCS Kumarihami,0,0,,,,,,"",""
ball,2,26.6,South Africa,S Luus,L Wolvaardt,PRCS Kumarihami,0,0,,,,,,"",""
ball,2,27.1,South Africa,L Wolvaardt,S Luus,SS Weerakkody,0,0,,,,,,"",""
ball,2,27.2,South Africa,L Wolvaardt,S Luus,SS Weerakkody,0,0,,,,,,"",""
ball,2,27.3,South Africa,L Wolvaardt,S Luus,SS Weerakkody,0,0,,,,,,"",""
ball,2,27.4,South Africa,L Wolvaardt,S Luus,SS Weerakkody,1,0,,,,,,"",""
ball,2,27.5,South Africa,S Luus,L Wolvaardt,SS Weerakkody,0,0,,,,,,"",""
ball,2,27.6,South Africa,S Luus,L Wolvaardt,SS Weerakkody,0,0,,,,,,"",""
ball,2,28.1,South Africa,L Wolvaardt,S Luus,PRCS Kumarihami,0,0,,,,,,"",""
ball,2,28.2,South Africa,L Wolvaardt,S Luus,PRCS Kumarihami,1,0,,,,,,"",""
ball,2,28.3,South Africa,S Luus,L Wolvaardt,PRCS Kumarihami,1,0,,,,,,"",""
ball,2,28.4,South Africa,L Wolvaardt,S Luus,PRCS Kumarihami,1,0,,,,,,"",""
ball,2,28.5,South Africa,S Luus,L Wolvaardt,PRCS Kumarihami,1,0,,,,,,"",""
ball,2,28.6,South Africa,L Wolvaardt,S Luus,PRCS Kumarihami,0,0,,,,,,"",""
ball,2,29.1,South Africa,S Luus,L Wolvaardt,SS Weerakkody,4,0,,,,,,"",""
ball,2,29.2,South Africa,S Luus,L Wolvaardt,SS Weerakkody,1,0,,,,,,"",""
ball,2,29.3,South Africa,L Wolvaardt,S Luus,SS Weerakkody,1,0,,,,,,"",""
ball,2,29.4,South Africa,S Luus,L Wolvaardt,SS Weerakkody,0,0,,,,,,"",""
ball,2,29.5,South Africa,S Luus,L Wolvaardt,SS Weerakkody,1,0,,,,,,"",""
ball,2,29.6,South Africa,L Wolvaardt,S Luus,SS Weerakkody,1,0,,,,,,"",""
ball,2,30.1,South Africa,L Wolvaardt,S Luus,BMSM Kumari,1,0,,,,,,"",""
ball,2,30.2,South Africa,S Luus,L Wolvaardt,BMSM Kumari,0,0,,,,,,"",""
ball,2,30.3,South Africa,S Luus,L Wolvaardt,BMSM Kumari,0,0,,,,,,"",""
ball,2,30.4,South Africa,S Luus,L Wolvaardt,BMSM Kumari,1,0,,,,,,"",""
ball,2,30.5,South Africa,L Wolvaardt,S Luus,BMSM Kumari,0,1,1,,,,,"",""
ball,2,30.6,South Africa,L Wolvaardt,S Luus,BMSM Kumari,0,0,,,,,,"",""
ball,2,30.7,South Africa,L Wolvaardt,S Luus,BMSM Kumari,1,0,,,,,,"",""
ball,2,31.1,South Africa,L Wolvaardt,S Luus,KDU Prabodhani,0,1,1,,,,,"",""
ball,2,31.2,South Africa,L Wolvaardt,S Luus,KDU Prabodhani,2,0,,,,,,"",""
ball,2,31.3,South Africa,L Wolvaardt,S Luus,KDU Prabodhani,1,0,,,,,,"",""
ball,2,31.4,South Africa,S Luus,L Wolvaardt,KDU Prabodhani,0,0,,,,,,"",""
ball,2,31.5,South Africa,S Luus,L Wolvaardt,KDU Prabodhani,1,0,,,,,,"",""
ball,2,31.6,South Africa,L Wolvaardt,S Luus,KDU Prabodhani,1,0,,,,,,"",""
ball,2,31.7,South Africa,S Luus,L Wolvaardt,KDU Prabodhani,0,0,,,,,,"",""
ball,2,32.1,South Africa,L Wolvaardt,S Luus,BMSM Kumari,0,0,,,,,,"",""
ball,2,32.2,South Africa,L Wolvaardt,S Luus,BMSM Kumari,2,0,,,,,,"",""
ball,2,32.3,South Africa,L Wolvaardt,S Luus,BMSM Kumari,0,0,,,,,,"",""
ball,2,32.4,South Africa,L Wolvaardt,S Luus,BMSM Kumari,0,0,,,,,,"",""
ball,2,32.5,South Africa,L Wolvaardt,S Luus,BMSM Kumari,0,0,,,,,,"",""
ball,2,32.6,South Africa,L Wolvaardt,S Luus,BMSM Kumari,0,0,,,,,,"",""
ball,2,33.1,South Africa,S Luus,L Wolvaardt,I Ranaweera,0,1,,,1,,,"",""
ball,2,33.2,South Africa,L Wolvaardt,S Luus,I Ranaweera,0,0,,,,,,"",""
ball,2,33.3,South Africa,L Wolvaardt,S Luus,I Ranaweera,1,0,,,,,,"",""
ball,2,33.4,South Africa,S Luus,L Wolvaardt,I Ranaweera,0,0,,,,,,"",""
ball,2,33.5,South Africa,S Luus,L Wolvaardt,I Ranaweera,4,0,,,,,,"",""
ball,2,33.6,South Africa,S Luus,L Wolvaardt,I Ranaweera,0,0,,,,,,"",""
ball,2,34.1,South Africa,L Wolvaardt,S Luus,BMSM Kumari,0,0,,,,,,"",""
ball,2,34.2,South Africa,L Wolvaardt,S Luus,BMSM Kumari,0,0,,,,,,"",""
ball,2,34.3,South Africa,L Wolvaardt,S Luus,BMSM Kumari,0,0,,,,,,"",""
ball,2,34.4,South Africa,L Wolvaardt,S Luus,BMSM Kumari,0,0,,,,,,"",""
ball,2,34.5,South Africa,L Wolvaardt,S Luus,BMSM Kumari,0,0,,,,,,"",""
ball,2,34.6,South Africa,L Wolvaardt,S Luus,BMSM Kumari,0,0,,,,,,"",""
ball,2,35.1,South Africa,S Luus,L Wolvaardt,I Ranaweera,0,0,,,,,,"",""
ball,2,35.2,South Africa,S Luus,L Wolvaardt,I Ranaweera,1,0,,,,,,"",""
ball,2,35.3,South Africa,L Wolvaardt,S Luus,I Ranaweera,0,0,,,,,,"",""
ball,2,35.4,South Africa,L Wolvaardt,S Luus,I Ranaweera,0,0,,,,,,"",""
ball,2,35.5,South Africa,L Wolvaardt,S Luus,I Ranaweera,0,0,,,,,,"",""
ball,2,35.6,South Africa,L Wolvaardt,S Luus,I Ranaweera,0,0,,,,,,"",""
ball,2,36.1,South Africa,S Luus,L Wolvaardt,BMSM Kumari,4,0,,,,,,"",""
