version,1.6.0
info,balls_per_over,6
info,team,Bangladesh
info,team,Papua New Guinea
info,gender,female
info,season,2016/17
info,date,2017/02/07
info,event,ICC Women's World Cup Qualifier
info,match_number,4
info,venue,Colombo Cricket Club Ground
info,city,
info,neutralvenue,true
info,toss_winner,Bangladesh
info,toss_decision,bat
info,umpire,IN Ramage
info,umpire,S Redfern
info,reserve_umpire,WN de Silva
info,winner,Bangladesh
info,winner_runs,118
info,player,Bangladesh,Sharmin Sultana
info,player,Bangladesh,Sharmin Akhter
info,player,Bangladesh,Sanjida Islam
info,player,Bangladesh,Fargana Hoque
info,player,Bangladesh,Rumana Ahmed
info,player,Bangladesh,Nigar Sultana
info,player,Bangladesh,Salma Khatun
info,player,Bangladesh,Shaila Sharmin
info,player,Bangladesh,Khadija Tul Kubra
info,player,Bangladesh,Jahanara Alam
info,player,Bangladesh,Panna Ghosh
info,player,Papua New Guinea,N Ovasuru
info,player,Papua New Guinea,B Tau
info,player,Papua New Guinea,T Ruma
info,player,Papua New Guinea,P Siaka
info,player,Papua New Guinea,K Oala
info,player,Papua New Guinea,V Frank
info,player,Papua New Guinea,S Jimmy
info,player,Papua New Guinea,K Arua
info,player,Papua New Guinea,H Philip
info,player,Papua New Guinea,R Oa
info,player,Papua New Guinea,M Tom
info,registry,people,B Tau,3a6cbb8e
info,registry,people,Fargana Hoque,6e96c956
info,registry,people,H Philip,6e34d108
info,registry,people,IN Ramage,33cb7803
info,registry,people,Jahanara Alam,752183c1
info,registry,people,K Arua,8ce69204
info,registry,people,K Oala,df70c3f2
info,registry,people,Khadija Tul Kubra,bec997fc
info,registry,people,M Tom,cebc1351
info,registry,people,N Ovasuru,8d393040
info,registry,people,Nigar Sultana,3827f6a2
info,registry,people,P Siaka,595433d2
info,registry,people,Panna Ghosh,005f0561
info,registry,people,R Oa,dd468f06
info,registry,people,Rumana Ahmed,a92763ea
info,registry,people,S Jimmy,2daa8e40
info,registry,people,S Redfern,5b038989
info,registry,people,Salma Khatun,037f2b86
info,registry,people,Sanjida Islam,12755a62
info,registry,people,Shaila Sharmin,b76fd014
info,registry,people,Sharmin Akhter,84fdd3cf
info,registry,people,Sharmin Sultana,4e017436
info,registry,people,T Ruma,3697a0ff
info,registry,people,V Frank,4f58d65d
info,registry,people,WN de Silva,53e20e1c
ball,1,0.1,Bangladesh,Sharmin Sultana,Sharmin Akhter,R Oa,0,0,,,,,,"",""
ball,1,0.2,Bangladesh,Sharmin Sultana,Sharmin Akhter,R Oa,0,0,,,,,,"",""
ball,1,0.3,Bangladesh,Sharmin Sultana,Sharmin Akhter,R Oa,0,0,,,,,,"",""
ball,1,0.4,Bangladesh,Sharmin Sultana,Sharmin Akhter,R Oa,0,0,,,,,,"",""
ball,1,0.5,Bangladesh,Sharmin Sultana,Sharmin Akhter,R Oa,0,0,,,,,,"",""
ball,1,0.6,Bangladesh,Sharmin Sultana,Sharmin Akhter,R Oa,0,0,,,,,,"",""
ball,1,1.1,Bangladesh,Sharmin Akhter,Sharmin Sultana,M Tom,1,0,,,,,,"",""
ball,1,1.2,Bangladesh,Sharmin Sultana,Sharmin Akhter,M Tom,0,0,,,,,,caught,Sharmin Sultana
ball,1,1.3,Bangladesh,Sanjida Islam,Sharmin Akhter,M Tom,0,0,,,,,,"",""
ball,1,1.4,Bangladesh,Sanjida Islam,Sharmin Akhter,M Tom,0,0,,,,,,"",""
ball,1,1.5,Bangladesh,Sanjida Islam,Sharmin Akhter,M Tom,2,0,,,,,,"",""
ball,1,1.6,Bangladesh,Sanjida Islam,Sharmin Akhter,M Tom,0,0,,,,,,"",""
ball,1,2.1,Bangladesh,Sharmin Akhter,Sanjida Islam,R Oa,0,0,,,,,,"",""
ball,1,2.2,Bangladesh,Sharmin Akhter,Sanjida Islam,R Oa,0,0,,,,,,"",""
ball,1,2.3,Bangladesh,Sharmin Akhter,Sanjida Islam,R Oa,0,0,,,,,,"",""
ball,1,2.4,Bangladesh,Sharmin Akhter,Sanjida Islam,R Oa,0,0,,,,,,"",""
ball,1,2.5,Bangladesh,Sharmin Akhter,Sanjida Islam,R Oa,0,0,,,,,,"",""
ball,1,2.6,Bangladesh,Sharmin Akhter,Sanjida Islam,R Oa,0,0,,,,,,"",""
ball,1,3.1,Bangladesh,Sanjida Islam,Sharmin Akhter,M Tom,0,0,,,,,,"",""
ball,1,3.2,Bangladesh,Sanjida Islam,Sharmin Akhter,M Tom,0,0,,,,,,"",""
ball,1,3.3,Bangladesh,Sanjida Islam,Sharmin Akhter,M Tom,0,0,,,,,,"",""
ball,1,3.4,Bangladesh,Sanjida Islam,Sharmin Akhter,M Tom,0,0,,,,,,"",""
ball,1,3.5,Bangladesh,Sanjida Islam,Sharmin Akhter,M Tom,0,0,,,,,,"",""
ball,1,3.6,Bangladesh,Sanjida Islam,Sharmin Akhter,M Tom,1,0,,,,,,"",""
ball,1,4.1,Bangladesh,Sanjida Islam,Sharmin Akhter,R Oa,0,0,,,,,,"",""
ball,1,4.2,Bangladesh,Sanjida Islam,Sharmin Akhter,R Oa,0,0,,,,,,"",""
ball,1,4.3,Bangladesh,Sanjida Islam,Sharmin Akhter,R Oa,0,0,,,,,,"",""
ball,1,4.4,Bangladesh,Sanjida Islam,Sharmin Akhter,R Oa,0,0,,,,,,"",""
ball,1,4.5,Bangladesh,Sanjida Islam,Sharmin Akhter,R Oa,0,0,,,,,,"",""
ball,1,4.6,Bangladesh,Sanjida Islam,Sharmin Akhter,R Oa,0,0,,,,,,"",""
ball,1,5.1,Bangladesh,Sharmin Akhter,Sanjida Islam,M Tom,0,0,,,,,,"",""
ball,1,5.2,Bangladesh,Sharmin Akhter,Sanjida Islam,M Tom,0,0,,,,,,"",""
ball,1,5.3,Bangladesh,Sharmin Akhter,Sanjida Islam,M Tom,0,0,,,,,,"",""
ball,1,5.4,Bangladesh,Sharmin Akhter,Sanjida Islam,M Tom,4,0,,,,,,"",""
ball,1,5.5,Bangladesh,Sharmin Akhter,Sanjida Islam,M Tom,1,0,,,,,,"",""
ball,1,5.6,Bangladesh,Sanjida Islam,Sharmin Akhter,M Tom,0,0,,,,,,"",""
ball,1,6.1,Bangladesh,Sharmin Akhter,Sanjida Islam,R Oa,0,0,,,,,,"",""
ball,1,6.2,Bangladesh,Sharmin Akhter,Sanjida Islam,R Oa,0,1,,,,1,,"",""
ball,1,6.3,Bangladesh,Sanjida Islam,Sharmin Akhter,R Oa,0,0,,,,,,"",""
ball,1,6.4,Bangladesh,Sanjida Islam,Sharmin Akhter,R Oa,0,0,,,,,,"",""
ball,1,6.5,Bangladesh,Sanjida Islam,Sharmin Akhter,R Oa,0,0,,,,,,"",""
ball,1,6.6,Bangladesh,Sanjida Islam,Sharmin Akhter,R Oa,1,0,,,,,,"",""
ball,1,7.1,Bangladesh,Sanjida Islam,Sharmin Akhter,M Tom,4,0,,,,,,"",""
ball,1,7.2,Bangladesh,Sanjida Islam,Sharmin Akhter,M Tom,1,0,,,,,,"",""
ball,1,7.3,Bangladesh,Sharmin Akhter,Sanjida Islam,M Tom,1,0,,,,,,"",""
ball,1,7.4,Bangladesh,Sanjida Islam,Sharmin Akhter,M Tom,0,0,,,,,,"",""
ball,1,7.5,Bangladesh,Sanjida Islam,Sharmin Akhter,M Tom,0,0,,,,,,"",""
ball,1,7.6,Bangladesh,Sanjida Islam,Sharmin Akhter,M Tom,1,0,,,,,,"",""
ball,1,8.1,Bangladesh,Sanjida Islam,Sharmin Akhter,R Oa,4,0,,,,,,"",""
ball,1,8.2,Bangladesh,Sanjida Islam,Sharmin Akhter,R Oa,1,0,,,,,,"",""
ball,1,8.3,Bangladesh,Sharmin Akhter,Sanjida Islam,R Oa,0,0,,,,,,"",""
ball,1,8.4,Bangladesh,Sharmin Akhter,Sanjida Islam,R Oa,1,0,,,,,,"",""
ball,1,8.5,Bangladesh,Sanjida Islam,Sharmin Akhter,R Oa,0,0,,,,,,"",""
ball,1,8.6,Bangladesh,Sanjida Islam,Sharmin Akhter,R Oa,0,0,,,,,,"",""
ball,1,9.1,Bangladesh,Sharmin Akhter,Sanjida Islam,S Jimmy,0,0,,,,,,"",""
ball,1,9.2,Bangladesh,Sharmin Akhter,Sanjida Islam,S Jimmy,0,0,,,,,,"",""
ball,1,9.3,Bangladesh,Sharmin Akhter,Sanjida Islam,S Jimmy,4,0,,,,,,"",""
ball,1,9.4,Bangladesh,Sharmin Akhter,Sanjida Islam,S Jimmy,0,0,,,,,,"",""
ball,1,9.5,Bangladesh,Sharmin Akhter,Sanjida Islam,S Jimmy,0,0,,,,,,"",""
ball,1,9.6,Bangladesh,Sharmin Akhter,Sanjida Islam,S Jimmy,0,0,,,,,,"",""
ball,1,10.1,Bangladesh,Sanjida Islam,Sharmin Akhter,N Ovasuru,4,0,,,,,,"",""
ball,1,10.2,Bangladesh,Sanjida Islam,Sharmin Akhter,N Ovasuru,0,0,,,,,,"",""
ball,1,10.3,Bangladesh,Sanjida Islam,Sharmin Akhter,N Ovasuru,1,0,,,,,,"",""
ball,1,10.4,Bangladesh,Sharmin Akhter,Sanjida Islam,N Ovasuru,1,0,,,,,,"",""
ball,1,10.5,Bangladesh,Sanjida Islam,Sharmin Akhter,N Ovasuru,0,0,,,,,,"",""
ball,1,10.6,Bangladesh,Sanjida Islam,Sharmin Akhter,N Ovasuru,4,0,,,,,,"",""
ball,1,11.1,Bangladesh,Sharmin Akhter,Sanjida Islam,S Jimmy,0,0,,,,,,"",""
ball,1,11.2,Bangladesh,Sharmin Akhter,Sanjida Islam,S Jimmy,0,0,,,,,,"",""
ball,1,11.3,Bangladesh,Sharmin Akhter,Sanjida Islam,S Jimmy,0,0,,,,,,"",""
ball,1,11.4,Bangladesh,Sharmin Akhter,Sanjida Islam,S Jimmy,1,0,,,,,,"",""
ball,1,11.5,Bangladesh,Sanjida Islam,Sharmin Akhter,S Jimmy,0,0,,,,,,"",""
ball,1,11.6,Bangladesh,Sanjida Islam,Sharmin Akhter,S Jimmy,0,1,,,1,,,"",""
ball,1,12.1,Bangladesh,Sanjida Islam,Sharmin Akhter,N Ovasuru,1,0,,,,,,"",""
ball,1,12.2,Bangladesh,Sharmin Akhter,Sanjida Islam,N Ovasuru,0,0,,,,,,"",""
ball,1,12.3,Bangladesh,Sharmin Akhter,Sanjida Islam,N Ovasuru,1,0,,,,,,"",""
ball,1,12.4,Bangladesh,Sanjida Islam,Sharmin Akhter,N Ovasuru,1,0,,,,,,"",""
ball,1,12.5,Bangladesh,Sharmin Akhter,Sanjida Islam,N Ovasuru,2,0,,,,,,"",""
ball,1,12.6,Bangladesh,Sharmin Akhter,Sanjida Islam,N Ovasuru,1,0,,,,,,"",""
ball,1,13.1,Bangladesh,Sharmin Akhter,Sanjida Islam,S Jimmy,0,0,,,,,,"",""
ball,1,13.2,Bangladesh,Sharmin Akhter,Sanjida Islam,S Jimmy,1,0,,,,,,"",""
ball,1,13.3,Bangladesh,Sanjida Islam,Sharmin Akhter,S Jimmy,0,0,,,,,,"",""
ball,1,13.4,Bangladesh,Sanjida Islam,Sharmin Akhter,S Jimmy,0,0,,,,,,"",""
ball,1,13.5,Bangladesh,Sanjida Islam,Sharmin Akhter,S Jimmy,0,1,1,,,,,"",""
ball,1,13.6,Bangladesh,Sanjida Islam,Sharmin Akhter,S Jimmy,1,0,,,,,,"",""
ball,1,13.7,Bangladesh,Sharmin Akhter,Sanjida Islam,S Jimmy,0,0,,,,,,"",""
ball,1,14.1,Bangladesh,Sanjida Islam,Sharmin Akhter,V Frank,0,0,,,,,,"",""
ball,1,14.2,Bangladesh,Sanjida Islam,Sharmin Akhter,V Frank,1,0,,,,,,"",""
ball,1,14.3,Bangladesh,Sharmin Akhter,Sanjida Islam,V Frank,0,0,,,,,,"",""
ball,1,14.4,Bangladesh,Sharmin Akhter,Sanjida Islam,V Frank,0,0,,,,,,"",""
ball,1,14.5,Bangladesh,Sharmin Akhter,Sanjida Islam,V Frank,0,0,,,,,,"",""
ball,1,14.6,Bangladesh,Sharmin Akhter,Sanjida Islam,V Frank,1,0,,,,,,"",""
ball,1,15.1,Bangladesh,Sharmin Akhter,Sanjida Islam,S Jimmy,0,0,,,,,,"",""
ball,1,15.2,Bangladesh,Sharmin Akhter,Sanjida Islam,S Jimmy,1,0,,,,,,"",""
ball,1,15.3,Bangladesh,Sanjida Islam,Sharmin Akhter,S Jimmy,0,0,,,,,,"",""
ball,1,15.4,Bangladesh,Sanjida Islam,Sharmin Akhter,S Jimmy,0,0,,,,,,"",""
ball,1,15.5,Bangladesh,Sanjida Islam,Sharmin Akhter,S Jimmy,0,0,,,,,,lbw,Sanjida Islam
ball,1,15.6,Bangladesh,Fargana Hoque,Sharmin Akhter,S Jimmy,0,0,,,,,,"",""
ball,1,16.1,Bangladesh,Sharmin Akhter,Fargana Hoque,V Frank,0,0,,,,,,"",""
ball,1,16.2,Bangladesh,Sharmin Akhter,Fargana Hoque,V Frank,0,0,,,,,,"",""
ball,1,16.3,Bangladesh,Sharmin Akhter,Fargana Hoque,V Frank,0,0,,,,,,"",""
ball,1,16.4,Bangladesh,Sharmin Akhter,Fargana Hoque,V Frank,0,0,,,,,,"",""
ball,1,16.5,Bangladesh,Sharmin Akhter,Fargana Hoque,V Frank,0,0,,,,,,"",""
ball,1,16.6,Bangladesh,Sharmin Akhter,Fargana Hoque,V Frank,0,0,,,,,,"",""
ball,1,17.1,Bangladesh,Fargana Hoque,Sharmin Akhter,S Jimmy,0,0,,,,,,"",""
ball,1,17.2,Bangladesh,Fargana Hoque,Sharmin Akhter,S Jimmy,1,0,,,,,,"",""
ball,1,17.3,Bangladesh,Sharmin Akhter,Fargana Hoque,S Jimmy,0,0,,,,,,"",""
ball,1,17.4,Bangladesh,Sharmin Akhter,Fargana Hoque,S Jimmy,0,0,,,,,,"",""
ball,1,17.5,Bangladesh,Sharmin Akhter,Fargana Hoque,S Jimmy,0,0,,,,,,"",""
ball,1,17.6,Bangladesh,Sharmin Akhter,Fargana Hoque,S Jimmy,0,0,,,,,,"",""
ball,1,18.1,Bangladesh,Fargana Hoque,Sharmin Akhter,V Frank,0,0,,,,,,"",""
ball,1,18.2,Bangladesh,Fargana Hoque,Sharmin Akhter,V Frank,0,0,,,,,,"",""
ball,1,18.3,Bangladesh,Fargana Hoque,Sharmin Akhter,V Frank,0,0,,,,,,"",""
ball,1,18.4,Bangladesh,Fargana Hoque,Sharmin Akhter,V Frank,0,0,,,,,,"",""
ball,1,18.5,Bangladesh,Fargana Hoque,Sharmin Akhter,V Frank,0,0,,,,,,"",""
ball,1,18.6,Bangladesh,Fargana Hoque,Sharmin Akhter,V Frank,0,0,,,,,,"",""
ball,1,19.1,Bangladesh,Sharmin Akhter,Fargana Hoque,S Jimmy,0,0,,,,,,"",""
ball,1,19.2,Bangladesh,Sharmin Akhter,Fargana Hoque,S Jimmy,0,0,,,,,,"",""
ball,1,19.3,Bangladesh,Sharmin Akhter,Fargana Hoque,S Jimmy,0,1,,,,1,,"",""
ball,1,19.4,Bangladesh,Fargana Hoque,Sharmin Akhter,S Jimmy,0,0,,,,,,"",""
ball,1,19.5,Bangladesh,Fargana Hoque,Sharmin Akhter,S Jimmy,1,0,,,,,,"",""
ball,1,19.6,Bangladesh,Sharmin Akhter,Fargana Hoque,S Jimmy,0,0,,,,,,"",""
ball,1,20.1,Bangladesh,Fargana Hoque,Sharmin Akhter,V Frank,1,0,,,,,,"",""
ball,1,20.2,Bangladesh,Sharmin Akhter,Fargana Hoque,V Frank,1,0,,,,,,"",""
ball,1,20.3,Bangladesh,Fargana Hoque,Sharmin Akhter,V Frank,0,0,,,,,,"",""
ball,1,20.4,Bangladesh,Fargana Hoque,Sharmin Akhter,V Frank,0,0,,,,,,"",""
ball,1,20.5,Bangladesh,Fargana Hoque,Sharmin Akhter,V Frank,0,0,,,,,,"",""
ball,1,20.6,Bangladesh,Fargana Hoque,Sharmin Akhter,V Frank,0,0,,,,,,"",""
ball,1,21.1,Bangladesh,Sharmin Akhter,Fargana Hoque,S Jimmy,2,0,,,,,,"",""
ball,1,21.2,Bangladesh,Sharmin Akhter,Fargana Hoque,S Jimmy,0,0,,,,,,"",""
ball,1,21.3,Bangladesh,Sharmin Akhter,Fargana Hoque,S Jimmy,0,0,,,,,,"",""
ball,1,21.4,Bangladesh,Sharmin Akhter,Fargana Hoque,S Jimmy,1,0,,,,,,"",""
ball,1,21.5,Bangladesh,Fargana Hoque,Sharmin Akhter,S Jimmy,0,0,,,,,,"",""
ball,1,21.6,Bangladesh,Fargana Hoque,Sharmin Akhter,S Jimmy,1,0,,,,,,"",""
ball,1,22.1,Bangladesh,Fargana Hoque,Sharmin Akhter,V Frank,0,0,,,,,,"",""
ball,1,22.2,Bangladesh,Fargana Hoque,Sharmin Akhter,V Frank,0,0,,,,,,"",""
ball,1,22.3,Bangladesh,Fargana Hoque,Sharmin Akhter,V Frank,4,0,,,,,,"",""
ball,1,22.4,Bangladesh,Fargana Hoque,Sharmin Akhter,V Frank,0,0,,,,,,"",""
ball,1,22.5,Bangladesh,Fargana Hoque,Sharmin Akhter,V Frank,4,0,,,,,,"",""
ball,1,22.6,Bangladesh,Fargana Hoque,Sharmin Akhter,V Frank,1,0,,,,,,"",""
ball,1,23.1,Bangladesh,Fargana Hoque,Sharmin Akhter,K Oala,0,0,,,,,,"",""
ball,1,23.2,Bangladesh,Fargana Hoque,Sharmin Akhter,K Oala,1,0,,,,,,"",""
ball,1,23.3,Bangladesh,Sharmin Akhter,Fargana Hoque,K Oala,0,0,,,,,,"",""
ball,1,23.4,Bangladesh,Sharmin Akhter,Fargana Hoque,K Oala,1,0,,,,,,"",""
ball,1,23.5,Bangladesh,Fargana Hoque,Sharmin Akhter,K Oala,1,0,,,,,,"",""
ball,1,23.6,Bangladesh,Fargana Hoque,Sharmin Akhter,K Oala,0,0,,,,,,"",""
ball,1,24.1,Bangladesh,Sharmin Akhter,Fargana Hoque,V Frank,0,0,,,,,,"",""
ball,1,24.2,Bangladesh,Sharmin Akhter,Fargana Hoque,V Frank,4,0,,,,,,"",""
ball,1,24.3,Bangladesh,Sharmin Akhter,Fargana Hoque,V Frank,0,0,,,,,,"",""
ball,1,24.4,Bangladesh,Sharmin Akhter,Fargana Hoque,V Frank,0,0,,,,,,"",""
ball,1,24.5,Bangladesh,Sharmin Akhter,Fargana Hoque,V Frank,0,0,,,,,,"",""
ball,1,24.6,Bangladesh,Sharmin Akhter,Fargana Hoque,V Frank,4,0,,,,,,"",""
ball,1,25.1,Bangladesh,Fargana Hoque,Sharmin Akhter,K Oala,2,0,,,,,,"",""
ball,1,25.2,Bangladesh,Fargana Hoque,Sharmin Akhter,K Oala,1,0,,,,,,"",""
ball,1,25.3,Bangladesh,Sharmin Akhter,Fargana Hoque,K Oala,0,0,,,,,,"",""
ball,1,25.4,Bangladesh,Sharmin Akhter,Fargana Hoque,K Oala,0,0,,,,,,"",""
ball,1,25.5,Bangladesh,Sharmin Akhter,Fargana Hoque,K Oala,0,1,,,,1,,"",""
ball,1,25.6,Bangladesh,Fargana Hoque,Sharmin Akhter,K Oala,1,0,,,,,,"",""
ball,1,26.1,Bangladesh,Fargana Hoque,Sharmin Akhter,N Ovasuru,0,0,,,,,,"",""
ball,1,26.2,Bangladesh,Fargana Hoque,Sharmin Akhter,N Ovasuru,4,0,,,,,,"",""
ball,1,26.3,Bangladesh,Fargana Hoque,Sharmin Akhter,N Ovasuru,0,0,,,,,,"",""
ball,1,26.4,Bangladesh,Fargana Hoque,Sharmin Akhter,N Ovasuru,1,0,,,,,,"",""
ball,1,26.5,Bangladesh,Sharmin Akhter,Fargana Hoque,N Ovasuru,1,0,,,,,,"",""
ball,1,26.6,Bangladesh,Fargana Hoque,Sharmin Akhter,N Ovasuru,0,0,,,,,,"",""
ball,1,27.1,Bangladesh,Sharmin Akhter,Fargana Hoque,K Oala,4,0,,,,,,"",""
ball,1,27.2,Bangladesh,Sharmin Akhter,Fargana Hoque,K Oala,1,0,,,,,,"",""
ball,1,27.3,Bangladesh,Fargana Hoque,Sharmin Akhter,K Oala,1,0,,,,,,"",""
ball,1,27.4,Bangladesh,Sharmin Akhter,Fargana Hoque,K Oala,0,0,,,,,,"",""
ball,1,27.5,Bangladesh,Sharmin Akhter,Fargana Hoque,K Oala,2,0,,,,,,"",""
ball,1,27.6,Bangladesh,Sharmin Akhter,Fargana Hoque,K Oala,4,0,,,,,,"",""
ball,1,28.1,Bangladesh,Fargana Hoque,Sharmin Akhter,N Ovasuru,4,0,,,,,,"",""
ball,1,28.2,Bangladesh,Fargana Hoque,Sharmin Akhter,N Ovasuru,1,0,,,,,,"",""
ball,1,28.3,Bangladesh,Sharmin Akhter,Fargana Hoque,N Ovasuru,0,0,,,,,,"",""
ball,1,28.4,Bangladesh,Sharmin Akhter,Fargana Hoque,N Ovasuru,0,0,,,,,,"",""
ball,1,28.5,Bangladesh,Sharmin Akhter,Fargana Hoque,N Ovasuru,1,0,,,,,,"",""
ball,1,28.6,Bangladesh,Fargana Hoque,Sharmin Akhter,N Ovasuru,0,0,,,,,,"",""
ball,1,29.1,Bangladesh,Sharmin Akhter,Fargana Hoque,K Arua,1,0,,,,,,"",""
ball,1,29.2,Bangladesh,Fargana Hoque,Sharmin Akhter,K Arua,0,0,,,,,,"",""
ball,1,29.3,Bangladesh,Fargana Hoque,Sharmin Akhter,K Arua,1,0,,,,,,"",""
ball,1,29.4,Bangladesh,Sharmin Akhter,Fargana Hoque,K Arua,2,0,,,,,,"",""
ball,1,29.5,Bangladesh,Sharmin Akhter,Fargana Hoque,K Arua,4,0,,,,,,"",""
ball,1,29.6,Bangladesh,Sharmin Akhter,Fargana Hoque,K Arua,1,0,,,,,,"",""
ball,1,30.1,Bangladesh,Sharmin Akhter,Fargana Hoque,R Oa,1,0,,,,,,"",""
ball,1,30.2,Bangladesh,Fargana Hoque,Sharmin Akhter,R Oa,0,0,,,,,,"",""
ball,1,30.3,Bangladesh,Fargana Hoque,Sharmin Akhter,R Oa,0,0,,,,,,"",""
ball,1,30.4,Bangladesh,Fargana Hoque,Sharmin Akhter,R Oa,1,0,,,,,,"",""
ball,1,30.5,Bangladesh,Sharmin Akhter,Fargana Hoque,R Oa,0,0,,,,,,caught,Sharmin Akhter
ball,1,30.6,Bangladesh,Rumana Ahmed,Fargana Hoque,R Oa,0,0,,,,,,bowled,Rumana Ahmed
ball,1,31.1,Bangladesh,Fargana Hoque,Nigar Sultana,K Arua,0,0,,,,,,"",""
ball,1,31.2,Bangladesh,Fargana Hoque,Nigar Sultana,K Arua,1,0,,,,,,"",""
ball,1,31.3,Bangladesh,Nigar Sultana,Fargana Hoque,K Arua,0,0,,,,,,"",""
ball,1,31.4,Bangladesh,Nigar Sultana,Fargana Hoque,K Arua,0,0,,,,,,"",""
ball,1,31.5,Bangladesh,Nigar Sultana,Fargana Hoque,K Arua,0,0,,,,,,"",""
ball,1,31.6,Bangladesh,Nigar Sultana,Fargana Hoque,K Arua,0,0,,,,,,"",""
ball,1,32.1,Bangladesh,Fargana Hoque,Nigar Sultana,R Oa,0,1,1,,,,,"",""
ball,1,32.2,Bangladesh,Fargana Hoque,Nigar Sultana,R Oa,0,0,,,,,,"",""
ball,1,32.3,Bangladesh,Fargana Hoque,Nigar Sultana,R Oa,1,0,,,,,,"",""
ball,1,32.4,Bangladesh,Nigar Sultana,Fargana Hoque,R Oa,0,0,,,,,,"",""
ball,1,32.5,Bangladesh,Nigar Sultana,Fargana Hoque,R Oa,0,0,,,,,,"",""
ball,1,32.6,Bangladesh,Nigar Sultana,Fargana Hoque,R Oa,0,0,,,,,,"",""
ball,1,32.7,Bangladesh,Nigar Sultana,Fargana Hoque,R Oa,0,0,,,,,,"",""
ball,1,33.1,Bangladesh,Fargana Hoque,Nigar Sultana,K Arua,0,0,,,,,,"",""
ball,1,33.2,Bangladesh,Fargana Hoque,Nigar Sultana,K Arua,0,0,,,,,,"",""
ball,1,33.3,Bangladesh,Fargana Hoque,Nigar Sultana,K Arua,0,0,,,,,,"",""
ball,1,33.4,Bangladesh,Fargana Hoque,Nigar Sultana,K Arua,0,0,,,,,,"",""
ball,1,33.5,Bangladesh,Fargana Hoque,Nigar Sultana,K Arua,4,0,,,,,,"",""
ball,1,33.6,Bangladesh,Fargana Hoque,Nigar Sultana,K Arua,1,0,,,,,,"",""
ball,1,34.1,Bangladesh,Fargana Hoque,Nigar Sultana,R Oa,0,0,,,,,,"",""
ball,1,34.2,Bangladesh,Fargana Hoque,Nigar Sultana,R Oa,0,0,,,,,,"",""
ball,1,34.3,Bangladesh,Fargana Hoque,Nigar Sultana,R Oa,1,0,,,,,,"",""
ball,1,34.4,Bangladesh,Nigar Sultana,Fargana Hoque,R Oa,1,0,,,,,,"",""
ball,1,34.5,Bangladesh,Fargana Hoque,Nigar Sultana,R Oa,0,0,,,,,,"",""
ball,1,34.6,Bangladesh,Fargana Hoque,Nigar Sultana,R Oa,0,0,,,,,,"",""
ball,1,35.1,Bangladesh,Nigar Sultana,Fargana Hoque,K Arua,2,0,,,,,,"",""
ball,1,35.2,Bangladesh,Nigar Sultana,Fargana Hoque,K Arua,0,0,,,,,,"",""
ball,1,35.3,Bangladesh,Nigar Sultana,Fargana Hoque,K Arua,0,0,,,,,,"",""
ball,1,35.4,Bangladesh,Nigar Sultana,Fargana Hoque,K Arua,1,0,,,,,,"",""
ball,1,35.5,Bangladesh,Fargana Hoque,Nigar Sultana,K Arua,0,0,,,,,,"",""
ball,1,35.6,Bangladesh,Fargana Hoque,Nigar Sultana,K Arua,4,0,,,,,,"",""
ball,1,36.1,Bangladesh,Nigar Sultana,Fargana Hoque,R Oa,0,0,,,,,,"",""
ball,1,36.2,Bangladesh,Nigar Sultana,Fargana Hoque,R Oa,0,0,,,,,,"",""
ball,1,36.3,Bangladesh,Nigar Sultana,Fargana Hoque,R Oa,0,1,1,,,,,"",""
ball,1,36.4,Bangladesh,Nigar Sultana,Fargana Hoque,R Oa,1,0,,,,,,"",""
ball,1,36.5,Bangladesh,Fargana Hoque,Nigar Sultana,R Oa,0,0,,,,,,"",""
ball,1,36.6,Bangladesh,Fargana Hoque,Nigar Sultana,R Oa,1,0,,,,,,"",""
ball,1,36.7,Bangladesh,Nigar Sultana,Fargana Hoque,R Oa,1,0,,,,,,"",""
ball,1,37.1,Bangladesh,Nigar Sultana,Fargana Hoque,M Tom,0,1,1,,,,,"",""
ball,1,37.2,Bangladesh,Nigar Sultana,Fargana Hoque,M Tom,1,0,,,,,,"",""
ball,1,37.3,Bangladesh,Fargana Hoque,Nigar Sultana,M Tom,0,1,,,,1,,"",""
ball,1,37.4,Bangladesh,Nigar Sultana,Fargana Hoque,M Tom,0,0,,,,,,"",""
ball,1,37.5,Bangladesh,Nigar Sultana,Fargana Hoque,M Tom,4,0,,,,,,"",""
ball,1,37.6,Bangladesh,Nigar Sultana,Fargana Hoque,M Tom,0,0,,,,,,"",""
ball,1,37.7,Bangladesh,Nigar Sultana,Fargana Hoque,M Tom,0,0,,,,,,"",""
ball,1,38.1,Bangladesh,Fargana Hoque,Nigar Sultana,R Oa,2,0,,,,,,"",""
ball,1,38.2,Bangladesh,Fargana Hoque,Nigar Sultana,R Oa,0,0,,,,,,"",""
ball,1,38.3,Bangladesh,Fargana Hoque,Nigar Sultana,R Oa,0,0,,,,,,"",""
ball,1,38.4,Bangladesh,Fargana Hoque,Nigar Sultana,R Oa,4,0,,,,,,"",""
ball,1,38.5,Bangladesh,Fargana Hoque,Nigar Sultana,R Oa,0,0,,,,,,"",""
ball,1,38.6,Bangladesh,Fargana Hoque,Nigar Sultana,R Oa,0,0,,,,,,"",""
ball,1,39.1,Bangladesh,Nigar Sultana,Fargana Hoque,M Tom,0,0,,,,,,"",""
ball,1,39.2,Bangladesh,Nigar Sultana,Fargana Hoque,M Tom,1,0,,,,,,"",""
ball,1,39.3,Bangladesh,Fargana Hoque,Nigar Sultana,M Tom,0,0,,,,,,caught,Fargana Hoque
ball,1,39.4,Bangladesh,Salma Khatun,Nigar Sultana,M Tom,1,0,,,,,,"",""
ball,1,39.5,Bangladesh,Nigar Sultana,Salma Khatun,M Tom,0,0,,,,,,"",""
ball,1,39.6,Bangladesh,Nigar Sultana,Salma Khatun,M Tom,1,0,,,,,,"",""
ball,1,40.1,Bangladesh,Nigar Sultana,Salma Khatun,S Jimmy,1,0,,,,,,"",""
ball,1,40.2,Bangladesh,Salma Khatun,Nigar Sultana,S Jimmy,0,0,,,,,,"",""
ball,1,40.3,Bangladesh,Salma Khatun,Nigar Sultana,S Jimmy,0,0,,,,,,"",""
ball,1,40.4,Bangladesh,Salma Khatun,Nigar Sultana,S Jimmy,1,0,,,,,,"",""
ball,1,40.5,Bangladesh,Nigar Sultana,Salma Khatun,S Jimmy,0,0,,,,,,lbw,Nigar Sultana
ball,1,40.6,Bangladesh,Shaila Sharmin,Salma Khatun,S Jimmy,1,0,,,,,,"",""
ball,1,41.1,Bangladesh,Shaila Sharmin,Salma Khatun,M Tom,0,0,,,,,,"",""
ball,1,41.2,Bangladesh,Shaila Sharmin,Salma Khatun,M Tom,0,0,,,,,,"",""
ball,1,41.3,Bangladesh,Shaila Sharmin,Salma Khatun,M Tom,0,0,,,,,,"",""
ball,1,41.4,Bangladesh,Shaila Sharmin,Salma Khatun,M Tom,1,0,,,,,,"",""
ball,1,41.5,Bangladesh,Salma Khatun,Shaila Sharmin,M Tom,1,0,,,,,,"",""
ball,1,41.6,Bangladesh,Shaila Sharmin,Salma Khatun,M Tom,0,0,,,,,,"",""
ball,1,42.1,Bangladesh,Salma Khatun,Shaila Sharmin,S Jimmy,1,0,,,,,,"",""
ball,1,42.2,Bangladesh,Shaila Sharmin,Salma Khatun,S Jimmy,1,0,,,,,,"",""
ball,1,42.3,Bangladesh,Salma Khatun,Shaila Sharmin,S Jimmy,0,0,,,,,,"",""
ball,1,42.4,Bangladesh,Salma Khatun,Shaila Sharmin,S Jimmy,0,0,,,,,,"",""
ball,1,42.5,Bangladesh,Salma Khatun,Shaila Sharmin,S Jimmy,4,0,,,,,,"",""
ball,1,42.6,Bangladesh,Salma Khatun,Shaila Sharmin,S Jimmy,0,0,,,,,,"",""
ball,1,43.1,Bangladesh,Shaila Sharmin,Salma Khatun,M Tom,0,1,1,,,,,"",""
ball,1,43.2,Bangladesh,Shaila Sharmin,Salma Khatun,M Tom,0,4,,,4,,,"",""
ball,1,43.3,Bangladesh,Shaila Sharmin,Salma Khatun,M Tom,0,0,,,,,,"",""
ball,1,43.4,Bangladesh,Shaila Sharmin,Salma Khatun,M Tom,0,0,,,,,,"",""
ball,1,43.5,Bangladesh,Shaila Sharmin,Salma Khatun,M Tom,0,0,,,,,,"",""
ball,1,43.6,Bangladesh,Shaila Sharmin,Salma Khatun,M Tom,0,0,,,,,,"",""
ball,1,43.7,Bangladesh,Shaila Sharmin,Salma Khatun,M Tom,1,0,,,,,,"",""
ball,1,44.1,Bangladesh,Shaila Sharmin,Salma Khatun,S Jimmy,1,0,,,,,,"",""
ball,1,44.2,Bangladesh,Salma Khatun,Shaila Sharmin,S Jimmy,1,0,,,,,,"",""
ball,1,44.3,Bangladesh,Shaila Sharmin,Salma Khatun,S Jimmy,1,0,,,,,,"",""
ball,1,44.4,Bangladesh,Salma Khatun,Shaila Sharmin,S Jimmy,4,0,,,,,,"",""
ball,1,44.5,Bangladesh,Salma Khatun,Shaila Sharmin,S Jimmy,0,0,,,,,,"",""
ball,1,44.6,Bangladesh,Salma Khatun,Shaila Sharmin,S Jimmy,1,0,,,,,,"",""
ball,1,45.1,Bangladesh,Salma Khatun,Shaila Sharmin,M Tom,1,0,,,,,,"",""
ball,1,45.2,Bangladesh,Shaila Sharmin,Salma Khatun,M Tom,4,0,,,,,,"",""
ball,1,45.3,Bangladesh,Shaila Sharmin,Salma Khatun,M Tom,1,0,,,,,,"",""
ball,1,45.4,Bangladesh,Salma Khatun,Shaila Sharmin,M Tom,0,0,,,,,,"",""
ball,1,45.5,Bangladesh,Salma Khatun,Shaila Sharmin,M Tom,0,0,,,,,,"",""
ball,1,45.6,Bangladesh,Salma Khatun,Shaila Sharmin,M Tom,0,0,,,,,,"",""
ball,1,46.1,Bangladesh,Shaila Sharmin,Salma Khatun,H Philip,0,0,,,,,,"",""
ball,1,46.2,Bangladesh,Shaila Sharmin,Salma Khatun,H Philip,2,0,,,,,,"",""
ball,1,46.3,Bangladesh,Shaila Sharmin,Salma Khatun,H Philip,1,0,,,,,,"",""
ball,1,46.4,Bangladesh,Salma Khatun,Shaila Sharmin,H Philip,2,0,,,,,,"",""
ball,1,46.5,Bangladesh,Salma Khatun,Shaila Sharmin,H Philip,1,0,,,,,,"",""
ball,1,46.6,Bangladesh,Shaila Sharmin,Salma Khatun,H Philip,1,0,,,,,,"",""
ball,1,47.1,Bangladesh,Shaila Sharmin,Salma Khatun,K Arua,1,0,,,,,,"",""
ball,1,47.2,Bangladesh,Salma Khatun,Shaila Sharmin,K Arua,0,0,,,,,,"",""
ball,1,47.3,Bangladesh,Salma Khatun,Shaila Sharmin,K Arua,1,0,,,,,,"",""
ball,1,47.4,Bangladesh,Shaila Sharmin,Salma Khatun,K Arua,1,0,,,,,,"",""
ball,1,47.5,Bangladesh,Salma Khatun,Shaila Sharmin,K Arua,1,0,,,,,,"",""
ball,1,47.6,Bangladesh,Shaila Sharmin,Salma Khatun,K Arua,1,0,,,,,,"",""
ball,1,48.1,Bangladesh,Shaila Sharmin,Salma Khatun,H Philip,1,0,,,,,,"",""
ball,1,48.2,Bangladesh,Salma Khatun,Shaila Sharmin,H Philip,1,0,,,,,,"",""
ball,1,48.3,Bangladesh,Shaila Sharmin,Salma Khatun,H Philip,0,0,,,,,,"",""
ball,1,48.4,Bangladesh,Shaila Sharmin,Salma Khatun,H Philip,1,0,,,,,,"",""
ball,1,48.5,Bangladesh,Salma Khatun,Shaila Sharmin,H Philip,1,0,,,,,,"",""
ball,1,48.6,Bangladesh,Shaila Sharmin,Salma Khatun,H Philip,0,0,,,,,,"",""
ball,1,49.1,Bangladesh,Salma Khatun,Shaila Sharmin,K Arua,0,0,,,,,,"",""
ball,1,49.2,Bangladesh,Salma Khatun,Shaila Sharmin,K Arua,4,0,,,,,,"",""
ball,1,49.3,Bangladesh,Salma Khatun,Shaila Sharmin,K Arua,4,0,,,,,,"",""
ball,1,49.4,Bangladesh,Salma Khatun,Shaila Sharmin,K Arua,0,0,,,,,,"",""
ball,1,49.5,Bangladesh,Salma Khatun,Shaila Sharmin,K Arua,0,0,,,,,,"",""
ball,1,49.6,Bangladesh,Salma Khatun,Shaila Sharmin,K Arua,2,0,,,,,,"",""
ball,2,0.1,Papua New Guinea,N Ovasuru,B Tau,Jahanara Alam,0,0,,,,,,"",""
ball,2,0.2,Papua New Guinea,N Ovasuru,B Tau,Jahanara Alam,0,0,,,,,,"",""
ball,2,0.3,Papua New Guinea,N Ovasuru,B Tau,Jahanara Alam,0,0,,,,,,"",""
ball,2,0.4,Papua New Guinea,N Ovasuru,B Tau,Jahanara Alam,0,0,,,,,,"",""
ball,2,0.5,Papua New Guinea,N Ovasuru,B Tau,Jahanara Alam,0,0,,,,,,"",""
ball,2,0.6,Papua New Guinea,N Ovasuru,B Tau,Jahanara Alam,0,0,,,,,,"",""
ball,2,1.1,Papua New Guinea,B Tau,N Ovasuru,Panna Ghosh,1,0,,,,,,"",""
ball,2,1.2,Papua New Guinea,N Ovasuru,B Tau,Panna Ghosh,0,1,,,,1,,"",""
ball,2,1.3,Papua New Guinea,B Tau,N Ovasuru,Panna Ghosh,0,0,,,,,,"",""
ball,2,1.4,Papua New Guinea,B Tau,N Ovasuru,Panna Ghosh,0,0,,,,,,"",""
ball,2,1.5,Papua New Guinea,B Tau,N Ovasuru,Panna Ghosh,0,0,,,,,,caught and bowled,B Tau
ball,2,1.6,Papua New Guinea,T Ruma,N Ovasuru,Panna Ghosh,0,0,,,,,,"",""
ball,2,2.1,Papua New Guinea,N Ovasuru,T Ruma,Jahanara Alam,0,0,,,,,,caught,N Ovasuru
ball,2,2.2,Papua New Guinea,P Siaka,T Ruma,Jahanara Alam,0,0,,,,,,"",""
ball,2,2.3,Papua New Guinea,P Siaka,T Ruma,Jahanara Alam,0,0,,,,,,"",""
ball,2,2.4,Papua New Guinea,P Siaka,T Ruma,Jahanara Alam,0,0,,,,,,"",""
ball,2,2.5,Papua New Guinea,P Siaka,T Ruma,Jahanara Alam,1,0,,,,,,"",""
ball,2,2.6,Papua New Guinea,T Ruma,P Siaka,Jahanara Alam,1,0,,,,,,"",""
ball,2,3.1,Papua New Guinea,T Ruma,P Siaka,Panna Ghosh,1,0,,,,,,"",""
ball,2,3.2,Papua New Guinea,P Siaka,T Ruma,Panna Ghosh,0,0,,,,,,"",""
ball,2,3.3,Papua New Guinea,P Siaka,T Ruma,Panna Ghosh,0,0,,,,,,"",""
ball,2,3.4,Papua New Guinea,P Siaka,T Ruma,Panna Ghosh,1,0,,,,,,"",""
ball,2,3.5,Papua New Guinea,T Ruma,P Siaka,Panna Ghosh,0,0,,,,,,"",""
ball,2,3.6,Papua New Guinea,T Ruma,P Siaka,Panna Ghosh,0,0,,,,,,"",""
ball,2,4.1,Papua New Guinea,P Siaka,T Ruma,Jahanara Alam,0,0,,,,,,"",""
ball,2,4.2,Papua New Guinea,P Siaka,T Ruma,Jahanara Alam,0,0,,,,,,"",""
ball,2,4.3,Papua New Guinea,P Siaka,T Ruma,Jahanara Alam,4,0,,,,,,"",""
ball,2,4.4,Papua New Guinea,P Siaka,T Ruma,Jahanara Alam,0,0,,,,,,"",""
ball,2,4.5,Papua New Guinea,P Siaka,T Ruma,Jahanara Alam,1,0,,,,,,"",""
ball,2,4.6,Papua New Guinea,T Ruma,P Siaka,Jahanara Alam,4,0,,,,,,"",""
ball,2,5.1,Papua New Guinea,P Siaka,T Ruma,Panna Ghosh,0,0,,,,,,"",""
ball,2,5.2,Papua New Guinea,P Siaka,T Ruma,Panna Ghosh,0,0,,,,,,"",""
ball,2,5.3,Papua New Guinea,P Siaka,T Ruma,Panna Ghosh,0,0,,,,,,"",""
ball,2,5.4,Papua New Guinea,P Siaka,T Ruma,Panna Ghosh,0,4,,,,4,,"",""
ball,2,5.5,Papua New Guinea,P Siaka,T Ruma,Panna Ghosh,4,0,,,,,,"",""
ball,2,5.6,Papua New Guinea,P Siaka,T Ruma,Panna Ghosh,0,0,,,,,,"",""
ball,2,6.1,Papua New Guinea,T Ruma,P Siaka,Jahanara Alam,0,0,,,,,,"",""
ball,2,6.2,Papua New Guinea,T Ruma,P Siaka,Jahanara Alam,0,0,,,,,,"",""
ball,2,6.3,Papua New Guinea,T Ruma,P Siaka,Jahanara Alam,0,0,,,,,,"",""
ball,2,6.4,Papua New Guinea,T Ruma,P Siaka,Jahanara Alam,0,0,,,,,,"",""
ball,2,6.5,Papua New Guinea,T Ruma,P Siaka,Jahanara Alam,0,0,,,,,,"",""
ball,2,6.6,Papua New Guinea,T Ruma,P Siaka,Jahanara Alam,0,0,,,,,,"",""
ball,2,7.1,Papua New Guinea,P Siaka,T Ruma,Panna Ghosh,0,0,,,,,,"",""
ball,2,7.2,Papua New Guinea,P Siaka,T Ruma,Panna Ghosh,0,0,,,,,,"",""
ball,2,7.3,Papua New Guinea,P Siaka,T Ruma,Panna Ghosh,0,1,1,,,,,"",""
ball,2,7.4,Papua New Guinea,P Siaka,T Ruma,Panna Ghosh,0,0,,,,,,"",""
ball,2,7.5,Papua New Guinea,P Siaka,T Ruma,Panna Ghosh,0,0,,,,,,"",""
ball,2,7.6,Papua New Guinea,P Siaka,T Ruma,Panna Ghosh,4,0,,,,,,"",""
ball,2,7.7,Papua New Guinea,P Siaka,T Ruma,Panna Ghosh,4,0,,,,,,"",""
ball,2,8.1,Papua New Guinea,T Ruma,P Siaka,Jahanara Alam,0,0,,,,,,"",""
ball,2,8.2,Papua New Guinea,T Ruma,P Siaka,Jahanara Alam,1,0,,,,,,"",""
ball,2,8.3,Papua New Guinea,P Siaka,T Ruma,Jahanara Alam,0,0,,,,,,"",""
ball,2,8.4,Papua New Guinea,P Siaka,T Ruma,Jahanara Alam,1,0,,,,,,"",""
ball,2,8.5,Papua New Guinea,T Ruma,P Siaka,Jahanara Alam,1,0,,,,,,"",""
ball,2,8.6,Papua New Guinea,P Siaka,T Ruma,Jahanara Alam,2,0,,,,,,"",""
ball,2,9.1,Papua New Guinea,T Ruma,P Siaka,Salma Khatun,0,0,,,,,,"",""
ball,2,9.2,Papua New Guinea,T Ruma,P Siaka,Salma Khatun,4,0,,,,,,"",""
ball,2,9.3,Papua New Guinea,T Ruma,P Siaka,Salma Khatun,2,0,,,,,,"",""
ball,2,9.4,Papua New Guinea,T Ruma,P Siaka,Salma Khatun,0,0,,,,,,"",""
ball,2,9.5,Papua New Guinea,T Ruma,P Siaka,Salma Khatun,0,0,,,,,,"",""
ball,2,9.6,Papua New Guinea,T Ruma,P Siaka,Salma Khatun,0,0,,,,,,"",""
ball,2,10.1,Papua New Guinea,P Siaka,T Ruma,Jahanara Alam,2,0,,,,,,"",""
ball,2,10.2,Papua New Guinea,P Siaka,T Ruma,Jahanara Alam,1,0,,,,,,"",""
ball,2,10.3,Papua New Guinea,T Ruma,P Siaka,Jahanara Alam,0,0,,,,,,"",""
ball,2,10.4,Papua New Guinea,T Ruma,P Siaka,Jahanara Alam,0,0,,,,,,"",""
ball,2,10.5,Papua New Guinea,T Ruma,P Siaka,Jahanara Alam,2,0,,,,,,"",""
ball,2,10.6,Papua New Guinea,T Ruma,P Siaka,Jahanara Alam,1,0,,,,,,"",""
ball,2,11.1,Papua New Guinea,T Ruma,P Siaka,Salma Khatun,2,0,,,,,,"",""
ball,2,11.2,Papua New Guinea,T Ruma,P Siaka,Salma Khatun,0,0,,,,,,"",""
ball,2,11.3,Papua New Guinea,T Ruma,P Siaka,Salma Khatun,0,0,,,,,,"",""
ball,2,11.4,Papua New Guinea,T Ruma,P Siaka,Salma Khatun,1,0,,,,,,"",""
ball,2,11.5,Papua New Guinea,P Siaka,T Ruma,Salma Khatun,0,0,,,,,,"",""
ball,2,11.6,Papua New Guinea,P Siaka,T Ruma,Salma Khatun,1,0,,,,,,"",""
ball,2,12.1,Papua New Guinea,P Siaka,T Ruma,Rumana Ahmed,0,0,,,,,,"",""
ball,2,12.2,Papua New Guinea,P Siaka,T Ruma,Rumana Ahmed,1,0,,,,,,"",""
ball,2,12.3,Papua New Guinea,T Ruma,P Siaka,Rumana Ahmed,0,0,,,,,,"",""
ball,2,12.4,Papua New Guinea,T Ruma,P Siaka,Rumana Ahmed,0,0,,,,,,"",""
ball,2,12.5,Papua New Guinea,T Ruma,P Siaka,Rumana Ahmed,0,0,,,,,,"",""
ball,2,12.6,Papua New Guinea,T Ruma,P Siaka,Rumana Ahmed,0,0,,,,,,"",""
ball,2,13.1,Papua New Guinea,P Siaka,T Ruma,Khadija Tul Kubra,2,0,,,,,,"",""
ball,2,13.2,Papua New Guinea,P Siaka,T Ruma,Khadija Tul Kubra,0,0,,,,,,"",""
ball,2,13.3,Papua New Guinea,P Siaka,T Ruma,Khadija Tul Kubra,2,0,,,,,,"",""
ball,2,13.4,Papua New Guinea,P Siaka,T Ruma,Khadija Tul Kubra,1,0,,,,,,"",""
ball,2,13.5,Papua New Guinea,T Ruma,P Siaka,Khadija Tul Kubra,0,0,,,,,,"",""
ball,2,13.6,Papua New Guinea,T Ruma,P Siaka,Khadija Tul Kubra,0,0,,,,,,"",""
ball,2,14.1,Papua New Guinea,P Siaka,T Ruma,Rumana Ahmed,0,0,,,,,,"",""
ball,2,14.2,Papua New Guinea,P Siaka,T Ruma,Rumana Ahmed,0,0,,,,,,"",""
ball,2,14.3,Papua New Guinea,P Siaka,T Ruma,Rumana Ahmed,0,0,,,,,,"",""
ball,2,14.4,Papua New Guinea,P Siaka,T Ruma,Rumana Ahmed,0,0,,,,,,caught,P Siaka
ball,2,14.5,Papua New Guinea,K Oala,T Ruma,Rumana Ahmed,0,0,,,,,,"",""
ball,2,14.6,Papua New Guinea,K Oala,T Ruma,Rumana Ahmed,0,0,,,,,,"",""
ball,2,15.1,Papua New Guinea,T Ruma,K Oala,Khadija Tul Kubra,0,0,,,,,,"",""
ball,2,15.2,Papua New Guinea,T Ruma,K Oala,Khadija Tul Kubra,0,0,,,,,,"",""
ball,2,15.3,Papua New Guinea,T Ruma,K Oala,Khadija Tul Kubra,0,0,,,,,,run out,T Ruma
ball,2,15.4,Papua New Guinea,K Oala,V Frank,Khadija Tul Kubra,0,0,,,,,,"",""
ball,2,15.5,Papua New Guinea,K Oala,V Frank,Khadija Tul Kubra,0,0,,,,,,"",""
ball,2,15.6,Papua New Guinea,K Oala,V Frank,Khadija Tul Kubra,0,0,,,,,,"",""
ball,2,16.1,Papua New Guinea,V Frank,K Oala,Rumana Ahmed,0,0,,,,,,"",""
ball,2,16.2,Papua New Guinea,V Frank,K Oala,Rumana Ahmed,0,0,,,,,,"",""
ball,2,16.3,Papua New Guinea,V Frank,K Oala,Rumana Ahmed,2,0,,,,,,"",""
ball,2,16.4,Papua New Guinea,V Frank,K Oala,Rumana Ahmed,0,0,,,,,,"",""
ball,2,16.5,Papua New Guinea,V Frank,K Oala,Rumana Ahmed,0,0,,,,,,"",""
ball,2,16.6,Papua New Guinea,V Frank,K Oala,Rumana Ahmed,0,0,,,,,,"",""
ball,2,17.1,Papua New Guinea,K Oala,V Frank,Khadija Tul Kubra,0,0,,,,,,"",""
ball,2,17.2,Papua New Guinea,K Oala,V Frank,Khadija Tul Kubra,0,0,,,,,,"",""
ball,2,17.3,Papua New Guinea,K Oala,V Frank,Khadija Tul Kubra,6,0,,,,,,"",""
ball,2,17.4,Papua New Guinea,K Oala,V Frank,Khadija Tul Kubra,0,0,,,,,,"",""
ball,2,17.5,Papua New Guinea,K Oala,V Frank,Khadija Tul Kubra,0,0,,,,,,"",""
ball,2,17.6,Papua New Guinea,K Oala,V Frank,Khadija Tul Kubra,0,0,,,,,,"",""
ball,2,18.1,Papua New Guinea,V Frank,K Oala,Rumana Ahmed,0,0,,,,,,"",""
ball,2,18.2,Papua New Guinea,V Frank,K Oala,Rumana Ahmed,0,0,,,,,,"",""
ball,2,18.3,Papua New Guinea,V Frank,K Oala,Rumana Ahmed,0,0,,,,,,"",""
ball,2,18.4,Papua New Guinea,V Frank,K Oala,Rumana Ahmed,0,0,,,,,,"",""
ball,2,18.5,Papua New Guinea,V Frank,K Oala,Rumana Ahmed,0,0,,,,,,"",""
ball,2,18.6,Papua New Guinea,V Frank,K Oala,Rumana Ahmed,0,0,,,,,,"",""
ball,2,19.1,Papua New Guinea,K Oala,V Frank,Khadija Tul Kubra,0,0,,,,,,"",""
ball,2,19.2,Papua New Guinea,K Oala,V Frank,Khadija Tul Kubra,0,0,,,,,,"",""
ball,2,19.3,Papua New Guinea,K Oala,V Frank,Khadija Tul Kubra,0,1,,1,,,,"",""
ball,2,19.4,Papua New Guinea,K Oala,V Frank,Khadija Tul Kubra,4,0,,,,,,"",""
ball,2,19.5,Papua New Guinea,K Oala,V Frank,Khadija Tul Kubra,0,0,,,,,,"",""
ball,2,19.6,Papua New Guinea,K Oala,V Frank,Khadija Tul Kubra,1,0,,,,,,"",""
ball,2,19.7,Papua New Guinea,V Frank,K Oala,Khadija Tul Kubra,0,0,,,,,,"",""
ball,2,20.1,Papua New Guinea,K Oala,V Frank,Rumana Ahmed,0,0,,,,,,"",""
ball,2,20.2,Papua New Guinea,K Oala,V Frank,Rumana Ahmed,0,0,,,,,,"",""
ball,2,20.3,Papua New Guinea,K Oala,V Frank,Rumana Ahmed,1,0,,,,,,"",""
ball,2,20.4,Papua New Guinea,V Frank,K Oala,Rumana Ahmed,1,0,,,,,,"",""
ball,2,20.5,Papua New Guinea,K Oala,V Frank,Rumana Ahmed,0,0,,,,,,"",""
ball,2,20.6,Papua New Guinea,K Oala,V Frank,Rumana Ahmed,1,0,,,,,,"",""
ball,2,21.1,Papua New Guinea,K Oala,V Frank,Salma Khatun,0,0,,,,,,"",""
ball,2,21.2,Papua New Guinea,K Oala,V Frank,Salma Khatun,1,0,,,,,,"",""
ball,2,21.3,Papua New Guinea,V Frank,K Oala,Salma Khatun,0,0,,,,,,"",""
ball,2,21.4,Papua New Guinea,V Frank,K Oala,Salma Khatun,0,0,,,,,,lbw,V Frank
ball,2,21.5,Papua New Guinea,S Jimmy,K Oala,Salma Khatun,0,0,,,,,,"",""
ball,2,21.6,Papua New Guinea,S Jimmy,K Oala,Salma Khatun,0,0,,,,,,"",""
ball,2,22.1,Papua New Guinea,K Oala,S Jimmy,Rumana Ahmed,1,0,,,,,,"",""
ball,2,22.2,Papua New Guinea,S Jimmy,K Oala,Rumana Ahmed,0,0,,,,,,"",""
ball,2,22.3,Papua New Guinea,S Jimmy,K Oala,Rumana Ahmed,0,0,,,,,,"",""
ball,2,22.4,Papua New Guinea,S Jimmy,K Oala,Rumana Ahmed,0,0,,,,,,"",""
ball,2,22.5,Papua New Guinea,S Jimmy,K Oala,Rumana Ahmed,0,0,,,,,,"",""
ball,2,22.6,Papua New Guinea,S Jimmy,K Oala,Rumana Ahmed,0,0,,,,,,"",""
ball,2,23.1,Papua New Guinea,K Oala,S Jimmy,Salma Khatun,0,0,,,,,,"",""
ball,2,23.2,Papua New Guinea,K Oala,S Jimmy,Salma Khatun,0,0,,,,,,"",""
ball,2,23.3,Papua New Guinea,K Oala,S Jimmy,Salma Khatun,1,0,,,,,,"",""
ball,2,23.4,Papua New Guinea,S Jimmy,K Oala,Salma Khatun,0,0,,,,,,"",""
ball,2,23.5,Papua New Guinea,S Jimmy,K Oala,Salma Khatun,0,0,,,,,,"",""
ball,2,23.6,Papua New Guinea,S Jimmy,K Oala,Salma Khatun,0,0,,,,,,"",""
ball,2,24.1,Papua New Guinea,K Oala,S Jimmy,Panna Ghosh,0,0,,,,,,"",""
ball,2,24.2,Papua New Guinea,K Oala,S Jimmy,Panna Ghosh,0,0,,,,,,"",""
ball,2,24.3,Papua New Guinea,K Oala,S Jimmy,Panna Ghosh,0,0,,,,,,"",""
ball,2,24.4,Papua New Guinea,K Oala,S Jimmy,Panna Ghosh,1,0,,,,,,"",""
ball,2,24.5,Papua New Guinea,S Jimmy,K Oala,Panna Ghosh,0,0,,,,,,"",""
ball,2,24.6,Papua New Guinea,S Jimmy,K Oala,Panna Ghosh,0,0,,,,,,"",""
ball,2,25.1,Papua New Guinea,K Oala,S Jimmy,Jahanara Alam,4,0,,,,,,"",""
ball,2,25.2,Papua New Guinea,K Oala,S Jimmy,Jahanara Alam,1,0,,,,,,"",""
ball,2,25.3,Papua New Guinea,S Jimmy,K Oala,Jahanara Alam,0,0,,,,,,"",""
ball,2,25.4,Papua New Guinea,S Jimmy,K Oala,Jahanara Alam,0,0,,,,,,"",""
ball,2,25.5,Papua New Guinea,S Jimmy,K Oala,Jahanara Alam,0,0,,,,,,"",""
ball,2,25.6,Papua New Guinea,S Jimmy,K Oala,Jahanara Alam,0,0,,,,,,bowled,S Jimmy
ball,2,26.1,Papua New Guinea,K Oala,K Arua,Panna Ghosh,1,0,,,,,,"",""
ball,2,26.2,Papua New Guinea,K Arua,K Oala,Panna Ghosh,0,0,,,,,,"",""
ball,2,26.3,Papua New Guinea,K Arua,K Oala,Panna Ghosh,0,0,,,,,,"",""
ball,2,26.4,Papua New Guinea,K Arua,K Oala,Panna Ghosh,2,0,,,,,,"",""
ball,2,26.5,Papua New Guinea,K Arua,K Oala,Panna Ghosh,0,0,,,,,,"",""
ball,2,26.6,Papua New Guinea,K Arua,K Oala,Panna Ghosh,0,0,,,,,,"",""
ball,2,27.1,Papua New Guinea,K Oala,K Arua,Rumana Ahmed,6,0,,,,,,"",""
ball,2,27.2,Papua New Guinea,K Oala,K Arua,Rumana Ahmed,0,0,,,,,,"",""
ball,2,27.3,Papua New Guinea,K Oala,K Arua,Rumana Ahmed,0,0,,,,,,caught,K Oala
ball,2,27.4,Papua New Guinea,K Arua,H Philip,Rumana Ahmed,0,0,,,,,,"",""
ball,2,27.5,Papua New Guinea,K Arua,H Philip,Rumana Ahmed,0,0,,,,,,"",""
ball,2,27.6,Papua New Guinea,K Arua,H Philip,Rumana Ahmed,0,0,,,,,,"",""
ball,2,28.1,Papua New Guinea,H Philip,K Arua,Khadija Tul Kubra,0,0,,,,,,"",""
ball,2,28.2,Papua New Guinea,H Philip,K Arua,Khadija Tul Kubra,0,1,,,,1,,"",""
ball,2,28.3,Papua New Guinea,K Arua,H Philip,Khadija Tul Kubra,0,0,,,,,,"",""
ball,2,28.4,Papua New Guinea,K Arua,H Philip,Khadija Tul Kubra,0,0,,,,,,"",""
ball,2,28.5,Papua New Guinea,K Arua,H Philip,Khadija Tul Kubra,0,0,,,,,,"",""
ball,2,28.6,Papua New Guinea,K Arua,H Philip,Khadija Tul Kubra,0,0,,,,,,"",""
ball,2,29.1,Papua New Guinea,H Philip,K Arua,Salma Khatun,0,0,,,,,,"",""
ball,2,29.2,Papua New Guinea,H Philip,K Arua,Salma Khatun,0,0,,,,,,"",""
ball,2,29.3,Papua New Guinea,H Philip,K Arua,Salma Khatun,0,0,,,,,,"",""
ball,2,29.4,Papua New Guinea,H Philip,K Arua,Salma Khatun,0,0,,,,,,"",""
ball,2,29.5,Papua New Guinea,H Philip,K Arua,Salma Khatun,0,0,,,,,,"",""
ball,2,29.6,Papua New Guinea,H Philip,K Arua,Salma Khatun,2,0,,,,,,"",""
ball,2,30.1,Papua New Guinea,K Arua,H Philip,Khadija Tul Kubra,0,0,,,,,,"",""
ball,2,30.2,Papua New Guinea,K Arua,H Philip,Khadija Tul Kubra,0,0,,,,,,"",""
ball,2,30.3,Papua New Guinea,K Arua,H Philip,Khadija Tul Kubra,0,0,,,,,,"",""
ball,2,30.4,Papua New Guinea,K Arua,H Philip,Khadija Tul Kubra,0,0,,,,,,"",""
ball,2,30.5,Papua New Guinea,K Arua,H Philip,Khadija Tul Kubra,0,0,,,,,,bowled,K Arua
ball,2,30.6,Papua New Guinea,R Oa,H Philip,Khadija Tul Kubra,0,0,,,,,,"",""
ball,2,31.1,Papua New Guinea,H Philip,R Oa,Salma Khatun,0,0,,,,,,"",""
ball,2,31.2,Papua New Guinea,H Philip,R Oa,Salma Khatun,0,0,,,,,,bowled,H Philip
ball,2,31.3,Papua New Guinea,M Tom,R Oa,Salma Khatun,0,0,,,,,,"",""
ball,2,31.4,Papua New Guinea,M Tom,R Oa,Salma Khatun,0,0,,,,,,"",""
ball,2,31.5,Papua New Guinea,M Tom,R Oa,Salma Khatun,0,0,,,,,,"",""
ball,2,31.6,Papua New Guinea,M Tom,R Oa,Salma Khatun,0,0,,,,,,"",""
ball,2,32.1,Papua New Guinea,R Oa,M Tom,Panna Ghosh,0,0,,,,,,bowled,R Oa
