version,1.6.0
info,balls_per_over,6
info,team,Ireland
info,team,Thailand
info,gender,female
info,season,2016/17
info,date,2017/02/11
info,event,ICC Women's World Cup Qualifier
info,match_number,16
info,venue,Colombo Cricket Club Ground
info,city,
info,neutralvenue,true
info,toss_winner,Ireland
info,toss_decision,bat
info,player_of_match,KJ Garth
info,umpire,K Cross
info,umpire,LS Reifer
info,reserve_umpire,JWHD Boteju
info,winner,Ireland
info,winner_runs,46
info,player,Ireland,SM Kavanagh
info,player,Ireland,CNIM Joyce
info,player,Ireland,KJ Garth
info,player,Ireland,L Delany
info,player,Ireland,CMA Shillington
info,player,Ireland,IMHC Joyce
info,player,Ireland,GH Lewis
info,player,Ireland,MV Waldron
info,player,Ireland,LK O'Reilly
info,player,Ireland,AJ Kenealy
info,player,Ireland,CJ Metcalfe
info,player,Thailand,N Chantam
info,player,Thailand,S Saengsakaorat
info,player,Thailand,N Boochatham
info,player,Thailand,N Koncharoenkai
info,player,Thailand,S Tippoch
info,player,Thailand,N Chaiwai
info,player,Thailand,C Sutthiruang
info,player,Thailand,R Padunglerd
info,player,Thailand,S Saenya
info,player,Thailand,S Laomi
info,player,Thailand,R Sangsoma
info,registry,people,AJ Kenealy,ca753f5d
info,registry,people,C Sutthiruang,f6ddfe08
info,registry,people,CJ Metcalfe,d58fdb42
info,registry,people,CMA Shillington,60e11a00
info,registry,people,CNIM Joyce,56418eae
info,registry,people,GH Lewis,1b9d1579
info,registry,people,IMHC Joyce,d3b4b8ed
info,registry,people,JWHD Boteju,7934d6fb
info,registry,people,K Cross,d59c5855
info,registry,people,KJ Garth,0b69a844
info,registry,people,L Delany,b4f73b44
info,registry,people,LK O'Reilly,69a9bb78
info,registry,people,LS Reifer,5dee559a
info,registry,people,MV Waldron,2e4f11e9
info,registry,people,N Boochatham,58acb320
info,registry,people,N Chaiwai,0825e4b3
info,registry,people,N Chantam,b5626ff7
info,registry,people,N Koncharoenkai,82c78412
info,registry,people,R Padunglerd,8b6c33d0
info,registry,people,R Sangsoma,e1aa1469
info,registry,people,S Laomi,4b15618c
info,registry,people,S Saengsakaorat,6214c0c6
info,registry,people,S Saenya,befa9863
info,registry,people,S Tippoch,9c4b58db
info,registry,people,SM Kavanagh,7e9b3b60
ball,1,0.1,Ireland,SM Kavanagh,CNIM Joyce,C Sutthiruang,0,0,,,,,,"",""
ball,1,0.2,Ireland,SM Kavanagh,CNIM Joyce,C Sutthiruang,1,0,,,,,,"",""
ball,1,0.3,Ireland,CNIM Joyce,SM Kavanagh,C Sutthiruang,0,0,,,,,,"",""
ball,1,0.4,Ireland,CNIM Joyce,SM Kavanagh,C Sutthiruang,0,0,,,,,,"",""
ball,1,0.5,Ireland,CNIM Joyce,SM Kavanagh,C Sutthiruang,0,0,,,,,,"",""
ball,1,0.6,Ireland,CNIM Joyce,SM Kavanagh,C Sutthiruang,0,0,,,,,,"",""
ball,1,1.1,Ireland,SM Kavanagh,CNIM Joyce,S Tippoch,0,0,,,,,,"",""
ball,1,1.2,Ireland,SM Kavanagh,CNIM Joyce,S Tippoch,1,0,,,,,,"",""
ball,1,1.3,Ireland,CNIM Joyce,SM Kavanagh,S Tippoch,1,0,,,,,,"",""
ball,1,1.4,Ireland,SM Kavanagh,CNIM Joyce,S Tippoch,0,0,,,,,,"",""
ball,1,1.5,Ireland,SM Kavanagh,CNIM Joyce,S Tippoch,0,0,,,,,,"",""
ball,1,1.6,Ireland,SM Kavanagh,CNIM Joyce,S Tippoch,0,0,,,,,,"",""
ball,1,2.1,Ireland,CNIM Joyce,SM Kavanagh,C Sutthiruang,0,0,,,,,,"",""
ball,1,2.2,Ireland,CNIM Joyce,SM Kavanagh,C Sutthiruang,1,0,,,,,,"",""
ball,1,2.3,Ireland,SM Kavanagh,CNIM Joyce,C Sutthiruang,0,0,,,,,,"",""
ball,1,2.4,Ireland,SM Kavanagh,CNIM Joyce,C Sutthiruang,1,0,,,,,,"",""
ball,1,2.5,Ireland,CNIM Joyce,SM Kavanagh,C Sutthiruang,0,0,,,,,,"",""
ball,1,2.6,Ireland,CNIM Joyce,SM Kavanagh,C Sutthiruang,1,0,,,,,,"",""
ball,1,3.1,Ireland,CNIM Joyce,SM Kavanagh,S Tippoch,0,0,,,,,,"",""
ball,1,3.2,Ireland,CNIM Joyce,SM Kavanagh,S Tippoch,0,0,,,,,,"",""
ball,1,3.3,Ireland,CNIM Joyce,SM Kavanagh,S Tippoch,1,0,,,,,,"",""
ball,1,3.4,Ireland,SM Kavanagh,CNIM Joyce,S Tippoch,0,0,,,,,,"",""
ball,1,3.5,Ireland,SM Kavanagh,CNIM Joyce,S Tippoch,0,0,,,,,,"",""
ball,1,3.6,Ireland,SM Kavanagh,CNIM Joyce,S Tippoch,0,0,,,,,,"",""
ball,1,4.1,Ireland,CNIM Joyce,SM Kavanagh,C Sutthiruang,0,0,,,,,,"",""
ball,1,4.2,Ireland,CNIM Joyce,SM Kavanagh,C Sutthiruang,0,0,,,,,,"",""
ball,1,4.3,Ireland,CNIM Joyce,SM Kavanagh,C Sutthiruang,0,0,,,,,,"",""
ball,1,4.4,Ireland,CNIM Joyce,SM Kavanagh,C Sutthiruang,0,0,,,,,,"",""
ball,1,4.5,Ireland,CNIM Joyce,SM Kavanagh,C Sutthiruang,0,0,,,,,,"",""
ball,1,4.6,Ireland,CNIM Joyce,SM Kavanagh,C Sutthiruang,0,0,,,,,,"",""
ball,1,5.1,Ireland,SM Kavanagh,CNIM Joyce,S Tippoch,0,0,,,,,,"",""
ball,1,5.2,Ireland,SM Kavanagh,CNIM Joyce,S Tippoch,0,0,,,,,,"",""
ball,1,5.3,Ireland,SM Kavanagh,CNIM Joyce,S Tippoch,0,0,,,,,,"",""
ball,1,5.4,Ireland,SM Kavanagh,CNIM Joyce,S Tippoch,0,0,,,,,,"",""
ball,1,5.5,Ireland,SM Kavanagh,CNIM Joyce,S Tippoch,0,0,,,,,,"",""
ball,1,5.6,Ireland,SM Kavanagh,CNIM Joyce,S Tippoch,0,0,,,,,,"",""
ball,1,6.1,Ireland,CNIM Joyce,SM Kavanagh,C Sutthiruang,4,0,,,,,,"",""
ball,1,6.2,Ireland,CNIM Joyce,SM Kavanagh,C Sutthiruang,4,0,,,,,,"",""
ball,1,6.3,Ireland,CNIM Joyce,SM Kavanagh,C Sutthiruang,0,0,,,,,,"",""
ball,1,6.4,Ireland,CNIM Joyce,SM Kavanagh,C Sutthiruang,0,0,,,,,,"",""
ball,1,6.5,Ireland,CNIM Joyce,SM Kavanagh,C Sutthiruang,0,0,,,,,,"",""
ball,1,6.6,Ireland,CNIM Joyce,SM Kavanagh,C Sutthiruang,4,0,,,,,,"",""
ball,1,7.1,Ireland,SM Kavanagh,CNIM Joyce,S Tippoch,0,0,,,,,,"",""
ball,1,7.2,Ireland,SM Kavanagh,CNIM Joyce,S Tippoch,0,0,,,,,,"",""
ball,1,7.3,Ireland,SM Kavanagh,CNIM Joyce,S Tippoch,4,0,,,,,,"",""
ball,1,7.4,Ireland,SM Kavanagh,CNIM Joyce,S Tippoch,0,0,,,,,,"",""
ball,1,7.5,Ireland,SM Kavanagh,CNIM Joyce,S Tippoch,0,0,,,,,,"",""
ball,1,7.6,Ireland,SM Kavanagh,CNIM Joyce,S Tippoch,0,0,,,,,,"",""
ball,1,8.1,Ireland,CNIM Joyce,SM Kavanagh,R Padunglerd,0,0,,,,,,"",""
ball,1,8.2,Ireland,CNIM Joyce,SM Kavanagh,R Padunglerd,0,1,1,,,,,"",""
ball,1,8.3,Ireland,CNIM Joyce,SM Kavanagh,R Padunglerd,4,0,,,,,,"",""
ball,1,8.4,Ireland,CNIM Joyce,SM Kavanagh,R Padunglerd,0,0,,,,,,"",""
ball,1,8.5,Ireland,CNIM Joyce,SM Kavanagh,R Padunglerd,4,0,,,,,,"",""
ball,1,8.6,Ireland,CNIM Joyce,SM Kavanagh,R Padunglerd,1,0,,,,,,"",""
ball,1,8.7,Ireland,SM Kavanagh,CNIM Joyce,R Padunglerd,0,0,,,,,,caught,SM Kavanagh
ball,1,9.1,Ireland,CNIM Joyce,KJ Garth,S Tippoch,0,0,,,,,,"",""
ball,1,9.2,Ireland,CNIM Joyce,KJ Garth,S Tippoch,1,0,,,,,,"",""
ball,1,9.3,Ireland,KJ Garth,CNIM Joyce,S Tippoch,0,0,,,,,,"",""
ball,1,9.4,Ireland,KJ Garth,CNIM Joyce,S Tippoch,0,0,,,,,,"",""
ball,1,9.5,Ireland,KJ Garth,CNIM Joyce,S Tippoch,0,0,,,,,,"",""
ball,1,9.6,Ireland,KJ Garth,CNIM Joyce,S Tippoch,0,0,,,,,,"",""
ball,1,10.1,Ireland,CNIM Joyce,KJ Garth,R Padunglerd,0,0,,,,,,"",""
ball,1,10.2,Ireland,CNIM Joyce,KJ Garth,R Padunglerd,0,0,,,,,,"",""
ball,1,10.3,Ireland,CNIM Joyce,KJ Garth,R Padunglerd,0,0,,,,,,"",""
ball,1,10.4,Ireland,CNIM Joyce,KJ Garth,R Padunglerd,0,0,,,,,,"",""
ball,1,10.5,Ireland,CNIM Joyce,KJ Garth,R Padunglerd,1,0,,,,,,"",""
ball,1,10.6,Ireland,KJ Garth,CNIM Joyce,R Padunglerd,0,0,,,,,,"",""
ball,1,11.1,Ireland,CNIM Joyce,KJ Garth,S Tippoch,0,0,,,,,,"",""
ball,1,11.2,Ireland,CNIM Joyce,KJ Garth,S Tippoch,0,0,,,,,,"",""
ball,1,11.3,Ireland,CNIM Joyce,KJ Garth,S Tippoch,0,0,,,,,,"",""
ball,1,11.4,Ireland,CNIM Joyce,KJ Garth,S Tippoch,0,0,,,,,,"",""
ball,1,11.5,Ireland,CNIM Joyce,KJ Garth,S Tippoch,1,0,,,,,,"",""
ball,1,11.6,Ireland,KJ Garth,CNIM Joyce,S Tippoch,1,0,,,,,,"",""
ball,1,12.1,Ireland,KJ Garth,CNIM Joyce,R Padunglerd,1,0,,,,,,"",""
ball,1,12.2,Ireland,CNIM Joyce,KJ Garth,R Padunglerd,0,0,,,,,,"",""
ball,1,12.3,Ireland,CNIM Joyce,KJ Garth,R Padunglerd,0,0,,,,,,"",""
ball,1,12.4,Ireland,CNIM Joyce,KJ Garth,R Padunglerd,0,0,,,,,,"",""
ball,1,12.5,Ireland,CNIM Joyce,KJ Garth,R Padunglerd,0,0,,,,,,"",""
ball,1,12.6,Ireland,CNIM Joyce,KJ Garth,R Padunglerd,1,0,,,,,,"",""
ball,1,13.1,Ireland,CNIM Joyce,KJ Garth,S Tippoch,0,0,,,,,,"",""
ball,1,13.2,Ireland,CNIM Joyce,KJ Garth,S Tippoch,0,0,,,,,,"",""
ball,1,13.3,Ireland,CNIM Joyce,KJ Garth,S Tippoch,1,0,,,,,,"",""
ball,1,13.4,Ireland,KJ Garth,CNIM Joyce,S Tippoch,0,0,,,,,,"",""
ball,1,13.5,Ireland,KJ Garth,CNIM Joyce,S Tippoch,0,0,,,,,,"",""
ball,1,13.6,Ireland,KJ Garth,CNIM Joyce,S Tippoch,0,0,,,,,,"",""
ball,1,14.1,Ireland,CNIM Joyce,KJ Garth,R Padunglerd,1,0,,,,,,"",""
ball,1,14.2,Ireland,KJ Garth,CNIM Joyce,R Padunglerd,1,0,,,,,,"",""
ball,1,14.3,Ireland,CNIM Joyce,KJ Garth,R Padunglerd,0,0,,,,,,"",""
ball,1,14.4,Ireland,CNIM Joyce,KJ Garth,R Padunglerd,4,0,,,,,,"",""
ball,1,14.5,Ireland,CNIM Joyce,KJ Garth,R Padunglerd,0,0,,,,,,"",""
ball,1,14.6,Ireland,CNIM Joyce,KJ Garth,R Padunglerd,0,0,,,,,,"",""
ball,1,15.1,Ireland,KJ Garth,CNIM Joyce,N Boochatham,0,1,1,,,,,"",""
ball,1,15.2,Ireland,KJ Garth,CNIM Joyce,N Boochatham,0,0,,,,,,"",""
ball,1,15.3,Ireland,KJ Garth,CNIM Joyce,N Boochatham,0,0,,,,,,"",""
ball,1,15.4,Ireland,KJ Garth,CNIM Joyce,N Boochatham,0,0,,,,,,"",""
ball,1,15.5,Ireland,KJ Garth,CNIM Joyce,N Boochatham,1,0,,,,,,"",""
ball,1,15.6,Ireland,CNIM Joyce,KJ Garth,N Boochatham,0,0,,,,,,"",""
ball,1,15.7,Ireland,CNIM Joyce,KJ Garth,N Boochatham,0,0,,,,,,"",""
ball,1,16.1,Ireland,KJ Garth,CNIM Joyce,S Laomi,0,0,,,,,,"",""
ball,1,16.2,Ireland,KJ Garth,CNIM Joyce,S Laomi,1,0,,,,,,"",""
ball,1,16.3,Ireland,CNIM Joyce,KJ Garth,S Laomi,0,0,,,,,,caught,CNIM Joyce
ball,1,16.4,Ireland,L Delany,KJ Garth,S Laomi,0,0,,,,,,"",""
ball,1,16.5,Ireland,L Delany,KJ Garth,S Laomi,1,0,,,,,,"",""
ball,1,16.6,Ireland,KJ Garth,L Delany,S Laomi,0,0,,,,,,"",""
ball,1,17.1,Ireland,L Delany,KJ Garth,N Boochatham,0,0,,,,,,"",""
ball,1,17.2,Ireland,L Delany,KJ Garth,N Boochatham,0,0,,,,,,"",""
ball,1,17.3,Ireland,L Delany,KJ Garth,N Boochatham,0,0,,,,,,"",""
ball,1,17.4,Ireland,L Delany,KJ Garth,N Boochatham,0,0,,,,,,"",""
ball,1,17.5,Ireland,L Delany,KJ Garth,N Boochatham,0,0,,,,,,"",""
ball,1,17.6,Ireland,L Delany,KJ Garth,N Boochatham,0,0,,,,,,"",""
ball,1,18.1,Ireland,KJ Garth,L Delany,S Laomi,0,0,,,,,,"",""
ball,1,18.2,Ireland,KJ Garth,L Delany,S Laomi,0,0,,,,,,"",""
ball,1,18.3,Ireland,KJ Garth,L Delany,S Laomi,1,0,,,,,,"",""
ball,1,18.4,Ireland,L Delany,KJ Garth,S Laomi,1,0,,,,,,"",""
ball,1,18.5,Ireland,KJ Garth,L Delany,S Laomi,0,0,,,,,,"",""
ball,1,18.6,Ireland,KJ Garth,L Delany,S Laomi,1,0,,,,,,"",""
ball,1,19.1,Ireland,KJ Garth,L Delany,N Boochatham,0,0,,,,,,"",""
ball,1,19.2,Ireland,KJ Garth,L Delany,N Boochatham,0,0,,,,,,"",""
ball,1,19.3,Ireland,KJ Garth,L Delany,N Boochatham,0,0,,,,,,"",""
ball,1,19.4,Ireland,KJ Garth,L Delany,N Boochatham,0,0,,,,,,"",""
ball,1,19.5,Ireland,KJ Garth,L Delany,N Boochatham,0,0,,,,,,"",""
ball,1,19.6,Ireland,KJ Garth,L Delany,N Boochatham,0,0,,,,,,"",""
ball,1,20.1,Ireland,L Delany,KJ Garth,S Laomi,1,0,,,,,,"",""
ball,1,20.2,Ireland,KJ Garth,L Delany,S Laomi,2,0,,,,,,"",""
ball,1,20.3,Ireland,KJ Garth,L Delany,S Laomi,1,0,,,,,,"",""
ball,1,20.4,Ireland,L Delany,KJ Garth,S Laomi,0,0,,,,,,"",""
ball,1,20.5,Ireland,L Delany,KJ Garth,S Laomi,2,0,,,,,,"",""
ball,1,20.6,Ireland,L Delany,KJ Garth,S Laomi,0,0,,,,,,"",""
ball,1,21.1,Ireland,KJ Garth,L Delany,N Boochatham,0,0,,,,,,"",""
ball,1,21.2,Ireland,KJ Garth,L Delany,N Boochatham,0,0,,,,,,"",""
ball,1,21.3,Ireland,KJ Garth,L Delany,N Boochatham,0,0,,,,,,"",""
ball,1,21.4,Ireland,KJ Garth,L Delany,N Boochatham,0,0,,,,,,"",""
ball,1,21.5,Ireland,KJ Garth,L Delany,N Boochatham,1,0,,,,,,"",""
ball,1,21.6,Ireland,L Delany,KJ Garth,N Boochatham,0,0,,,,,,"",""
ball,1,22.1,Ireland,KJ Garth,L Delany,S Laomi,0,0,,,,,,"",""
ball,1,22.2,Ireland,KJ Garth,L Delany,S Laomi,0,0,,,,,,"",""
ball,1,22.3,Ireland,KJ Garth,L Delany,S Laomi,4,0,,,,,,"",""
ball,1,22.4,Ireland,KJ Garth,L Delany,S Laomi,1,0,,,,,,"",""
ball,1,22.5,Ireland,L Delany,KJ Garth,S Laomi,1,0,,,,,,"",""
ball,1,22.6,Ireland,KJ Garth,L Delany,S Laomi,1,0,,,,,,"",""
ball,1,23.1,Ireland,KJ Garth,L Delany,N Boochatham,0,0,,,,,,"",""
ball,1,23.2,Ireland,KJ Garth,L Delany,N Boochatham,1,0,,,,,,"",""
ball,1,23.3,Ireland,L Delany,KJ Garth,N Boochatham,0,0,,,,,,"",""
ball,1,23.4,Ireland,L Delany,KJ Garth,N Boochatham,0,0,,,,,,"",""
ball,1,23.5,Ireland,L Delany,KJ Garth,N Boochatham,0,0,,,,,,"",""
ball,1,23.6,Ireland,L Delany,KJ Garth,N Boochatham,0,0,,,,,,"",""
ball,1,24.1,Ireland,KJ Garth,L Delany,S Laomi,4,0,,,,,,"",""
ball,1,24.2,Ireland,KJ Garth,L Delany,S Laomi,1,0,,,,,,"",""
ball,1,24.3,Ireland,L Delany,KJ Garth,S Laomi,1,0,,,,,,"",""
ball,1,24.4,Ireland,KJ Garth,L Delany,S Laomi,1,0,,,,,,"",""
ball,1,24.5,Ireland,L Delany,KJ Garth,S Laomi,0,0,,,,,,"",""
ball,1,24.6,Ireland,L Delany,KJ Garth,S Laomi,0,0,,,,,,"",""
ball,1,25.1,Ireland,KJ Garth,L Delany,N Boochatham,0,0,,,,,,"",""
ball,1,25.2,Ireland,KJ Garth,L Delany,N Boochatham,0,0,,,,,,"",""
ball,1,25.3,Ireland,KJ Garth,L Delany,N Boochatham,1,0,,,,,,"",""
ball,1,25.4,Ireland,L Delany,KJ Garth,N Boochatham,0,0,,,,,,"",""
ball,1,25.5,Ireland,L Delany,KJ Garth,N Boochatham,1,0,,,,,,"",""
ball,1,25.6,Ireland,KJ Garth,L Delany,N Boochatham,0,0,,,,,,"",""
ball,1,26.1,Ireland,L Delany,KJ Garth,R Sangsoma,0,0,,,,,,"",""
ball,1,26.2,Ireland,L Delany,KJ Garth,R Sangsoma,2,0,,,,,,"",""
ball,1,26.3,Ireland,L Delany,KJ Garth,R Sangsoma,0,0,,,,,,"",""
ball,1,26.4,Ireland,L Delany,KJ Garth,R Sangsoma,0,0,,,,,,"",""
ball,1,26.5,Ireland,L Delany,KJ Garth,R Sangsoma,0,0,,,,,,"",""
ball,1,26.6,Ireland,L Delany,KJ Garth,R Sangsoma,0,0,,,,,,"",""
ball,1,27.1,Ireland,KJ Garth,L Delany,N Boochatham,0,0,,,,,,"",""
ball,1,27.2,Ireland,KJ Garth,L Delany,N Boochatham,0,0,,,,,,"",""
ball,1,27.3,Ireland,KJ Garth,L Delany,N Boochatham,0,0,,,,,,"",""
ball,1,27.4,Ireland,KJ Garth,L Delany,N Boochatham,1,0,,,,,,"",""
ball,1,27.5,Ireland,L Delany,KJ Garth,N Boochatham,1,0,,,,,,"",""
ball,1,27.6,Ireland,KJ Garth,L Delany,N Boochatham,0,0,,,,,,"",""
ball,1,28.1,Ireland,L Delany,KJ Garth,R Sangsoma,0,0,,,,,,"",""
ball,1,28.2,Ireland,L Delany,KJ Garth,R Sangsoma,1,0,,,,,,"",""
ball,1,28.3,Ireland,KJ Garth,L Delany,R Sangsoma,1,0,,,,,,"",""
ball,1,28.4,Ireland,L Delany,KJ Garth,R Sangsoma,0,0,,,,,,"",""
ball,1,28.5,Ireland,L Delany,KJ Garth,R Sangsoma,1,0,,,,,,"",""
ball,1,28.6,Ireland,KJ Garth,L Delany,R Sangsoma,0,0,,,,,,"",""
ball,1,29.1,Ireland,L Delany,KJ Garth,N Boochatham,0,0,,,,,,"",""
ball,1,29.2,Ireland,L Delany,KJ Garth,N Boochatham,0,0,,,,,,"",""
ball,1,29.3,Ireland,L Delany,KJ Garth,N Boochatham,1,0,,,,,,"",""
ball,1,29.4,Ireland,KJ Garth,L Delany,N Boochatham,0,0,,,,,,"",""
ball,1,29.5,Ireland,KJ Garth,L Delany,N Boochatham,0,0,,,,,,"",""
ball,1,29.6,Ireland,KJ Garth,L Delany,N Boochatham,0,0,,,,,,"",""
ball,1,30.1,Ireland,L Delany,KJ Garth,R Sangsoma,0,0,,,,,,"",""
ball,1,30.2,Ireland,L Delany,KJ Garth,R Sangsoma,1,0,,,,,,"",""
ball,1,30.3,Ireland,KJ Garth,L Delany,R Sangsoma,1,0,,,,,,"",""
ball,1,30.4,Ireland,L Delany,KJ Garth,R Sangsoma,0,0,,,,,,"",""
ball,1,30.5,Ireland,L Delany,KJ Garth,R Sangsoma,0,0,,,,,,"",""
ball,1,30.6,Ireland,L Delany,KJ Garth,R Sangsoma,1,0,,,,,,"",""
ball,1,31.1,Ireland,L Delany,KJ Garth,S Laomi,1,0,,,,,,"",""
ball,1,31.2,Ireland,KJ Garth,L Delany,S Laomi,1,0,,,,,,"",""
ball,1,31.3,Ireland,L Delany,KJ Garth,S Laomi,0,0,,,,,,"",""
ball,1,31.4,Ireland,L Delany,KJ Garth,S Laomi,2,0,,,,,,"",""
ball,1,31.5,Ireland,L Delany,KJ Garth,S Laomi,0,0,,,,,,"",""
ball,1,31.6,Ireland,L Delany,KJ Garth,S Laomi,2,0,,,,,,"",""
ball,1,32.1,Ireland,KJ Garth,L Delany,R Sangsoma,0,0,,,,,,"",""
ball,1,32.2,Ireland,KJ Garth,L Delany,R Sangsoma,1,0,,,,,,"",""
ball,1,32.3,Ireland,L Delany,KJ Garth,R Sangsoma,0,0,,,,,,"",""
ball,1,32.4,Ireland,L Delany,KJ Garth,R Sangsoma,1,0,,,,,,"",""
ball,1,32.5,Ireland,KJ Garth,L Delany,R Sangsoma,1,0,,,,,,"",""
ball,1,32.6,Ireland,L Delany,KJ Garth,R Sangsoma,0,0,,,,,,"",""
ball,1,33.1,Ireland,KJ Garth,L Delany,S Laomi,0,0,,,,,,"",""
ball,1,33.2,Ireland,KJ Garth,L Delany,S Laomi,0,0,,,,,,"",""
ball,1,33.3,Ireland,KJ Garth,L Delany,S Laomi,1,0,,,,,,"",""
ball,1,33.4,Ireland,L Delany,KJ Garth,S Laomi,4,0,,,,,,"",""
ball,1,33.5,Ireland,L Delany,KJ Garth,S Laomi,0,0,,,,,,"",""
ball,1,33.6,Ireland,L Delany,KJ Garth,S Laomi,2,0,,,,,,"",""
ball,1,34.1,Ireland,KJ Garth,L Delany,R Sangsoma,0,0,,,,,,"",""
ball,1,34.2,Ireland,KJ Garth,L Delany,R Sangsoma,1,0,,,,,,"",""
ball,1,34.3,Ireland,L Delany,KJ Garth,R Sangsoma,1,0,,,,,,"",""
ball,1,34.4,Ireland,KJ Garth,L Delany,R Sangsoma,0,0,,,,,,"",""
ball,1,34.5,Ireland,KJ Garth,L Delany,R Sangsoma,4,0,,,,,,"",""
ball,1,34.6,Ireland,KJ Garth,L Delany,R Sangsoma,1,0,,,,,,"",""
ball,1,35.1,Ireland,KJ Garth,L Delany,S Tippoch,0,0,,,,,,"",""
ball,1,35.2,Ireland,KJ Garth,L Delany,S Tippoch,1,0,,,,,,"",""
ball,1,35.3,Ireland,L Delany,KJ Garth,S Tippoch,0,0,,,,,,"",""
ball,1,35.4,Ireland,L Delany,KJ Garth,S Tippoch,0,0,,,,,,"",""
ball,1,35.5,Ireland,L Delany,KJ Garth,S Tippoch,1,0,,,,,,"",""
ball,1,35.6,Ireland,KJ Garth,L Delany,S Tippoch,0,0,,,,,,"",""
ball,1,36.1,Ireland,L Delany,KJ Garth,N Boochatham,1,0,,,,,,"",""
ball,1,36.2,Ireland,KJ Garth,L Delany,N Boochatham,1,0,,,,,,"",""
ball,1,36.3,Ireland,L Delany,KJ Garth,N Boochatham,1,0,,,,,,"",""
ball,1,36.4,Ireland,KJ Garth,L Delany,N Boochatham,0,0,,,,,,"",""
ball,1,36.5,Ireland,KJ Garth,L Delany,N Boochatham,2,0,,,,,,"",""
ball,1,36.6,Ireland,KJ Garth,L Delany,N Boochatham,0,0,,,,,,"",""
ball,1,37.1,Ireland,L Delany,KJ Garth,S Tippoch,1,0,,,,,,"",""
ball,1,37.2,Ireland,KJ Garth,L Delany,S Tippoch,1,0,,,,,,"",""
ball,1,37.3,Ireland,L Delany,KJ Garth,S Tippoch,0,0,,,,,,"",""
ball,1,37.4,Ireland,L Delany,KJ Garth,S Tippoch,0,0,,,,,,"",""
ball,1,37.5,Ireland,L Delany,KJ Garth,S Tippoch,2,0,,,,,,"",""
ball,1,37.6,Ireland,L Delany,KJ Garth,S Tippoch,0,0,,,,,,"",""
ball,1,38.1,Ireland,KJ Garth,L Delany,N Boochatham,4,0,,,,,,"",""
ball,1,38.2,Ireland,KJ Garth,L Delany,N Boochatham,0,0,,,,,,"",""
ball,1,38.3,Ireland,KJ Garth,L Delany,N Boochatham,2,0,,,,,,"",""
ball,1,38.4,Ireland,KJ Garth,L Delany,N Boochatham,0,0,,,,,,"",""
ball,1,38.5,Ireland,KJ Garth,L Delany,N Boochatham,0,0,,,,,,"",""
ball,1,38.6,Ireland,KJ Garth,L Delany,N Boochatham,0,0,,,,,,"",""
ball,1,39.1,Ireland,L Delany,KJ Garth,S Tippoch,1,0,,,,,,"",""
ball,1,39.2,Ireland,KJ Garth,L Delany,S Tippoch,0,0,,,,,,"",""
ball,1,39.3,Ireland,KJ Garth,L Delany,S Tippoch,0,0,,,,,,"",""
ball,1,39.4,Ireland,KJ Garth,L Delany,S Tippoch,0,0,,,,,,"",""
ball,1,39.5,Ireland,KJ Garth,L Delany,S Tippoch,1,0,,,,,,"",""
ball,1,39.6,Ireland,L Delany,KJ Garth,S Tippoch,1,0,,,,,,"",""
ball,1,40.1,Ireland,L Delany,KJ Garth,R Sangsoma,1,0,,,,,,"",""
ball,1,40.2,Ireland,KJ Garth,L Delany,R Sangsoma,4,0,,,,,,"",""
ball,1,40.3,Ireland,KJ Garth,L Delany,R Sangsoma,0,0,,,,,,"",""
ball,1,40.4,Ireland,KJ Garth,L Delany,R Sangsoma,1,0,,,,,,"",""
ball,1,40.5,Ireland,L Delany,KJ Garth,R Sangsoma,1,0,,,,,,"",""
ball,1,40.6,Ireland,KJ Garth,L Delany,R Sangsoma,1,1,,1,,,,"",""
ball,1,40.7,Ireland,L Delany,KJ Garth,R Sangsoma,1,0,,,,,,"",""
ball,1,41.1,Ireland,L Delany,KJ Garth,S Laomi,1,0,,,,,,"",""
ball,1,41.2,Ireland,KJ Garth,L Delany,S Laomi,1,0,,,,,,"",""
ball,1,41.3,Ireland,L Delany,KJ Garth,S Laomi,1,0,,,,,,"",""
ball,1,41.4,Ireland,KJ Garth,L Delany,S Laomi,0,0,,,,,,"",""
ball,1,41.5,Ireland,KJ Garth,L Delany,S Laomi,1,0,,,,,,"",""
ball,1,41.6,Ireland,L Delany,KJ Garth,S Laomi,0,0,,,,,,"",""
ball,1,42.1,Ireland,KJ Garth,L Delany,R Sangsoma,1,0,,,,,,"",""
ball,1,42.2,Ireland,L Delany,KJ Garth,R Sangsoma,2,0,,,,,,"",""
ball,1,42.3,Ireland,L Delany,KJ Garth,R Sangsoma,0,0,,,,,,"",""
ball,1,42.4,Ireland,L Delany,KJ Garth,R Sangsoma,1,0,,,,,,"",""
ball,1,42.5,Ireland,KJ Garth,L Delany,R Sangsoma,0,0,,,,,,"",""
ball,1,42.6,Ireland,KJ Garth,L Delany,R Sangsoma,0,0,,,,,,"",""
ball,1,43.1,Ireland,L Delany,KJ Garth,S Laomi,2,0,,,,,,"",""
ball,1,43.2,Ireland,L Delany,KJ Garth,S Laomi,2,0,,,,,,"",""
ball,1,43.3,Ireland,L Delany,KJ Garth,S Laomi,1,0,,,,,,"",""
ball,1,43.4,Ireland,KJ Garth,L Delany,S Laomi,1,0,,,,,,"",""
ball,1,43.5,Ireland,L Delany,KJ Garth,S Laomi,0,0,,,,,,caught and bowled,L Delany
ball,1,43.6,Ireland,CMA Shillington,KJ Garth,S Laomi,0,0,,,,,,"",""
ball,1,44.1,Ireland,KJ Garth,CMA Shillington,R Sangsoma,2,0,,,,,,"",""
ball,1,44.2,Ireland,KJ Garth,CMA Shillington,R Sangsoma,1,0,,,,,,"",""
ball,1,44.3,Ireland,CMA Shillington,KJ Garth,R Sangsoma,0,0,,,,,,"",""
ball,1,44.4,Ireland,CMA Shillington,KJ Garth,R Sangsoma,1,0,,,,,,"",""
ball,1,44.5,Ireland,KJ Garth,CMA Shillington,R Sangsoma,4,0,,,,,,"",""
ball,1,44.6,Ireland,KJ Garth,CMA Shillington,R Sangsoma,2,0,,,,,,"",""
ball,1,45.1,Ireland,CMA Shillington,KJ Garth,S Laomi,4,0,,,,,,"",""
ball,1,45.2,Ireland,CMA Shillington,KJ Garth,S Laomi,0,0,,,,,,"",""
ball,1,45.3,Ireland,CMA Shillington,KJ Garth,S Laomi,0,0,,,,,,"",""
ball,1,45.4,Ireland,CMA Shillington,KJ Garth,S Laomi,1,0,,,,,,"",""
ball,1,45.5,Ireland,KJ Garth,CMA Shillington,S Laomi,1,0,,,,,,"",""
ball,1,45.6,Ireland,CMA Shillington,KJ Garth,S Laomi,2,0,,,,,,"",""
ball,1,46.1,Ireland,KJ Garth,CMA Shillington,R Sangsoma,2,0,,,,,,"",""
ball,1,46.2,Ireland,KJ Garth,CMA Shillington,R Sangsoma,2,0,,,,,,"",""
ball,1,46.3,Ireland,KJ Garth,CMA Shillington,R Sangsoma,4,0,,,,,,"",""
ball,1,46.4,Ireland,KJ Garth,CMA Shillington,R Sangsoma,6,0,,,,,,"",""
ball,1,46.5,Ireland,KJ Garth,CMA Shillington,R Sangsoma,1,0,,,,,,"",""
ball,1,46.6,Ireland,CMA Shillington,KJ Garth,R Sangsoma,1,0,,,,,,"",""
ball,1,47.1,Ireland,CMA Shillington,KJ Garth,C Sutthiruang,0,1,1,,,,,"",""
ball,1,47.2,Ireland,CMA Shillington,KJ Garth,C Sutthiruang,0,0,,,,,,caught,CMA Shillington
ball,1,47.3,Ireland,KJ Garth,IMHC Joyce,C Sutthiruang,4,1,,1,,,,"",""
ball,1,47.4,Ireland,KJ Garth,IMHC Joyce,C Sutthiruang,0,0,,,,,,"",""
ball,1,47.5,Ireland,KJ Garth,IMHC Joyce,C Sutthiruang,2,0,,,,,,"",""
ball,1,47.6,Ireland,KJ Garth,IMHC Joyce,C Sutthiruang,0,0,,,,,,"",""
ball,1,47.7,Ireland,KJ Garth,IMHC Joyce,C Sutthiruang,0,0,,,,,,"",""
ball,1,47.8,Ireland,KJ Garth,IMHC Joyce,C Sutthiruang,1,0,,,,,,"",""
ball,1,48.1,Ireland,KJ Garth,IMHC Joyce,R Padunglerd,1,0,,,,,,"",""
ball,1,48.2,Ireland,IMHC Joyce,KJ Garth,R Padunglerd,0,0,,,,,,"",""
ball,1,48.3,Ireland,IMHC Joyce,KJ Garth,R Padunglerd,4,0,,,,,,"",""
ball,1,48.4,Ireland,IMHC Joyce,KJ Garth,R Padunglerd,0,0,,,,,,caught,IMHC Joyce
ball,1,48.5,Ireland,KJ Garth,GH Lewis,R Padunglerd,1,0,,,,,,"",""
ball,1,48.6,Ireland,GH Lewis,KJ Garth,R Padunglerd,0,0,,,,,,run out,GH Lewis
ball,1,49.1,Ireland,MV Waldron,KJ Garth,C Sutthiruang,4,0,,,,,,"",""
ball,1,49.2,Ireland,MV Waldron,KJ Garth,C Sutthiruang,4,0,,,,,,"",""
ball,1,49.3,Ireland,MV Waldron,KJ Garth,C Sutthiruang,1,0,,,,,,"",""
ball,1,49.4,Ireland,KJ Garth,MV Waldron,C Sutthiruang,4,0,,,,,,"",""
ball,1,49.5,Ireland,KJ Garth,MV Waldron,C Sutthiruang,0,0,,,,,,run out,KJ Garth
ball,1,49.6,Ireland,MV Waldron,LK O'Reilly,C Sutthiruang,1,0,,,,,,"",""
ball,2,0.1,Thailand,N Chantam,S Saengsakaorat,AJ Kenealy,0,0,,,,,,"",""
ball,2,0.2,Thailand,N Chantam,S Saengsakaorat,AJ Kenealy,0,0,,,,,,"",""
ball,2,0.3,Thailand,N Chantam,S Saengsakaorat,AJ Kenealy,0,0,,,,,,"",""
ball,2,0.4,Thailand,N Chantam,S Saengsakaorat,AJ Kenealy,0,0,,,,,,"",""
ball,2,0.5,Thailand,N Chantam,S Saengsakaorat,AJ Kenealy,0,0,,,,,,"",""
ball,2,0.6,Thailand,N Chantam,S Saengsakaorat,AJ Kenealy,4,0,,,,,,"",""
ball,2,1.1,Thailand,S Saengsakaorat,N Chantam,IMHC Joyce,0,1,1,,,,,"",""
ball,2,1.2,Thailand,S Saengsakaorat,N Chantam,IMHC Joyce,0,0,,,,,,"",""
ball,2,1.3,Thailand,S Saengsakaorat,N Chantam,IMHC Joyce,0,0,,,,,,"",""
ball,2,1.4,Thailand,S Saengsakaorat,N Chantam,IMHC Joyce,0,0,,,,,,"",""
ball,2,1.5,Thailand,S Saengsakaorat,N Chantam,IMHC Joyce,0,0,,,,,,"",""
ball,2,1.6,Thailand,S Saengsakaorat,N Chantam,IMHC Joyce,0,0,,,,,,"",""
ball,2,1.7,Thailand,S Saengsakaorat,N Chantam,IMHC Joyce,0,0,,,,,,"",""
ball,2,2.1,Thailand,N Chantam,S Saengsakaorat,AJ Kenealy,0,0,,,,,,"",""
ball,2,2.2,Thailand,N Chantam,S Saengsakaorat,AJ Kenealy,0,0,,,,,,"",""
ball,2,2.3,Thailand,N Chantam,S Saengsakaorat,AJ Kenealy,0,0,,,,,,"",""
ball,2,2.4,Thailand,N Chantam,S Saengsakaorat,AJ Kenealy,0,0,,,,,,"",""
ball,2,2.5,Thailand,N Chantam,S Saengsakaorat,AJ Kenealy,0,0,,,,,,"",""
ball,2,2.6,Thailand,N Chantam,S Saengsakaorat,AJ Kenealy,0,0,,,,,,"",""
ball,2,3.1,Thailand,S Saengsakaorat,N Chantam,IMHC Joyce,0,0,,,,,,"",""
ball,2,3.2,Thailand,S Saengsakaorat,N Chantam,IMHC Joyce,0,0,,,,,,"",""
ball,2,3.3,Thailand,S Saengsakaorat,N Chantam,IMHC Joyce,4,0,,,,,,"",""
ball,2,3.4,Thailand,S Saengsakaorat,N Chantam,IMHC Joyce,0,0,,,,,,"",""
ball,2,3.5,Thailand,S Saengsakaorat,N Chantam,IMHC Joyce,1,0,,,,,,"",""
ball,2,3.6,Thailand,N Chantam,S Saengsakaorat,IMHC Joyce,3,0,,,,,,"",""
ball,2,4.1,Thailand,N Chantam,S Saengsakaorat,AJ Kenealy,4,0,,,,,,"",""
ball,2,4.2,Thailand,N Chantam,S Saengsakaorat,AJ Kenealy,1,0,,,,,,"",""
ball,2,4.3,Thailand,S Saengsakaorat,N Chantam,AJ Kenealy,0,0,,,,,,"",""
ball,2,4.4,Thailand,S Saengsakaorat,N Chantam,AJ Kenealy,0,0,,,,,,"",""
ball,2,4.5,Thailand,S Saengsakaorat,N Chantam,AJ Kenealy,0,0,,,,,,"",""
ball,2,4.6,Thailand,S Saengsakaorat,N Chantam,AJ Kenealy,0,0,,,,,,"",""
ball,2,5.1,Thailand,N Chantam,S Saengsakaorat,IMHC Joyce,0,0,,,,,,"",""
ball,2,5.2,Thailand,N Chantam,S Saengsakaorat,IMHC Joyce,0,0,,,,,,"",""
ball,2,5.3,Thailand,N Chantam,S Saengsakaorat,IMHC Joyce,0,0,,,,,,"",""
ball,2,5.4,Thailand,N Chantam,S Saengsakaorat,IMHC Joyce,0,0,,,,,,"",""
ball,2,5.5,Thailand,N Chantam,S Saengsakaorat,IMHC Joyce,0,0,,,,,,"",""
ball,2,5.6,Thailand,N Chantam,S Saengsakaorat,IMHC Joyce,0,1,1,,,,,"",""
ball,2,5.7,Thailand,N Chantam,S Saengsakaorat,IMHC Joyce,0,0,,,,,,"",""
ball,2,6.1,Thailand,S Saengsakaorat,N Chantam,AJ Kenealy,0,0,,,,,,caught,S Saengsakaorat
ball,2,6.2,Thailand,N Boochatham,N Chantam,AJ Kenealy,0,0,,,,,,"",""
ball,2,6.3,Thailand,N Boochatham,N Chantam,AJ Kenealy,0,0,,,,,,"",""
ball,2,6.4,Thailand,N Boochatham,N Chantam,AJ Kenealy,0,0,,,,,,"",""
ball,2,6.5,Thailand,N Boochatham,N Chantam,AJ Kenealy,0,1,,,,1,,"",""
ball,2,6.6,Thailand,N Chantam,N Boochatham,AJ Kenealy,0,0,,,,,,"",""
ball,2,7.1,Thailand,N Boochatham,N Chantam,IMHC Joyce,0,0,,,,,,"",""
ball,2,7.2,Thailand,N Boochatham,N Chantam,IMHC Joyce,0,0,,,,,,"",""
ball,2,7.3,Thailand,N Boochatham,N Chantam,IMHC Joyce,0,0,,,,,,"",""
ball,2,7.4,Thailand,N Boochatham,N Chantam,IMHC Joyce,0,0,,,,,,"",""
ball,2,7.5,Thailand,N Boochatham,N Chantam,IMHC Joyce,0,0,,,,,,"",""
ball,2,7.6,Thailand,N Boochatham,N Chantam,IMHC Joyce,0,0,,,,,,"",""
ball,2,8.1,Thailand,N Chantam,N Boochatham,AJ Kenealy,0,0,,,,,,"",""
ball,2,8.2,Thailand,N Chantam,N Boochatham,AJ Kenealy,0,0,,,,,,"",""
ball,2,8.3,Thailand,N Chantam,N Boochatham,AJ Kenealy,0,0,,,,,,caught,N Chantam
ball,2,8.4,Thailand,N Koncharoenkai,N Boochatham,AJ Kenealy,0,0,,,,,,"",""
ball,2,8.5,Thailand,N Koncharoenkai,N Boochatham,AJ Kenealy,0,0,,,,,,"",""
ball,2,8.6,Thailand,N Koncharoenkai,N Boochatham,AJ Kenealy,0,0,,,,,,"",""
ball,2,9.1,Thailand,N Boochatham,N Koncharoenkai,IMHC Joyce,2,0,,,,,,"",""
ball,2,9.2,Thailand,N Boochatham,N Koncharoenkai,IMHC Joyce,0,0,,,,,,"",""
ball,2,9.3,Thailand,N Boochatham,N Koncharoenkai,IMHC Joyce,0,0,,,,,,"",""
ball,2,9.4,Thailand,N Boochatham,N Koncharoenkai,IMHC Joyce,0,0,,,,,,"",""
ball,2,9.5,Thailand,N Boochatham,N Koncharoenkai,IMHC Joyce,1,1,,1,,,,"",""
ball,2,9.6,Thailand,N Koncharoenkai,N Boochatham,IMHC Joyce,1,0,,,,,,"",""
ball,2,9.7,Thailand,N Boochatham,N Koncharoenkai,IMHC Joyce,4,0,,,,,,"",""
ball,2,10.1,Thailand,N Koncharoenkai,N Boochatham,AJ Kenealy,0,1,,,,1,,"",""
ball,2,10.2,Thailand,N Boochatham,N Koncharoenkai,AJ Kenealy,0,0,,,,,,"",""
ball,2,10.3,Thailand,N Boochatham,N Koncharoenkai,AJ Kenealy,0,0,,,,,,"",""
ball,2,10.4,Thailand,N Boochatham,N Koncharoenkai,AJ Kenealy,1,0,,,,,,"",""
ball,2,10.5,Thailand,N Koncharoenkai,N Boochatham,AJ Kenealy,2,0,,,,,,"",""
ball,2,10.6,Thailand,N Koncharoenkai,N Boochatham,AJ Kenealy,0,0,,,,,,"",""
ball,2,11.1,Thailand,N Boochatham,N Koncharoenkai,CJ Metcalfe,0,0,,,,,,"",""
ball,2,11.2,Thailand,N Boochatham,N Koncharoenkai,CJ Metcalfe,0,0,,,,,,"",""
ball,2,11.3,Thailand,N Boochatham,N Koncharoenkai,CJ Metcalfe,1,0,,,,,,"",""
ball,2,11.4,Thailand,N Koncharoenkai,N Boochatham,CJ Metcalfe,0,0,,,,,,"",""
ball,2,11.5,Thailand,N Koncharoenkai,N Boochatham,CJ Metcalfe,0,0,,,,,,"",""
ball,2,11.6,Thailand,N Koncharoenkai,N Boochatham,CJ Metcalfe,4,0,,,,,,"",""
ball,2,12.1,Thailand,N Boochatham,N Koncharoenkai,KJ Garth,1,0,,,,,,"",""
ball,2,12.2,Thailand,N Koncharoenkai,N Boochatham,KJ Garth,0,0,,,,,,"",""
ball,2,12.3,Thailand,N Koncharoenkai,N Boochatham,KJ Garth,0,0,,,,,,"",""
ball,2,12.4,Thailand,N Koncharoenkai,N Boochatham,KJ Garth,1,0,,,,,,"",""
ball,2,12.5,Thailand,N Boochatham,N Koncharoenkai,KJ Garth,4,0,,,,,,"",""
ball,2,12.6,Thailand,N Boochatham,N Koncharoenkai,KJ Garth,0,0,,,,,,"",""
ball,2,13.1,Thailand,N Koncharoenkai,N Boochatham,CJ Metcalfe,0,0,,,,,,"",""
ball,2,13.2,Thailand,N Koncharoenkai,N Boochatham,CJ Metcalfe,0,0,,,,,,"",""
ball,2,13.3,Thailand,N Koncharoenkai,N Boochatham,CJ Metcalfe,0,0,,,,,,"",""
ball,2,13.4,Thailand,N Koncharoenkai,N Boochatham,CJ Metcalfe,0,0,,,,,,"",""
ball,2,13.5,Thailand,N Koncharoenkai,N Boochatham,CJ Metcalfe,4,0,,,,,,"",""
ball,2,13.6,Thailand,N Koncharoenkai,N Boochatham,CJ Metcalfe,0,0,,,,,,"",""
ball,2,14.1,Thailand,N Boochatham,N Koncharoenkai,KJ Garth,0,0,,,,,,"",""
ball,2,14.2,Thailand,N Boochatham,N Koncharoenkai,KJ Garth,0,1,1,,,,,"",""
ball,2,14.3,Thailand,N Boochatham,N Koncharoenkai,KJ Garth,0,0,,,,,,"",""
ball,2,14.4,Thailand,N Boochatham,N Koncharoenkai,KJ Garth,0,0,,,,,,"",""
ball,2,14.5,Thailand,N Boochatham,N Koncharoenkai,KJ Garth,0,0,,,,,,"",""
ball,2,14.6,Thailand,N Boochatham,N Koncharoenkai,KJ Garth,0,0,,,,,,"",""
ball,2,14.7,Thailand,N Boochatham,N Koncharoenkai,KJ Garth,1,0,,,,,,"",""
ball,2,15.1,Thailand,N Boochatham,N Koncharoenkai,CJ Metcalfe,0,0,,,,,,"",""
ball,2,15.2,Thailand,N Boochatham,N Koncharoenkai,CJ Metcalfe,0,0,,,,,,"",""
ball,2,15.3,Thailand,N Boochatham,N Koncharoenkai,CJ Metcalfe,0,0,,,,,,"",""
ball,2,15.4,Thailand,N Boochatham,N Koncharoenkai,CJ Metcalfe,0,0,,,,,,"",""
ball,2,15.5,Thailand,N Boochatham,N Koncharoenkai,CJ Metcalfe,0,0,,,,,,"",""
ball,2,15.6,Thailand,N Boochatham,N Koncharoenkai,CJ Metcalfe,1,0,,,,,,"",""
ball,2,16.1,Thailand,N Boochatham,N Koncharoenkai,KJ Garth,1,0,,,,,,"",""
ball,2,16.2,Thailand,N Koncharoenkai,N Boochatham,KJ Garth,0,0,,,,,,"",""
ball,2,16.3,Thailand,N Koncharoenkai,N Boochatham,KJ Garth,0,0,,,,,,"",""
ball,2,16.4,Thailand,N Koncharoenkai,N Boochatham,KJ Garth,0,0,,,,,,"",""
ball,2,16.5,Thailand,N Koncharoenkai,N Boochatham,KJ Garth,0,0,,,,,,"",""
ball,2,16.6,Thailand,N Koncharoenkai,N Boochatham,KJ Garth,0,0,,,,,,"",""
ball,2,17.1,Thailand,N Boochatham,N Koncharoenkai,CJ Metcalfe,0,0,,,,,,"",""
ball,2,17.2,Thailand,N Boochatham,N Koncharoenkai,CJ Metcalfe,0,0,,,,,,"",""
ball,2,17.3,Thailand,N Boochatham,N Koncharoenkai,CJ Metcalfe,0,0,,,,,,"",""
ball,2,17.4,Thailand,N Boochatham,N Koncharoenkai,CJ Metcalfe,0,0,,,,,,"",""
ball,2,17.5,Thailand,N Boochatham,N Koncharoenkai,CJ Metcalfe,0,0,,,,,,"",""
ball,2,17.6,Thailand,N Boochatham,N Koncharoenkai,CJ Metcalfe,4,0,,,,,,"",""
ball,2,18.1,Thailand,N Koncharoenkai,N Boochatham,KJ Garth,0,0,,,,,,"",""
ball,2,18.2,Thailand,N Koncharoenkai,N Boochatham,KJ Garth,0,1,1,,,,,"",""
ball,2,18.3,Thailand,N Koncharoenkai,N Boochatham,KJ Garth,0,0,,,,,,"",""
ball,2,18.4,Thailand,N Koncharoenkai,N Boochatham,KJ Garth,0,0,,,,,,"",""
ball,2,18.5,Thailand,N Koncharoenkai,N Boochatham,KJ Garth,0,0,,,,,,"",""
ball,2,18.6,Thailand,N Koncharoenkai,N Boochatham,KJ Garth,2,0,,,,,,"",""
ball,2,18.7,Thailand,N Koncharoenkai,N Boochatham,KJ Garth,0,0,,,,,,"",""
ball,2,19.1,Thailand,N Boochatham,N Koncharoenkai,GH Lewis,0,0,,,,,,"",""
ball,2,19.2,Thailand,N Boochatham,N Koncharoenkai,GH Lewis,0,0,,,,,,"",""
ball,2,19.3,Thailand,N Boochatham,N Koncharoenkai,GH Lewis,0,0,,,,,,"",""
ball,2,19.4,Thailand,N Boochatham,N Koncharoenkai,GH Lewis,0,0,,,,,,"",""
ball,2,19.5,Thailand,N Boochatham,N Koncharoenkai,GH Lewis,0,0,,,,,,"",""
ball,2,19.6,Thailand,N Boochatham,N Koncharoenkai,GH Lewis,0,0,,,,,,"",""
ball,2,20.1,Thailand,N Koncharoenkai,N Boochatham,LK O'Reilly,0,1,1,,,,,"",""
ball,2,20.2,Thailand,N Koncharoenkai,N Boochatham,LK O'Reilly,0,1,1,,,,,"",""
ball,2,20.3,Thailand,N Koncharoenkai,N Boochatham,LK O'Reilly,0,0,,,,,,"",""
ball,2,20.4,Thailand,N Koncharoenkai,N Boochatham,LK O'Reilly,0,1,,,,1,,"",""
ball,2,20.5,Thailand,N Boochatham,N Koncharoenkai,LK O'Reilly,0,0,,,,,,"",""
ball,2,20.6,Thailand,N Boochatham,N Koncharoenkai,LK O'Reilly,0,0,,,,,,"",""
ball,2,20.7,Thailand,N Boochatham,N Koncharoenkai,LK O'Reilly,1,0,,,,,,"",""
ball,2,20.8,Thailand,N Koncharoenkai,N Boochatham,LK O'Reilly,0,0,,,,,,"",""
ball,2,21.1,Thailand,N Boochatham,N Koncharoenkai,GH Lewis,0,0,,,,,,"",""
ball,2,21.2,Thailand,N Boochatham,N Koncharoenkai,GH Lewis,0,0,,,,,,"",""
ball,2,21.3,Thailand,N Boochatham,N Koncharoenkai,GH Lewis,0,0,,,,,,"",""
ball,2,21.4,Thailand,N Boochatham,N Koncharoenkai,GH Lewis,0,0,,,,,,"",""
ball,2,21.5,Thailand,N Boochatham,N Koncharoenkai,GH Lewis,2,0,,,,,,"",""
ball,2,21.6,Thailand,N Boochatham,N Koncharoenkai,GH Lewis,4,0,,,,,,"",""
ball,2,22.1,Thailand,N Koncharoenkai,N Boochatham,LK O'Reilly,0,0,,,,,,"",""
ball,2,22.2,Thailand,N Koncharoenkai,N Boochatham,LK O'Reilly,0,0,,,,,,"",""
ball,2,22.3,Thailand,N Koncharoenkai,N Boochatham,LK O'Reilly,2,0,,,,,,"",""
ball,2,22.4,Thailand,N Koncharoenkai,N Boochatham,LK O'Reilly,0,0,,,,,,"",""
ball,2,22.5,Thailand,N Koncharoenkai,N Boochatham,LK O'Reilly,0,0,,,,,,"",""
ball,2,22.6,Thailand,N Koncharoenkai,N Boochatham,LK O'Reilly,0,0,,,,,,"",""
ball,2,23.1,Thailand,N Boochatham,N Koncharoenkai,GH Lewis,0,0,,,,,,"",""
ball,2,23.2,Thailand,N Boochatham,N Koncharoenkai,GH Lewis,4,0,,,,,,"",""
ball,2,23.3,Thailand,N Boochatham,N Koncharoenkai,GH Lewis,0,0,,,,,,"",""
ball,2,23.4,Thailand,N Boochatham,N Koncharoenkai,GH Lewis,0,0,,,,,,"",""
ball,2,23.5,Thailand,N Boochatham,N Koncharoenkai,GH Lewis,0,0,,,,,,"",""
ball,2,23.6,Thailand,N Boochatham,N Koncharoenkai,GH Lewis,4,0,,,,,,"",""
ball,2,24.1,Thailand,N Koncharoenkai,N Boochatham,LK O'Reilly,1,0,,,,,,"",""
ball,2,24.2,Thailand,N Boochatham,N Koncharoenkai,LK O'Reilly,0,0,,,,,,"",""
ball,2,24.3,Thailand,N Boochatham,N Koncharoenkai,LK O'Reilly,0,0,,,,,,"",""
ball,2,24.4,Thailand,N Boochatham,N Koncharoenkai,LK O'Reilly,0,0,,,,,,"",""
ball,2,24.5,Thailand,N Boochatham,N Koncharoenkai,LK O'Reilly,0,0,,,,,,"",""
ball,2,24.6,Thailand,N Boochatham,N Koncharoenkai,LK O'Reilly,0,0,,,,,,"",""
ball,2,25.1,Thailand,N Koncharoenkai,N Boochatham,GH Lewis,0,0,,,,,,"",""
ball,2,25.2,Thailand,N Koncharoenkai,N Boochatham,GH Lewis,0,0,,,,,,"",""
ball,2,25.3,Thailand,N Koncharoenkai,N Boochatham,GH Lewis,0,0,,,,,,"",""
ball,2,25.4,Thailand,N Koncharoenkai,N Boochatham,GH Lewis,0,0,,,,,,"",""
ball,2,25.5,Thailand,N Koncharoenkai,N Boochatham,GH Lewis,1,0,,,,,,"",""
ball,2,25.6,Thailand,N Boochatham,N Koncharoenkai,GH Lewis,0,0,,,,,,"",""
ball,2,26.1,Thailand,N Koncharoenkai,N Boochatham,LK O'Reilly,0,0,,,,,,bowled,N Koncharoenkai
ball,2,26.2,Thailand,S Tippoch,N Boochatham,LK O'Reilly,0,0,,,,,,"",""
ball,2,26.3,Thailand,S Tippoch,N Boochatham,LK O'Reilly,0,0,,,,,,"",""
ball,2,26.4,Thailand,S Tippoch,N Boochatham,LK O'Reilly,0,0,,,,,,"",""
ball,2,26.5,Thailand,S Tippoch,N Boochatham,LK O'Reilly,0,0,,,,,,"",""
ball,2,26.6,Thailand,S Tippoch,N Boochatham,LK O'Reilly,1,0,,,,,,"",""
ball,2,27.1,Thailand,S Tippoch,N Boochatham,GH Lewis,2,0,,,,,,"",""
ball,2,27.2,Thailand,S Tippoch,N Boochatham,GH Lewis,0,0,,,,,,"",""
ball,2,27.3,Thailand,S Tippoch,N Boochatham,GH Lewis,0,0,,,,,,"",""
ball,2,27.4,Thailand,S Tippoch,N Boochatham,GH Lewis,0,0,,,,,,"",""
ball,2,27.5,Thailand,S Tippoch,N Boochatham,GH Lewis,4,0,,,,,,"",""
ball,2,27.6,Thailand,S Tippoch,N Boochatham,GH Lewis,0,0,,,,,,"",""
ball,2,28.1,Thailand,N Boochatham,S Tippoch,LK O'Reilly,0,0,,,,,,"",""
ball,2,28.2,Thailand,N Boochatham,S Tippoch,LK O'Reilly,0,0,,,,,,"",""
ball,2,28.3,Thailand,N Boochatham,S Tippoch,LK O'Reilly,0,0,,,,,,"",""
ball,2,28.4,Thailand,N Boochatham,S Tippoch,LK O'Reilly,0,1,1,,,,,"",""
ball,2,28.5,Thailand,N Boochatham,S Tippoch,LK O'Reilly,0,0,,,,,,"",""
ball,2,28.6,Thailand,N Boochatham,S Tippoch,LK O'Reilly,0,0,,,,,,"",""
ball,2,28.7,Thailand,N Boochatham,S Tippoch,LK O'Reilly,0,0,,,,,,"",""
ball,2,29.1,Thailand,S Tippoch,N Boochatham,GH Lewis,0,0,,,,,,"",""
ball,2,29.2,Thailand,S Tippoch,N Boochatham,GH Lewis,0,0,,,,,,"",""
ball,2,29.3,Thailand,S Tippoch,N Boochatham,GH Lewis,0,0,,,,,,"",""
ball,2,29.4,Thailand,S Tippoch,N Boochatham,GH Lewis,0,0,,,,,,"",""
ball,2,29.5,Thailand,S Tippoch,N Boochatham,GH Lewis,0,0,,,,,,"",""
ball,2,29.6,Thailand,S Tippoch,N Boochatham,GH Lewis,1,0,,,,,,"",""
ball,2,30.1,Thailand,S Tippoch,N Boochatham,LK O'Reilly,4,0,,,,,,"",""
ball,2,30.2,Thailand,S Tippoch,N Boochatham,LK O'Reilly,0,0,,,,,,"",""
ball,2,30.3,Thailand,S Tippoch,N Boochatham,LK O'Reilly,0,0,,,,,,"",""
ball,2,30.4,Thailand,S Tippoch,N Boochatham,LK O'Reilly,1,0,,,,,,"",""
ball,2,30.5,Thailand,N Boochatham,S Tippoch,LK O'Reilly,2,0,,,,,,"",""
ball,2,30.6,Thailand,N Boochatham,S Tippoch,LK O'Reilly,2,0,,,,,,"",""
ball,2,31.1,Thailand,S Tippoch,N Boochatham,GH Lewis,1,0,,,,,,"",""
ball,2,31.2,Thailand,N Boochatham,S Tippoch,GH Lewis,1,0,,,,,,"",""
ball,2,31.3,Thailand,S Tippoch,N Boochatham,GH Lewis,1,0,,,,,,"",""
ball,2,31.4,Thailand,N Boochatham,S Tippoch,GH Lewis,1,0,,,,,,"",""
ball,2,31.5,Thailand,S Tippoch,N Boochatham,GH Lewis,0,0,,,,,,"",""
ball,2,31.6,Thailand,S Tippoch,N Boochatham,GH Lewis,1,0,,,,,,"",""
ball,2,32.1,Thailand,S Tippoch,N Boochatham,CJ Metcalfe,1,0,,,,,,"",""
ball,2,32.2,Thailand,N Boochatham,S Tippoch,CJ Metcalfe,1,0,,,,,,"",""
ball,2,32.3,Thailand,S Tippoch,N Boochatham,CJ Metcalfe,0,0,,,,,,"",""
ball,2,32.4,Thailand,S Tippoch,N Boochatham,CJ Metcalfe,0,0,,,,,,"",""
ball,2,32.5,Thailand,S Tippoch,N Boochatham,CJ Metcalfe,0,0,,,,,,"",""
ball,2,32.6,Thailand,S Tippoch,N Boochatham,CJ Metcalfe,1,0,,,,,,"",""
ball,2,33.1,Thailand,S Tippoch,N Boochatham,KJ Garth,2,0,,,,,,"",""
ball,2,33.2,Thailand,S Tippoch,N Boochatham,KJ Garth,0,0,,,,,,"",""
ball,2,33.3,Thailand,S Tippoch,N Boochatham,KJ Garth,0,0,,,,,,"",""
ball,2,33.4,Thailand,S Tippoch,N Boochatham,KJ Garth,4,0,,,,,,"",""
ball,2,33.5,Thailand,S Tippoch,N Boochatham,KJ Garth,1,0,,,,,,"",""
ball,2,33.6,Thailand,N Boochatham,S Tippoch,KJ Garth,1,0,,,,,,"",""
ball,2,34.1,Thailand,N Boochatham,S Tippoch,CJ Metcalfe,0,0,,,,,,lbw,N Boochatham
ball,2,34.2,Thailand,N Chaiwai,S Tippoch,CJ Metcalfe,0,0,,,,,,"",""
ball,2,34.3,Thailand,N Chaiwai,S Tippoch,CJ Metcalfe,1,0,,,,,,"",""
ball,2,34.4,Thailand,S Tippoch,N Chaiwai,CJ Metcalfe,0,0,,,,,,"",""
ball,2,34.5,Thailand,S Tippoch,N Chaiwai,CJ Metcalfe,0,0,,,,,,"",""
ball,2,34.6,Thailand,S Tippoch,N Chaiwai,CJ Metcalfe,1,0,,,,,,"",""
ball,2,35.1,Thailand,S Tippoch,N Chaiwai,KJ Garth,1,0,,,,,,"",""
ball,2,35.2,Thailand,N Chaiwai,S Tippoch,KJ Garth,0,0,,,,,,"",""
ball,2,35.3,Thailand,N Chaiwai,S Tippoch,KJ Garth,1,0,,,,,,"",""
ball,2,35.4,Thailand,S Tippoch,N Chaiwai,KJ Garth,1,0,,,,,,"",""
ball,2,35.5,Thailand,N Chaiwai,S Tippoch,KJ Garth,5,0,,,,,,"",""
ball,2,35.6,Thailand,S Tippoch,N Chaiwai,KJ Garth,1,0,,,,,,"",""
ball,2,36.1,Thailand,S Tippoch,N Chaiwai,CJ Metcalfe,1,0,,,,,,"",""
ball,2,36.2,Thailand,N Chaiwai,S Tippoch,CJ Metcalfe,0,0,,,,,,"",""
ball,2,36.3,Thailand,N Chaiwai,S Tippoch,CJ Metcalfe,1,0,,,,,,"",""
ball,2,36.4,Thailand,S Tippoch,N Chaiwai,CJ Metcalfe,0,0,,,,,,run out,N Chaiwai
ball,2,36.5,Thailand,C Sutthiruang,S Tippoch,CJ Metcalfe,0,0,,,,,,"",""
ball,2,36.6,Thailand,C Sutthiruang,S Tippoch,CJ Metcalfe,0,0,,,,,,caught,C Sutthiruang
ball,2,37.1,Thailand,S Tippoch,R Padunglerd,KJ Garth,1,0,,,,,,"",""
ball,2,37.2,Thailand,R Padunglerd,S Tippoch,KJ Garth,0,0,,,,,,"",""
ball,2,37.3,Thailand,R Padunglerd,S Tippoch,KJ Garth,1,0,,,,,,"",""
ball,2,37.4,Thailand,S Tippoch,R Padunglerd,KJ Garth,1,0,,,,,,"",""
ball,2,37.5,Thailand,R Padunglerd,S Tippoch,KJ Garth,0,0,,,,,,"",""
ball,2,37.6,Thailand,R Padunglerd,S Tippoch,KJ Garth,2,0,,,,,,"",""
ball,2,38.1,Thailand,S Tippoch,R Padunglerd,CJ Metcalfe,1,0,,,,,,"",""
ball,2,38.2,Thailand,R Padunglerd,S Tippoch,CJ Metcalfe,0,0,,,,,,"",""
ball,2,38.3,Thailand,R Padunglerd,S Tippoch,CJ Metcalfe,0,0,,,,,,"",""
ball,2,38.4,Thailand,R Padunglerd,S Tippoch,CJ Metcalfe,1,0,,,,,,"",""
ball,2,38.5,Thailand,S Tippoch,R Padunglerd,CJ Metcalfe,1,0,,,,,,"",""
ball,2,38.6,Thailand,R Padunglerd,S Tippoch,CJ Metcalfe,1,0,,,,,,"",""
ball,2,39.1,Thailand,R Padunglerd,S Tippoch,KJ Garth,1,0,,,,,,"",""
ball,2,39.2,Thailand,S Tippoch,R Padunglerd,KJ Garth,1,0,,,,,,"",""
ball,2,39.3,Thailand,R Padunglerd,S Tippoch,KJ Garth,2,0,,,,,,"",""
ball,2,39.4,Thailand,R Padunglerd,S Tippoch,KJ Garth,1,0,,,,,,"",""
ball,2,39.5,Thailand,S Tippoch,R Padunglerd,KJ Garth,1,0,,,,,,"",""
ball,2,39.6,Thailand,R Padunglerd,S Tippoch,KJ Garth,0,0,,,,,,"",""
ball,2,40.1,Thailand,S Tippoch,R Padunglerd,LK O'Reilly,0,0,,,,,,"",""
ball,2,40.2,Thailand,S Tippoch,R Padunglerd,LK O'Reilly,1,0,,,,,,"",""
ball,2,40.3,Thailand,R Padunglerd,S Tippoch,LK O'Reilly,0,1,1,,,,,"",""
ball,2,40.4,Thailand,R Padunglerd,S Tippoch,LK O'Reilly,0,1,1,,,,,"",""
ball,2,40.5,Thailand,R Padunglerd,S Tippoch,LK O'Reilly,0,0,,,,,,"",""
ball,2,40.6,Thailand,R Padunglerd,S Tippoch,LK O'Reilly,0,0,,,,,,"",""
ball,2,40.7,Thailand,R Padunglerd,S Tippoch,LK O'Reilly,0,0,,,,,,"",""
ball,2,40.8,Thailand,R Padunglerd,S Tippoch,LK O'Reilly,0,0,,,,,,bowled,R Padunglerd
ball,2,41.1,Thailand,S Tippoch,S Saenya,KJ Garth,1,0,,,,,,"",""
ball,2,41.2,Thailand,S Saenya,S Tippoch,KJ Garth,0,1,1,,,,,"",""
ball,2,41.3,Thailand,S Saenya,S Tippoch,KJ Garth,0,0,,,,,,"",""
ball,2,41.4,Thailand,S Saenya,S Tippoch,KJ Garth,0,0,,,,,,"",""
ball,2,41.5,Thailand,S Saenya,S Tippoch,KJ Garth,4,0,,,,,,"",""
ball,2,41.6,Thailand,S Saenya,S Tippoch,KJ Garth,0,0,,,,,,"",""
ball,2,41.7,Thailand,S Saenya,S Tippoch,KJ Garth,0,0,,,,,,"",""
ball,2,42.1,Thailand,S Tippoch,S Saenya,LK O'Reilly,0,0,,,,,,"",""
ball,2,42.2,Thailand,S Tippoch,S Saenya,LK O'Reilly,1,0,,,,,,"",""
ball,2,42.3,Thailand,S Saenya,S Tippoch,LK O'Reilly,1,0,,,,,,"",""
ball,2,42.4,Thailand,S Tippoch,S Saenya,LK O'Reilly,1,0,,,,,,"",""
ball,2,42.5,Thailand,S Saenya,S Tippoch,LK O'Reilly,0,0,,,,,,bowled,S Saenya
ball,2,42.6,Thailand,S Laomi,S Tippoch,LK O'Reilly,1,0,,,,,,"",""
ball,2,43.1,Thailand,S Laomi,S Tippoch,IMHC Joyce,0,0,,,,,,"",""
ball,2,43.2,Thailand,S Laomi,S Tippoch,IMHC Joyce,0,0,,,,,,"",""
ball,2,43.3,Thailand,S Laomi,S Tippoch,IMHC Joyce,1,0,,,,,,"",""
ball,2,43.4,Thailand,S Tippoch,S Laomi,IMHC Joyce,1,0,,,,,,"",""
ball,2,43.5,Thailand,S Laomi,S Tippoch,IMHC Joyce,0,0,,,,,,"",""
ball,2,43.6,Thailand,S Laomi,S Tippoch,IMHC Joyce,0,0,,,,,,"",""
ball,2,44.1,Thailand,S Tippoch,S Laomi,LK O'Reilly,0,0,,,,,,"",""
ball,2,44.2,Thailand,S Tippoch,S Laomi,LK O'Reilly,0,0,,,,,,"",""
ball,2,44.3,Thailand,S Tippoch,S Laomi,LK O'Reilly,1,0,,,,,,"",""
ball,2,44.4,Thailand,S Laomi,S Tippoch,LK O'Reilly,0,0,,,,,,"",""
ball,2,44.5,Thailand,S Laomi,S Tippoch,LK O'Reilly,0,0,,,,,,run out,S Tippoch
ball,2,44.6,Thailand,R Sangsoma,S Laomi,LK O'Reilly,0,0,,,,,,"",""
ball,2,45.1,Thailand,S Laomi,R Sangsoma,IMHC Joyce,0,0,,,,,,"",""
ball,2,45.2,Thailand,S Laomi,R Sangsoma,IMHC Joyce,0,0,,,,,,"",""
ball,2,45.3,Thailand,S Laomi,R Sangsoma,IMHC Joyce,1,0,,,,,,"",""
ball,2,45.4,Thailand,R Sangsoma,S Laomi,IMHC Joyce,0,0,,,,,,"",""
ball,2,45.5,Thailand,R Sangsoma,S Laomi,IMHC Joyce,0,0,,,,,,"",""
ball,2,45.6,Thailand,R Sangsoma,S Laomi,IMHC Joyce,0,0,,,,,,"",""
ball,2,46.1,Thailand,S Laomi,R Sangsoma,LK O'Reilly,0,0,,,,,,"",""
ball,2,46.2,Thailand,S Laomi,R Sangsoma,LK O'Reilly,0,0,,,,,,"",""
ball,2,46.3,Thailand,S Laomi,R Sangsoma,LK O'Reilly,1,0,,,,,,"",""
ball,2,46.4,Thailand,R Sangsoma,S Laomi,LK O'Reilly,0,0,,,,,,"",""
ball,2,46.5,Thailand,R Sangsoma,S Laomi,LK O'Reilly,0,1,1,,,,,"",""
ball,2,46.6,Thailand,R Sangsoma,S Laomi,LK O'Reilly,0,1,1,,,,,"",""
ball,2,46.7,Thailand,R Sangsoma,S Laomi,LK O'Reilly,0,0,,,,,,"",""
ball,2,46.8,Thailand,R Sangsoma,S Laomi,LK O'Reilly,0,0,,,,,,"",""
ball,2,47.1,Thailand,S Laomi,R Sangsoma,IMHC Joyce,0,0,,,,,,"",""
ball,2,47.2,Thailand,S Laomi,R Sangsoma,IMHC Joyce,0,0,,,,,,"",""
ball,2,47.3,Thailand,S Laomi,R Sangsoma,IMHC Joyce,0,0,,,,,,"",""
ball,2,47.4,Thailand,S Laomi,R Sangsoma,IMHC Joyce,0,0,,,,,,"",""
ball,2,47.5,Thailand,S Laomi,R Sangsoma,IMHC Joyce,0,0,,,,,,"",""
ball,2,47.6,Thailand,S Laomi,R Sangsoma,IMHC Joyce,1,0,,,,,,"",""
ball,2,48.1,Thailand,S Laomi,R Sangsoma,KJ Garth,0,0,,,,,,"",""
ball,2,48.2,Thailand,S Laomi,R Sangsoma,KJ Garth,1,0,,,,,,"",""
ball,2,48.3,Thailand,R Sangsoma,S Laomi,KJ Garth,0,0,,,,,,"",""
ball,2,48.4,Thailand,R Sangsoma,S Laomi,KJ Garth,1,0,,,,,,"",""
ball,2,48.5,Thailand,S Laomi,R Sangsoma,KJ Garth,0,0,,,,,,"",""
ball,2,48.6,Thailand,S Laomi,R Sangsoma,KJ Garth,0,0,,,,,,"",""
ball,2,49.1,Thailand,R Sangsoma,S Laomi,IMHC Joyce,0,0,,,,,,"",""
ball,2,49.2,Thailand,R Sangsoma,S Laomi,IMHC Joyce,0,0,,,,,,"",""
ball,2,49.3,Thailand,R Sangsoma,S Laomi,IMHC Joyce,1,0,,,,,,"",""
ball,2,49.4,Thailand,S Laomi,R Sangsoma,IMHC Joyce,0,0,,,,,,"",""
ball,2,49.5,Thailand,S Laomi,R Sangsoma,IMHC Joyce,4,0,,,,,,"",""
ball,2,49.6,Thailand,S Laomi,R Sangsoma,IMHC Joyce,1,0,,,,,,"",""
