version,1.6.0
info,balls_per_over,6
info,team,Hong Kong
info,team,Scotland
info,gender,male
info,season,2016/17
info,date,2017/01/14
info,event,Desert T20 Challenge
info,match_number,1
info,venue,Sheikh Zayed Stadium
info,city,Abu Dhabi
info,neutralvenue,true
info,toss_winner,Scotland
info,toss_decision,bat
info,player_of_match,CS MacLeod
info,umpire,Ahmed Shah Pakteen
info,umpire,AJ Neill
info,reserve_umpire,Iftikhar Ali
info,match_referee,GF Labrooy
info,winner,Scotland
info,winner_runs,24
info,player,Hong Kong,Nizakat Khan
info,player,Hong Kong,Aizaz Khan
info,player,Hong Kong,Babar Hayat
info,player,Hong Kong,Anshuman Rath
info,player,Hong Kong,Waqas Khan
info,player,Hong Kong,Shahid Wasif
info,player,Hong Kong,Ehsan Khan
info,player,Hong Kong,Waqas Barkat
info,player,Hong Kong,Ehsan Nawaz
info,player,Hong Kong,Nadeem Ahmed
info,player,Hong Kong,Tanveer Ahmed
info,player,Scotland,HG Munsey
info,player,Scotland,KJ Coetzer
info,player,Scotland,CS MacLeod
info,player,Scotland,RD Berrington
info,player,Scotland,CD Wallace
info,player,Scotland,CD de Lange
info,player,Scotland,MH Cross
info,player,Scotland,SM Sharif
info,player,Scotland,JH Davey
info,player,Scotland,MRJ Watt
info,player,Scotland,BTJ Wheal
info,registry,people,AJ Neill,7ffe0ce3
info,registry,people,Ahmed Shah Pakteen,43602937
info,registry,people,Aizaz Khan,f6c2659d
info,registry,people,Anshuman Rath,552b228c
info,registry,people,BTJ Wheal,3f61a062
info,registry,people,Babar Hayat,fbb657bb
info,registry,people,CD Wallace,7b5c6c0b
info,registry,people,CD de Lange,e6d298e8
info,registry,people,CS MacLeod,9c376401
info,registry,people,Ehsan Khan,d3851cd8
info,registry,people,Ehsan Nawaz,70456281
info,registry,people,GF Labrooy,8e088dbc
info,registry,people,HG Munsey,ff014c34
info,registry,people,Iftikhar Ali,fc537391
info,registry,people,JH Davey,d3868bd0
info,registry,people,KJ Coetzer,85d8110a
info,registry,people,MH Cross,8b261d84
info,registry,people,MRJ Watt,1252f71a
info,registry,people,Nadeem Ahmed,023f6b02
info,registry,people,Nizakat Khan,e3eb9e46
info,registry,people,RD Berrington,e21bc7f3
info,registry,people,SM Sharif,f43dd8c2
info,registry,people,Shahid Wasif,2cc08c3c
info,registry,people,Tanveer Ahmed,571f11e4
info,registry,people,Waqas Barkat,a2eac9df
info,registry,people,Waqas Khan,35971419
ball,1,0.1,Scotland,HG Munsey,KJ Coetzer,Nadeem Ahmed,0,0,,,,,,"",""
ball,1,0.2,Scotland,HG Munsey,KJ Coetzer,Nadeem Ahmed,0,0,,,,,,"",""
ball,1,0.3,Scotland,HG Munsey,KJ Coetzer,Nadeem Ahmed,1,0,,,,,,"",""
ball,1,0.4,Scotland,KJ Coetzer,HG Munsey,Nadeem Ahmed,3,0,,,,,,"",""
ball,1,0.5,Scotland,HG Munsey,KJ Coetzer,Nadeem Ahmed,2,0,,,,,,"",""
ball,1,0.6,Scotland,HG Munsey,KJ Coetzer,Nadeem Ahmed,1,0,,,,,,"",""
ball,1,1.1,Scotland,HG Munsey,KJ Coetzer,Ehsan Nawaz,4,0,,,,,,"",""
ball,1,1.2,Scotland,HG Munsey,KJ Coetzer,Ehsan Nawaz,1,0,,,,,,"",""
ball,1,1.3,Scotland,KJ Coetzer,HG Munsey,Ehsan Nawaz,0,0,,,,,,"",""
ball,1,1.4,Scotland,KJ Coetzer,HG Munsey,Ehsan Nawaz,1,0,,,,,,"",""
ball,1,1.5,Scotland,HG Munsey,KJ Coetzer,Ehsan Nawaz,0,0,,,,,,"",""
ball,1,1.6,Scotland,HG Munsey,KJ Coetzer,Ehsan Nawaz,0,0,,,,,,"",""
ball,1,2.1,Scotland,KJ Coetzer,HG Munsey,Tanveer Ahmed,4,0,,,,,,"",""
ball,1,2.2,Scotland,KJ Coetzer,HG Munsey,Tanveer Ahmed,0,0,,,,,,"",""
ball,1,2.3,Scotland,KJ Coetzer,HG Munsey,Tanveer Ahmed,2,0,,,,,,"",""
ball,1,2.4,Scotland,KJ Coetzer,HG Munsey,Tanveer Ahmed,2,0,,,,,,"",""
ball,1,2.5,Scotland,KJ Coetzer,HG Munsey,Tanveer Ahmed,0,0,,,,,,"",""
ball,1,2.6,Scotland,KJ Coetzer,HG Munsey,Tanveer Ahmed,0,0,,,,,,"",""
ball,1,3.1,Scotland,HG Munsey,KJ Coetzer,Ehsan Khan,0,0,,,,,,"",""
ball,1,3.2,Scotland,HG Munsey,KJ Coetzer,Ehsan Khan,0,0,,,,,,"",""
ball,1,3.3,Scotland,HG Munsey,KJ Coetzer,Ehsan Khan,0,1,,,1,,,"",""
ball,1,3.4,Scotland,KJ Coetzer,HG Munsey,Ehsan Khan,1,0,,,,,,"",""
ball,1,3.5,Scotland,HG Munsey,KJ Coetzer,Ehsan Khan,2,0,,,,,,"",""
ball,1,3.6,Scotland,HG Munsey,KJ Coetzer,Ehsan Khan,0,3,,,,3,,"",""
ball,1,4.1,Scotland,HG Munsey,KJ Coetzer,Nadeem Ahmed,0,0,,,,,,"",""
ball,1,4.2,Scotland,HG Munsey,KJ Coetzer,Nadeem Ahmed,0,0,,,,,,"",""
ball,1,4.3,Scotland,HG Munsey,KJ Coetzer,Nadeem Ahmed,0,0,,,,,,"",""
ball,1,4.4,Scotland,HG Munsey,KJ Coetzer,Nadeem Ahmed,4,0,,,,,,"",""
ball,1,4.5,Scotland,HG Munsey,KJ Coetzer,Nadeem Ahmed,0,0,,,,,,"",""
ball,1,4.6,Scotland,HG Munsey,KJ Coetzer,Nadeem Ahmed,2,0,,,,,,"",""
ball,1,5.1,Scotland,KJ Coetzer,HG Munsey,Ehsan Nawaz,4,0,,,,,,"",""
ball,1,5.2,Scotland,KJ Coetzer,HG Munsey,Ehsan Nawaz,1,0,,,,,,"",""
ball,1,5.3,Scotland,HG Munsey,KJ Coetzer,Ehsan Nawaz,0,0,,,,,,"",""
ball,1,5.4,Scotland,HG Munsey,KJ Coetzer,Ehsan Nawaz,4,0,,,,,,"",""
ball,1,5.5,Scotland,HG Munsey,KJ Coetzer,Ehsan Nawaz,0,4,,,4,,,"",""
ball,1,5.6,Scotland,HG Munsey,KJ Coetzer,Ehsan Nawaz,0,0,,,,,,"",""
ball,1,6.1,Scotland,KJ Coetzer,HG Munsey,Anshuman Rath,1,0,,,,,,"",""
ball,1,6.2,Scotland,HG Munsey,KJ Coetzer,Anshuman Rath,1,0,,,,,,"",""
ball,1,6.3,Scotland,KJ Coetzer,HG Munsey,Anshuman Rath,2,0,,,,,,"",""
ball,1,6.4,Scotland,KJ Coetzer,HG Munsey,Anshuman Rath,2,0,,,,,,"",""
ball,1,6.5,Scotland,KJ Coetzer,HG Munsey,Anshuman Rath,6,0,,,,,,"",""
ball,1,6.6,Scotland,KJ Coetzer,HG Munsey,Anshuman Rath,1,0,,,,,,"",""
ball,1,7.1,Scotland,KJ Coetzer,HG Munsey,Ehsan Khan,1,0,,,,,,"",""
ball,1,7.2,Scotland,HG Munsey,KJ Coetzer,Ehsan Khan,0,0,,,,,,lbw,HG Munsey
ball,1,7.3,Scotland,CS MacLeod,KJ Coetzer,Ehsan Khan,1,0,,,,,,"",""
ball,1,7.4,Scotland,KJ Coetzer,CS MacLeod,Ehsan Khan,0,0,,,,,,"",""
ball,1,7.5,Scotland,KJ Coetzer,CS MacLeod,Ehsan Khan,0,0,,,,,,caught,KJ Coetzer
ball,1,7.6,Scotland,RD Berrington,CS MacLeod,Ehsan Khan,0,0,,,,,,"",""
ball,1,8.1,Scotland,CS MacLeod,RD Berrington,Aizaz Khan,1,0,,,,,,"",""
ball,1,8.2,Scotland,RD Berrington,CS MacLeod,Aizaz Khan,0,0,,,,,,"",""
ball,1,8.3,Scotland,RD Berrington,CS MacLeod,Aizaz Khan,2,0,,,,,,"",""
ball,1,8.4,Scotland,RD Berrington,CS MacLeod,Aizaz Khan,0,0,,,,,,"",""
ball,1,8.5,Scotland,RD Berrington,CS MacLeod,Aizaz Khan,1,0,,,,,,"",""
ball,1,8.6,Scotland,CS MacLeod,RD Berrington,Aizaz Khan,0,0,,,,,,"",""
ball,1,9.1,Scotland,RD Berrington,CS MacLeod,Ehsan Khan,1,0,,,,,,"",""
ball,1,9.2,Scotland,CS MacLeod,RD Berrington,Ehsan Khan,4,0,,,,,,"",""
ball,1,9.3,Scotland,CS MacLeod,RD Berrington,Ehsan Khan,1,0,,,,,,"",""
ball,1,9.4,Scotland,RD Berrington,CS MacLeod,Ehsan Khan,1,0,,,,,,"",""
ball,1,9.5,Scotland,CS MacLeod,RD Berrington,Ehsan Khan,1,0,,,,,,"",""
ball,1,9.6,Scotland,RD Berrington,CS MacLeod,Ehsan Khan,1,0,,,,,,"",""
ball,1,10.1,Scotland,RD Berrington,CS MacLeod,Aizaz Khan,2,0,,,,,,"",""
ball,1,10.2,Scotland,RD Berrington,CS MacLeod,Aizaz Khan,1,0,,,,,,"",""
ball,1,10.3,Scotland,CS MacLeod,RD Berrington,Aizaz Khan,0,0,,,,,,"",""
ball,1,10.4,Scotland,CS MacLeod,RD Berrington,Aizaz Khan,0,1,1,,,,,"",""
ball,1,10.5,Scotland,CS MacLeod,RD Berrington,Aizaz Khan,4,0,,,,,,"",""
ball,1,10.6,Scotland,CS MacLeod,RD Berrington,Aizaz Khan,2,0,,,,,,"",""
ball,1,10.7,Scotland,CS MacLeod,RD Berrington,Aizaz Khan,0,1,1,,,,,"",""
ball,1,10.8,Scotland,CS MacLeod,RD Berrington,Aizaz Khan,1,0,,,,,,"",""
ball,1,11.1,Scotland,CS MacLeod,RD Berrington,Ehsan Khan,1,0,,,,,,"",""
ball,1,11.2,Scotland,RD Berrington,CS MacLeod,Ehsan Khan,0,1,1,,,,,"",""
ball,1,11.3,Scotland,RD Berrington,CS MacLeod,Ehsan Khan,4,0,,,,,,"",""
ball,1,11.4,Scotland,RD Berrington,CS MacLeod,Ehsan Khan,2,0,,,,,,"",""
ball,1,11.5,Scotland,RD Berrington,CS MacLeod,Ehsan Khan,0,0,,,,,,"",""
ball,1,11.6,Scotland,RD Berrington,CS MacLeod,Ehsan Khan,2,0,,,,,,"",""
ball,1,11.7,Scotland,RD Berrington,CS MacLeod,Ehsan Khan,2,0,,,,,,"",""
ball,1,12.1,Scotland,CS MacLeod,RD Berrington,Nadeem Ahmed,1,0,,,,,,"",""
ball,1,12.2,Scotland,RD Berrington,CS MacLeod,Nadeem Ahmed,1,0,,,,,,"",""
ball,1,12.3,Scotland,CS MacLeod,RD Berrington,Nadeem Ahmed,6,0,,,,,,"",""
ball,1,12.4,Scotland,CS MacLeod,RD Berrington,Nadeem Ahmed,2,0,,,,,,"",""
ball,1,12.5,Scotland,CS MacLeod,RD Berrington,Nadeem Ahmed,1,0,,,,,,"",""
ball,1,12.6,Scotland,RD Berrington,CS MacLeod,Nadeem Ahmed,1,0,,,,,,"",""
ball,1,13.1,Scotland,RD Berrington,CS MacLeod,Waqas Barkat,1,0,,,,,,"",""
ball,1,13.2,Scotland,CS MacLeod,RD Berrington,Waqas Barkat,2,0,,,,,,"",""
ball,1,13.3,Scotland,CS MacLeod,RD Berrington,Waqas Barkat,1,0,,,,,,"",""
ball,1,13.4,Scotland,RD Berrington,CS MacLeod,Waqas Barkat,0,0,,,,,,"",""
ball,1,13.5,Scotland,RD Berrington,CS MacLeod,Waqas Barkat,4,0,,,,,,"",""
ball,1,13.6,Scotland,RD Berrington,CS MacLeod,Waqas Barkat,2,0,,,,,,"",""
ball,1,14.1,Scotland,CS MacLeod,RD Berrington,Tanveer Ahmed,1,0,,,,,,"",""
ball,1,14.2,Scotland,RD Berrington,CS MacLeod,Tanveer Ahmed,1,0,,,,,,"",""
ball,1,14.3,Scotland,CS MacLeod,RD Berrington,Tanveer Ahmed,0,1,1,,,,,"",""
ball,1,14.4,Scotland,CS MacLeod,RD Berrington,Tanveer Ahmed,6,0,,,,,,"",""
ball,1,14.5,Scotland,CS MacLeod,RD Berrington,Tanveer Ahmed,1,0,,,,,,"",""
ball,1,14.6,Scotland,RD Berrington,CS MacLeod,Tanveer Ahmed,1,0,,,,,,"",""
ball,1,14.7,Scotland,CS MacLeod,RD Berrington,Tanveer Ahmed,1,0,,,,,,"",""
ball,1,15.1,Scotland,CS MacLeod,RD Berrington,Nadeem Ahmed,2,0,,,,,,"",""
ball,1,15.2,Scotland,CS MacLeod,RD Berrington,Nadeem Ahmed,1,0,,,,,,"",""
ball,1,15.3,Scotland,RD Berrington,CS MacLeod,Nadeem Ahmed,0,0,,,,,,"",""
ball,1,15.4,Scotland,RD Berrington,CS MacLeod,Nadeem Ahmed,1,0,,,,,,"",""
ball,1,15.5,Scotland,CS MacLeod,RD Berrington,Nadeem Ahmed,1,0,,,,,,"",""
ball,1,15.6,Scotland,RD Berrington,CS MacLeod,Nadeem Ahmed,6,0,,,,,,"",""
ball,1,16.1,Scotland,CS MacLeod,RD Berrington,Tanveer Ahmed,0,0,,,,,,"",""
ball,1,16.2,Scotland,CS MacLeod,RD Berrington,Tanveer Ahmed,2,0,,,,,,"",""
ball,1,16.3,Scotland,CS MacLeod,RD Berrington,Tanveer Ahmed,1,0,,,,,,"",""
ball,1,16.4,Scotland,RD Berrington,CS MacLeod,Tanveer Ahmed,2,0,,,,,,"",""
ball,1,16.5,Scotland,RD Berrington,CS MacLeod,Tanveer Ahmed,1,0,,,,,,"",""
ball,1,16.6,Scotland,CS MacLeod,RD Berrington,Tanveer Ahmed,0,4,,,4,,,"",""
ball,1,17.1,Scotland,RD Berrington,CS MacLeod,Aizaz Khan,2,0,,,,,,"",""
ball,1,17.2,Scotland,RD Berrington,CS MacLeod,Aizaz Khan,0,0,,,,,,"",""
ball,1,17.3,Scotland,RD Berrington,CS MacLeod,Aizaz Khan,2,0,,,,,,"",""
ball,1,17.4,Scotland,RD Berrington,CS MacLeod,Aizaz Khan,2,0,,,,,,"",""
ball,1,17.5,Scotland,RD Berrington,CS MacLeod,Aizaz Khan,1,0,,,,,,"",""
ball,1,17.6,Scotland,CS MacLeod,RD Berrington,Aizaz Khan,0,0,,,,,,"",""
ball,1,18.1,Scotland,RD Berrington,CS MacLeod,Tanveer Ahmed,2,0,,,,,,"",""
ball,1,18.2,Scotland,RD Berrington,CS MacLeod,Tanveer Ahmed,6,0,,,,,,"",""
ball,1,18.3,Scotland,RD Berrington,CS MacLeod,Tanveer Ahmed,1,0,,,,,,"",""
ball,1,18.4,Scotland,CS MacLeod,RD Berrington,Tanveer Ahmed,1,0,,,,,,"",""
ball,1,18.5,Scotland,RD Berrington,CS MacLeod,Tanveer Ahmed,1,0,,,,,,"",""
ball,1,18.6,Scotland,CS MacLeod,RD Berrington,Tanveer Ahmed,6,0,,,,,,"",""
ball,1,19.1,Scotland,RD Berrington,CS MacLeod,Aizaz Khan,2,0,,,,,,"",""
ball,1,19.2,Scotland,RD Berrington,CS MacLeod,Aizaz Khan,1,0,,,,,,"",""
ball,1,19.3,Scotland,CS MacLeod,RD Berrington,Ehsan Nawaz,4,0,,,,,,"",""
ball,1,19.4,Scotland,CS MacLeod,RD Berrington,Ehsan Nawaz,4,0,,,,,,"",""
ball,1,19.5,Scotland,CS MacLeod,RD Berrington,Ehsan Nawaz,0,0,,,,,,caught,CS MacLeod
ball,1,19.6,Scotland,CD Wallace,RD Berrington,Ehsan Nawaz,0,0,,,,,,"",""
ball,2,0.1,Hong Kong,Nizakat Khan,Aizaz Khan,MRJ Watt,0,0,,,,,,"",""
ball,2,0.2,Hong Kong,Nizakat Khan,Aizaz Khan,MRJ Watt,0,2,,,2,,,"",""
ball,2,0.3,Hong Kong,Nizakat Khan,Aizaz Khan,MRJ Watt,0,0,,,,,,"",""
ball,2,0.4,Hong Kong,Nizakat Khan,Aizaz Khan,MRJ Watt,0,0,,,,,,"",""
ball,2,0.5,Hong Kong,Nizakat Khan,Aizaz Khan,MRJ Watt,0,0,,,,,,"",""
ball,2,0.6,Hong Kong,Nizakat Khan,Aizaz Khan,MRJ Watt,1,0,,,,,,"",""
ball,2,1.1,Hong Kong,Nizakat Khan,Aizaz Khan,BTJ Wheal,0,0,,,,,,"",""
ball,2,1.2,Hong Kong,Nizakat Khan,Aizaz Khan,BTJ Wheal,6,0,,,,,,"",""
ball,2,1.3,Hong Kong,Nizakat Khan,Aizaz Khan,BTJ Wheal,0,0,,,,,,"",""
ball,2,1.4,Hong Kong,Nizakat Khan,Aizaz Khan,BTJ Wheal,0,0,,,,,,run out,Aizaz Khan
ball,2,1.5,Hong Kong,Babar Hayat,Nizakat Khan,BTJ Wheal,0,0,,,,,,"",""
ball,2,1.6,Hong Kong,Babar Hayat,Nizakat Khan,BTJ Wheal,0,0,,,,,,"",""
ball,2,2.1,Hong Kong,Nizakat Khan,Babar Hayat,JH Davey,0,0,,,,,,"",""
ball,2,2.2,Hong Kong,Nizakat Khan,Babar Hayat,JH Davey,2,0,,,,,,"",""
ball,2,2.3,Hong Kong,Nizakat Khan,Babar Hayat,JH Davey,4,0,,,,,,"",""
ball,2,2.4,Hong Kong,Nizakat Khan,Babar Hayat,JH Davey,1,0,,,,,,"",""
ball,2,2.5,Hong Kong,Babar Hayat,Nizakat Khan,JH Davey,4,0,,,,,,"",""
ball,2,2.6,Hong Kong,Babar Hayat,Nizakat Khan,JH Davey,0,1,,,,1,,"",""
ball,2,3.1,Hong Kong,Babar Hayat,Nizakat Khan,BTJ Wheal,4,0,,,,,,"",""
ball,2,3.2,Hong Kong,Babar Hayat,Nizakat Khan,BTJ Wheal,0,0,,,,,,"",""
ball,2,3.3,Hong Kong,Babar Hayat,Nizakat Khan,BTJ Wheal,0,0,,,,,,"",""
ball,2,3.4,Hong Kong,Babar Hayat,Nizakat Khan,BTJ Wheal,1,0,,,,,,"",""
ball,2,3.5,Hong Kong,Nizakat Khan,Babar Hayat,BTJ Wheal,0,0,,,,,,"",""
ball,2,3.6,Hong Kong,Nizakat Khan,Babar Hayat,BTJ Wheal,0,0,,,,,,"",""
ball,2,4.1,Hong Kong,Babar Hayat,Nizakat Khan,SM Sharif,1,0,,,,,,"",""
ball,2,4.2,Hong Kong,Nizakat Khan,Babar Hayat,SM Sharif,4,0,,,,,,"",""
ball,2,4.3,Hong Kong,Nizakat Khan,Babar Hayat,SM Sharif,1,0,,,,,,"",""
ball,2,4.4,Hong Kong,Babar Hayat,Nizakat Khan,SM Sharif,0,0,,,,,,caught,Babar Hayat
ball,2,4.5,Hong Kong,Anshuman Rath,Nizakat Khan,SM Sharif,0,0,,,,,,"",""
ball,2,4.6,Hong Kong,Anshuman Rath,Nizakat Khan,SM Sharif,1,0,,,,,,"",""
ball,2,5.1,Hong Kong,Anshuman Rath,Nizakat Khan,JH Davey,3,0,,,,,,"",""
ball,2,5.2,Hong Kong,Nizakat Khan,Anshuman Rath,JH Davey,0,0,,,,,,"",""
ball,2,5.3,Hong Kong,Nizakat Khan,Anshuman Rath,JH Davey,1,1,,1,,,,"",""
ball,2,5.4,Hong Kong,Anshuman Rath,Nizakat Khan,JH Davey,0,0,,,,,,"",""
ball,2,5.5,Hong Kong,Anshuman Rath,Nizakat Khan,JH Davey,1,0,,,,,,"",""
ball,2,5.6,Hong Kong,Nizakat Khan,Anshuman Rath,JH Davey,2,0,,,,,,"",""
ball,2,5.7,Hong Kong,Nizakat Khan,Anshuman Rath,JH Davey,0,0,,,,,,caught,Nizakat Khan
ball,2,6.1,Hong Kong,Anshuman Rath,Waqas Khan,MRJ Watt,1,0,,,,,,"",""
ball,2,6.2,Hong Kong,Waqas Khan,Anshuman Rath,MRJ Watt,0,0,,,,,,"",""
ball,2,6.3,Hong Kong,Waqas Khan,Anshuman Rath,MRJ Watt,0,0,,,,,,"",""
ball,2,6.4,Hong Kong,Waqas Khan,Anshuman Rath,MRJ Watt,1,0,,,,,,"",""
ball,2,6.5,Hong Kong,Anshuman Rath,Waqas Khan,MRJ Watt,2,0,,,,,,"",""
ball,2,6.6,Hong Kong,Anshuman Rath,Waqas Khan,MRJ Watt,1,0,,,,,,"",""
ball,2,7.1,Hong Kong,Anshuman Rath,Waqas Khan,CD de Lange,1,0,,,,,,"",""
ball,2,7.2,Hong Kong,Waqas Khan,Anshuman Rath,CD de Lange,0,0,,,,,,"",""
ball,2,7.3,Hong Kong,Waqas Khan,Anshuman Rath,CD de Lange,0,1,,,,1,,"",""
ball,2,7.4,Hong Kong,Anshuman Rath,Waqas Khan,CD de Lange,0,0,,,,,,"",""
ball,2,7.5,Hong Kong,Anshuman Rath,Waqas Khan,CD de Lange,0,0,,,,,,"",""
ball,2,7.6,Hong Kong,Anshuman Rath,Waqas Khan,CD de Lange,0,0,,,,,,"",""
ball,2,8.1,Hong Kong,Waqas Khan,Anshuman Rath,MRJ Watt,0,0,,,,,,"",""
ball,2,8.2,Hong Kong,Waqas Khan,Anshuman Rath,MRJ Watt,2,0,,,,,,"",""
ball,2,8.3,Hong Kong,Waqas Khan,Anshuman Rath,MRJ Watt,0,0,,,,,,"",""
ball,2,8.4,Hong Kong,Waqas Khan,Anshuman Rath,MRJ Watt,0,0,,,,,,lbw,Waqas Khan
ball,2,8.5,Hong Kong,Shahid Wasif,Anshuman Rath,MRJ Watt,0,0,,,,,,"",""
ball,2,8.6,Hong Kong,Shahid Wasif,Anshuman Rath,MRJ Watt,2,0,,,,,,"",""
ball,2,9.1,Hong Kong,Anshuman Rath,Shahid Wasif,CD de Lange,1,0,,,,,,"",""
ball,2,9.2,Hong Kong,Shahid Wasif,Anshuman Rath,CD de Lange,1,0,,,,,,"",""
ball,2,9.3,Hong Kong,Anshuman Rath,Shahid Wasif,CD de Lange,1,0,,,,,,"",""
ball,2,9.4,Hong Kong,Shahid Wasif,Anshuman Rath,CD de Lange,1,0,,,,,,"",""
ball,2,9.5,Hong Kong,Anshuman Rath,Shahid Wasif,CD de Lange,1,0,,,,,,"",""
ball,2,9.6,Hong Kong,Shahid Wasif,Anshuman Rath,CD de Lange,2,0,,,,,,"",""
ball,2,10.1,Hong Kong,Anshuman Rath,Shahid Wasif,SM Sharif,1,0,,,,,,"",""
ball,2,10.2,Hong Kong,Shahid Wasif,Anshuman Rath,SM Sharif,0,1,,,,1,,"",""
ball,2,10.3,Hong Kong,Anshuman Rath,Shahid Wasif,SM Sharif,1,0,,,,,,"",""
ball,2,10.4,Hong Kong,Shahid Wasif,Anshuman Rath,SM Sharif,1,0,,,,,,"",""
ball,2,10.5,Hong Kong,Anshuman Rath,Shahid Wasif,SM Sharif,1,0,,,,,,"",""
ball,2,10.6,Hong Kong,Shahid Wasif,Anshuman Rath,SM Sharif,0,0,,,,,,"",""
ball,2,11.1,Hong Kong,Anshuman Rath,Shahid Wasif,CS MacLeod,1,0,,,,,,"",""
ball,2,11.2,Hong Kong,Shahid Wasif,Anshuman Rath,CS MacLeod,4,0,,,,,,"",""
ball,2,11.3,Hong Kong,Shahid Wasif,Anshuman Rath,CS MacLeod,4,0,,,,,,"",""
ball,2,11.4,Hong Kong,Shahid Wasif,Anshuman Rath,CS MacLeod,1,0,,,,,,"",""
ball,2,11.5,Hong Kong,Anshuman Rath,Shahid Wasif,CS MacLeod,1,0,,,,,,"",""
ball,2,11.6,Hong Kong,Shahid Wasif,Anshuman Rath,CS MacLeod,2,0,,,,,,"",""
ball,2,12.1,Hong Kong,Anshuman Rath,Shahid Wasif,SM Sharif,4,0,,,,,,"",""
ball,2,12.2,Hong Kong,Anshuman Rath,Shahid Wasif,SM Sharif,4,0,,,,,,"",""
ball,2,12.3,Hong Kong,Anshuman Rath,Shahid Wasif,SM Sharif,1,0,,,,,,"",""
ball,2,12.4,Hong Kong,Shahid Wasif,Anshuman Rath,SM Sharif,2,0,,,,,,"",""
ball,2,12.5,Hong Kong,Shahid Wasif,Anshuman Rath,SM Sharif,1,0,,,,,,"",""
ball,2,12.6,Hong Kong,Anshuman Rath,Shahid Wasif,SM Sharif,1,0,,,,,,"",""
ball,2,13.1,Hong Kong,Anshuman Rath,Shahid Wasif,CD de Lange,1,0,,,,,,run out,Anshuman Rath
ball,2,13.2,Hong Kong,Shahid Wasif,Ehsan Khan,CD de Lange,1,0,,,,,,"",""
ball,2,13.3,Hong Kong,Ehsan Khan,Shahid Wasif,CD de Lange,0,0,,,,,,"",""
ball,2,13.4,Hong Kong,Ehsan Khan,Shahid Wasif,CD de Lange,1,0,,,,,,"",""
ball,2,13.5,Hong Kong,Shahid Wasif,Ehsan Khan,CD de Lange,4,0,,,,,,"",""
ball,2,13.6,Hong Kong,Shahid Wasif,Ehsan Khan,CD de Lange,1,0,,,,,,"",""
ball,2,14.1,Hong Kong,Shahid Wasif,Ehsan Khan,MRJ Watt,1,0,,,,,,"",""
ball,2,14.2,Hong Kong,Ehsan Khan,Shahid Wasif,MRJ Watt,1,0,,,,,,"",""
ball,2,14.3,Hong Kong,Shahid Wasif,Ehsan Khan,MRJ Watt,1,0,,,,,,"",""
ball,2,14.4,Hong Kong,Ehsan Khan,Shahid Wasif,MRJ Watt,4,0,,,,,,"",""
ball,2,14.5,Hong Kong,Ehsan Khan,Shahid Wasif,MRJ Watt,1,0,,,,,,"",""
ball,2,14.6,Hong Kong,Shahid Wasif,Ehsan Khan,MRJ Watt,2,0,,,,,,"",""
ball,2,15.1,Hong Kong,Ehsan Khan,Shahid Wasif,CD de Lange,3,0,,,,,,"",""
ball,2,15.2,Hong Kong,Shahid Wasif,Ehsan Khan,CD de Lange,1,0,,,,,,"",""
ball,2,15.3,Hong Kong,Ehsan Khan,Shahid Wasif,CD de Lange,1,0,,,,,,"",""
ball,2,15.4,Hong Kong,Shahid Wasif,Ehsan Khan,CD de Lange,1,0,,,,,,"",""
ball,2,15.5,Hong Kong,Ehsan Khan,Shahid Wasif,CD de Lange,0,0,,,,,,"",""
ball,2,15.6,Hong Kong,Ehsan Khan,Shahid Wasif,CD de Lange,0,2,,,,2,,"",""
ball,2,16.1,Hong Kong,Shahid Wasif,Ehsan Khan,JH Davey,1,0,,,,,,"",""
ball,2,16.2,Hong Kong,Ehsan Khan,Shahid Wasif,JH Davey,0,0,,,,,,"",""
ball,2,16.3,Hong Kong,Ehsan Khan,Shahid Wasif,JH Davey,6,0,,,,,,"",""
ball,2,16.4,Hong Kong,Ehsan Khan,Shahid Wasif,JH Davey,6,0,,,,,,"",""
ball,2,16.5,Hong Kong,Ehsan Khan,Shahid Wasif,JH Davey,0,0,,,,,,"",""
ball,2,16.6,Hong Kong,Ehsan Khan,Shahid Wasif,JH Davey,2,0,,,,,,"",""
ball,2,17.1,Hong Kong,Shahid Wasif,Ehsan Khan,BTJ Wheal,6,0,,,,,,"",""
ball,2,17.2,Hong Kong,Shahid Wasif,Ehsan Khan,BTJ Wheal,0,0,,,,,,caught,Shahid Wasif
ball,2,17.3,Hong Kong,Waqas Barkat,Ehsan Khan,BTJ Wheal,1,0,,,,,,"",""
ball,2,17.4,Hong Kong,Ehsan Khan,Waqas Barkat,BTJ Wheal,4,0,,,,,,"",""
ball,2,17.5,Hong Kong,Ehsan Khan,Waqas Barkat,BTJ Wheal,0,0,,,,,,"",""
ball,2,17.6,Hong Kong,Ehsan Khan,Waqas Barkat,BTJ Wheal,0,0,,,,,,"",""
ball,2,18.1,Hong Kong,Waqas Barkat,Ehsan Khan,JH Davey,1,0,,,,,,"",""
ball,2,18.2,Hong Kong,Ehsan Khan,Waqas Barkat,JH Davey,1,0,,,,,,"",""
ball,2,18.3,Hong Kong,Waqas Barkat,Ehsan Khan,JH Davey,1,0,,,,,,"",""
ball,2,18.4,Hong Kong,Ehsan Khan,Waqas Barkat,JH Davey,6,1,,1,,,,"",""
ball,2,18.5,Hong Kong,Ehsan Khan,Waqas Barkat,JH Davey,1,0,,,,,,"",""
ball,2,18.6,Hong Kong,Waqas Barkat,Ehsan Khan,JH Davey,2,0,,,,,,"",""
ball,2,18.7,Hong Kong,Waqas Barkat,Ehsan Khan,JH Davey,1,0,,,,,,"",""
ball,2,19.1,Hong Kong,Waqas Barkat,Ehsan Khan,BTJ Wheal,2,0,,,,,,"",""
ball,2,19.2,Hong Kong,Waqas Barkat,Ehsan Khan,BTJ Wheal,0,0,,,,,,"",""
ball,2,19.3,Hong Kong,Waqas Barkat,Ehsan Khan,BTJ Wheal,1,0,,,,,,"",""
ball,2,19.4,Hong Kong,Ehsan Khan,Waqas Barkat,BTJ Wheal,1,0,,,,,,"",""
ball,2,19.5,Hong Kong,Waqas Barkat,Ehsan Khan,BTJ Wheal,1,0,,,,,,"",""
ball,2,19.6,Hong Kong,Ehsan Khan,Waqas Barkat,BTJ Wheal,4,0,,,,,,"",""
