version,1.6.0
info,balls_per_over,6
info,team,Oman
info,team,Scotland
info,gender,male
info,season,2016/17
info,date,2017/01/19
info,event,Desert T20 Challenge
info,match_number,12
info,venue,Dubai International Cricket Stadium
info,city,
info,neutralvenue,true
info,toss_winner,Oman
info,toss_decision,bat
info,player_of_match,MH Cross
info,umpire,Ahmed Shah Pakteen
info,umpire,Iftikhar Ali
info,reserve_umpire,BB Pradhan
info,match_referee,GF Labrooy
info,winner,Scotland
info,winner_wickets,7
info,player,Oman,Zeeshan Maqsood
info,player,Oman,A Poulose
info,player,Oman,Aqib Ilyas
info,player,Oman,Khawar Ali
info,player,Oman,Khurram Nawaz
info,player,Oman,AV Lalcheta
info,player,Oman,Naseem Khushi
info,player,Oman,Sultan Ahmed
info,player,Oman,Mohammad Nadeem
info,player,Oman,Kaleemullah
info,player,Oman,Bilal Khan
info,player,Scotland,HG Munsey
info,player,Scotland,KJ Coetzer
info,player,Scotland,MH Cross
info,player,Scotland,CS MacLeod
info,player,Scotland,CD Wallace
info,player,Scotland,CD de Lange
info,player,Scotland,RD Berrington
info,player,Scotland,SM Sharif
info,player,Scotland,MA Leask
info,player,Scotland,MRJ Watt
info,player,Scotland,CB Sole
info,registry,people,A Poulose,b481216d
info,registry,people,AV Lalcheta,b858be20
info,registry,people,Ahmed Shah Pakteen,43602937
info,registry,people,Aqib Ilyas,b3b39bed
info,registry,people,BB Pradhan,8603d942
info,registry,people,Bilal Khan,dcdb87f2
info,registry,people,CB Sole,469ccead
info,registry,people,CD Wallace,7b5c6c0b
info,registry,people,CD de Lange,e6d298e8
info,registry,people,CS MacLeod,9c376401
info,registry,people,GF Labrooy,8e088dbc
info,registry,people,HG Munsey,ff014c34
info,registry,people,Iftikhar Ali,fc537391
info,registry,people,KJ Coetzer,85d8110a
info,registry,people,Kaleemullah,72253b87
info,registry,people,Khawar Ali,934b36a6
info,registry,people,Khurram Nawaz,07ff32f5
info,registry,people,MA Leask,28131839
info,registry,people,MH Cross,8b261d84
info,registry,people,MRJ Watt,1252f71a
info,registry,people,Mohammad Nadeem,c5d7b244
info,registry,people,Naseem Khushi,c63671e9
info,registry,people,RD Berrington,e21bc7f3
info,registry,people,SM Sharif,f43dd8c2
info,registry,people,Sultan Ahmed,3bf7c034
info,registry,people,Zeeshan Maqsood,34464143
ball,1,0.1,Oman,Zeeshan Maqsood,A Poulose,MA Leask,0,1,1,,,,,"",""
ball,1,0.2,Oman,Zeeshan Maqsood,A Poulose,MA Leask,0,0,,,,,,"",""
ball,1,0.3,Oman,Zeeshan Maqsood,A Poulose,MA Leask,0,0,,,,,,"",""
ball,1,0.4,Oman,Zeeshan Maqsood,A Poulose,MA Leask,4,0,,,,,,"",""
ball,1,0.5,Oman,Zeeshan Maqsood,A Poulose,MA Leask,1,0,,,,,,"",""
ball,1,0.6,Oman,A Poulose,Zeeshan Maqsood,MA Leask,0,0,,,,,,"",""
ball,1,0.7,Oman,A Poulose,Zeeshan Maqsood,MA Leask,0,0,,,,,,"",""
ball,1,1.1,Oman,Zeeshan Maqsood,A Poulose,SM Sharif,0,0,,,,,,"",""
ball,1,1.2,Oman,Zeeshan Maqsood,A Poulose,SM Sharif,0,0,,,,,,"",""
ball,1,1.3,Oman,Zeeshan Maqsood,A Poulose,SM Sharif,0,0,,,,,,"",""
ball,1,1.4,Oman,Zeeshan Maqsood,A Poulose,SM Sharif,4,0,,,,,,"",""
ball,1,1.5,Oman,Zeeshan Maqsood,A Poulose,SM Sharif,0,0,,,,,,"",""
ball,1,1.6,Oman,Zeeshan Maqsood,A Poulose,SM Sharif,0,1,,1,,,,"",""
ball,1,1.7,Oman,Zeeshan Maqsood,A Poulose,SM Sharif,0,0,,,,,,"",""
ball,1,2.1,Oman,A Poulose,Zeeshan Maqsood,MRJ Watt,0,0,,,,,,lbw,A Poulose
ball,1,2.2,Oman,Aqib Ilyas,Zeeshan Maqsood,MRJ Watt,1,0,,,,,,"",""
ball,1,2.3,Oman,Zeeshan Maqsood,Aqib Ilyas,MRJ Watt,4,0,,,,,,"",""
ball,1,2.4,Oman,Zeeshan Maqsood,Aqib Ilyas,MRJ Watt,2,0,,,,,,"",""
ball,1,2.5,Oman,Zeeshan Maqsood,Aqib Ilyas,MRJ Watt,0,0,,,,,,"",""
ball,1,2.6,Oman,Zeeshan Maqsood,Aqib Ilyas,MRJ Watt,1,0,,,,,,"",""
ball,1,3.1,Oman,Zeeshan Maqsood,Aqib Ilyas,CB Sole,0,0,,,,,,"",""
ball,1,3.2,Oman,Zeeshan Maqsood,Aqib Ilyas,CB Sole,0,0,,,,,,"",""
ball,1,3.3,Oman,Zeeshan Maqsood,Aqib Ilyas,CB Sole,1,0,,,,,,"",""
ball,1,3.4,Oman,Aqib Ilyas,Zeeshan Maqsood,CB Sole,1,0,,,,,,"",""
ball,1,3.5,Oman,Zeeshan Maqsood,Aqib Ilyas,CB Sole,0,0,,,,,,"",""
ball,1,3.6,Oman,Zeeshan Maqsood,Aqib Ilyas,CB Sole,0,0,,,,,,"",""
ball,1,4.1,Oman,Aqib Ilyas,Zeeshan Maqsood,MRJ Watt,4,0,,,,,,"",""
ball,1,4.2,Oman,Aqib Ilyas,Zeeshan Maqsood,MRJ Watt,0,0,,,,,,"",""
ball,1,4.3,Oman,Aqib Ilyas,Zeeshan Maqsood,MRJ Watt,1,0,,,,,,"",""
ball,1,4.4,Oman,Zeeshan Maqsood,Aqib Ilyas,MRJ Watt,0,0,,,,,,"",""
ball,1,4.5,Oman,Zeeshan Maqsood,Aqib Ilyas,MRJ Watt,0,0,,,,,,caught,Zeeshan Maqsood
ball,1,4.6,Oman,Aqib Ilyas,Khawar Ali,MRJ Watt,0,0,,,,,,"",""
ball,1,5.1,Oman,Khawar Ali,Aqib Ilyas,CB Sole,1,0,,,,,,"",""
ball,1,5.2,Oman,Aqib Ilyas,Khawar Ali,CB Sole,1,0,,,,,,"",""
ball,1,5.3,Oman,Khawar Ali,Aqib Ilyas,CB Sole,4,0,,,,,,"",""
ball,1,5.4,Oman,Khawar Ali,Aqib Ilyas,CB Sole,1,0,,,,,,"",""
ball,1,5.5,Oman,Aqib Ilyas,Khawar Ali,CB Sole,0,0,,,,,,"",""
ball,1,5.6,Oman,Aqib Ilyas,Khawar Ali,CB Sole,0,0,,,,,,"",""
ball,1,6.1,Oman,Khawar Ali,Aqib Ilyas,CD de Lange,0,0,,,,,,"",""
ball,1,6.2,Oman,Khawar Ali,Aqib Ilyas,CD de Lange,0,0,,,,,,"",""
ball,1,6.3,Oman,Khawar Ali,Aqib Ilyas,CD de Lange,0,0,,,,,,"",""
ball,1,6.4,Oman,Khawar Ali,Aqib Ilyas,CD de Lange,0,0,,,,,,"",""
ball,1,6.5,Oman,Khawar Ali,Aqib Ilyas,CD de Lange,1,0,,,,,,"",""
ball,1,6.6,Oman,Aqib Ilyas,Khawar Ali,CD de Lange,0,0,,,,,,"",""
ball,1,7.1,Oman,Khawar Ali,Aqib Ilyas,MA Leask,1,0,,,,,,"",""
ball,1,7.2,Oman,Aqib Ilyas,Khawar Ali,MA Leask,1,0,,,,,,"",""
ball,1,7.3,Oman,Khawar Ali,Aqib Ilyas,MA Leask,1,0,,,,,,"",""
ball,1,7.4,Oman,Aqib Ilyas,Khawar Ali,MA Leask,0,0,,,,,,"",""
ball,1,7.5,Oman,Aqib Ilyas,Khawar Ali,MA Leask,1,0,,,,,,"",""
ball,1,7.6,Oman,Khawar Ali,Aqib Ilyas,MA Leask,0,0,,,,,,"",""
ball,1,8.1,Oman,Aqib Ilyas,Khawar Ali,CD de Lange,1,0,,,,,,"",""
ball,1,8.2,Oman,Khawar Ali,Aqib Ilyas,CD de Lange,1,0,,,,,,"",""
ball,1,8.3,Oman,Aqib Ilyas,Khawar Ali,CD de Lange,1,0,,,,,,"",""
ball,1,8.4,Oman,Khawar Ali,Aqib Ilyas,CD de Lange,1,0,,,,,,"",""
ball,1,8.5,Oman,Aqib Ilyas,Khawar Ali,CD de Lange,0,0,,,,,,"",""
ball,1,8.6,Oman,Aqib Ilyas,Khawar Ali,CD de Lange,0,0,,,,,,"",""
ball,1,9.1,Oman,Khawar Ali,Aqib Ilyas,SM Sharif,1,0,,,,,,"",""
ball,1,9.2,Oman,Aqib Ilyas,Khawar Ali,SM Sharif,0,0,,,,,,"",""
ball,1,9.3,Oman,Aqib Ilyas,Khawar Ali,SM Sharif,4,0,,,,,,"",""
ball,1,9.4,Oman,Aqib Ilyas,Khawar Ali,SM Sharif,2,0,,,,,,"",""
ball,1,9.5,Oman,Aqib Ilyas,Khawar Ali,SM Sharif,1,0,,,,,,"",""
ball,1,9.6,Oman,Khawar Ali,Aqib Ilyas,SM Sharif,1,0,,,,,,"",""
ball,1,10.1,Oman,Khawar Ali,Aqib Ilyas,CD de Lange,0,0,,,,,,bowled,Khawar Ali
ball,1,10.2,Oman,Khurram Nawaz,Aqib Ilyas,CD de Lange,0,0,,,,,,run out,Aqib Ilyas
ball,1,10.3,Oman,AV Lalcheta,Khurram Nawaz,CD de Lange,2,0,,,,,,"",""
ball,1,10.4,Oman,AV Lalcheta,Khurram Nawaz,CD de Lange,1,0,,,,,,"",""
ball,1,10.5,Oman,Khurram Nawaz,AV Lalcheta,CD de Lange,0,1,1,,,,,"",""
ball,1,10.6,Oman,Khurram Nawaz,AV Lalcheta,CD de Lange,4,0,,,,,,"",""
ball,1,10.7,Oman,Khurram Nawaz,AV Lalcheta,CD de Lange,0,1,1,,,,,"",""
ball,1,10.8,Oman,Khurram Nawaz,AV Lalcheta,CD de Lange,1,0,,,,,,"",""
ball,1,11.1,Oman,Khurram Nawaz,AV Lalcheta,MA Leask,1,0,,,,,,"",""
ball,1,11.2,Oman,AV Lalcheta,Khurram Nawaz,MA Leask,1,0,,,,,,"",""
ball,1,11.3,Oman,Khurram Nawaz,AV Lalcheta,MA Leask,0,1,1,,,,,"",""
ball,1,11.4,Oman,Khurram Nawaz,AV Lalcheta,MA Leask,0,0,,,,,,"",""
ball,1,11.5,Oman,Khurram Nawaz,AV Lalcheta,MA Leask,0,0,,,,,,"",""
ball,1,11.6,Oman,Khurram Nawaz,AV Lalcheta,MA Leask,0,0,,,,,,"",""
ball,1,11.7,Oman,Khurram Nawaz,AV Lalcheta,MA Leask,1,0,,,,,,"",""
ball,1,12.1,Oman,Khurram Nawaz,AV Lalcheta,CB Sole,0,0,,,,,,"",""
ball,1,12.2,Oman,Khurram Nawaz,AV Lalcheta,CB Sole,0,1,,,,1,,"",""
ball,1,12.3,Oman,AV Lalcheta,Khurram Nawaz,CB Sole,4,0,,,,,,"",""
ball,1,12.4,Oman,AV Lalcheta,Khurram Nawaz,CB Sole,0,1,1,,,,,"",""
ball,1,12.5,Oman,AV Lalcheta,Khurram Nawaz,CB Sole,0,0,,,,,,"",""
ball,1,12.6,Oman,AV Lalcheta,Khurram Nawaz,CB Sole,1,0,,,,,,"",""
ball,1,12.7,Oman,Khurram Nawaz,AV Lalcheta,CB Sole,0,1,,,,1,,"",""
ball,1,13.1,Oman,Khurram Nawaz,AV Lalcheta,MRJ Watt,0,0,,,,,,"",""
ball,1,13.2,Oman,Khurram Nawaz,AV Lalcheta,MRJ Watt,1,0,,,,,,"",""
ball,1,13.3,Oman,AV Lalcheta,Khurram Nawaz,MRJ Watt,0,0,,,,,,"",""
ball,1,13.4,Oman,AV Lalcheta,Khurram Nawaz,MRJ Watt,0,0,,,,,,"",""
ball,1,13.5,Oman,AV Lalcheta,Khurram Nawaz,MRJ Watt,0,0,,,,,,"",""
ball,1,13.6,Oman,AV Lalcheta,Khurram Nawaz,MRJ Watt,4,0,,,,,,"",""
ball,1,14.1,Oman,Khurram Nawaz,AV Lalcheta,MA Leask,0,1,,,,1,,"",""
ball,1,14.2,Oman,AV Lalcheta,Khurram Nawaz,MA Leask,6,0,,,,,,"",""
ball,1,14.3,Oman,AV Lalcheta,Khurram Nawaz,MA Leask,1,0,,,,,,"",""
ball,1,14.4,Oman,Khurram Nawaz,AV Lalcheta,MA Leask,0,1,,,,1,,"",""
ball,1,14.5,Oman,AV Lalcheta,Khurram Nawaz,MA Leask,0,0,,,,,,"",""
ball,1,14.6,Oman,AV Lalcheta,Khurram Nawaz,MA Leask,0,0,,,,,,bowled,AV Lalcheta
ball,1,15.1,Oman,Khurram Nawaz,Naseem Khushi,CD de Lange,1,0,,,,,,"",""
ball,1,15.2,Oman,Naseem Khushi,Khurram Nawaz,CD de Lange,0,0,,,,,,lbw,Naseem Khushi
ball,1,15.3,Oman,Sultan Ahmed,Khurram Nawaz,CD de Lange,1,0,,,,,,"",""
ball,1,15.4,Oman,Khurram Nawaz,Sultan Ahmed,CD de Lange,2,0,,,,,,"",""
ball,1,15.5,Oman,Khurram Nawaz,Sultan Ahmed,CD de Lange,0,0,,,,,,"",""
ball,1,15.6,Oman,Khurram Nawaz,Sultan Ahmed,CD de Lange,4,0,,,,,,"",""
ball,1,16.1,Oman,Sultan Ahmed,Khurram Nawaz,MRJ Watt,2,0,,,,,,"",""
ball,1,16.2,Oman,Sultan Ahmed,Khurram Nawaz,MRJ Watt,2,0,,,,,,"",""
ball,1,16.3,Oman,Sultan Ahmed,Khurram Nawaz,MRJ Watt,1,0,,,,,,"",""
ball,1,16.4,Oman,Khurram Nawaz,Sultan Ahmed,MRJ Watt,0,0,,,,,,"",""
ball,1,16.5,Oman,Khurram Nawaz,Sultan Ahmed,MRJ Watt,0,1,,,,1,,"",""
ball,1,16.6,Oman,Sultan Ahmed,Khurram Nawaz,MRJ Watt,0,0,,,,,,"",""
ball,1,17.1,Oman,Khurram Nawaz,Sultan Ahmed,SM Sharif,6,0,,,,,,"",""
ball,1,17.2,Oman,Khurram Nawaz,Sultan Ahmed,SM Sharif,1,0,,,,,,"",""
ball,1,17.3,Oman,Sultan Ahmed,Khurram Nawaz,SM Sharif,1,1,,1,,,,"",""
ball,1,17.4,Oman,Khurram Nawaz,Sultan Ahmed,SM Sharif,1,0,,,,,,"",""
ball,1,17.5,Oman,Sultan Ahmed,Khurram Nawaz,SM Sharif,4,0,,,,,,"",""
ball,1,17.6,Oman,Sultan Ahmed,Khurram Nawaz,SM Sharif,1,0,,,,,,"",""
ball,1,17.7,Oman,Khurram Nawaz,Sultan Ahmed,SM Sharif,0,0,,,,,,caught,Khurram Nawaz
ball,1,18.1,Oman,Sultan Ahmed,Mohammad Nadeem,CB Sole,0,4,,,,4,,"",""
ball,1,18.2,Oman,Sultan Ahmed,Mohammad Nadeem,CB Sole,4,0,,,,,,"",""
ball,1,18.3,Oman,Sultan Ahmed,Mohammad Nadeem,CB Sole,0,1,,,,1,,"",""
ball,1,18.4,Oman,Mohammad Nadeem,Sultan Ahmed,CB Sole,1,0,,,,,,"",""
ball,1,18.5,Oman,Sultan Ahmed,Mohammad Nadeem,CB Sole,1,0,,,,,,"",""
ball,1,18.6,Oman,Mohammad Nadeem,Sultan Ahmed,CB Sole,1,0,,,,,,"",""
ball,1,19.1,Oman,Mohammad Nadeem,Sultan Ahmed,SM Sharif,0,0,,,,,,"",""
ball,1,19.2,Oman,Mohammad Nadeem,Sultan Ahmed,SM Sharif,0,0,,,,,,bowled,Mohammad Nadeem
ball,1,19.3,Oman,Kaleemullah,Sultan Ahmed,SM Sharif,0,0,,,,,,bowled,Kaleemullah
ball,1,19.4,Oman,Bilal Khan,Sultan Ahmed,SM Sharif,4,0,,,,,,"",""
ball,1,19.5,Oman,Bilal Khan,Sultan Ahmed,SM Sharif,0,1,,,1,,,"",""
ball,1,19.6,Oman,Sultan Ahmed,Bilal Khan,SM Sharif,0,0,,,,,,run out,Sultan Ahmed
ball,2,0.1,Scotland,HG Munsey,KJ Coetzer,Bilal Khan,1,0,,,,,,"",""
ball,2,0.2,Scotland,KJ Coetzer,HG Munsey,Bilal Khan,0,1,1,,,,,"",""
ball,2,0.3,Scotland,KJ Coetzer,HG Munsey,Bilal Khan,0,0,,,,,,"",""
ball,2,0.4,Scotland,KJ Coetzer,HG Munsey,Bilal Khan,2,0,,,,,,"",""
ball,2,0.5,Scotland,KJ Coetzer,HG Munsey,Bilal Khan,2,0,,,,,,"",""
ball,2,0.6,Scotland,KJ Coetzer,HG Munsey,Bilal Khan,4,0,,,,,,"",""
ball,2,0.7,Scotland,KJ Coetzer,HG Munsey,Bilal Khan,2,0,,,,,,"",""
ball,2,1.1,Scotland,HG Munsey,KJ Coetzer,AV Lalcheta,0,0,,,,,,"",""
ball,2,1.2,Scotland,HG Munsey,KJ Coetzer,AV Lalcheta,0,0,,,,,,"",""
ball,2,1.3,Scotland,HG Munsey,KJ Coetzer,AV Lalcheta,2,0,,,,,,"",""
ball,2,1.4,Scotland,HG Munsey,KJ Coetzer,AV Lalcheta,0,0,,,,,,"",""
ball,2,1.5,Scotland,HG Munsey,KJ Coetzer,AV Lalcheta,0,0,,,,,,"",""
ball,2,1.6,Scotland,HG Munsey,KJ Coetzer,AV Lalcheta,0,0,,,,,,"",""
ball,2,2.1,Scotland,KJ Coetzer,HG Munsey,Zeeshan Maqsood,0,0,,,,,,"",""
ball,2,2.2,Scotland,KJ Coetzer,HG Munsey,Zeeshan Maqsood,1,0,,,,,,"",""
ball,2,2.3,Scotland,HG Munsey,KJ Coetzer,Zeeshan Maqsood,1,0,,,,,,"",""
ball,2,2.4,Scotland,KJ Coetzer,HG Munsey,Zeeshan Maqsood,0,0,,,,,,"",""
ball,2,2.5,Scotland,KJ Coetzer,HG Munsey,Zeeshan Maqsood,0,0,,,,,,"",""
ball,2,2.6,Scotland,KJ Coetzer,HG Munsey,Zeeshan Maqsood,1,0,,,,,,"",""
ball,2,3.1,Scotland,KJ Coetzer,HG Munsey,AV Lalcheta,0,0,,,,,,"",""
ball,2,3.2,Scotland,KJ Coetzer,HG Munsey,AV Lalcheta,0,0,,,,,,"",""
ball,2,3.3,Scotland,KJ Coetzer,HG Munsey,AV Lalcheta,0,0,,,,,,"",""
ball,2,3.4,Scotland,KJ Coetzer,HG Munsey,AV Lalcheta,4,0,,,,,,"",""
ball,2,3.5,Scotland,KJ Coetzer,HG Munsey,AV Lalcheta,0,0,,,,,,"",""
ball,2,3.6,Scotland,KJ Coetzer,HG Munsey,AV Lalcheta,4,0,,,,,,"",""
ball,2,4.1,Scotland,HG Munsey,KJ Coetzer,Bilal Khan,1,0,,,,,,"",""
ball,2,4.2,Scotland,KJ Coetzer,HG Munsey,Bilal Khan,1,0,,,,,,"",""
ball,2,4.3,Scotland,HG Munsey,KJ Coetzer,Bilal Khan,0,0,,,,,,"",""
ball,2,4.4,Scotland,HG Munsey,KJ Coetzer,Bilal Khan,4,0,,,,,,"",""
ball,2,4.5,Scotland,HG Munsey,KJ Coetzer,Bilal Khan,1,0,,,,,,"",""
ball,2,4.6,Scotland,KJ Coetzer,HG Munsey,Bilal Khan,1,0,,,,,,"",""
ball,2,5.1,Scotland,KJ Coetzer,HG Munsey,Kaleemullah,1,0,,,,,,"",""
ball,2,5.2,Scotland,HG Munsey,KJ Coetzer,Kaleemullah,0,0,,,,,,"",""
ball,2,5.3,Scotland,HG Munsey,KJ Coetzer,Kaleemullah,0,2,,,2,,,"",""
ball,2,5.4,Scotland,HG Munsey,KJ Coetzer,Kaleemullah,0,1,1,,,,,"",""
ball,2,5.5,Scotland,HG Munsey,KJ Coetzer,Kaleemullah,1,0,,,,,,"",""
ball,2,5.6,Scotland,KJ Coetzer,HG Munsey,Kaleemullah,1,0,,,,,,"",""
ball,2,5.7,Scotland,HG Munsey,KJ Coetzer,Kaleemullah,2,0,,,,,,"",""
ball,2,6.1,Scotland,KJ Coetzer,HG Munsey,Zeeshan Maqsood,1,0,,,,,,"",""
ball,2,6.2,Scotland,HG Munsey,KJ Coetzer,Zeeshan Maqsood,1,0,,,,,,"",""
ball,2,6.3,Scotland,KJ Coetzer,HG Munsey,Zeeshan Maqsood,0,0,,,,,,lbw,KJ Coetzer
ball,2,6.4,Scotland,MH Cross,HG Munsey,Zeeshan Maqsood,0,0,,,,,,"",""
ball,2,6.5,Scotland,MH Cross,HG Munsey,Zeeshan Maqsood,0,0,,,,,,"",""
ball,2,6.6,Scotland,MH Cross,HG Munsey,Zeeshan Maqsood,1,0,,,,,,"",""
ball,2,7.1,Scotland,MH Cross,HG Munsey,Kaleemullah,0,0,,,,,,"",""
ball,2,7.2,Scotland,MH Cross,HG Munsey,Kaleemullah,0,0,,,,,,"",""
ball,2,7.3,Scotland,MH Cross,HG Munsey,Kaleemullah,0,0,,,,,,"",""
ball,2,7.4,Scotland,MH Cross,HG Munsey,Kaleemullah,1,0,,,,,,"",""
ball,2,7.5,Scotland,HG Munsey,MH Cross,Kaleemullah,1,0,,,,,,"",""
ball,2,7.6,Scotland,MH Cross,HG Munsey,Kaleemullah,1,0,,,,,,"",""
ball,2,8.1,Scotland,MH Cross,HG Munsey,Khawar Ali,0,1,,,,1,,"",""
ball,2,8.2,Scotland,HG Munsey,MH Cross,Khawar Ali,0,0,,,,,,caught and bowled,HG Munsey
ball,2,8.3,Scotland,CS MacLeod,MH Cross,Khawar Ali,0,0,,,,,,"",""
ball,2,8.4,Scotland,CS MacLeod,MH Cross,Khawar Ali,1,0,,,,,,"",""
ball,2,8.5,Scotland,MH Cross,CS MacLeod,Khawar Ali,2,0,,,,,,"",""
ball,2,8.6,Scotland,MH Cross,CS MacLeod,Khawar Ali,0,1,1,,,,,"",""
ball,2,8.7,Scotland,MH Cross,CS MacLeod,Khawar Ali,1,0,,,,,,"",""
ball,2,9.1,Scotland,MH Cross,CS MacLeod,AV Lalcheta,0,0,,,,,,"",""
ball,2,9.2,Scotland,MH Cross,CS MacLeod,AV Lalcheta,1,0,,,,,,"",""
ball,2,9.3,Scotland,CS MacLeod,MH Cross,AV Lalcheta,0,0,,,,,,"",""
ball,2,9.4,Scotland,CS MacLeod,MH Cross,AV Lalcheta,2,0,,,,,,"",""
ball,2,9.5,Scotland,CS MacLeod,MH Cross,AV Lalcheta,1,0,,,,,,"",""
ball,2,9.6,Scotland,MH Cross,CS MacLeod,AV Lalcheta,1,0,,,,,,"",""
ball,2,10.1,Scotland,MH Cross,CS MacLeod,Khawar Ali,1,0,,,,,,"",""
ball,2,10.2,Scotland,CS MacLeod,MH Cross,Khawar Ali,1,0,,,,,,"",""
ball,2,10.3,Scotland,MH Cross,CS MacLeod,Khawar Ali,1,0,,,,,,"",""
ball,2,10.4,Scotland,CS MacLeod,MH Cross,Khawar Ali,1,0,,,,,,"",""
ball,2,10.5,Scotland,MH Cross,CS MacLeod,Khawar Ali,1,0,,,,,,"",""
ball,2,10.6,Scotland,CS MacLeod,MH Cross,Khawar Ali,0,0,,,,,,"",""
ball,2,11.1,Scotland,MH Cross,CS MacLeod,AV Lalcheta,0,0,,,,,,"",""
ball,2,11.2,Scotland,MH Cross,CS MacLeod,AV Lalcheta,6,0,,,,,,"",""
ball,2,11.3,Scotland,MH Cross,CS MacLeod,AV Lalcheta,0,0,,,,,,"",""
ball,2,11.4,Scotland,MH Cross,CS MacLeod,AV Lalcheta,1,0,,,,,,"",""
ball,2,11.5,Scotland,CS MacLeod,MH Cross,AV Lalcheta,0,0,,,,,,"",""
ball,2,11.6,Scotland,CS MacLeod,MH Cross,AV Lalcheta,1,0,,,,,,"",""
ball,2,12.1,Scotland,CS MacLeod,MH Cross,Khawar Ali,1,0,,,,,,"",""
ball,2,12.2,Scotland,MH Cross,CS MacLeod,Khawar Ali,1,0,,,,,,"",""
ball,2,12.3,Scotland,CS MacLeod,MH Cross,Khawar Ali,1,0,,,,,,"",""
ball,2,12.4,Scotland,MH Cross,CS MacLeod,Khawar Ali,1,0,,,,,,"",""
ball,2,12.5,Scotland,CS MacLeod,MH Cross,Khawar Ali,4,0,,,,,,"",""
ball,2,12.6,Scotland,CS MacLeod,MH Cross,Khawar Ali,0,0,,,,,,"",""
ball,2,13.1,Scotland,MH Cross,CS MacLeod,Zeeshan Maqsood,1,0,,,,,,"",""
ball,2,13.2,Scotland,CS MacLeod,MH Cross,Zeeshan Maqsood,0,0,,,,,,"",""
ball,2,13.3,Scotland,CS MacLeod,MH Cross,Zeeshan Maqsood,1,0,,,,,,"",""
ball,2,13.4,Scotland,MH Cross,CS MacLeod,Zeeshan Maqsood,1,0,,,,,,"",""
ball,2,13.5,Scotland,CS MacLeod,MH Cross,Zeeshan Maqsood,1,0,,,,,,"",""
ball,2,13.6,Scotland,MH Cross,CS MacLeod,Zeeshan Maqsood,1,0,,,,,,"",""
ball,2,14.1,Scotland,MH Cross,CS MacLeod,Mohammad Nadeem,0,0,,,,,,"",""
ball,2,14.2,Scotland,MH Cross,CS MacLeod,Mohammad Nadeem,6,0,,,,,,"",""
ball,2,14.3,Scotland,MH Cross,CS MacLeod,Mohammad Nadeem,1,0,,,,,,"",""
ball,2,14.4,Scotland,CS MacLeod,MH Cross,Mohammad Nadeem,1,0,,,,,,"",""
ball,2,14.5,Scotland,MH Cross,CS MacLeod,Mohammad Nadeem,4,0,,,,,,"",""
ball,2,14.6,Scotland,MH Cross,CS MacLeod,Mohammad Nadeem,1,0,,,,,,"",""
ball,2,15.1,Scotland,MH Cross,CS MacLeod,Zeeshan Maqsood,1,0,,,,,,"",""
ball,2,15.2,Scotland,CS MacLeod,MH Cross,Zeeshan Maqsood,6,0,,,,,,"",""
ball,2,15.3,Scotland,CS MacLeod,MH Cross,Zeeshan Maqsood,1,0,,,,,,"",""
ball,2,15.4,Scotland,MH Cross,CS MacLeod,Zeeshan Maqsood,1,0,,,,,,"",""
ball,2,15.5,Scotland,CS MacLeod,MH Cross,Zeeshan Maqsood,1,0,,,,,,"",""
ball,2,15.6,Scotland,MH Cross,CS MacLeod,Zeeshan Maqsood,1,0,,,,,,"",""
ball,2,16.1,Scotland,MH Cross,CS MacLeod,Bilal Khan,4,0,,,,,,"",""
ball,2,16.2,Scotland,MH Cross,CS MacLeod,Bilal Khan,0,0,,,,,,"",""
ball,2,16.3,Scotland,MH Cross,CS MacLeod,Bilal Khan,0,1,,1,,,,"",""
ball,2,16.4,Scotland,MH Cross,CS MacLeod,Bilal Khan,4,0,,,,,,"",""
ball,2,16.5,Scotland,MH Cross,CS MacLeod,Bilal Khan,1,0,,,,,,"",""
ball,2,16.6,Scotland,CS MacLeod,MH Cross,Bilal Khan,1,0,,,,,,"",""
ball,2,16.7,Scotland,MH Cross,CS MacLeod,Bilal Khan,0,0,,,,,,caught,MH Cross
ball,2,17.1,Scotland,CD Wallace,CS MacLeod,Kaleemullah,1,0,,,,,,"",""
ball,2,17.2,Scotland,CS MacLeod,CD Wallace,Kaleemullah,0,0,,,,,,"",""
ball,2,17.3,Scotland,CS MacLeod,CD Wallace,Kaleemullah,0,0,,,,,,"",""
ball,2,17.4,Scotland,CS MacLeod,CD Wallace,Kaleemullah,1,0,,,,,,"",""
ball,2,17.5,Scotland,CD Wallace,CS MacLeod,Kaleemullah,1,0,,,,,,"",""
ball,2,17.6,Scotland,CS MacLeod,CD Wallace,Kaleemullah,2,0,,,,,,"",""
ball,2,18.1,Scotland,CD Wallace,CS MacLeod,Khawar Ali,2,0,,,,,,"",""
ball,2,18.2,Scotland,CD Wallace,CS MacLeod,Khawar Ali,1,0,,,,,,"",""
ball,2,18.3,Scotland,CS MacLeod,CD Wallace,Khawar Ali,4,0,,,,,,"",""
ball,2,18.4,Scotland,CS MacLeod,CD Wallace,Khawar Ali,0,0,,,,,,"",""
ball,2,18.5,Scotland,CS MacLeod,CD Wallace,Khawar Ali,2,0,,,,,,"",""
ball,2,18.6,Scotland,CS MacLeod,CD Wallace,Khawar Ali,1,0,,,,,,"",""
