version,1.6.0
info,balls_per_over,6
info,team,Islamabad United
info,team,Karachi Kings
info,gender,male
info,season,2016/17
info,date,2017/02/17
info,event,Pakistan Super League
info,match_number,10
info,venue,Sharjah Cricket Stadium
info,city,
info,neutralvenue,true
info,toss_winner,Karachi Kings
info,toss_decision,field
info,player_of_match,Babar Azam
info,umpire,Aleem Dar
info,umpire,RK Illingworth
info,reserve_umpire,Ahsan Raza
info,tv_umpire,Shozab Raza
info,match_referee,RS Mahanama
info,winner,Karachi Kings
info,winner_runs,8
info,method,D/L
info,player,Islamabad United,DR Smith
info,player,Islamabad United,SW Billings
info,player,Islamabad United,BJ Haddin
info,player,Islamabad United,Misbah-ul-Haq
info,player,Islamabad United,SR Watson
info,player,Islamabad United,Imran Khalid
info,player,Islamabad United,Asif Ali
info,player,Islamabad United,Mohammad Sami
info,player,Islamabad United,Shadab Khan
info,player,Islamabad United,Saeed Ajmal
info,player,Islamabad United,Mohammad Irfan
info,player,Karachi Kings,CH Gayle
info,player,Karachi Kings,Babar Azam
info,player,Karachi Kings,KC Sangakkara
info,player,Karachi Kings,Shoaib Malik
info,player,Karachi Kings,RS Bopara
info,player,Karachi Kings,Imad Wasim
info,player,Karachi Kings,KA Pollard
info,player,Karachi Kings,Kashif Bhatti
info,player,Karachi Kings,Mohammad Amir
info,player,Karachi Kings,Usama Mir
info,player,Karachi Kings,Usman Shinwari
info,registry,people,Ahsan Raza,e0e5b209
info,registry,people,Aleem Dar,f02778d1
info,registry,people,Asif Ali,0a4736eb
info,registry,people,BJ Haddin,b0c772ee
info,registry,people,Babar Azam,8a75e999
info,registry,people,CH Gayle,db584dad
info,registry,people,DR Smith,35205dfc
info,registry,people,Imad Wasim,9cb8d7a6
info,registry,people,Imran Khalid,b8eddbdb
info,registry,people,KA Pollard,a757b0d8
info,registry,people,KC Sangakkara,6b71e6cf
info,registry,people,Kashif Bhatti,e93f608d
info,registry,people,Misbah-ul-Haq,7eae4418
info,registry,people,Mohammad Amir,e174dadd
info,registry,people,Mohammad Irfan,a8e3170f
info,registry,people,Mohammad Sami,68ddabdb
info,registry,people,RK Illingworth,20672246
info,registry,people,RS Bopara,7ca5e05d
info,registry,people,RS Mahanama,57910393
info,registry,people,SR Watson,4329fbb5
info,registry,people,SW Billings,c16d4035
info,registry,people,Saeed Ajmal,05d74535
info,registry,people,Shadab Khan,9de62878
info,registry,people,Shoaib Malik,64c34cd0
info,registry,people,Shozab Raza,153c67dc
info,registry,people,Usama Mir,6dd8b88c
info,registry,people,Usman Shinwari,f0e722e0
ball,1,0.1,Islamabad United,DR Smith,SW Billings,Imad Wasim,1,0,,,,,,"",""
ball,1,0.2,Islamabad United,SW Billings,DR Smith,Imad Wasim,0,0,,,,,,lbw,SW Billings
ball,1,0.3,Islamabad United,BJ Haddin,DR Smith,Imad Wasim,0,0,,,,,,"",""
ball,1,0.4,Islamabad United,BJ Haddin,DR Smith,Imad Wasim,0,0,,,,,,"",""
ball,1,0.5,Islamabad United,BJ Haddin,DR Smith,Imad Wasim,0,0,,,,,,"",""
ball,1,0.6,Islamabad United,BJ Haddin,DR Smith,Imad Wasim,4,0,,,,,,"",""
ball,1,1.1,Islamabad United,DR Smith,BJ Haddin,Mohammad Amir,1,0,,,,,,"",""
ball,1,1.2,Islamabad United,BJ Haddin,DR Smith,Mohammad Amir,0,1,1,,,,,"",""
ball,1,1.3,Islamabad United,BJ Haddin,DR Smith,Mohammad Amir,0,0,,,,,,"",""
ball,1,1.4,Islamabad United,BJ Haddin,DR Smith,Mohammad Amir,1,0,,,,,,"",""
ball,1,1.5,Islamabad United,DR Smith,BJ Haddin,Mohammad Amir,0,0,,,,,,"",""
ball,1,1.6,Islamabad United,DR Smith,BJ Haddin,Mohammad Amir,0,0,,,,,,"",""
ball,1,1.7,Islamabad United,DR Smith,BJ Haddin,Mohammad Amir,0,0,,,,,,"",""
ball,1,2.1,Islamabad United,BJ Haddin,DR Smith,Imad Wasim,0,0,,,,,,"",""
ball,1,2.2,Islamabad United,BJ Haddin,DR Smith,Imad Wasim,1,0,,,,,,"",""
ball,1,2.3,Islamabad United,DR Smith,BJ Haddin,Imad Wasim,0,0,,,,,,"",""
ball,1,2.4,Islamabad United,DR Smith,BJ Haddin,Imad Wasim,1,0,,,,,,"",""
ball,1,2.5,Islamabad United,BJ Haddin,DR Smith,Imad Wasim,0,0,,,,,,"",""
ball,1,2.6,Islamabad United,BJ Haddin,DR Smith,Imad Wasim,0,0,,,,,,caught and bowled,BJ Haddin
ball,1,3.1,Islamabad United,DR Smith,Misbah-ul-Haq,Usman Shinwari,1,0,,,,,,"",""
ball,1,3.2,Islamabad United,Misbah-ul-Haq,DR Smith,Usman Shinwari,0,0,,,,,,"",""
ball,1,3.3,Islamabad United,Misbah-ul-Haq,DR Smith,Usman Shinwari,1,0,,,,,,"",""
ball,1,3.4,Islamabad United,DR Smith,Misbah-ul-Haq,Usman Shinwari,0,0,,,,,,"",""
ball,1,3.5,Islamabad United,DR Smith,Misbah-ul-Haq,Usman Shinwari,1,0,,,,,,"",""
ball,1,3.6,Islamabad United,Misbah-ul-Haq,DR Smith,Usman Shinwari,1,0,,,,,,"",""
ball,1,4.1,Islamabad United,Misbah-ul-Haq,DR Smith,Imad Wasim,1,0,,,,,,"",""
ball,1,4.2,Islamabad United,DR Smith,Misbah-ul-Haq,Imad Wasim,6,0,,,,,,"",""
ball,1,4.3,Islamabad United,DR Smith,Misbah-ul-Haq,Imad Wasim,0,0,,,,,,"",""
ball,1,4.4,Islamabad United,DR Smith,Misbah-ul-Haq,Imad Wasim,1,0,,,,,,"",""
ball,1,4.5,Islamabad United,Misbah-ul-Haq,DR Smith,Imad Wasim,0,0,,,,,,"",""
ball,1,4.6,Islamabad United,Misbah-ul-Haq,DR Smith,Imad Wasim,0,0,,,,,,"",""
ball,1,5.1,Islamabad United,DR Smith,Misbah-ul-Haq,Kashif Bhatti,6,0,,,,,,"",""
ball,1,5.2,Islamabad United,DR Smith,Misbah-ul-Haq,Kashif Bhatti,1,0,,,,,,"",""
ball,1,5.3,Islamabad United,Misbah-ul-Haq,DR Smith,Kashif Bhatti,0,0,,,,,,"",""
ball,1,5.4,Islamabad United,Misbah-ul-Haq,DR Smith,Kashif Bhatti,0,0,,,,,,"",""
ball,1,5.5,Islamabad United,Misbah-ul-Haq,DR Smith,Kashif Bhatti,1,0,,,,,,"",""
ball,1,5.6,Islamabad United,DR Smith,Misbah-ul-Haq,Kashif Bhatti,2,0,,,,,,"",""
ball,1,6.1,Islamabad United,Misbah-ul-Haq,DR Smith,Usama Mir,1,0,,,,,,"",""
ball,1,6.2,Islamabad United,DR Smith,Misbah-ul-Haq,Usama Mir,1,0,,,,,,"",""
ball,1,6.3,Islamabad United,Misbah-ul-Haq,DR Smith,Usama Mir,0,0,,,,,,"",""
ball,1,6.4,Islamabad United,Misbah-ul-Haq,DR Smith,Usama Mir,0,0,,,,,,"",""
ball,1,6.5,Islamabad United,Misbah-ul-Haq,DR Smith,Usama Mir,0,0,,,,,,"",""
ball,1,6.6,Islamabad United,Misbah-ul-Haq,DR Smith,Usama Mir,0,0,,,,,,"",""
ball,1,7.1,Islamabad United,DR Smith,Misbah-ul-Haq,Kashif Bhatti,0,0,,,,,,"",""
ball,1,7.2,Islamabad United,DR Smith,Misbah-ul-Haq,Kashif Bhatti,6,0,,,,,,"",""
ball,1,7.3,Islamabad United,DR Smith,Misbah-ul-Haq,Kashif Bhatti,0,0,,,,,,"",""
ball,1,7.4,Islamabad United,DR Smith,Misbah-ul-Haq,Kashif Bhatti,1,0,,,,,,"",""
ball,1,7.5,Islamabad United,Misbah-ul-Haq,DR Smith,Kashif Bhatti,6,0,,,,,,"",""
ball,1,7.6,Islamabad United,Misbah-ul-Haq,DR Smith,Kashif Bhatti,1,0,,,,,,"",""
ball,1,8.1,Islamabad United,Misbah-ul-Haq,DR Smith,Usama Mir,0,0,,,,,,"",""
ball,1,8.2,Islamabad United,Misbah-ul-Haq,DR Smith,Usama Mir,1,0,,,,,,"",""
ball,1,8.3,Islamabad United,DR Smith,Misbah-ul-Haq,Usama Mir,0,0,,,,,,caught,DR Smith
ball,1,8.4,Islamabad United,Misbah-ul-Haq,SR Watson,Usama Mir,0,0,,,,,,"",""
ball,1,8.5,Islamabad United,Misbah-ul-Haq,SR Watson,Usama Mir,2,0,,,,,,"",""
ball,1,8.6,Islamabad United,Misbah-ul-Haq,SR Watson,Usama Mir,0,0,,,,,,"",""
ball,1,9.1,Islamabad United,SR Watson,Misbah-ul-Haq,Mohammad Amir,4,0,,,,,,"",""
ball,1,9.2,Islamabad United,SR Watson,Misbah-ul-Haq,Mohammad Amir,1,0,,,,,,"",""
ball,1,9.3,Islamabad United,Misbah-ul-Haq,SR Watson,Mohammad Amir,1,0,,,,,,"",""
ball,1,9.4,Islamabad United,SR Watson,Misbah-ul-Haq,Mohammad Amir,1,0,,,,,,"",""
ball,1,9.5,Islamabad United,Misbah-ul-Haq,SR Watson,Mohammad Amir,0,0,,,,,,"",""
ball,1,9.6,Islamabad United,Misbah-ul-Haq,SR Watson,Mohammad Amir,0,0,,,,,,"",""
ball,1,10.1,Islamabad United,SR Watson,Misbah-ul-Haq,Usama Mir,0,1,,,,1,,"",""
ball,1,10.2,Islamabad United,Misbah-ul-Haq,SR Watson,Usama Mir,0,0,,,,,,caught,Misbah-ul-Haq
ball,1,10.3,Islamabad United,SR Watson,Imran Khalid,Usama Mir,0,0,,,,,,"",""
ball,1,10.4,Islamabad United,SR Watson,Imran Khalid,Usama Mir,0,0,,,,,,"",""
ball,1,10.5,Islamabad United,SR Watson,Imran Khalid,Usama Mir,4,0,,,,,,"",""
ball,1,10.6,Islamabad United,SR Watson,Imran Khalid,Usama Mir,1,0,,,,,,"",""
ball,1,11.1,Islamabad United,SR Watson,Imran Khalid,Mohammad Amir,0,1,1,,,,,"",""
ball,1,11.2,Islamabad United,SR Watson,Imran Khalid,Mohammad Amir,0,0,,,,,,"",""
ball,1,11.3,Islamabad United,SR Watson,Imran Khalid,Mohammad Amir,6,0,,,,,,"",""
ball,1,11.4,Islamabad United,SR Watson,Imran Khalid,Mohammad Amir,0,1,1,,,,,"",""
ball,1,11.5,Islamabad United,SR Watson,Imran Khalid,Mohammad Amir,6,0,,,,,,"",""
ball,1,11.6,Islamabad United,SR Watson,Imran Khalid,Mohammad Amir,1,0,,,,,,"",""
ball,1,11.7,Islamabad United,Imran Khalid,SR Watson,Mohammad Amir,1,0,,,,,,"",""
ball,1,11.8,Islamabad United,SR Watson,Imran Khalid,Mohammad Amir,0,1,1,,,,,"",""
ball,1,11.9,Islamabad United,SR Watson,Imran Khalid,Mohammad Amir,1,0,,,,,,"",""
ball,1,12.1,Islamabad United,SR Watson,Imran Khalid,Usman Shinwari,1,0,,,,,,run out,SR Watson
ball,1,12.2,Islamabad United,Asif Ali,Imran Khalid,Usman Shinwari,4,0,,,,,,"",""
ball,1,12.3,Islamabad United,Asif Ali,Imran Khalid,Usman Shinwari,1,0,,,,,,run out,Imran Khalid
ball,1,12.4,Islamabad United,Asif Ali,Mohammad Sami,Usman Shinwari,0,0,,,,,,caught,Asif Ali
ball,1,12.5,Islamabad United,Shadab Khan,Mohammad Sami,Usman Shinwari,1,0,,,,,,"",""
ball,1,12.6,Islamabad United,Mohammad Sami,Shadab Khan,Usman Shinwari,1,0,,,,,,run out,Mohammad Sami
ball,2,0.1,Karachi Kings,CH Gayle,Babar Azam,Mohammad Irfan,2,0,,,,,,"",""
ball,2,0.2,Karachi Kings,CH Gayle,Babar Azam,Mohammad Irfan,0,0,,,,,,"",""
ball,2,0.3,Karachi Kings,CH Gayle,Babar Azam,Mohammad Irfan,0,0,,,,,,caught,CH Gayle
ball,2,0.4,Karachi Kings,Babar Azam,KC Sangakkara,Mohammad Irfan,0,0,,,,,,"",""
ball,2,0.5,Karachi Kings,Babar Azam,KC Sangakkara,Mohammad Irfan,0,0,,,,,,"",""
ball,2,0.6,Karachi Kings,Babar Azam,KC Sangakkara,Mohammad Irfan,0,0,,,,,,"",""
ball,2,1.1,Karachi Kings,KC Sangakkara,Babar Azam,Mohammad Sami,1,0,,,,,,"",""
ball,2,1.2,Karachi Kings,Babar Azam,KC Sangakkara,Mohammad Sami,1,1,,1,,,,"",""
ball,2,1.3,Karachi Kings,KC Sangakkara,Babar Azam,Mohammad Sami,1,0,,,,,,"",""
ball,2,1.4,Karachi Kings,Babar Azam,KC Sangakkara,Mohammad Sami,4,0,,,,,,"",""
ball,2,1.5,Karachi Kings,Babar Azam,KC Sangakkara,Mohammad Sami,6,0,,,,,,"",""
ball,2,1.6,Karachi Kings,Babar Azam,KC Sangakkara,Mohammad Sami,4,0,,,,,,"",""
ball,2,1.7,Karachi Kings,Babar Azam,KC Sangakkara,Mohammad Sami,0,0,,,,,,"",""
ball,2,2.1,Karachi Kings,KC Sangakkara,Babar Azam,Mohammad Irfan,0,0,,,,,,bowled,KC Sangakkara
ball,2,2.2,Karachi Kings,Shoaib Malik,Babar Azam,Mohammad Irfan,0,0,,,,,,"",""
ball,2,2.3,Karachi Kings,Shoaib Malik,Babar Azam,Mohammad Irfan,1,0,,,,,,"",""
ball,2,2.4,Karachi Kings,Babar Azam,Shoaib Malik,Mohammad Irfan,1,0,,,,,,"",""
ball,2,2.5,Karachi Kings,Shoaib Malik,Babar Azam,Mohammad Irfan,1,0,,,,,,"",""
ball,2,2.6,Karachi Kings,Babar Azam,Shoaib Malik,Mohammad Irfan,0,1,,,,1,,"",""
ball,2,3.1,Karachi Kings,Babar Azam,Shoaib Malik,Imran Khalid,0,0,,,,,,"",""
ball,2,3.2,Karachi Kings,Babar Azam,Shoaib Malik,Imran Khalid,1,0,,,,,,"",""
ball,2,3.3,Karachi Kings,Shoaib Malik,Babar Azam,Imran Khalid,1,0,,,,,,"",""
ball,2,3.4,Karachi Kings,Babar Azam,Shoaib Malik,Imran Khalid,4,0,,,,,,"",""
ball,2,3.5,Karachi Kings,Babar Azam,Shoaib Malik,Imran Khalid,1,0,,,,,,"",""
ball,2,3.6,Karachi Kings,Shoaib Malik,Babar Azam,Imran Khalid,1,0,,,,,,"",""
ball,2,4.1,Karachi Kings,Shoaib Malik,Babar Azam,Shadab Khan,1,0,,,,,,"",""
ball,2,4.2,Karachi Kings,Babar Azam,Shoaib Malik,Shadab Khan,4,0,,,,,,"",""
ball,2,4.3,Karachi Kings,Babar Azam,Shoaib Malik,Shadab Khan,1,0,,,,,,"",""
ball,2,4.4,Karachi Kings,Shoaib Malik,Babar Azam,Shadab Khan,1,0,,,,,,"",""
ball,2,4.5,Karachi Kings,Babar Azam,Shoaib Malik,Shadab Khan,6,0,,,,,,"",""
ball,2,4.6,Karachi Kings,Babar Azam,Shoaib Malik,Shadab Khan,1,0,,,,,,"",""
ball,2,5.1,Karachi Kings,Babar Azam,Shoaib Malik,Imran Khalid,1,0,,,,,,"",""
ball,2,5.2,Karachi Kings,Shoaib Malik,Babar Azam,Imran Khalid,0,2,,,,2,,"",""
ball,2,5.3,Karachi Kings,Shoaib Malik,Babar Azam,Imran Khalid,0,0,,,,,,caught,Shoaib Malik
ball,2,5.4,Karachi Kings,RS Bopara,Babar Azam,Imran Khalid,0,0,,,,,,"",""
ball,2,5.5,Karachi Kings,RS Bopara,Babar Azam,Imran Khalid,1,0,,,,,,"",""
ball,2,5.6,Karachi Kings,Babar Azam,RS Bopara,Imran Khalid,0,0,,,,,,"",""
ball,2,6.1,Karachi Kings,RS Bopara,Babar Azam,Mohammad Irfan,0,4,,,,4,,"",""
ball,2,6.2,Karachi Kings,RS Bopara,Babar Azam,Mohammad Irfan,0,0,,,,,,"",""
ball,2,6.3,Karachi Kings,RS Bopara,Babar Azam,Mohammad Irfan,0,0,,,,,,run out,RS Bopara
ball,2,6.4,Karachi Kings,Babar Azam,Imad Wasim,Mohammad Irfan,1,0,,,,,,"",""
ball,2,6.5,Karachi Kings,Imad Wasim,Babar Azam,Mohammad Irfan,0,0,,,,,,"",""
ball,2,6.6,Karachi Kings,Imad Wasim,Babar Azam,Mohammad Irfan,1,0,,,,,,"",""
ball,2,7.1,Karachi Kings,Imad Wasim,Babar Azam,Saeed Ajmal,1,0,,,,,,"",""
ball,2,7.2,Karachi Kings,Babar Azam,Imad Wasim,Saeed Ajmal,0,0,,,,,,"",""
ball,2,7.3,Karachi Kings,Babar Azam,Imad Wasim,Saeed Ajmal,0,0,,,,,,"",""
ball,2,7.4,Karachi Kings,Babar Azam,Imad Wasim,Saeed Ajmal,0,1,1,,,,,"",""
ball,2,7.5,Karachi Kings,Babar Azam,Imad Wasim,Saeed Ajmal,1,0,,,,,,"",""
ball,2,7.6,Karachi Kings,Imad Wasim,Babar Azam,Saeed Ajmal,1,0,,,,,,"",""
ball,2,7.7,Karachi Kings,Babar Azam,Imad Wasim,Saeed Ajmal,0,0,,,,,,"",""
ball,2,8.1,Karachi Kings,Imad Wasim,Babar Azam,SR Watson,0,0,,,,,,"",""
ball,2,8.2,Karachi Kings,Imad Wasim,Babar Azam,SR Watson,2,0,,,,,,"",""
ball,2,8.3,Karachi Kings,Imad Wasim,Babar Azam,SR Watson,1,0,,,,,,"",""
ball,2,8.4,Karachi Kings,Babar Azam,Imad Wasim,SR Watson,4,0,,,,,,"",""
ball,2,8.5,Karachi Kings,Babar Azam,Imad Wasim,SR Watson,0,0,,,,,,"",""
ball,2,8.6,Karachi Kings,Babar Azam,Imad Wasim,SR Watson,2,0,,,,,,"",""
ball,2,9.1,Karachi Kings,Imad Wasim,Babar Azam,Saeed Ajmal,1,0,,,,,,"",""
ball,2,9.2,Karachi Kings,Babar Azam,Imad Wasim,Saeed Ajmal,3,0,,,,,,"",""
ball,2,9.3,Karachi Kings,Imad Wasim,Babar Azam,Saeed Ajmal,1,0,,,,,,"",""
ball,2,9.4,Karachi Kings,Babar Azam,Imad Wasim,Saeed Ajmal,1,0,,,,,,"",""
