version,1.6.0
info,balls_per_over,6
info,team,South Africa
info,team,Bangladesh
info,gender,male
info,season,2017/18
info,date,2017/10/06
info,date,2017/10/07
info,date,2017/10/08
info,event,Bangladesh tour of South Africa
info,match_number,2
info,venue,Mangaung Oval
info,city,Bloemfontein
info,toss_winner,Bangladesh
info,toss_decision,field
info,player_of_match,K Rabada
info,umpire,BNJ Oxenford
info,umpire,HDPK Dharmasena
info,reserve_umpire,AT Holdstock
info,tv_umpire,CB Gaffaney
info,match_referee,RS Madugalle
info,winner,South Africa
info,winner_innings,1
info,winner_runs,254
info,player,South Africa,D Elgar
info,player,South Africa,AK Markram
info,player,South Africa,HM Amla
info,player,South Africa,T Bavuma
info,player,South Africa,F du Plessis
info,player,South Africa,Q de Kock
info,player,South Africa,AL Phehlukwayo
info,player,South Africa,WD Parnell
info,player,South Africa,KA Maharaj
info,player,South Africa,K Rabada
info,player,South Africa,D Olivier
info,player,Bangladesh,Imrul Kayes
info,player,Bangladesh,Soumya Sarkar
info,player,Bangladesh,Mominul Haque
info,player,Bangladesh,Mushfiqur Rahim
info,player,Bangladesh,Mahmudullah
info,player,Bangladesh,Liton Das
info,player,Bangladesh,Sabbir Rahman
info,player,Bangladesh,Taijul Islam
info,player,Bangladesh,Rubel Hossain
info,player,Bangladesh,Subashis Roy
info,player,Bangladesh,Mustafizur Rahman
info,registry,people,AK Markram,6a26221c
info,registry,people,AL Phehlukwayo,ab6b1c45
info,registry,people,AT Holdstock,6fa3258c
info,registry,people,BNJ Oxenford,c1add349
info,registry,people,CB Gaffaney,d5ac41d8
info,registry,people,D Elgar,33085ffb
info,registry,people,D Olivier,a8e56914
info,registry,people,F du Plessis,3355b542
info,registry,people,HDPK Dharmasena,323e4c16
info,registry,people,HM Amla,e798611a
info,registry,people,Imrul Kayes,5fbe14fc
info,registry,people,K Rabada,e62dd25d
info,registry,people,KA Maharaj,0b60eb09
info,registry,people,Liton Das,0404d43c
info,registry,people,Mahmudullah,bf1d7d3e
info,registry,people,Mominul Haque,de0a3209
info,registry,people,Mushfiqur Rahim,a94e08ea
info,registry,people,Mustafizur Rahman,0a8fce53
info,registry,people,Q de Kock,372455c4
info,registry,people,RS Madugalle,766b5798
info,registry,people,Rubel Hossain,f56cd097
info,registry,people,Sabbir Rahman,7147f314
info,registry,people,Soumya Sarkar,4d9f9686
info,registry,people,Subashis Roy,a3a078ba
info,registry,people,T Bavuma,9ffd1ac1
info,registry,people,Taijul Islam,9d1d34bd
info,registry,people,WD Parnell,3a60e0b5
ball,1,0.1,South Africa,D Elgar,AK Markram,Mustafizur Rahman,0,0,,,,,,"",""
ball,1,0.2,South Africa,D Elgar,AK Markram,Mustafizur Rahman,0,0,,,,,,"",""
ball,1,0.3,South Africa,D Elgar,AK Markram,Mustafizur Rahman,0,0,,,,,,"",""
ball,1,0.4,South Africa,D Elgar,AK Markram,Mustafizur Rahman,4,0,,,,,,"",""
ball,1,0.5,South Africa,D Elgar,AK Markram,Mustafizur Rahman,0,0,,,,,,"",""
ball,1,0.6,South Africa,D Elgar,AK Markram,Mustafizur Rahman,0,0,,,,,,"",""
ball,1,1.1,South Africa,AK Markram,D Elgar,Subashis Roy,0,0,,,,,,"",""
ball,1,1.2,South Africa,AK Markram,D Elgar,Subashis Roy,0,0,,,,,,"",""
ball,1,1.3,South Africa,AK Markram,D Elgar,Subashis Roy,0,0,,,,,,"",""
ball,1,1.4,South Africa,AK Markram,D Elgar,Subashis Roy,0,0,,,,,,"",""
ball,1,1.5,South Africa,AK Markram,D Elgar,Subashis Roy,0,0,,,,,,"",""
ball,1,1.6,South Africa,AK Markram,D Elgar,Subashis Roy,0,0,,,,,,"",""
ball,1,2.1,South Africa,D Elgar,AK Markram,Mustafizur Rahman,0,0,,,,,,"",""
ball,1,2.2,South Africa,D Elgar,AK Markram,Mustafizur Rahman,0,0,,,,,,"",""
ball,1,2.3,South Africa,D Elgar,AK Markram,Mustafizur Rahman,0,0,,,,,,"",""
ball,1,2.4,South Africa,D Elgar,AK Markram,Mustafizur Rahman,0,0,,,,,,"",""
ball,1,2.5,South Africa,D Elgar,AK Markram,Mustafizur Rahman,4,0,,,,,,"",""
ball,1,2.6,South Africa,D Elgar,AK Markram,Mustafizur Rahman,0,0,,,,,,"",""
ball,1,3.1,South Africa,AK Markram,D Elgar,Subashis Roy,4,0,,,,,,"",""
ball,1,3.2,South Africa,AK Markram,D Elgar,Subashis Roy,0,0,,,,,,"",""
ball,1,3.3,South Africa,AK Markram,D Elgar,Subashis Roy,0,0,,,,,,"",""
ball,1,3.4,South Africa,AK Markram,D Elgar,Subashis Roy,3,0,,,,,,"",""
ball,1,3.5,South Africa,D Elgar,AK Markram,Subashis Roy,4,0,,,,,,"",""
ball,1,3.6,South Africa,D Elgar,AK Markram,Subashis Roy,4,0,,,,,,"",""
ball,1,4.1,South Africa,AK Markram,D Elgar,Rubel Hossain,0,0,,,,,,"",""
ball,1,4.2,South Africa,AK Markram,D Elgar,Rubel Hossain,0,0,,,,,,"",""
ball,1,4.3,South Africa,AK Markram,D Elgar,Rubel Hossain,0,0,,,,,,"",""
ball,1,4.4,South Africa,AK Markram,D Elgar,Rubel Hossain,0,0,,,,,,"",""
ball,1,4.5,South Africa,AK Markram,D Elgar,Rubel Hossain,0,0,,,,,,"",""
ball,1,4.6,South Africa,AK Markram,D Elgar,Rubel Hossain,0,0,,,,,,"",""
ball,1,5.1,South Africa,D Elgar,AK Markram,Soumya Sarkar,0,0,,,,,,"",""
ball,1,5.2,South Africa,D Elgar,AK Markram,Soumya Sarkar,0,0,,,,,,"",""
ball,1,5.3,South Africa,D Elgar,AK Markram,Soumya Sarkar,0,0,,,,,,"",""
ball,1,5.4,South Africa,D Elgar,AK Markram,Soumya Sarkar,0,0,,,,,,"",""
ball,1,5.5,South Africa,D Elgar,AK Markram,Soumya Sarkar,0,0,,,,,,"",""
ball,1,5.6,South Africa,D Elgar,AK Markram,Soumya Sarkar,4,0,,,,,,"",""
ball,1,6.1,South Africa,AK Markram,D Elgar,Rubel Hossain,0,0,,,,,,"",""
ball,1,6.2,South Africa,AK Markram,D Elgar,Rubel Hossain,1,0,,,,,,"",""
ball,1,6.3,South Africa,D Elgar,AK Markram,Rubel Hossain,0,0,,,,,,"",""
ball,1,6.4,South Africa,D Elgar,AK Markram,Rubel Hossain,0,0,,,,,,"",""
ball,1,6.5,South Africa,D Elgar,AK Markram,Rubel Hossain,2,0,,,,,,"",""
ball,1,6.6,South Africa,D Elgar,AK Markram,Rubel Hossain,0,0,,,,,,"",""
ball,1,7.1,South Africa,AK Markram,D Elgar,Mustafizur Rahman,0,0,,,,,,"",""
ball,1,7.2,South Africa,AK Markram,D Elgar,Mustafizur Rahman,0,0,,,,,,"",""
ball,1,7.3,South Africa,AK Markram,D Elgar,Mustafizur Rahman,0,0,,,,,,"",""
ball,1,7.4,South Africa,AK Markram,D Elgar,Mustafizur Rahman,0,0,,,,,,"",""
ball,1,7.5,South Africa,AK Markram,D Elgar,Mustafizur Rahman,0,0,,,,,,"",""
ball,1,7.6,South Africa,AK Markram,D Elgar,Mustafizur Rahman,0,0,,,,,,"",""
ball,1,8.1,South Africa,D Elgar,AK Markram,Rubel Hossain,0,0,,,,,,"",""
ball,1,8.2,South Africa,D Elgar,AK Markram,Rubel Hossain,0,0,,,,,,"",""
ball,1,8.3,South Africa,D Elgar,AK Markram,Rubel Hossain,4,0,,,,,,"",""
ball,1,8.4,South Africa,D Elgar,AK Markram,Rubel Hossain,1,0,,,,,,"",""
ball,1,8.5,South Africa,AK Markram,D Elgar,Rubel Hossain,0,0,,,,,,"",""
ball,1,8.6,South Africa,AK Markram,D Elgar,Rubel Hossain,0,0,,,,,,"",""
ball,1,9.1,South Africa,D Elgar,AK Markram,Mustafizur Rahman,0,0,,,,,,"",""
ball,1,9.2,South Africa,D Elgar,AK Markram,Mustafizur Rahman,0,0,,,,,,"",""
ball,1,9.3,South Africa,D Elgar,AK Markram,Mustafizur Rahman,0,0,,,,,,"",""
ball,1,9.4,South Africa,D Elgar,AK Markram,Mustafizur Rahman,0,0,,,,,,"",""
ball,1,9.5,South Africa,D Elgar,AK Markram,Mustafizur Rahman,0,0,,,,,,"",""
ball,1,9.6,South Africa,D Elgar,AK Markram,Mustafizur Rahman,0,0,,,,,,"",""
ball,1,10.1,South Africa,AK Markram,D Elgar,Rubel Hossain,0,0,,,,,,"",""
ball,1,10.2,South Africa,AK Markram,D Elgar,Rubel Hossain,0,0,,,,,,"",""
ball,1,10.3,South Africa,AK Markram,D Elgar,Rubel Hossain,0,0,,,,,,"",""
ball,1,10.4,South Africa,AK Markram,D Elgar,Rubel Hossain,2,0,,,,,,"",""
ball,1,10.5,South Africa,AK Markram,D Elgar,Rubel Hossain,0,0,,,,,,"",""
ball,1,10.6,South Africa,AK Markram,D Elgar,Rubel Hossain,4,0,,,,,,"",""
ball,1,11.1,South Africa,D Elgar,AK Markram,Mustafizur Rahman,0,0,,,,,,"",""
ball,1,11.2,South Africa,D Elgar,AK Markram,Mustafizur Rahman,1,0,,,,,,"",""
ball,1,11.3,South Africa,AK Markram,D Elgar,Mustafizur Rahman,0,0,,,,,,"",""
ball,1,11.4,South Africa,AK Markram,D Elgar,Mustafizur Rahman,0,0,,,,,,"",""
ball,1,11.5,South Africa,AK Markram,D Elgar,Mustafizur Rahman,0,0,,,,,,"",""
ball,1,11.6,South Africa,AK Markram,D Elgar,Mustafizur Rahman,0,0,,,,,,"",""
ball,1,12.1,South Africa,D Elgar,AK Markram,Rubel Hossain,2,0,,,,,,"",""
ball,1,12.2,South Africa,D Elgar,AK Markram,Rubel Hossain,0,0,,,,,,"",""
ball,1,12.3,South Africa,D Elgar,AK Markram,Rubel Hossain,4,0,,,,,,"",""
ball,1,12.4,South Africa,D Elgar,AK Markram,Rubel Hossain,0,0,,,,,,"",""
ball,1,12.5,South Africa,D Elgar,AK Markram,Rubel Hossain,3,0,,,,,,"",""
ball,1,12.6,South Africa,AK Markram,D Elgar,Rubel Hossain,0,0,,,,,,"",""
ball,1,13.1,South Africa,D Elgar,AK Markram,Mustafizur Rahman,0,0,,,,,,"",""
ball,1,13.2,South Africa,D Elgar,AK Markram,Mustafizur Rahman,4,0,,,,,,"",""
ball,1,13.3,South Africa,D Elgar,AK Markram,Mustafizur Rahman,0,0,,,,,,"",""
ball,1,13.4,South Africa,D Elgar,AK Markram,Mustafizur Rahman,0,0,,,,,,"",""
ball,1,13.5,South Africa,D Elgar,AK Markram,Mustafizur Rahman,0,0,,,,,,"",""
ball,1,13.6,South Africa,D Elgar,AK Markram,Mustafizur Rahman,0,0,,,,,,"",""
ball,1,14.1,South Africa,AK Markram,D Elgar,Subashis Roy,0,0,,,,,,"",""
ball,1,14.2,South Africa,AK Markram,D Elgar,Subashis Roy,0,0,,,,,,"",""
ball,1,14.3,South Africa,AK Markram,D Elgar,Subashis Roy,1,0,,,,,,"",""
ball,1,14.4,South Africa,D Elgar,AK Markram,Subashis Roy,0,0,,,,,,"",""
ball,1,14.5,South Africa,D Elgar,AK Markram,Subashis Roy,0,0,,,,,,"",""
ball,1,14.6,South Africa,D Elgar,AK Markram,Subashis Roy,0,0,,,,,,"",""
ball,1,15.1,South Africa,AK Markram,D Elgar,Taijul Islam,0,0,,,,,,"",""
ball,1,15.2,South Africa,AK Markram,D Elgar,Taijul Islam,0,0,,,,,,"",""
ball,1,15.3,South Africa,AK Markram,D Elgar,Taijul Islam,0,0,,,,,,"",""
ball,1,15.4,South Africa,AK Markram,D Elgar,Taijul Islam,4,0,,,,,,"",""
ball,1,15.5,South Africa,AK Markram,D Elgar,Taijul Islam,0,0,,,,,,"",""
ball,1,15.6,South Africa,AK Markram,D Elgar,Taijul Islam,0,0,,,,,,"",""
ball,1,16.1,South Africa,D Elgar,AK Markram,Subashis Roy,1,0,,,,,,"",""
ball,1,16.2,South Africa,AK Markram,D Elgar,Subashis Roy,0,0,,,,,,"",""
ball,1,16.3,South Africa,AK Markram,D Elgar,Subashis Roy,0,0,,,,,,"",""
ball,1,16.4,South Africa,AK Markram,D Elgar,Subashis Roy,1,0,,,,,,"",""
ball,1,16.5,South Africa,D Elgar,AK Markram,Subashis Roy,0,0,,,,,,"",""
ball,1,16.6,South Africa,D Elgar,AK Markram,Subashis Roy,0,0,,,,,,"",""
ball,1,17.1,South Africa,AK Markram,D Elgar,Taijul Islam,0,0,,,,,,"",""
ball,1,17.2,South Africa,AK Markram,D Elgar,Taijul Islam,0,0,,,,,,"",""
ball,1,17.3,South Africa,AK Markram,D Elgar,Taijul Islam,2,0,,,,,,"",""
ball,1,17.4,South Africa,AK Markram,D Elgar,Taijul Islam,0,0,,,,,,"",""
ball,1,17.5,South Africa,AK Markram,D Elgar,Taijul Islam,3,0,,,,,,"",""
ball,1,17.6,South Africa,D Elgar,AK Markram,Taijul Islam,0,0,,,,,,"",""
ball,1,18.1,South Africa,AK Markram,D Elgar,Subashis Roy,0,0,,,,,,"",""
ball,1,18.2,South Africa,AK Markram,D Elgar,Subashis Roy,0,0,,,,,,"",""
ball,1,18.3,South Africa,AK Markram,D Elgar,Subashis Roy,1,0,,,,,,"",""
ball,1,18.4,South Africa,D Elgar,AK Markram,Subashis Roy,1,0,,,,,,"",""
ball,1,18.5,South Africa,AK Markram,D Elgar,Subashis Roy,0,0,,,,,,"",""
ball,1,18.6,South Africa,AK Markram,D Elgar,Subashis Roy,4,0,,,,,,"",""
ball,1,19.1,South Africa,D Elgar,AK Markram,Taijul Islam,4,0,,,,,,"",""
ball,1,19.2,South Africa,D Elgar,AK Markram,Taijul Islam,0,0,,,,,,"",""
ball,1,19.3,South Africa,D Elgar,AK Markram,Taijul Islam,1,0,,,,,,"",""
ball,1,19.4,South Africa,AK Markram,D Elgar,Taijul Islam,0,0,,,,,,"",""
ball,1,19.5,South Africa,AK Markram,D Elgar,Taijul Islam,0,0,,,,,,"",""
ball,1,19.6,South Africa,AK Markram,D Elgar,Taijul Islam,0,0,,,,,,"",""
ball,1,20.1,South Africa,D Elgar,AK Markram,Subashis Roy,4,0,,,,,,"",""
ball,1,20.2,South Africa,D Elgar,AK Markram,Subashis Roy,0,0,,,,,,"",""
ball,1,20.3,South Africa,D Elgar,AK Markram,Subashis Roy,0,0,,,,,,"",""
ball,1,20.4,South Africa,D Elgar,AK Markram,Subashis Roy,0,0,,,,,,"",""
ball,1,20.5,South Africa,D Elgar,AK Markram,Subashis Roy,0,0,,,,,,"",""
ball,1,20.6,South Africa,D Elgar,AK Markram,Subashis Roy,0,0,,,,,,"",""
ball,1,21.1,South Africa,AK Markram,D Elgar,Taijul Islam,0,0,,,,,,"",""
ball,1,21.2,South Africa,AK Markram,D Elgar,Taijul Islam,0,0,,,,,,"",""
ball,1,21.3,South Africa,AK Markram,D Elgar,Taijul Islam,4,0,,,,,,"",""
ball,1,21.4,South Africa,AK Markram,D Elgar,Taijul Islam,1,0,,,,,,"",""
ball,1,21.5,South Africa,D Elgar,AK Markram,Taijul Islam,1,0,,,,,,"",""
ball,1,21.6,South Africa,AK Markram,D Elgar,Taijul Islam,0,0,,,,,,"",""
ball,1,22.1,South Africa,D Elgar,AK Markram,Subashis Roy,1,0,,,,,,"",""
ball,1,22.2,South Africa,AK Markram,D Elgar,Subashis Roy,0,0,,,,,,"",""
ball,1,22.3,South Africa,AK Markram,D Elgar,Subashis Roy,1,0,,,,,,"",""
ball,1,22.4,South Africa,D Elgar,AK Markram,Subashis Roy,1,0,,,,,,"",""
ball,1,22.5,South Africa,AK Markram,D Elgar,Subashis Roy,4,0,,,,,,"",""
ball,1,22.6,South Africa,AK Markram,D Elgar,Subashis Roy,0,0,,,,,,"",""
ball,1,23.1,South Africa,D Elgar,AK Markram,Taijul Islam,2,0,,,,,,"",""
ball,1,23.2,South Africa,D Elgar,AK Markram,Taijul Islam,0,0,,,,,,"",""
ball,1,23.3,South Africa,D Elgar,AK Markram,Taijul Islam,0,0,,,,,,"",""
ball,1,23.4,South Africa,D Elgar,AK Markram,Taijul Islam,1,0,,,,,,"",""
ball,1,23.5,South Africa,AK Markram,D Elgar,Taijul Islam,0,0,,,,,,"",""
ball,1,23.6,South Africa,AK Markram,D Elgar,Taijul Islam,0,0,,,,,,"",""
ball,1,24.1,South Africa,D Elgar,AK Markram,Rubel Hossain,4,0,,,,,,"",""
ball,1,24.2,South Africa,D Elgar,AK Markram,Rubel Hossain,0,0,,,,,,"",""
ball,1,24.3,South Africa,D Elgar,AK Markram,Rubel Hossain,1,0,,,,,,"",""
ball,1,24.4,South Africa,AK Markram,D Elgar,Rubel Hossain,0,0,,,,,,"",""
ball,1,24.5,South Africa,AK Markram,D Elgar,Rubel Hossain,1,0,,,,,,"",""
ball,1,24.6,South Africa,D Elgar,AK Markram,Rubel Hossain,0,0,,,,,,"",""
ball,1,25.1,South Africa,AK Markram,D Elgar,Taijul Islam,1,0,,,,,,"",""
ball,1,25.2,South Africa,D Elgar,AK Markram,Taijul Islam,0,0,,,,,,"",""
ball,1,25.3,South Africa,D Elgar,AK Markram,Taijul Islam,0,0,,,,,,"",""
ball,1,25.4,South Africa,D Elgar,AK Markram,Taijul Islam,0,0,,,,,,"",""
ball,1,25.5,South Africa,D Elgar,AK Markram,Taijul Islam,4,0,,,,,,"",""
ball,1,25.6,South Africa,D Elgar,AK Markram,Taijul Islam,0,0,,,,,,"",""
ball,1,26.1,South Africa,AK Markram,D Elgar,Rubel Hossain,1,0,,,,,,"",""
ball,1,26.2,South Africa,D Elgar,AK Markram,Rubel Hossain,0,0,,,,,,"",""
ball,1,26.3,South Africa,D Elgar,AK Markram,Rubel Hossain,4,0,,,,,,"",""
ball,1,26.4,South Africa,D Elgar,AK Markram,Rubel Hossain,0,0,,,,,,"",""
ball,1,26.5,South Africa,D Elgar,AK Markram,Rubel Hossain,0,0,,,,,,"",""
ball,1,26.6,South Africa,D Elgar,AK Markram,Rubel Hossain,0,0,,,,,,"",""
ball,1,27.1,South Africa,AK Markram,D Elgar,Taijul Islam,4,0,,,,,,"",""
ball,1,27.2,South Africa,AK Markram,D Elgar,Taijul Islam,0,0,,,,,,"",""
ball,1,27.3,South Africa,AK Markram,D Elgar,Taijul Islam,0,0,,,,,,"",""
ball,1,27.4,South Africa,AK Markram,D Elgar,Taijul Islam,4,0,,,,,,"",""
ball,1,27.5,South Africa,AK Markram,D Elgar,Taijul Islam,0,0,,,,,,"",""
ball,1,27.6,South Africa,AK Markram,D Elgar,Taijul Islam,0,0,,,,,,"",""
ball,1,28.1,South Africa,D Elgar,AK Markram,Rubel Hossain,1,0,,,,,,"",""
ball,1,28.2,South Africa,AK Markram,D Elgar,Rubel Hossain,2,0,,,,,,"",""
ball,1,28.3,South Africa,AK Markram,D Elgar,Rubel Hossain,0,0,,,,,,"",""
ball,1,28.4,South Africa,AK Markram,D Elgar,Rubel Hossain,1,0,,,,,,"",""
ball,1,28.5,South Africa,D Elgar,AK Markram,Rubel Hossain,0,0,,,,,,"",""
ball,1,28.6,South Africa,D Elgar,AK Markram,Rubel Hossain,0,0,,,,,,"",""
ball,1,29.1,South Africa,AK Markram,D Elgar,Taijul Islam,0,0,,,,,,"",""
ball,1,29.2,South Africa,AK Markram,D Elgar,Taijul Islam,1,0,,,,,,"",""
ball,1,29.3,South Africa,D Elgar,AK Markram,Taijul Islam,0,0,,,,,,"",""
ball,1,29.4,South Africa,D Elgar,AK Markram,Taijul Islam,0,0,,,,,,"",""
ball,1,29.5,South Africa,D Elgar,AK Markram,Taijul Islam,1,0,,,,,,"",""
ball,1,29.6,South Africa,AK Markram,D Elgar,Taijul Islam,1,0,,,,,,"",""
ball,1,30.1,South Africa,AK Markram,D Elgar,Mustafizur Rahman,1,0,,,,,,"",""
ball,1,30.2,South Africa,D Elgar,AK Markram,Mustafizur Rahman,1,0,,,,,,"",""
ball,1,30.3,South Africa,AK Markram,D Elgar,Mustafizur Rahman,4,0,,,,,,"",""
ball,1,30.4,South Africa,AK Markram,D Elgar,Mustafizur Rahman,0,0,,,,,,"",""
ball,1,30.5,South Africa,AK Markram,D Elgar,Mustafizur Rahman,0,0,,,,,,"",""
ball,1,30.6,South Africa,AK Markram,D Elgar,Mustafizur Rahman,0,0,,,,,,"",""
ball,1,31.1,South Africa,D Elgar,AK Markram,Taijul Islam,1,0,,,,,,"",""
ball,1,31.2,South Africa,AK Markram,D Elgar,Taijul Islam,0,0,,,,,,"",""
ball,1,31.3,South Africa,AK Markram,D Elgar,Taijul Islam,4,0,,,,,,"",""
ball,1,31.4,South Africa,AK Markram,D Elgar,Taijul Islam,1,0,,,,,,"",""
ball,1,31.5,South Africa,D Elgar,AK Markram,Taijul Islam,0,0,,,,,,"",""
ball,1,31.6,South Africa,D Elgar,AK Markram,Taijul Islam,1,0,,,,,,"",""
ball,1,32.1,South Africa,D Elgar,AK Markram,Mustafizur Rahman,1,0,,,,,,"",""
ball,1,32.2,South Africa,AK Markram,D Elgar,Mustafizur Rahman,0,0,,,,,,"",""
ball,1,32.3,South Africa,AK Markram,D Elgar,Mustafizur Rahman,1,0,,,,,,"",""
ball,1,32.4,South Africa,D Elgar,AK Markram,Mustafizur Rahman,0,5,5,,,,,"",""
ball,1,32.5,South Africa,D Elgar,AK Markram,Mustafizur Rahman,0,0,,,,,,"",""
ball,1,32.6,South Africa,D Elgar,AK Markram,Mustafizur Rahman,0,0,,,,,,"",""
ball,1,32.7,South Africa,D Elgar,AK Markram,Mustafizur Rahman,0,0,,,,,,"",""
ball,1,33.1,South Africa,AK Markram,D Elgar,Taijul Islam,0,0,,,,,,"",""
ball,1,33.2,South Africa,AK Markram,D Elgar,Taijul Islam,0,0,,,,,,"",""
ball,1,33.3,South Africa,AK Markram,D Elgar,Taijul Islam,0,0,,,,,,"",""
ball,1,33.4,South Africa,AK Markram,D Elgar,Taijul Islam,0,0,,,,,,"",""
ball,1,33.5,South Africa,AK Markram,D Elgar,Taijul Islam,0,0,,,,,,"",""
ball,1,33.6,South Africa,AK Markram,D Elgar,Taijul Islam,4,0,,,,,,"",""
ball,1,34.1,South Africa,D Elgar,AK Markram,Mustafizur Rahman,1,0,,,,,,"",""
ball,1,34.2,South Africa,AK Markram,D Elgar,Mustafizur Rahman,4,0,,,,,,"",""
ball,1,34.3,South Africa,AK Markram,D Elgar,Mustafizur Rahman,4,0,,,,,,"",""
ball,1,34.4,South Africa,AK Markram,D Elgar,Mustafizur Rahman,0,0,,,,,,"",""
ball,1,34.5,South Africa,AK Markram,D Elgar,Mustafizur Rahman,0,0,,,,,,"",""
ball,1,34.6,South Africa,AK Markram,D Elgar,Mustafizur Rahman,0,0,,,,,,"",""
ball,1,35.1,South Africa,D Elgar,AK Markram,Subashis Roy,0,0,,,,,,"",""
ball,1,35.2,South Africa,D Elgar,AK Markram,Subashis Roy,1,0,,,,,,"",""
ball,1,35.3,South Africa,AK Markram,D Elgar,Subashis Roy,2,0,,,,,,"",""
ball,1,35.4,South Africa,AK Markram,D Elgar,Subashis Roy,0,0,,,,,,"",""
ball,1,35.5,South Africa,AK Markram,D Elgar,Subashis Roy,0,0,,,,,,"",""
ball,1,35.6,South Africa,AK Markram,D Elgar,Subashis Roy,1,0,,,,,,"",""
ball,1,36.1,South Africa,AK Markram,D Elgar,Mustafizur Rahman,0,0,,,,,,"",""
ball,1,36.2,South Africa,AK Markram,D Elgar,Mustafizur Rahman,1,0,,,,,,"",""
ball,1,36.3,South Africa,D Elgar,AK Markram,Mustafizur Rahman,3,0,,,,,,"",""
ball,1,36.4,South Africa,AK Markram,D Elgar,Mustafizur Rahman,1,0,,,,,,"",""
ball,1,36.5,South Africa,D Elgar,AK Markram,Mustafizur Rahman,4,0,,,,,,"",""
ball,1,36.6,South Africa,D Elgar,AK Markram,Mustafizur Rahman,0,0,,,,,,"",""
ball,1,37.1,South Africa,AK Markram,D Elgar,Subashis Roy,0,0,,,,,,"",""
ball,1,37.2,South Africa,AK Markram,D Elgar,Subashis Roy,4,0,,,,,,"",""
ball,1,37.3,South Africa,AK Markram,D Elgar,Subashis Roy,0,0,,,,,,"",""
ball,1,37.4,South Africa,AK Markram,D Elgar,Subashis Roy,0,0,,,,,,"",""
ball,1,37.5,South Africa,AK Markram,D Elgar,Subashis Roy,0,0,,,,,,"",""
ball,1,37.6,South Africa,AK Markram,D Elgar,Subashis Roy,0,0,,,,,,"",""
ball,1,38.1,South Africa,D Elgar,AK Markram,Taijul Islam,0,0,,,,,,"",""
ball,1,38.2,South Africa,D Elgar,AK Markram,Taijul Islam,2,0,,,,,,"",""
ball,1,38.3,South Africa,D Elgar,AK Markram,Taijul Islam,1,0,,,,,,"",""
ball,1,38.4,South Africa,AK Markram,D Elgar,Taijul Islam,0,0,,,,,,"",""
ball,1,38.5,South Africa,AK Markram,D Elgar,Taijul Islam,0,0,,,,,,"",""
ball,1,38.6,South Africa,AK Markram,D Elgar,Taijul Islam,0,0,,,,,,"",""
ball,1,39.1,South Africa,D Elgar,AK Markram,Subashis Roy,0,0,,,,,,"",""
ball,1,39.2,South Africa,D Elgar,AK Markram,Subashis Roy,0,0,,,,,,"",""
ball,1,39.3,South Africa,D Elgar,AK Markram,Subashis Roy,0,0,,,,,,"",""
ball,1,39.4,South Africa,D Elgar,AK Markram,Subashis Roy,1,0,,,,,,"",""
ball,1,39.5,South Africa,AK Markram,D Elgar,Subashis Roy,1,0,,,,,,"",""
ball,1,39.6,South Africa,D Elgar,AK Markram,Subashis Roy,4,0,,,,,,"",""
ball,1,40.1,South Africa,AK Markram,D Elgar,Taijul Islam,1,0,,,,,,"",""
ball,1,40.2,South Africa,D Elgar,AK Markram,Taijul Islam,0,0,,,,,,"",""
ball,1,40.3,South Africa,D Elgar,AK Markram,Taijul Islam,4,0,,,,,,"",""
ball,1,40.4,South Africa,D Elgar,AK Markram,Taijul Islam,4,0,,,,,,"",""
ball,1,40.5,South Africa,D Elgar,AK Markram,Taijul Islam,0,0,,,,,,"",""
ball,1,40.6,South Africa,D Elgar,AK Markram,Taijul Islam,1,0,,,,,,"",""
ball,1,41.1,South Africa,D Elgar,AK Markram,Rubel Hossain,1,0,,,,,,"",""
ball,1,41.2,South Africa,AK Markram,D Elgar,Rubel Hossain,0,0,,,,,,"",""
ball,1,41.3,South Africa,AK Markram,D Elgar,Rubel Hossain,0,0,,,,,,"",""
ball,1,41.4,South Africa,AK Markram,D Elgar,Rubel Hossain,2,0,,,,,,"",""
ball,1,41.5,South Africa,AK Markram,D Elgar,Rubel Hossain,0,0,,,,,,"",""
ball,1,41.6,South Africa,AK Markram,D Elgar,Rubel Hossain,1,0,,,,,,"",""
ball,1,42.1,South Africa,AK Markram,D Elgar,Mahmudullah,0,0,,,,,,"",""
ball,1,42.2,South Africa,AK Markram,D Elgar,Mahmudullah,0,0,,,,,,"",""
ball,1,42.3,South Africa,AK Markram,D Elgar,Mahmudullah,0,0,,,,,,"",""
ball,1,42.4,South Africa,AK Markram,D Elgar,Mahmudullah,0,0,,,,,,"",""
ball,1,42.5,South Africa,AK Markram,D Elgar,Mahmudullah,0,0,,,,,,"",""
ball,1,42.6,South Africa,AK Markram,D Elgar,Mahmudullah,0,0,,,,,,"",""
ball,1,43.1,South Africa,D Elgar,AK Markram,Rubel Hossain,0,0,,,,,,"",""
ball,1,43.2,South Africa,D Elgar,AK Markram,Rubel Hossain,0,0,,,,,,"",""
ball,1,43.3,South Africa,D Elgar,AK Markram,Rubel Hossain,1,0,,,,,,"",""
ball,1,43.4,South Africa,AK Markram,D Elgar,Rubel Hossain,4,0,,,,,,"",""
ball,1,43.5,South Africa,AK Markram,D Elgar,Rubel Hossain,4,0,,,,,,"",""
ball,1,43.6,South Africa,AK Markram,D Elgar,Rubel Hossain,0,0,,,,,,"",""
ball,1,44.1,South Africa,D Elgar,AK Markram,Mahmudullah,0,0,,,,,,"",""
ball,1,44.2,South Africa,D Elgar,AK Markram,Mahmudullah,0,0,,,,,,"",""
ball,1,44.3,South Africa,D Elgar,AK Markram,Mahmudullah,0,0,,,,,,"",""
ball,1,44.4,South Africa,D Elgar,AK Markram,Mahmudullah,0,0,,,,,,"",""
ball,1,44.5,South Africa,D Elgar,AK Markram,Mahmudullah,0,0,,,,,,"",""
ball,1,44.6,South Africa,D Elgar,AK Markram,Mahmudullah,0,0,,,,,,"",""
ball,1,45.1,South Africa,AK Markram,D Elgar,Rubel Hossain,0,0,,,,,,"",""
ball,1,45.2,South Africa,AK Markram,D Elgar,Rubel Hossain,0,0,,,,,,"",""
ball,1,45.3,South Africa,AK Markram,D Elgar,Rubel Hossain,0,0,,,,,,"",""
ball,1,45.4,South Africa,AK Markram,D Elgar,Rubel Hossain,0,0,,,,,,"",""
ball,1,45.5,South Africa,AK Markram,D Elgar,Rubel Hossain,0,0,,,,,,"",""
ball,1,45.6,South Africa,AK Markram,D Elgar,Rubel Hossain,4,0,,,,,,"",""
ball,1,46.1,South Africa,D Elgar,AK Markram,Mahmudullah,0,0,,,,,,"",""
ball,1,46.2,South Africa,D Elgar,AK Markram,Mahmudullah,1,0,,,,,,"",""
ball,1,46.3,South Africa,AK Markram,D Elgar,Mahmudullah,1,0,,,,,,"",""
ball,1,46.4,South Africa,D Elgar,AK Markram,Mahmudullah,0,0,,,,,,"",""
ball,1,46.5,South Africa,D Elgar,AK Markram,Mahmudullah,1,0,,,,,,"",""
ball,1,46.6,South Africa,AK Markram,D Elgar,Mahmudullah,0,0,,,,,,"",""
ball,1,47.1,South Africa,D Elgar,AK Markram,Mustafizur Rahman,0,0,,,,,,"",""
ball,1,47.2,South Africa,D Elgar,AK Markram,Mustafizur Rahman,0,0,,,,,,"",""
ball,1,47.3,South Africa,D Elgar,AK Markram,Mustafizur Rahman,1,0,,,,,,"",""
ball,1,47.4,South Africa,AK Markram,D Elgar,Mustafizur Rahman,0,0,,,,,,"",""
ball,1,47.5,South Africa,AK Markram,D Elgar,Mustafizur Rahman,1,0,,,,,,"",""
ball,1,47.6,South Africa,D Elgar,AK Markram,Mustafizur Rahman,0,1,,,,1,,"",""
ball,1,48.1,South Africa,D Elgar,AK Markram,Mahmudullah,1,0,,,,,,"",""
ball,1,48.2,South Africa,AK Markram,D Elgar,Mahmudullah,0,0,,,,,,"",""
ball,1,48.3,South Africa,AK Markram,D Elgar,Mahmudullah,0,0,,,,,,"",""
ball,1,48.4,South Africa,AK Markram,D Elgar,Mahmudullah,0,0,,,,,,"",""
ball,1,48.5,South Africa,AK Markram,D Elgar,Mahmudullah,0,0,,,,,,"",""
ball,1,48.6,South Africa,AK Markram,D Elgar,Mahmudullah,0,0,,,,,,"",""
ball,1,49.1,South Africa,D Elgar,AK Markram,Mustafizur Rahman,0,0,,,,,,"",""
ball,1,49.2,South Africa,D Elgar,AK Markram,Mustafizur Rahman,0,0,,,,,,"",""
ball,1,49.3,South Africa,D Elgar,AK Markram,Mustafizur Rahman,0,0,,,,,,"",""
ball,1,49.4,South Africa,D Elgar,AK Markram,Mustafizur Rahman,1,1,,1,,,,"",""
ball,1,49.5,South Africa,AK Markram,D Elgar,Mustafizur Rahman,0,0,,,,,,"",""
ball,1,49.6,South Africa,AK Markram,D Elgar,Mustafizur Rahman,1,0,,,,,,"",""
ball,1,49.7,South Africa,D Elgar,AK Markram,Mustafizur Rahman,0,0,,,,,,"",""
ball,1,50.1,South Africa,AK Markram,D Elgar,Mahmudullah,4,0,,,,,,"",""
ball,1,50.2,South Africa,AK Markram,D Elgar,Mahmudullah,1,0,,,,,,"",""
ball,1,50.3,South Africa,D Elgar,AK Markram,Mahmudullah,1,0,,,,,,"",""
ball,1,50.4,South Africa,AK Markram,D Elgar,Mahmudullah,0,0,,,,,,"",""
ball,1,50.5,South Africa,AK Markram,D Elgar,Mahmudullah,4,0,,,,,,"",""
ball,1,50.6,South Africa,AK Markram,D Elgar,Mahmudullah,0,0,,,,,,"",""
ball,1,51.1,South Africa,D Elgar,AK Markram,Mustafizur Rahman,0,0,,,,,,"",""
ball,1,51.2,South Africa,D Elgar,AK Markram,Mustafizur Rahman,0,0,,,,,,"",""
ball,1,51.3,South Africa,D Elgar,AK Markram,Mustafizur Rahman,0,0,,,,,,"",""
ball,1,51.4,South Africa,D Elgar,AK Markram,Mustafizur Rahman,0,0,,,,,,"",""
ball,1,51.5,South Africa,D Elgar,AK Markram,Mustafizur Rahman,0,0,,,,,,"",""
ball,1,51.6,South Africa,D Elgar,AK Markram,Mustafizur Rahman,0,0,,,,,,"",""
ball,1,52.1,South Africa,AK Markram,D Elgar,Mominul Haque,1,0,,,,,,"",""
ball,1,52.2,South Africa,D Elgar,AK Markram,Mominul Haque,1,0,,,,,,"",""
ball,1,52.3,South Africa,AK Markram,D Elgar,Mominul Haque,4,0,,,,,,"",""
ball,1,52.4,South Africa,AK Markram,D Elgar,Mominul Haque,0,0,,,,,,"",""
ball,1,52.5,South Africa,AK Markram,D Elgar,Mominul Haque,0,0,,,,,,"",""
ball,1,52.6,South Africa,AK Markram,D Elgar,Mominul Haque,0,0,,,,,,"",""
ball,1,53.1,South Africa,D Elgar,AK Markram,Subashis Roy,1,0,,,,,,"",""
ball,1,53.2,South Africa,AK Markram,D Elgar,Subashis Roy,0,0,,,,,,"",""
ball,1,53.3,South Africa,AK Markram,D Elgar,Subashis Roy,1,0,,,,,,"",""
ball,1,53.4,South Africa,D Elgar,AK Markram,Subashis Roy,0,0,,,,,,caught,D Elgar
ball,1,53.5,South Africa,AK Markram,HM Amla,Subashis Roy,0,0,,,,,,"",""
ball,1,53.6,South Africa,AK Markram,HM Amla,Subashis Roy,3,0,,,,,,"",""
ball,1,54.1,South Africa,AK Markram,HM Amla,Rubel Hossain,1,0,,,,,,"",""
ball,1,54.2,South Africa,HM Amla,AK Markram,Rubel Hossain,0,0,,,,,,"",""
ball,1,54.3,South Africa,HM Amla,AK Markram,Rubel Hossain,1,0,,,,,,"",""
ball,1,54.4,South Africa,AK Markram,HM Amla,Rubel Hossain,2,0,,,,,,"",""
ball,1,54.5,South Africa,AK Markram,HM Amla,Rubel Hossain,0,0,,,,,,"",""
ball,1,54.6,South Africa,AK Markram,HM Amla,Rubel Hossain,1,0,,,,,,"",""
ball,1,55.1,South Africa,AK Markram,HM Amla,Subashis Roy,4,0,,,,,,"",""
ball,1,55.2,South Africa,AK Markram,HM Amla,Subashis Roy,1,0,,,,,,"",""
ball,1,55.3,South Africa,HM Amla,AK Markram,Subashis Roy,0,0,,,,,,"",""
ball,1,55.4,South Africa,HM Amla,AK Markram,Subashis Roy,0,0,,,,,,"",""
ball,1,55.5,South Africa,HM Amla,AK Markram,Subashis Roy,0,0,,,,,,"",""
ball,1,55.6,South Africa,HM Amla,AK Markram,Subashis Roy,0,0,,,,,,"",""
ball,1,56.1,South Africa,AK Markram,HM Amla,Rubel Hossain,0,0,,,,,,"",""
ball,1,56.2,South Africa,AK Markram,HM Amla,Rubel Hossain,1,0,,,,,,"",""
ball,1,56.3,South Africa,HM Amla,AK Markram,Rubel Hossain,0,0,,,,,,"",""
ball,1,56.4,South Africa,HM Amla,AK Markram,Rubel Hossain,4,0,,,,,,"",""
ball,1,56.5,South Africa,HM Amla,AK Markram,Rubel Hossain,0,0,,,,,,"",""
ball,1,56.6,South Africa,HM Amla,AK Markram,Rubel Hossain,0,0,,,,,,"",""
ball,1,57.1,South Africa,AK Markram,HM Amla,Subashis Roy,2,0,,,,,,"",""
ball,1,57.2,South Africa,AK Markram,HM Amla,Subashis Roy,1,0,,,,,,"",""
ball,1,57.3,South Africa,HM Amla,AK Markram,Subashis Roy,0,0,,,,,,"",""
ball,1,57.4,South Africa,HM Amla,AK Markram,Subashis Roy,4,0,,,,,,"",""
ball,1,57.5,South Africa,HM Amla,AK Markram,Subashis Roy,1,0,,,,,,"",""
ball,1,57.6,South Africa,AK Markram,HM Amla,Subashis Roy,4,0,,,,,,"",""
ball,1,58.1,South Africa,HM Amla,AK Markram,Rubel Hossain,0,0,,,,,,"",""
ball,1,58.2,South Africa,HM Amla,AK Markram,Rubel Hossain,3,0,,,,,,"",""
ball,1,58.3,South Africa,AK Markram,HM Amla,Rubel Hossain,0,0,,,,,,"",""
ball,1,58.4,South Africa,AK Markram,HM Amla,Rubel Hossain,0,0,,,,,,bowled,AK Markram
ball,1,58.5,South Africa,T Bavuma,HM Amla,Rubel Hossain,1,0,,,,,,"",""
ball,1,58.6,South Africa,HM Amla,T Bavuma,Rubel Hossain,0,0,,,,,,"",""
ball,1,59.1,South Africa,T Bavuma,HM Amla,Subashis Roy,0,0,,,,,,"",""
ball,1,59.2,South Africa,T Bavuma,HM Amla,Subashis Roy,0,0,,,,,,"",""
ball,1,59.3,South Africa,T Bavuma,HM Amla,Subashis Roy,0,0,,,,,,"",""
ball,1,59.4,South Africa,T Bavuma,HM Amla,Subashis Roy,0,0,,,,,,"",""
ball,1,59.5,South Africa,T Bavuma,HM Amla,Subashis Roy,0,0,,,,,,"",""
ball,1,59.6,South Africa,T Bavuma,HM Amla,Subashis Roy,1,0,,,,,,"",""
ball,1,60.1,South Africa,T Bavuma,HM Amla,Rubel Hossain,4,0,,,,,,"",""
ball,1,60.2,South Africa,T Bavuma,HM Amla,Rubel Hossain,0,0,,,,,,"",""
ball,1,60.3,South Africa,T Bavuma,HM Amla,Rubel Hossain,0,1,1,,,,,"",""
ball,1,60.4,South Africa,T Bavuma,HM Amla,Rubel Hossain,1,0,,,,,,"",""
ball,1,60.5,South Africa,HM Amla,T Bavuma,Rubel Hossain,0,0,,,,,,"",""
ball,1,60.6,South Africa,HM Amla,T Bavuma,Rubel Hossain,0,0,,,,,,"",""
ball,1,60.7,South Africa,HM Amla,T Bavuma,Rubel Hossain,4,0,,,,,,"",""
ball,1,61.1,South Africa,T Bavuma,HM Amla,Subashis Roy,0,0,,,,,,"",""
ball,1,61.2,South Africa,T Bavuma,HM Amla,Subashis Roy,0,0,,,,,,caught,T Bavuma
ball,1,61.3,South Africa,F du Plessis,HM Amla,Subashis Roy,0,0,,,,,,"",""
ball,1,61.4,South Africa,F du Plessis,HM Amla,Subashis Roy,0,0,,,,,,"",""
ball,1,61.5,South Africa,F du Plessis,HM Amla,Subashis Roy,0,0,,,,,,"",""
ball,1,61.6,South Africa,F du Plessis,HM Amla,Subashis Roy,0,0,,,,,,"",""
ball,1,62.1,South Africa,HM Amla,F du Plessis,Mustafizur Rahman,0,0,,,,,,"",""
ball,1,62.2,South Africa,HM Amla,F du Plessis,Mustafizur Rahman,1,0,,,,,,"",""
ball,1,62.3,South Africa,F du Plessis,HM Amla,Mustafizur Rahman,2,0,,,,,,"",""
ball,1,62.4,South Africa,F du Plessis,HM Amla,Mustafizur Rahman,0,0,,,,,,"",""
ball,1,62.5,South Africa,F du Plessis,HM Amla,Mustafizur Rahman,1,0,,,,,,"",""
ball,1,62.6,South Africa,HM Amla,F du Plessis,Mustafizur Rahman,0,0,,,,,,"",""
ball,1,63.1,South Africa,F du Plessis,HM Amla,Subashis Roy,0,0,,,,,,"",""
ball,1,63.2,South Africa,F du Plessis,HM Amla,Subashis Roy,0,0,,,,,,"",""
ball,1,63.3,South Africa,F du Plessis,HM Amla,Subashis Roy,0,1,1,,,,,"",""
ball,1,63.4,South Africa,F du Plessis,HM Amla,Subashis Roy,0,0,,,,,,"",""
ball,1,63.5,South Africa,F du Plessis,HM Amla,Subashis Roy,0,0,,,,,,"",""
ball,1,63.6,South Africa,F du Plessis,HM Amla,Subashis Roy,0,0,,,,,,"",""
ball,1,63.7,South Africa,F du Plessis,HM Amla,Subashis Roy,0,0,,,,,,"",""
ball,1,64.1,South Africa,HM Amla,F du Plessis,Mustafizur Rahman,0,0,,,,,,"",""
ball,1,64.2,South Africa,HM Amla,F du Plessis,Mustafizur Rahman,4,0,,,,,,"",""
ball,1,64.3,South Africa,HM Amla,F du Plessis,Mustafizur Rahman,1,0,,,,,,"",""
ball,1,64.4,South Africa,F du Plessis,HM Amla,Mustafizur Rahman,0,0,,,,,,"",""
ball,1,64.5,South Africa,F du Plessis,HM Amla,Mustafizur Rahman,0,0,,,,,,"",""
ball,1,64.6,South Africa,F du Plessis,HM Amla,Mustafizur Rahman,4,0,,,,,,"",""
ball,1,65.1,South Africa,HM Amla,F du Plessis,Subashis Roy,0,0,,,,,,"",""
ball,1,65.2,South Africa,HM Amla,F du Plessis,Subashis Roy,1,0,,,,,,"",""
ball,1,65.3,South Africa,F du Plessis,HM Amla,Subashis Roy,0,0,,,,,,"",""
ball,1,65.4,South Africa,F du Plessis,HM Amla,Subashis Roy,4,0,,,,,,"",""
ball,1,65.5,South Africa,F du Plessis,HM Amla,Subashis Roy,0,0,,,,,,"",""
ball,1,65.6,South Africa,F du Plessis,HM Amla,Subashis Roy,0,0,,,,,,"",""
ball,1,66.1,South Africa,HM Amla,F du Plessis,Mustafizur Rahman,0,0,,,,,,"",""
ball,1,66.2,South Africa,HM Amla,F du Plessis,Mustafizur Rahman,1,0,,,,,,"",""
ball,1,66.3,South Africa,F du Plessis,HM Amla,Mustafizur Rahman,4,0,,,,,,"",""
ball,1,66.4,South Africa,F du Plessis,HM Amla,Mustafizur Rahman,0,0,,,,,,"",""
ball,1,66.5,South Africa,F du Plessis,HM Amla,Mustafizur Rahman,4,0,,,,,,"",""
ball,1,66.6,South Africa,F du Plessis,HM Amla,Mustafizur Rahman,1,0,,,,,,"",""
ball,1,67.1,South Africa,F du Plessis,HM Amla,Taijul Islam,0,0,,,,,,"",""
ball,1,67.2,South Africa,F du Plessis,HM Amla,Taijul Islam,0,0,,,,,,"",""
ball,1,67.3,South Africa,F du Plessis,HM Amla,Taijul Islam,1,0,,,,,,"",""
ball,1,67.4,South Africa,HM Amla,F du Plessis,Taijul Islam,0,0,,,,,,"",""
ball,1,67.5,South Africa,HM Amla,F du Plessis,Taijul Islam,0,0,,,,,,"",""
ball,1,67.6,South Africa,HM Amla,F du Plessis,Taijul Islam,4,0,,,,,,"",""
ball,1,68.1,South Africa,F du Plessis,HM Amla,Soumya Sarkar,0,0,,,,,,"",""
ball,1,68.2,South Africa,F du Plessis,HM Amla,Soumya Sarkar,2,0,,,,,,"",""
ball,1,68.3,South Africa,F du Plessis,HM Amla,Soumya Sarkar,0,0,,,,,,"",""
ball,1,68.4,South Africa,F du Plessis,HM Amla,Soumya Sarkar,0,0,,,,,,"",""
ball,1,68.5,South Africa,F du Plessis,HM Amla,Soumya Sarkar,4,0,,,,,,"",""
ball,1,68.6,South Africa,F du Plessis,HM Amla,Soumya Sarkar,1,0,,,,,,"",""
ball,1,69.1,South Africa,F du Plessis,HM Amla,Taijul Islam,0,0,,,,,,"",""
ball,1,69.2,South Africa,F du Plessis,HM Amla,Taijul Islam,1,0,,,,,,"",""
ball,1,69.3,South Africa,HM Amla,F du Plessis,Taijul Islam,0,0,,,,,,"",""
ball,1,69.4,South Africa,HM Amla,F du Plessis,Taijul Islam,4,0,,,,,,"",""
ball,1,69.5,South Africa,HM Amla,F du Plessis,Taijul Islam,0,4,,,4,,,"",""
ball,1,69.6,South Africa,HM Amla,F du Plessis,Taijul Islam,0,0,,,,,,"",""
ball,1,70.1,South Africa,F du Plessis,HM Amla,Soumya Sarkar,1,0,,,,,,"",""
ball,1,70.2,South Africa,HM Amla,F du Plessis,Soumya Sarkar,1,0,,,,,,"",""
ball,1,70.3,South Africa,F du Plessis,HM Amla,Soumya Sarkar,0,0,,,,,,"",""
ball,1,70.4,South Africa,F du Plessis,HM Amla,Soumya Sarkar,0,0,,,,,,"",""
ball,1,70.5,South Africa,F du Plessis,HM Amla,Soumya Sarkar,0,0,,,,,,"",""
ball,1,70.6,South Africa,F du Plessis,HM Amla,Soumya Sarkar,1,0,,,,,,"",""
ball,1,71.1,South Africa,F du Plessis,HM Amla,Taijul Islam,0,0,,,,,,"",""
ball,1,71.2,South Africa,F du Plessis,HM Amla,Taijul Islam,1,0,,,,,,"",""
ball,1,71.3,South Africa,HM Amla,F du Plessis,Taijul Islam,0,0,,,,,,"",""
ball,1,71.4,South Africa,HM Amla,F du Plessis,Taijul Islam,0,0,,,,,,"",""
ball,1,71.5,South Africa,HM Amla,F du Plessis,Taijul Islam,1,0,,,,,,"",""
ball,1,71.6,South Africa,F du Plessis,HM Amla,Taijul Islam,1,0,,,,,,"",""
ball,1,72.1,South Africa,F du Plessis,HM Amla,Soumya Sarkar,0,0,,,,,,"",""
ball,1,72.2,South Africa,F du Plessis,HM Amla,Soumya Sarkar,1,0,,,,,,"",""
ball,1,72.3,South Africa,HM Amla,F du Plessis,Soumya Sarkar,0,0,,,,,,"",""
ball,1,72.4,South Africa,HM Amla,F du Plessis,Soumya Sarkar,0,0,,,,,,"",""
ball,1,72.5,South Africa,HM Amla,F du Plessis,Soumya Sarkar,1,0,,,,,,"",""
ball,1,72.6,South Africa,F du Plessis,HM Amla,Soumya Sarkar,0,1,,,,1,,"",""
ball,1,73.1,South Africa,F du Plessis,HM Amla,Taijul Islam,0,0,,,,,,"",""
ball,1,73.2,South Africa,F du Plessis,HM Amla,Taijul Islam,0,0,,,,,,"",""
ball,1,73.3,South Africa,F du Plessis,HM Amla,Taijul Islam,1,0,,,,,,"",""
ball,1,73.4,South Africa,HM Amla,F du Plessis,Taijul Islam,0,0,,,,,,"",""
ball,1,73.5,South Africa,HM Amla,F du Plessis,Taijul Islam,1,0,,,,,,"",""
ball,1,73.6,South Africa,F du Plessis,HM Amla,Taijul Islam,2,0,,,,,,"",""
ball,1,74.1,South Africa,HM Amla,F du Plessis,Soumya Sarkar,0,0,,,,,,"",""
ball,1,74.2,South Africa,HM Amla,F du Plessis,Soumya Sarkar,0,0,,,,,,"",""
ball,1,74.3,South Africa,HM Amla,F du Plessis,Soumya Sarkar,0,0,,,,,,"",""
ball,1,74.4,South Africa,HM Amla,F du Plessis,Soumya Sarkar,4,0,,,,,,"",""
ball,1,74.5,South Africa,HM Amla,F du Plessis,Soumya Sarkar,0,0,,,,,,"",""
ball,1,74.6,South Africa,HM Amla,F du Plessis,Soumya Sarkar,1,0,,,,,,"",""
ball,1,75.1,South Africa,HM Amla,F du Plessis,Taijul Islam,1,0,,,,,,"",""
ball,1,75.2,South Africa,F du Plessis,HM Amla,Taijul Islam,4,0,,,,,,"",""
ball,1,75.3,South Africa,F du Plessis,HM Amla,Taijul Islam,1,0,,,,,,"",""
ball,1,75.4,South Africa,HM Amla,F du Plessis,Taijul Islam,1,0,,,,,,"",""
ball,1,75.5,South Africa,F du Plessis,HM Amla,Taijul Islam,1,0,,,,,,"",""
ball,1,75.6,South Africa,HM Amla,F du Plessis,Taijul Islam,1,0,,,,,,"",""
ball,1,76.1,South Africa,HM Amla,F du Plessis,Rubel Hossain,1,0,,,,,,"",""
ball,1,76.2,South Africa,F du Plessis,HM Amla,Rubel Hossain,1,0,,,,,,"",""
ball,1,76.3,South Africa,HM Amla,F du Plessis,Rubel Hossain,1,0,,,,,,"",""
ball,1,76.4,South Africa,F du Plessis,HM Amla,Rubel Hossain,0,0,,,,,,"",""
ball,1,76.5,South Africa,F du Plessis,HM Amla,Rubel Hossain,1,0,,,,,,"",""
ball,1,76.6,South Africa,HM Amla,F du Plessis,Rubel Hossain,1,0,,,,,,"",""
ball,1,77.1,South Africa,HM Amla,F du Plessis,Mahmudullah,1,0,,,,,,"",""
ball,1,77.2,South Africa,F du Plessis,HM Amla,Mahmudullah,0,0,,,,,,"",""
ball,1,77.3,South Africa,F du Plessis,HM Amla,Mahmudullah,1,0,,,,,,"",""
ball,1,77.4,South Africa,HM Amla,F du Plessis,Mahmudullah,0,0,,,,,,"",""
ball,1,77.5,South Africa,HM Amla,F du Plessis,Mahmudullah,0,0,,,,,,"",""
ball,1,77.6,South Africa,HM Amla,F du Plessis,Mahmudullah,1,0,,,,,,"",""
ball,1,78.1,South Africa,HM Amla,F du Plessis,Rubel Hossain,0,0,,,,,,"",""
ball,1,78.2,South Africa,HM Amla,F du Plessis,Rubel Hossain,1,0,,,,,,"",""
ball,1,78.3,South Africa,F du Plessis,HM Amla,Rubel Hossain,1,0,,,,,,"",""
ball,1,78.4,South Africa,HM Amla,F du Plessis,Rubel Hossain,2,0,,,,,,"",""
ball,1,78.5,South Africa,HM Amla,F du Plessis,Rubel Hossain,1,0,,,,,,"",""
ball,1,78.6,South Africa,F du Plessis,HM Amla,Rubel Hossain,0,0,,,,,,"",""
ball,1,79.1,South Africa,HM Amla,F du Plessis,Mahmudullah,1,0,,,,,,"",""
ball,1,79.2,South Africa,F du Plessis,HM Amla,Mahmudullah,1,0,,,,,,"",""
ball,1,79.3,South Africa,HM Amla,F du Plessis,Mahmudullah,4,0,,,,,,"",""
ball,1,79.4,South Africa,HM Amla,F du Plessis,Mahmudullah,4,0,,,,,,"",""
ball,1,79.5,South Africa,HM Amla,F du Plessis,Mahmudullah,0,0,,,,,,"",""
ball,1,79.6,South Africa,HM Amla,F du Plessis,Mahmudullah,0,0,,,,,,"",""
ball,1,80.1,South Africa,F du Plessis,HM Amla,Rubel Hossain,0,0,,,,,,"",""
ball,1,80.2,South Africa,F du Plessis,HM Amla,Rubel Hossain,1,0,,,,,,"",""
ball,1,80.3,South Africa,HM Amla,F du Plessis,Rubel Hossain,1,0,,,,,,"",""
ball,1,80.4,South Africa,F du Plessis,HM Amla,Rubel Hossain,0,0,,,,,,"",""
ball,1,80.5,South Africa,F du Plessis,HM Amla,Rubel Hossain,0,0,,,,,,"",""
ball,1,80.6,South Africa,F du Plessis,HM Amla,Rubel Hossain,0,0,,,,,,"",""
ball,1,81.1,South Africa,HM Amla,F du Plessis,Sabbir Rahman,0,0,,,,,,"",""
ball,1,81.2,South Africa,HM Amla,F du Plessis,Sabbir Rahman,4,0,,,,,,"",""
ball,1,81.3,South Africa,HM Amla,F du Plessis,Sabbir Rahman,0,0,,,,,,"",""
ball,1,81.4,South Africa,HM Amla,F du Plessis,Sabbir Rahman,2,0,,,,,,"",""
ball,1,81.5,South Africa,HM Amla,F du Plessis,Sabbir Rahman,0,0,,,,,,"",""
ball,1,81.6,South Africa,HM Amla,F du Plessis,Sabbir Rahman,1,0,,,,,,"",""
ball,1,82.1,South Africa,HM Amla,F du Plessis,Taijul Islam,0,0,,,,,,"",""
ball,1,82.2,South Africa,HM Amla,F du Plessis,Taijul Islam,0,0,,,,,,"",""
ball,1,82.3,South Africa,HM Amla,F du Plessis,Taijul Islam,1,0,,,,,,"",""
ball,1,82.4,South Africa,F du Plessis,HM Amla,Taijul Islam,0,0,,,,,,"",""
ball,1,82.5,South Africa,F du Plessis,HM Amla,Taijul Islam,1,0,,,,,,"",""
ball,1,82.6,South Africa,HM Amla,F du Plessis,Taijul Islam,0,0,,,,,,"",""
ball,1,83.1,South Africa,F du Plessis,HM Amla,Sabbir Rahman,1,0,,,,,,"",""
ball,1,83.2,South Africa,HM Amla,F du Plessis,Sabbir Rahman,1,0,,,,,,"",""
ball,1,83.3,South Africa,F du Plessis,HM Amla,Sabbir Rahman,1,0,,,,,,"",""
ball,1,83.4,South Africa,HM Amla,F du Plessis,Sabbir Rahman,1,0,,,,,,"",""
ball,1,83.5,South Africa,F du Plessis,HM Amla,Sabbir Rahman,1,0,,,,,,"",""
ball,1,83.6,South Africa,HM Amla,F du Plessis,Sabbir Rahman,4,0,,,,,,"",""
ball,1,84.1,South Africa,F du Plessis,HM Amla,Taijul Islam,0,0,,,,,,"",""
ball,1,84.2,South Africa,F du Plessis,HM Amla,Taijul Islam,0,0,,,,,,"",""
ball,1,84.3,South Africa,F du Plessis,HM Amla,Taijul Islam,1,0,,,,,,"",""
ball,1,84.4,South Africa,HM Amla,F du Plessis,Taijul Islam,1,0,,,,,,"",""
ball,1,84.5,South Africa,F du Plessis,HM Amla,Taijul Islam,1,0,,,,,,"",""
ball,1,84.6,South Africa,HM Amla,F du Plessis,Taijul Islam,4,0,,,,,,"",""
ball,1,85.1,South Africa,F du Plessis,HM Amla,Subashis Roy,0,0,,,,,,"",""
ball,1,85.2,South Africa,F du Plessis,HM Amla,Subashis Roy,0,0,,,,,,"",""
ball,1,85.3,South Africa,F du Plessis,HM Amla,Subashis Roy,0,0,,,,,,"",""
ball,1,85.4,South Africa,F du Plessis,HM Amla,Subashis Roy,0,0,,,,,,"",""
ball,1,85.5,South Africa,F du Plessis,HM Amla,Subashis Roy,0,0,,,,,,"",""
ball,1,85.6,South Africa,F du Plessis,HM Amla,Subashis Roy,2,0,,,,,,"",""
ball,1,86.1,South Africa,HM Amla,F du Plessis,Mustafizur Rahman,1,0,,,,,,"",""
ball,1,86.2,South Africa,F du Plessis,HM Amla,Mustafizur Rahman,0,0,,,,,,"",""
ball,1,86.3,South Africa,F du Plessis,HM Amla,Mustafizur Rahman,1,0,,,,,,"",""
ball,1,86.4,South Africa,HM Amla,F du Plessis,Mustafizur Rahman,0,0,,,,,,"",""
ball,1,86.5,South Africa,HM Amla,F du Plessis,Mustafizur Rahman,0,0,,,,,,"",""
ball,1,86.6,South Africa,HM Amla,F du Plessis,Mustafizur Rahman,0,0,,,,,,"",""
ball,1,87.1,South Africa,F du Plessis,HM Amla,Subashis Roy,0,0,,,,,,"",""
ball,1,87.2,South Africa,F du Plessis,HM Amla,Subashis Roy,0,0,,,,,,"",""
ball,1,87.3,South Africa,F du Plessis,HM Amla,Subashis Roy,0,0,,,,,,"",""
ball,1,87.4,South Africa,F du Plessis,HM Amla,Subashis Roy,1,0,,,,,,"",""
ball,1,87.5,South Africa,HM Amla,F du Plessis,Subashis Roy,1,0,,,,,,"",""
ball,1,87.6,South Africa,F du Plessis,HM Amla,Subashis Roy,0,0,,,,,,"",""
ball,1,88.1,South Africa,HM Amla,F du Plessis,Mustafizur Rahman,0,0,,,,,,"",""
ball,1,88.2,South Africa,HM Amla,F du Plessis,Mustafizur Rahman,2,0,,,,,,"",""
ball,1,88.3,South Africa,HM Amla,F du Plessis,Mustafizur Rahman,0,0,,,,,,"",""
ball,1,88.4,South Africa,HM Amla,F du Plessis,Mustafizur Rahman,1,0,,,,,,"",""
ball,1,88.5,South Africa,F du Plessis,HM Amla,Mustafizur Rahman,1,0,,,,,,"",""
ball,1,88.6,South Africa,HM Amla,F du Plessis,Mustafizur Rahman,0,0,,,,,,"",""
ball,1,89.1,South Africa,F du Plessis,HM Amla,Subashis Roy,1,0,,,,,,"",""
ball,1,89.2,South Africa,HM Amla,F du Plessis,Subashis Roy,0,0,,,,,,"",""
ball,1,89.3,South Africa,HM Amla,F du Plessis,Subashis Roy,1,0,,,,,,"",""
ball,1,89.4,South Africa,F du Plessis,HM Amla,Subashis Roy,0,0,,,,,,"",""
ball,1,89.5,South Africa,F du Plessis,HM Amla,Subashis Roy,1,0,,,,,,"",""
ball,1,89.6,South Africa,HM Amla,F du Plessis,Subashis Roy,0,0,,,,,,"",""
ball,1,90.1,South Africa,F du Plessis,HM Amla,Mustafizur Rahman,0,0,,,,,,"",""
ball,1,90.2,South Africa,F du Plessis,HM Amla,Mustafizur Rahman,0,0,,,,,,"",""
ball,1,90.3,South Africa,F du Plessis,HM Amla,Mustafizur Rahman,2,0,,,,,,"",""
ball,1,90.4,South Africa,F du Plessis,HM Amla,Mustafizur Rahman,4,0,,,,,,"",""
ball,1,90.5,South Africa,F du Plessis,HM Amla,Mustafizur Rahman,0,0,,,,,,"",""
ball,1,90.6,South Africa,F du Plessis,HM Amla,Mustafizur Rahman,1,0,,,,,,"",""
ball,1,91.1,South Africa,F du Plessis,HM Amla,Subashis Roy,0,0,,,,,,"",""
ball,1,91.2,South Africa,F du Plessis,HM Amla,Subashis Roy,0,0,,,,,,"",""
ball,1,91.3,South Africa,F du Plessis,HM Amla,Subashis Roy,0,0,,,,,,"",""
ball,1,91.4,South Africa,F du Plessis,HM Amla,Subashis Roy,0,0,,,,,,"",""
ball,1,91.5,South Africa,F du Plessis,HM Amla,Subashis Roy,0,0,,,,,,"",""
ball,1,91.6,South Africa,F du Plessis,HM Amla,Subashis Roy,0,0,,,,,,"",""
ball,1,92.1,South Africa,HM Amla,F du Plessis,Mustafizur Rahman,0,0,,,,,,"",""
ball,1,92.2,South Africa,HM Amla,F du Plessis,Mustafizur Rahman,0,0,,,,,,"",""
ball,1,92.3,South Africa,HM Amla,F du Plessis,Mustafizur Rahman,1,0,,,,,,"",""
ball,1,92.4,South Africa,F du Plessis,HM Amla,Mustafizur Rahman,0,0,,,,,,"",""
ball,1,92.5,South Africa,F du Plessis,HM Amla,Mustafizur Rahman,4,0,,,,,,"",""
ball,1,92.6,South Africa,F du Plessis,HM Amla,Mustafizur Rahman,0,1,1,,,,,"",""
ball,1,92.7,South Africa,F du Plessis,HM Amla,Mustafizur Rahman,0,0,,,,,,"",""
ball,1,93.1,South Africa,HM Amla,F du Plessis,Subashis Roy,0,0,,,,,,"",""
ball,1,93.2,South Africa,HM Amla,F du Plessis,Subashis Roy,0,0,,,,,,"",""
ball,1,93.3,South Africa,HM Amla,F du Plessis,Subashis Roy,0,0,,,,,,"",""
ball,1,93.4,South Africa,HM Amla,F du Plessis,Subashis Roy,0,0,,,,,,"",""
ball,1,93.5,South Africa,HM Amla,F du Plessis,Subashis Roy,4,0,,,,,,"",""
ball,1,93.6,South Africa,HM Amla,F du Plessis,Subashis Roy,2,0,,,,,,"",""
ball,1,94.1,South Africa,F du Plessis,HM Amla,Mustafizur Rahman,0,0,,,,,,"",""
ball,1,94.2,South Africa,F du Plessis,HM Amla,Mustafizur Rahman,0,0,,,,,,"",""
ball,1,94.3,South Africa,F du Plessis,HM Amla,Mustafizur Rahman,0,0,,,,,,"",""
ball,1,94.4,South Africa,F du Plessis,HM Amla,Mustafizur Rahman,1,0,,,,,,"",""
ball,1,94.5,South Africa,HM Amla,F du Plessis,Mustafizur Rahman,0,0,,,,,,"",""
ball,1,94.6,South Africa,HM Amla,F du Plessis,Mustafizur Rahman,0,0,,,,,,"",""
ball,1,95.1,South Africa,F du Plessis,HM Amla,Subashis Roy,0,0,,,,,,"",""
ball,1,95.2,South Africa,F du Plessis,HM Amla,Subashis Roy,4,0,,,,,,"",""
ball,1,95.3,South Africa,F du Plessis,HM Amla,Subashis Roy,0,0,,,,,,"",""
ball,1,95.4,South Africa,F du Plessis,HM Amla,Subashis Roy,1,0,,,,,,"",""
ball,1,95.5,South Africa,HM Amla,F du Plessis,Subashis Roy,1,0,,,,,,"",""
ball,1,95.6,South Africa,F du Plessis,HM Amla,Subashis Roy,0,0,,,,,,"",""
ball,1,96.1,South Africa,HM Amla,F du Plessis,Mustafizur Rahman,0,0,,,,,,"",""
ball,1,96.2,South Africa,HM Amla,F du Plessis,Mustafizur Rahman,4,0,,,,,,"",""
ball,1,96.3,South Africa,HM Amla,F du Plessis,Mustafizur Rahman,0,0,,,,,,"",""
ball,1,96.4,South Africa,HM Amla,F du Plessis,Mustafizur Rahman,0,0,,,,,,"",""
ball,1,96.5,South Africa,HM Amla,F du Plessis,Mustafizur Rahman,0,0,,,,,,"",""
ball,1,96.6,South Africa,HM Amla,F du Plessis,Mustafizur Rahman,0,0,,,,,,"",""
ball,1,97.1,South Africa,F du Plessis,HM Amla,Subashis Roy,0,0,,,,,,"",""
ball,1,97.2,South Africa,F du Plessis,HM Amla,Subashis Roy,0,0,,,,,,"",""
ball,1,97.3,South Africa,F du Plessis,HM Amla,Subashis Roy,1,0,,,,,,"",""
ball,1,97.4,South Africa,HM Amla,F du Plessis,Subashis Roy,0,0,,,,,,"",""
ball,1,97.5,South Africa,HM Amla,F du Plessis,Subashis Roy,0,0,,,,,,"",""
ball,1,97.6,South Africa,HM Amla,F du Plessis,Subashis Roy,0,0,,,,,,"",""
ball,1,98.1,South Africa,F du Plessis,HM Amla,Rubel Hossain,0,0,,,,,,"",""
ball,1,98.2,South Africa,F du Plessis,HM Amla,Rubel Hossain,1,0,,,,,,"",""
ball,1,98.3,South Africa,HM Amla,F du Plessis,Rubel Hossain,2,0,,,,,,"",""
ball,1,98.4,South Africa,HM Amla,F du Plessis,Rubel Hossain,0,0,,,,,,"",""
ball,1,98.5,South Africa,HM Amla,F du Plessis,Rubel Hossain,0,0,,,,,,"",""
ball,1,98.6,South Africa,HM Amla,F du Plessis,Rubel Hossain,0,0,,,,,,"",""
ball,1,99.1,South Africa,F du Plessis,HM Amla,Subashis Roy,0,0,,,,,,"",""
ball,1,99.2,South Africa,F du Plessis,HM Amla,Subashis Roy,0,0,,,,,,"",""
ball,1,99.3,South Africa,F du Plessis,HM Amla,Subashis Roy,0,0,,,,,,"",""
ball,1,99.4,South Africa,F du Plessis,HM Amla,Subashis Roy,0,0,,,,,,"",""
ball,1,99.5,South Africa,F du Plessis,HM Amla,Subashis Roy,1,0,,,,,,"",""
ball,1,99.6,South Africa,HM Amla,F du Plessis,Subashis Roy,0,0,,,,,,"",""
ball,1,100.1,South Africa,F du Plessis,HM Amla,Rubel Hossain,0,0,,,,,,"",""
ball,1,100.2,South Africa,F du Plessis,HM Amla,Rubel Hossain,2,0,,,,,,"",""
ball,1,100.3,South Africa,F du Plessis,HM Amla,Rubel Hossain,1,0,,,,,,"",""
ball,1,100.4,South Africa,HM Amla,F du Plessis,Rubel Hossain,0,0,,,,,,"",""
ball,1,100.5,South Africa,HM Amla,F du Plessis,Rubel Hossain,1,0,,,,,,"",""
ball,1,100.6,South Africa,F du Plessis,HM Amla,Rubel Hossain,4,0,,,,,,"",""
ball,1,101.1,South Africa,HM Amla,F du Plessis,Taijul Islam,1,0,,,,,,"",""
ball,1,101.2,South Africa,F du Plessis,HM Amla,Taijul Islam,1,0,,,,,,"",""
ball,1,101.3,South Africa,HM Amla,F du Plessis,Taijul Islam,0,0,,,,,,"",""
ball,1,101.4,South Africa,HM Amla,F du Plessis,Taijul Islam,1,0,,,,,,"",""
ball,1,101.5,South Africa,F du Plessis,HM Amla,Taijul Islam,0,0,,,,,,"",""
ball,1,101.6,South Africa,F du Plessis,HM Amla,Taijul Islam,1,0,,,,,,"",""
ball,1,102.1,South Africa,F du Plessis,HM Amla,Rubel Hossain,0,0,,,,,,"",""
ball,1,102.2,South Africa,F du Plessis,HM Amla,Rubel Hossain,0,0,,,,,,"",""
ball,1,102.3,South Africa,F du Plessis,HM Amla,Rubel Hossain,0,0,,,,,,"",""
ball,1,102.4,South Africa,F du Plessis,HM Amla,Rubel Hossain,4,0,,,,,,"",""
ball,1,102.5,South Africa,F du Plessis,HM Amla,Rubel Hossain,1,0,,,,,,"",""
ball,1,102.6,South Africa,HM Amla,F du Plessis,Rubel Hossain,0,0,,,,,,"",""
ball,1,103.1,South Africa,F du Plessis,HM Amla,Taijul Islam,1,0,,,,,,"",""
ball,1,103.2,South Africa,HM Amla,F du Plessis,Taijul Islam,0,0,,,,,,"",""
ball,1,103.3,South Africa,HM Amla,F du Plessis,Taijul Islam,0,0,,,,,,"",""
ball,1,103.4,South Africa,HM Amla,F du Plessis,Taijul Islam,1,0,,,,,,"",""
ball,1,103.5,South Africa,F du Plessis,HM Amla,Taijul Islam,0,0,,,,,,"",""
ball,1,103.6,South Africa,F du Plessis,HM Amla,Taijul Islam,0,0,,,,,,"",""
ball,1,104.1,South Africa,HM Amla,F du Plessis,Rubel Hossain,0,0,,,,,,"",""
ball,1,104.2,South Africa,HM Amla,F du Plessis,Rubel Hossain,2,0,,,,,,"",""
ball,1,104.3,South Africa,HM Amla,F du Plessis,Rubel Hossain,0,0,,,,,,"",""
ball,1,104.4,South Africa,HM Amla,F du Plessis,Rubel Hossain,0,0,,,,,,"",""
ball,1,104.5,South Africa,HM Amla,F du Plessis,Rubel Hossain,4,0,,,,,,"",""
ball,1,104.6,South Africa,HM Amla,F du Plessis,Rubel Hossain,0,0,,,,,,"",""
ball,1,105.1,South Africa,F du Plessis,HM Amla,Taijul Islam,0,0,,,,,,"",""
ball,1,105.2,South Africa,F du Plessis,HM Amla,Taijul Islam,1,0,,,,,,"",""
ball,1,105.3,South Africa,HM Amla,F du Plessis,Taijul Islam,0,0,,,,,,"",""
ball,1,105.4,South Africa,HM Amla,F du Plessis,Taijul Islam,0,0,,,,,,"",""
ball,1,105.5,South Africa,HM Amla,F du Plessis,Taijul Islam,1,0,,,,,,"",""
ball,1,105.6,South Africa,F du Plessis,HM Amla,Taijul Islam,1,0,,,,,,"",""
ball,1,106.1,South Africa,F du Plessis,HM Amla,Mustafizur Rahman,0,0,,,,,,"",""
ball,1,106.2,South Africa,F du Plessis,HM Amla,Mustafizur Rahman,0,0,,,,,,"",""
ball,1,106.3,South Africa,F du Plessis,HM Amla,Mustafizur Rahman,4,0,,,,,,"",""
ball,1,106.4,South Africa,F du Plessis,HM Amla,Mustafizur Rahman,0,0,,,,,,"",""
ball,1,106.5,South Africa,F du Plessis,HM Amla,Mustafizur Rahman,1,0,,,,,,"",""
ball,1,106.6,South Africa,HM Amla,F du Plessis,Mustafizur Rahman,0,0,,,,,,"",""
ball,1,107.1,South Africa,F du Plessis,HM Amla,Taijul Islam,1,0,,,,,,"",""
ball,1,107.2,South Africa,HM Amla,F du Plessis,Taijul Islam,1,0,,,,,,"",""
ball,1,107.3,South Africa,F du Plessis,HM Amla,Taijul Islam,0,0,,,,,,"",""
ball,1,107.4,South Africa,F du Plessis,HM Amla,Taijul Islam,0,0,,,,,,"",""
ball,1,107.5,South Africa,F du Plessis,HM Amla,Taijul Islam,1,0,,,,,,"",""
ball,1,107.6,South Africa,HM Amla,F du Plessis,Taijul Islam,0,0,,,,,,"",""
ball,1,108.1,South Africa,F du Plessis,HM Amla,Mustafizur Rahman,1,0,,,,,,"",""
ball,1,108.2,South Africa,HM Amla,F du Plessis,Mustafizur Rahman,1,0,,,,,,"",""
ball,1,108.3,South Africa,F du Plessis,HM Amla,Mustafizur Rahman,0,0,,,,,,"",""
ball,1,108.4,South Africa,F du Plessis,HM Amla,Mustafizur Rahman,1,0,,,,,,"",""
ball,1,108.5,South Africa,HM Amla,F du Plessis,Mustafizur Rahman,1,0,,,,,,"",""
ball,1,108.6,South Africa,F du Plessis,HM Amla,Mustafizur Rahman,4,0,,,,,,"",""
ball,1,109.1,South Africa,HM Amla,F du Plessis,Taijul Islam,1,0,,,,,,"",""
ball,1,109.2,South Africa,F du Plessis,HM Amla,Taijul Islam,1,0,,,,,,"",""
ball,1,109.3,South Africa,HM Amla,F du Plessis,Taijul Islam,3,0,,,,,,"",""
ball,1,109.4,South Africa,F du Plessis,HM Amla,Taijul Islam,1,0,,,,,,"",""
ball,1,109.5,South Africa,HM Amla,F du Plessis,Taijul Islam,0,0,,,,,,"",""
ball,1,109.6,South Africa,HM Amla,F du Plessis,Taijul Islam,0,0,,,,,,"",""
ball,1,110.1,South Africa,F du Plessis,HM Amla,Mahmudullah,2,0,,,,,,"",""
ball,1,110.2,South Africa,F du Plessis,HM Amla,Mahmudullah,1,0,,,,,,"",""
ball,1,110.3,South Africa,HM Amla,F du Plessis,Mahmudullah,1,0,,,,,,"",""
ball,1,110.4,South Africa,F du Plessis,HM Amla,Mahmudullah,1,0,,,,,,"",""
ball,1,110.5,South Africa,HM Amla,F du Plessis,Mahmudullah,1,0,,,,,,"",""
ball,1,110.6,South Africa,F du Plessis,HM Amla,Mahmudullah,0,0,,,,,,"",""
ball,1,111.1,South Africa,HM Amla,F du Plessis,Subashis Roy,4,0,,,,,,"",""
ball,1,111.2,South Africa,HM Amla,F du Plessis,Subashis Roy,0,0,,,,,,"",""
ball,1,111.3,South Africa,HM Amla,F du Plessis,Subashis Roy,0,0,,,,,,"",""
ball,1,111.4,South Africa,HM Amla,F du Plessis,Subashis Roy,0,0,,,,,,"",""
ball,1,111.5,South Africa,HM Amla,F du Plessis,Subashis Roy,0,0,,,,,,"",""
ball,1,111.6,South Africa,HM Amla,F du Plessis,Subashis Roy,4,0,,,,,,"",""
ball,1,112.1,South Africa,F du Plessis,HM Amla,Taijul Islam,0,0,,,,,,"",""
ball,1,112.2,South Africa,F du Plessis,HM Amla,Taijul Islam,0,0,,,,,,"",""
ball,1,112.3,South Africa,F du Plessis,HM Amla,Taijul Islam,1,0,,,,,,"",""
ball,1,112.4,South Africa,HM Amla,F du Plessis,Taijul Islam,0,0,,,,,,"",""
ball,1,112.5,South Africa,HM Amla,F du Plessis,Taijul Islam,1,0,,,,,,"",""
ball,1,112.6,South Africa,F du Plessis,HM Amla,Taijul Islam,1,0,,,,,,"",""
ball,1,113.1,South Africa,F du Plessis,HM Amla,Subashis Roy,0,0,,,,,,"",""
ball,1,113.2,South Africa,F du Plessis,HM Amla,Subashis Roy,0,0,,,,,,"",""
ball,1,113.3,South Africa,F du Plessis,HM Amla,Subashis Roy,0,0,,,,,,"",""
ball,1,113.4,South Africa,F du Plessis,HM Amla,Subashis Roy,4,0,,,,,,"",""
ball,1,113.5,South Africa,F du Plessis,HM Amla,Subashis Roy,1,0,,,,,,"",""
ball,1,113.6,South Africa,HM Amla,F du Plessis,Subashis Roy,0,0,,,,,,bowled,HM Amla
ball,1,114.1,South Africa,F du Plessis,Q de Kock,Taijul Islam,1,0,,,,,,"",""
ball,1,114.2,South Africa,Q de Kock,F du Plessis,Taijul Islam,0,0,,,,,,"",""
ball,1,114.3,South Africa,Q de Kock,F du Plessis,Taijul Islam,0,0,,,,,,"",""
ball,1,114.4,South Africa,Q de Kock,F du Plessis,Taijul Islam,4,0,,,,,,"",""
ball,1,114.5,South Africa,Q de Kock,F du Plessis,Taijul Islam,0,0,,,,,,"",""
ball,1,114.6,South Africa,Q de Kock,F du Plessis,Taijul Islam,0,0,,,,,,"",""
ball,1,115.1,South Africa,F du Plessis,Q de Kock,Subashis Roy,0,0,,,,,,"",""
ball,1,115.2,South Africa,F du Plessis,Q de Kock,Subashis Roy,1,0,,,,,,"",""
ball,1,115.3,South Africa,Q de Kock,F du Plessis,Subashis Roy,0,0,,,,,,"",""
ball,1,115.4,South Africa,Q de Kock,F du Plessis,Subashis Roy,0,0,,,,,,"",""
ball,1,115.5,South Africa,Q de Kock,F du Plessis,Subashis Roy,0,0,,,,,,"",""
ball,1,115.6,South Africa,Q de Kock,F du Plessis,Subashis Roy,1,0,,,,,,"",""
ball,1,116.1,South Africa,Q de Kock,F du Plessis,Taijul Islam,6,0,,,,,,"",""
ball,1,116.2,South Africa,Q de Kock,F du Plessis,Taijul Islam,4,0,,,,,,"",""
ball,1,116.3,South Africa,Q de Kock,F du Plessis,Taijul Islam,0,0,,,,,,"",""
ball,1,116.4,South Africa,Q de Kock,F du Plessis,Taijul Islam,6,0,,,,,,"",""
ball,1,116.5,South Africa,Q de Kock,F du Plessis,Taijul Islam,1,0,,,,,,"",""
ball,1,116.6,South Africa,F du Plessis,Q de Kock,Taijul Islam,4,0,,,,,,"",""
ball,1,117.1,South Africa,Q de Kock,F du Plessis,Subashis Roy,2,0,,,,,,"",""
ball,1,117.2,South Africa,Q de Kock,F du Plessis,Subashis Roy,0,0,,,,,,"",""
ball,1,117.3,South Africa,Q de Kock,F du Plessis,Subashis Roy,1,0,,,,,,"",""
ball,1,117.4,South Africa,F du Plessis,Q de Kock,Subashis Roy,1,0,,,,,,"",""
ball,1,117.5,South Africa,Q de Kock,F du Plessis,Subashis Roy,0,0,,,,,,"",""
ball,1,117.6,South Africa,Q de Kock,F du Plessis,Subashis Roy,0,0,,,,,,"",""
ball,1,118.1,South Africa,F du Plessis,Q de Kock,Mustafizur Rahman,0,0,,,,,,"",""
ball,1,118.2,South Africa,F du Plessis,Q de Kock,Mustafizur Rahman,1,0,,,,,,"",""
ball,1,118.3,South Africa,Q de Kock,F du Plessis,Mustafizur Rahman,0,0,,,,,,"",""
ball,1,118.4,South Africa,Q de Kock,F du Plessis,Mustafizur Rahman,1,0,,,,,,"",""
ball,1,118.5,South Africa,F du Plessis,Q de Kock,Mustafizur Rahman,1,0,,,,,,"",""
ball,1,118.6,South Africa,Q de Kock,F du Plessis,Mustafizur Rahman,1,0,,,,,,"",""
ball,1,119.1,South Africa,Q de Kock,F du Plessis,Mahmudullah,0,0,,,,,,"",""
ball,1,119.2,South Africa,Q de Kock,F du Plessis,Mahmudullah,0,0,,,,,,"",""
ball,1,119.3,South Africa,Q de Kock,F du Plessis,Mahmudullah,0,0,,,,,,"",""
ball,1,119.4,South Africa,Q de Kock,F du Plessis,Mahmudullah,0,0,,,,,,"",""
ball,1,119.5,South Africa,Q de Kock,F du Plessis,Mahmudullah,1,0,,,,,,"",""
ball,1,119.6,South Africa,F du Plessis,Q de Kock,Mahmudullah,1,0,,,,,,"",""
ball,2,0.1,Bangladesh,Imrul Kayes,Soumya Sarkar,K Rabada,1,0,,,,,,"",""
ball,2,0.2,Bangladesh,Soumya Sarkar,Imrul Kayes,K Rabada,0,0,,,,,,"",""
ball,2,0.3,Bangladesh,Soumya Sarkar,Imrul Kayes,K Rabada,0,0,,,,,,"",""
ball,2,0.4,Bangladesh,Soumya Sarkar,Imrul Kayes,K Rabada,0,0,,,,,,"",""
ball,2,0.5,Bangladesh,Soumya Sarkar,Imrul Kayes,K Rabada,0,0,,,,,,"",""
ball,2,0.6,Bangladesh,Soumya Sarkar,Imrul Kayes,K Rabada,0,0,,,,,,"",""
ball,2,1.1,Bangladesh,Imrul Kayes,Soumya Sarkar,D Olivier,3,0,,,,,,"",""
ball,2,1.2,Bangladesh,Soumya Sarkar,Imrul Kayes,D Olivier,0,0,,,,,,"",""
ball,2,1.3,Bangladesh,Soumya Sarkar,Imrul Kayes,D Olivier,0,0,,,,,,"",""
ball,2,1.4,Bangladesh,Soumya Sarkar,Imrul Kayes,D Olivier,4,0,,,,,,"",""
ball,2,1.5,Bangladesh,Soumya Sarkar,Imrul Kayes,D Olivier,0,0,,,,,,"",""
ball,2,1.6,Bangladesh,Soumya Sarkar,Imrul Kayes,D Olivier,0,0,,,,,,"",""
ball,2,2.1,Bangladesh,Imrul Kayes,Soumya Sarkar,K Rabada,0,0,,,,,,"",""
ball,2,2.2,Bangladesh,Imrul Kayes,Soumya Sarkar,K Rabada,0,0,,,,,,"",""
ball,2,2.3,Bangladesh,Imrul Kayes,Soumya Sarkar,K Rabada,0,0,,,,,,"",""
ball,2,2.4,Bangladesh,Imrul Kayes,Soumya Sarkar,K Rabada,0,0,,,,,,"",""
ball,2,2.5,Bangladesh,Imrul Kayes,Soumya Sarkar,K Rabada,0,0,,,,,,"",""
ball,2,2.6,Bangladesh,Imrul Kayes,Soumya Sarkar,K Rabada,0,0,,,,,,"",""
ball,2,3.1,Bangladesh,Soumya Sarkar,Imrul Kayes,D Olivier,0,0,,,,,,"",""
ball,2,3.2,Bangladesh,Soumya Sarkar,Imrul Kayes,D Olivier,0,0,,,,,,"",""
ball,2,3.3,Bangladesh,Soumya Sarkar,Imrul Kayes,D Olivier,0,0,,,,,,"",""
ball,2,3.4,Bangladesh,Soumya Sarkar,Imrul Kayes,D Olivier,1,0,,,,,,"",""
ball,2,3.5,Bangladesh,Imrul Kayes,Soumya Sarkar,D Olivier,0,0,,,,,,"",""
ball,2,3.6,Bangladesh,Imrul Kayes,Soumya Sarkar,D Olivier,0,0,,,,,,"",""
ball,2,4.1,Bangladesh,Soumya Sarkar,Imrul Kayes,K Rabada,4,0,,,,,,"",""
ball,2,4.2,Bangladesh,Soumya Sarkar,Imrul Kayes,K Rabada,0,0,,,,,,"",""
ball,2,4.3,Bangladesh,Soumya Sarkar,Imrul Kayes,K Rabada,0,0,,,,,,"",""
ball,2,4.4,Bangladesh,Soumya Sarkar,Imrul Kayes,K Rabada,0,0,,,,,,"",""
ball,2,4.5,Bangladesh,Soumya Sarkar,Imrul Kayes,K Rabada,0,0,,,,,,"",""
ball,2,4.6,Bangladesh,Soumya Sarkar,Imrul Kayes,K Rabada,0,0,,,,,,"",""
ball,2,5.1,Bangladesh,Imrul Kayes,Soumya Sarkar,D Olivier,0,0,,,,,,"",""
ball,2,5.2,Bangladesh,Imrul Kayes,Soumya Sarkar,D Olivier,0,0,,,,,,"",""
ball,2,5.3,Bangladesh,Imrul Kayes,Soumya Sarkar,D Olivier,0,0,,,,,,"",""
ball,2,5.4,Bangladesh,Imrul Kayes,Soumya Sarkar,D Olivier,0,0,,,,,,"",""
ball,2,5.5,Bangladesh,Imrul Kayes,Soumya Sarkar,D Olivier,0,0,,,,,,"",""
ball,2,5.6,Bangladesh,Imrul Kayes,Soumya Sarkar,D Olivier,0,0,,,,,,"",""
ball,2,6.1,Bangladesh,Soumya Sarkar,Imrul Kayes,K Rabada,0,0,,,,,,"",""
ball,2,6.2,Bangladesh,Soumya Sarkar,Imrul Kayes,K Rabada,0,0,,,,,,"",""
ball,2,6.3,Bangladesh,Soumya Sarkar,Imrul Kayes,K Rabada,0,0,,,,,,"",""
ball,2,6.4,Bangladesh,Soumya Sarkar,Imrul Kayes,K Rabada,0,0,,,,,,bowled,Soumya Sarkar
ball,2,6.5,Bangladesh,Mominul Haque,Imrul Kayes,K Rabada,0,0,,,,,,"",""
ball,2,6.6,Bangladesh,Mominul Haque,Imrul Kayes,K Rabada,0,0,,,,,,"",""
ball,2,7.1,Bangladesh,Imrul Kayes,Mominul Haque,D Olivier,0,0,,,,,,"",""
ball,2,7.2,Bangladesh,Imrul Kayes,Mominul Haque,D Olivier,0,0,,,,,,"",""
ball,2,7.3,Bangladesh,Imrul Kayes,Mominul Haque,D Olivier,0,0,,,,,,"",""
ball,2,7.4,Bangladesh,Imrul Kayes,Mominul Haque,D Olivier,0,0,,,,,,"",""
ball,2,7.5,Bangladesh,Imrul Kayes,Mominul Haque,D Olivier,1,0,,,,,,"",""
ball,2,7.6,Bangladesh,Mominul Haque,Imrul Kayes,D Olivier,0,0,,,,,,"",""
ball,2,8.1,Bangladesh,Imrul Kayes,Mominul Haque,K Rabada,0,0,,,,,,"",""
ball,2,8.2,Bangladesh,Imrul Kayes,Mominul Haque,K Rabada,4,0,,,,,,"",""
ball,2,8.3,Bangladesh,Imrul Kayes,Mominul Haque,K Rabada,0,0,,,,,,"",""
ball,2,8.4,Bangladesh,Imrul Kayes,Mominul Haque,K Rabada,0,0,,,,,,"",""
ball,2,8.5,Bangladesh,Imrul Kayes,Mominul Haque,K Rabada,0,0,,,,,,"",""
ball,2,8.6,Bangladesh,Imrul Kayes,Mominul Haque,K Rabada,4,0,,,,,,"",""
ball,2,9.1,Bangladesh,Mominul Haque,Imrul Kayes,D Olivier,0,0,,,,,,"",""
ball,2,9.2,Bangladesh,Mominul Haque,Imrul Kayes,D Olivier,0,0,,,,,,"",""
ball,2,9.3,Bangladesh,Mominul Haque,Imrul Kayes,D Olivier,4,0,,,,,,"",""
ball,2,9.4,Bangladesh,Mominul Haque,Imrul Kayes,D Olivier,0,0,,,,,,caught,Mominul Haque
ball,2,9.5,Bangladesh,Mushfiqur Rahim,Imrul Kayes,D Olivier,0,0,,,,,,"",""
ball,2,9.6,Bangladesh,Mushfiqur Rahim,Imrul Kayes,D Olivier,4,0,,,,,,"",""
ball,2,10.1,Bangladesh,Imrul Kayes,Mushfiqur Rahim,K Rabada,1,0,,,,,,"",""
ball,2,10.2,Bangladesh,Mushfiqur Rahim,Imrul Kayes,K Rabada,0,0,,,,,,"",""
ball,2,10.3,Bangladesh,Mushfiqur Rahim,Imrul Kayes,K Rabada,0,1,,,,1,,"",""
ball,2,10.4,Bangladesh,Imrul Kayes,Mushfiqur Rahim,K Rabada,0,0,,,,,,"",""
ball,2,10.5,Bangladesh,Imrul Kayes,Mushfiqur Rahim,K Rabada,0,0,,,,,,"",""
ball,2,10.6,Bangladesh,Imrul Kayes,Mushfiqur Rahim,K Rabada,0,0,,,,,,"",""
ball,2,11.1,Bangladesh,Mushfiqur Rahim,Imrul Kayes,D Olivier,3,0,,,,,,"",""
ball,2,11.2,Bangladesh,Imrul Kayes,Mushfiqur Rahim,D Olivier,1,0,,,,,,"",""
ball,2,11.3,Bangladesh,Mushfiqur Rahim,Imrul Kayes,D Olivier,0,0,,,,,,"",""
ball,2,11.4,Bangladesh,Mushfiqur Rahim,Imrul Kayes,D Olivier,0,0,,,,,,"",""
ball,2,11.5,Bangladesh,Mushfiqur Rahim,Imrul Kayes,D Olivier,0,0,,,,,,caught,Mushfiqur Rahim
ball,2,11.6,Bangladesh,Mahmudullah,Imrul Kayes,D Olivier,0,0,,,,,,"",""
ball,2,12.1,Bangladesh,Imrul Kayes,Mahmudullah,K Rabada,0,0,,,,,,"",""
ball,2,12.2,Bangladesh,Imrul Kayes,Mahmudullah,K Rabada,0,0,,,,,,"",""
ball,2,12.3,Bangladesh,Imrul Kayes,Mahmudullah,K Rabada,1,0,,,,,,"",""
ball,2,12.4,Bangladesh,Mahmudullah,Imrul Kayes,K Rabada,0,0,,,,,,"",""
ball,2,12.5,Bangladesh,Mahmudullah,Imrul Kayes,K Rabada,0,0,,,,,,"",""
ball,2,12.6,Bangladesh,Mahmudullah,Imrul Kayes,K Rabada,0,0,,,,,,"",""
ball,2,13.1,Bangladesh,Imrul Kayes,Mahmudullah,D Olivier,0,0,,,,,,"",""
ball,2,13.2,Bangladesh,Imrul Kayes,Mahmudullah,D Olivier,0,0,,,,,,"",""
ball,2,13.3,Bangladesh,Imrul Kayes,Mahmudullah,D Olivier,4,0,,,,,,"",""
ball,2,13.4,Bangladesh,Imrul Kayes,Mahmudullah,D Olivier,0,0,,,,,,"",""
ball,2,13.5,Bangladesh,Imrul Kayes,Mahmudullah,D Olivier,4,0,,,,,,"",""
ball,2,13.6,Bangladesh,Imrul Kayes,Mahmudullah,D Olivier,0,0,,,,,,"",""
ball,2,14.1,Bangladesh,Mahmudullah,Imrul Kayes,WD Parnell,4,0,,,,,,"",""
ball,2,14.2,Bangladesh,Mahmudullah,Imrul Kayes,WD Parnell,0,0,,,,,,caught,Mahmudullah
ball,2,14.3,Bangladesh,Liton Das,Imrul Kayes,WD Parnell,0,0,,,,,,"",""
ball,2,14.4,Bangladesh,Liton Das,Imrul Kayes,WD Parnell,0,0,,,,,,"",""
ball,2,14.5,Bangladesh,Liton Das,Imrul Kayes,WD Parnell,0,0,,,,,,"",""
ball,2,14.6,Bangladesh,Liton Das,Imrul Kayes,WD Parnell,0,0,,,,,,"",""
ball,2,15.1,Bangladesh,Imrul Kayes,Liton Das,KA Maharaj,1,0,,,,,,"",""
ball,2,15.2,Bangladesh,Liton Das,Imrul Kayes,KA Maharaj,0,0,,,,,,"",""
ball,2,15.3,Bangladesh,Liton Das,Imrul Kayes,KA Maharaj,0,0,,,,,,"",""
ball,2,15.4,Bangladesh,Liton Das,Imrul Kayes,KA Maharaj,0,0,,,,,,"",""
ball,2,15.5,Bangladesh,Liton Das,Imrul Kayes,KA Maharaj,0,0,,,,,,"",""
ball,2,15.6,Bangladesh,Liton Das,Imrul Kayes,KA Maharaj,0,0,,,,,,"",""
ball,2,16.1,Bangladesh,Imrul Kayes,Liton Das,WD Parnell,1,0,,,,,,"",""
ball,2,16.2,Bangladesh,Liton Das,Imrul Kayes,WD Parnell,0,0,,,,,,"",""
ball,2,16.3,Bangladesh,Liton Das,Imrul Kayes,WD Parnell,0,0,,,,,,"",""
ball,2,16.4,Bangladesh,Liton Das,Imrul Kayes,WD Parnell,4,0,,,,,,"",""
ball,2,16.5,Bangladesh,Liton Das,Imrul Kayes,WD Parnell,4,0,,,,,,"",""
ball,2,16.6,Bangladesh,Liton Das,Imrul Kayes,WD Parnell,2,0,,,,,,"",""
ball,2,17.1,Bangladesh,Imrul Kayes,Liton Das,K Rabada,0,0,,,,,,"",""
ball,2,17.2,Bangladesh,Imrul Kayes,Liton Das,K Rabada,0,0,,,,,,"",""
ball,2,17.3,Bangladesh,Imrul Kayes,Liton Das,K Rabada,0,0,,,,,,caught,Imrul Kayes
ball,2,17.4,Bangladesh,Sabbir Rahman,Liton Das,K Rabada,0,0,,,,,,"",""
ball,2,17.5,Bangladesh,Sabbir Rahman,Liton Das,K Rabada,0,0,,,,,,"",""
ball,2,17.6,Bangladesh,Sabbir Rahman,Liton Das,K Rabada,0,0,,,,,,"",""
ball,2,18.1,Bangladesh,Liton Das,Sabbir Rahman,WD Parnell,0,0,,,,,,"",""
ball,2,18.2,Bangladesh,Liton Das,Sabbir Rahman,WD Parnell,0,0,,,,,,"",""
ball,2,18.3,Bangladesh,Liton Das,Sabbir Rahman,WD Parnell,0,0,,,,,,"",""
ball,2,18.4,Bangladesh,Liton Das,Sabbir Rahman,WD Parnell,0,0,,,,,,"",""
ball,2,18.5,Bangladesh,Liton Das,Sabbir Rahman,WD Parnell,0,0,,,,,,"",""
ball,2,18.6,Bangladesh,Liton Das,Sabbir Rahman,WD Parnell,4,0,,,,,,"",""
ball,2,19.1,Bangladesh,Sabbir Rahman,Liton Das,K Rabada,0,0,,,,,,"",""
ball,2,19.2,Bangladesh,Sabbir Rahman,Liton Das,K Rabada,0,0,,,,,,"",""
ball,2,19.3,Bangladesh,Sabbir Rahman,Liton Das,K Rabada,0,0,,,,,,caught,Sabbir Rahman
ball,2,19.4,Bangladesh,Taijul Islam,Liton Das,K Rabada,0,0,,,,,,"",""
ball,2,19.5,Bangladesh,Taijul Islam,Liton Das,K Rabada,0,0,,,,,,"",""
ball,2,19.6,Bangladesh,Taijul Islam,Liton Das,K Rabada,1,0,,,,,,"",""
ball,2,20.1,Bangladesh,Taijul Islam,Liton Das,WD Parnell,0,0,,,,,,"",""
ball,2,20.2,Bangladesh,Taijul Islam,Liton Das,WD Parnell,0,0,,,,,,"",""
ball,2,20.3,Bangladesh,Taijul Islam,Liton Das,WD Parnell,0,0,,,,,,"",""
ball,2,20.4,Bangladesh,Taijul Islam,Liton Das,WD Parnell,0,0,,,,,,"",""
ball,2,20.5,Bangladesh,Taijul Islam,Liton Das,WD Parnell,0,0,,,,,,"",""
ball,2,20.6,Bangladesh,Taijul Islam,Liton Das,WD Parnell,0,0,,,,,,"",""
ball,2,21.1,Bangladesh,Liton Das,Taijul Islam,K Rabada,0,0,,,,,,"",""
ball,2,21.2,Bangladesh,Liton Das,Taijul Islam,K Rabada,4,0,,,,,,"",""
ball,2,21.3,Bangladesh,Liton Das,Taijul Islam,K Rabada,0,0,,,,,,"",""
ball,2,21.4,Bangladesh,Liton Das,Taijul Islam,K Rabada,0,0,,,,,,"",""
ball,2,21.5,Bangladesh,Liton Das,Taijul Islam,K Rabada,1,0,,,,,,"",""
ball,2,21.6,Bangladesh,Taijul Islam,Liton Das,K Rabada,0,0,,,,,,"",""
ball,2,22.1,Bangladesh,Liton Das,Taijul Islam,WD Parnell,2,0,,,,,,"",""
ball,2,22.2,Bangladesh,Liton Das,Taijul Islam,WD Parnell,4,0,,,,,,"",""
ball,2,22.3,Bangladesh,Liton Das,Taijul Islam,WD Parnell,1,0,,,,,,"",""
ball,2,22.4,Bangladesh,Taijul Islam,Liton Das,WD Parnell,0,0,,,,,,"",""
ball,2,22.5,Bangladesh,Taijul Islam,Liton Das,WD Parnell,0,0,,,,,,"",""
ball,2,22.6,Bangladesh,Taijul Islam,Liton Das,WD Parnell,0,2,,,,2,,"",""
ball,2,23.1,Bangladesh,Liton Das,Taijul Islam,K Rabada,1,0,,,,,,"",""
ball,2,23.2,Bangladesh,Taijul Islam,Liton Das,K Rabada,1,0,,,,,,"",""
ball,2,23.3,Bangladesh,Liton Das,Taijul Islam,K Rabada,4,0,,,,,,"",""
ball,2,23.4,Bangladesh,Liton Das,Taijul Islam,K Rabada,0,0,,,,,,"",""
ball,2,23.5,Bangladesh,Liton Das,Taijul Islam,K Rabada,4,0,,,,,,"",""
ball,2,23.6,Bangladesh,Liton Das,Taijul Islam,K Rabada,0,0,,,,,,"",""
ball,2,24.1,Bangladesh,Taijul Islam,Liton Das,WD Parnell,0,0,,,,,,"",""
ball,2,24.2,Bangladesh,Taijul Islam,Liton Das,WD Parnell,0,0,,,,,,"",""
ball,2,24.3,Bangladesh,Taijul Islam,Liton Das,WD Parnell,3,0,,,,,,"",""
ball,2,24.4,Bangladesh,Liton Das,Taijul Islam,WD Parnell,0,0,,,,,,"",""
ball,2,24.5,Bangladesh,Liton Das,Taijul Islam,WD Parnell,0,0,,,,,,"",""
ball,2,24.6,Bangladesh,Liton Das,Taijul Islam,WD Parnell,4,0,,,,,,"",""
ball,2,25.1,Bangladesh,Taijul Islam,Liton Das,D Olivier,0,0,,,,,,"",""
ball,2,25.2,Bangladesh,Taijul Islam,Liton Das,D Olivier,0,0,,,,,,"",""
ball,2,25.3,Bangladesh,Taijul Islam,Liton Das,D Olivier,0,0,,,,,,"",""
ball,2,25.4,Bangladesh,Taijul Islam,Liton Das,D Olivier,0,0,,,,,,"",""
ball,2,25.5,Bangladesh,Taijul Islam,Liton Das,D Olivier,0,0,,,,,,"",""
ball,2,25.6,Bangladesh,Taijul Islam,Liton Das,D Olivier,0,0,,,,,,"",""
ball,2,26.1,Bangladesh,Liton Das,Taijul Islam,WD Parnell,0,0,,,,,,"",""
ball,2,26.2,Bangladesh,Liton Das,Taijul Islam,WD Parnell,0,0,,,,,,"",""
ball,2,26.3,Bangladesh,Liton Das,Taijul Islam,WD Parnell,1,0,,,,,,"",""
ball,2,26.4,Bangladesh,Taijul Islam,Liton Das,WD Parnell,2,0,,,,,,"",""
ball,2,26.5,Bangladesh,Taijul Islam,Liton Das,WD Parnell,0,0,,,,,,"",""
ball,2,26.6,Bangladesh,Taijul Islam,Liton Das,WD Parnell,0,0,,,,,,"",""
ball,2,27.1,Bangladesh,Liton Das,Taijul Islam,D Olivier,1,0,,,,,,"",""
ball,2,27.2,Bangladesh,Taijul Islam,Liton Das,D Olivier,1,0,,,,,,"",""
ball,2,27.3,Bangladesh,Liton Das,Taijul Islam,D Olivier,1,0,,,,,,"",""
ball,2,27.4,Bangladesh,Taijul Islam,Liton Das,D Olivier,0,0,,,,,,"",""
ball,2,27.5,Bangladesh,Taijul Islam,Liton Das,D Olivier,0,0,,,,,,"",""
ball,2,27.6,Bangladesh,Taijul Islam,Liton Das,D Olivier,0,0,,,,,,"",""
ball,2,28.1,Bangladesh,Liton Das,Taijul Islam,AL Phehlukwayo,0,0,,,,,,"",""
ball,2,28.2,Bangladesh,Liton Das,Taijul Islam,AL Phehlukwayo,0,0,,,,,,"",""
ball,2,28.3,Bangladesh,Liton Das,Taijul Islam,AL Phehlukwayo,0,0,,,,,,"",""
ball,2,28.4,Bangladesh,Liton Das,Taijul Islam,AL Phehlukwayo,2,0,,,,,,"",""
ball,2,28.5,Bangladesh,Liton Das,Taijul Islam,AL Phehlukwayo,0,0,,,,,,"",""
ball,2,28.6,Bangladesh,Liton Das,Taijul Islam,AL Phehlukwayo,0,0,,,,,,"",""
ball,2,29.1,Bangladesh,Taijul Islam,Liton Das,D Olivier,0,0,,,,,,"",""
ball,2,29.2,Bangladesh,Taijul Islam,Liton Das,D Olivier,3,0,,,,,,"",""
ball,2,29.3,Bangladesh,Liton Das,Taijul Islam,D Olivier,1,0,,,,,,"",""
ball,2,29.4,Bangladesh,Taijul Islam,Liton Das,D Olivier,0,0,,,,,,"",""
ball,2,29.5,Bangladesh,Taijul Islam,Liton Das,D Olivier,0,0,,,,,,"",""
ball,2,29.6,Bangladesh,Taijul Islam,Liton Das,D Olivier,0,0,,,,,,"",""
ball,2,30.1,Bangladesh,Liton Das,Taijul Islam,AL Phehlukwayo,0,0,,,,,,"",""
ball,2,30.2,Bangladesh,Liton Das,Taijul Islam,AL Phehlukwayo,0,0,,,,,,"",""
ball,2,30.3,Bangladesh,Liton Das,Taijul Islam,AL Phehlukwayo,4,0,,,,,,"",""
ball,2,30.4,Bangladesh,Liton Das,Taijul Islam,AL Phehlukwayo,0,0,,,,,,"",""
ball,2,30.5,Bangladesh,Liton Das,Taijul Islam,AL Phehlukwayo,1,0,,,,,,"",""
ball,2,30.6,Bangladesh,Taijul Islam,Liton Das,AL Phehlukwayo,1,0,,,,,,"",""
ball,2,31.1,Bangladesh,Taijul Islam,Liton Das,D Olivier,0,0,,,,,,"",""
ball,2,31.2,Bangladesh,Taijul Islam,Liton Das,D Olivier,0,0,,,,,,bowled,Taijul Islam
ball,2,31.3,Bangladesh,Rubel Hossain,Liton Das,D Olivier,0,0,,,,,,"",""
ball,2,31.4,Bangladesh,Rubel Hossain,Liton Das,D Olivier,0,0,,,,,,"",""
ball,2,31.5,Bangladesh,Rubel Hossain,Liton Das,D Olivier,0,0,,,,,,"",""
ball,2,31.6,Bangladesh,Rubel Hossain,Liton Das,D Olivier,0,0,,,,,,"",""
ball,2,32.1,Bangladesh,Liton Das,Rubel Hossain,AL Phehlukwayo,0,0,,,,,,"",""
ball,2,32.2,Bangladesh,Liton Das,Rubel Hossain,AL Phehlukwayo,0,0,,,,,,"",""
ball,2,32.3,Bangladesh,Liton Das,Rubel Hossain,AL Phehlukwayo,0,0,,,,,,"",""
ball,2,32.4,Bangladesh,Liton Das,Rubel Hossain,AL Phehlukwayo,0,0,,,,,,"",""
ball,2,32.5,Bangladesh,Liton Das,Rubel Hossain,AL Phehlukwayo,0,0,,,,,,"",""
ball,2,32.6,Bangladesh,Liton Das,Rubel Hossain,AL Phehlukwayo,0,0,,,,,,"",""
ball,2,33.1,Bangladesh,Rubel Hossain,Liton Das,D Olivier,0,0,,,,,,"",""
ball,2,33.2,Bangladesh,Rubel Hossain,Liton Das,D Olivier,0,0,,,,,,"",""
ball,2,33.3,Bangladesh,Rubel Hossain,Liton Das,D Olivier,0,0,,,,,,"",""
ball,2,33.4,Bangladesh,Rubel Hossain,Liton Das,D Olivier,0,0,,,,,,"",""
ball,2,33.5,Bangladesh,Rubel Hossain,Liton Das,D Olivier,0,0,,,,,,"",""
ball,2,33.6,Bangladesh,Rubel Hossain,Liton Das,D Olivier,4,0,,,,,,"",""
ball,2,34.1,Bangladesh,Liton Das,Rubel Hossain,AL Phehlukwayo,0,0,,,,,,"",""
ball,2,34.2,Bangladesh,Liton Das,Rubel Hossain,AL Phehlukwayo,0,0,,,,,,"",""
ball,2,34.3,Bangladesh,Liton Das,Rubel Hossain,AL Phehlukwayo,2,0,,,,,,"",""
ball,2,34.4,Bangladesh,Liton Das,Rubel Hossain,AL Phehlukwayo,2,0,,,,,,"",""
ball,2,34.5,Bangladesh,Liton Das,Rubel Hossain,AL Phehlukwayo,0,0,,,,,,"",""
ball,2,34.6,Bangladesh,Liton Das,Rubel Hossain,AL Phehlukwayo,0,0,,,,,,"",""
ball,2,35.1,Bangladesh,Rubel Hossain,Liton Das,KA Maharaj,0,0,,,,,,"",""
ball,2,35.2,Bangladesh,Rubel Hossain,Liton Das,KA Maharaj,4,0,,,,,,"",""
ball,2,35.3,Bangladesh,Rubel Hossain,Liton Das,KA Maharaj,0,0,,,,,,"",""
ball,2,35.4,Bangladesh,Rubel Hossain,Liton Das,KA Maharaj,0,0,,,,,,"",""
ball,2,35.5,Bangladesh,Rubel Hossain,Liton Das,KA Maharaj,0,0,,,,,,"",""
ball,2,35.6,Bangladesh,Rubel Hossain,Liton Das,KA Maharaj,0,0,,,,,,"",""
ball,2,36.1,Bangladesh,Liton Das,Rubel Hossain,AL Phehlukwayo,0,0,,,,,,"",""
ball,2,36.2,Bangladesh,Liton Das,Rubel Hossain,AL Phehlukwayo,4,0,,,,,,"",""
ball,2,36.3,Bangladesh,Liton Das,Rubel Hossain,AL Phehlukwayo,0,0,,,,,,"",""
ball,2,36.4,Bangladesh,Liton Das,Rubel Hossain,AL Phehlukwayo,4,0,,,,,,"",""
ball,2,36.5,Bangladesh,Liton Das,Rubel Hossain,AL Phehlukwayo,4,0,,,,,,"",""
ball,2,36.6,Bangladesh,Liton Das,Rubel Hossain,AL Phehlukwayo,4,0,,,,,,"",""
ball,2,37.1,Bangladesh,Rubel Hossain,Liton Das,KA Maharaj,0,0,,,,,,"",""
ball,2,37.2,Bangladesh,Rubel Hossain,Liton Das,KA Maharaj,0,0,,,,,,"",""
ball,2,37.3,Bangladesh,Rubel Hossain,Liton Das,KA Maharaj,0,0,,,,,,"",""
ball,2,37.4,Bangladesh,Rubel Hossain,Liton Das,KA Maharaj,0,0,,,,,,"",""
ball,2,37.5,Bangladesh,Rubel Hossain,Liton Das,KA Maharaj,0,0,,,,,,"",""
ball,2,37.6,Bangladesh,Rubel Hossain,Liton Das,KA Maharaj,0,0,,,,,,"",""
ball,2,38.1,Bangladesh,Liton Das,Rubel Hossain,K Rabada,0,0,,,,,,"",""
ball,2,38.2,Bangladesh,Liton Das,Rubel Hossain,K Rabada,0,0,,,,,,"",""
ball,2,38.3,Bangladesh,Liton Das,Rubel Hossain,K Rabada,0,0,,,,,,"",""
ball,2,38.4,Bangladesh,Liton Das,Rubel Hossain,K Rabada,0,0,,,,,,"",""
ball,2,38.5,Bangladesh,Liton Das,Rubel Hossain,K Rabada,0,0,,,,,,"",""
ball,2,38.6,Bangladesh,Liton Das,Rubel Hossain,K Rabada,0,0,,,,,,caught,Liton Das
ball,2,39.1,Bangladesh,Mustafizur Rahman,Rubel Hossain,KA Maharaj,0,0,,,,,,"",""
ball,2,39.2,Bangladesh,Mustafizur Rahman,Rubel Hossain,KA Maharaj,0,0,,,,,,"",""
ball,2,39.3,Bangladesh,Mustafizur Rahman,Rubel Hossain,KA Maharaj,0,0,,,,,,caught,Mustafizur Rahman
ball,2,39.4,Bangladesh,Subashis Roy,Rubel Hossain,KA Maharaj,0,0,,,,,,"",""
ball,2,39.5,Bangladesh,Subashis Roy,Rubel Hossain,KA Maharaj,0,0,,,,,,"",""
ball,2,39.6,Bangladesh,Subashis Roy,Rubel Hossain,KA Maharaj,2,0,,,,,,"",""
ball,2,40.1,Bangladesh,Rubel Hossain,Subashis Roy,K Rabada,0,0,,,,,,"",""
ball,2,40.2,Bangladesh,Rubel Hossain,Subashis Roy,K Rabada,0,0,,,,,,"",""
ball,2,40.3,Bangladesh,Rubel Hossain,Subashis Roy,K Rabada,0,0,,,,,,"",""
ball,2,40.4,Bangladesh,Rubel Hossain,Subashis Roy,K Rabada,0,0,,,,,,"",""
ball,2,40.5,Bangladesh,Rubel Hossain,Subashis Roy,K Rabada,2,0,,,,,,"",""
ball,2,40.6,Bangladesh,Rubel Hossain,Subashis Roy,K Rabada,0,0,,,,,,"",""
ball,2,41.1,Bangladesh,Subashis Roy,Rubel Hossain,KA Maharaj,0,0,,,,,,"",""
ball,2,41.2,Bangladesh,Subashis Roy,Rubel Hossain,KA Maharaj,0,0,,,,,,"",""
ball,2,41.3,Bangladesh,Subashis Roy,Rubel Hossain,KA Maharaj,0,0,,,,,,"",""
ball,2,41.4,Bangladesh,Subashis Roy,Rubel Hossain,KA Maharaj,0,0,,,,,,"",""
ball,2,41.5,Bangladesh,Subashis Roy,Rubel Hossain,KA Maharaj,0,0,,,,,,"",""
ball,2,41.6,Bangladesh,Subashis Roy,Rubel Hossain,KA Maharaj,0,0,,,,,,"",""
ball,2,42.1,Bangladesh,Rubel Hossain,Subashis Roy,K Rabada,0,0,,,,,,"",""
ball,2,42.2,Bangladesh,Rubel Hossain,Subashis Roy,K Rabada,0,0,,,,,,"",""
ball,2,42.3,Bangladesh,Rubel Hossain,Subashis Roy,K Rabada,0,0,,,,,,"",""
ball,2,42.4,Bangladesh,Rubel Hossain,Subashis Roy,K Rabada,0,0,,,,,,"",""
ball,2,42.5,Bangladesh,Rubel Hossain,Subashis Roy,K Rabada,0,0,,,,,,bowled,Rubel Hossain
ball,3,0.1,Bangladesh,Imrul Kayes,Soumya Sarkar,K Rabada,0,0,,,,,,"",""
ball,3,0.2,Bangladesh,Imrul Kayes,Soumya Sarkar,K Rabada,0,0,,,,,,"",""
ball,3,0.3,Bangladesh,Imrul Kayes,Soumya Sarkar,K Rabada,2,0,,,,,,"",""
ball,3,0.4,Bangladesh,Imrul Kayes,Soumya Sarkar,K Rabada,0,0,,,,,,"",""
ball,3,0.5,Bangladesh,Imrul Kayes,Soumya Sarkar,K Rabada,4,0,,,,,,"",""
ball,3,0.6,Bangladesh,Imrul Kayes,Soumya Sarkar,K Rabada,0,0,,,,,,"",""
ball,3,1.1,Bangladesh,Soumya Sarkar,Imrul Kayes,D Olivier,1,0,,,,,,"",""
ball,3,1.2,Bangladesh,Imrul Kayes,Soumya Sarkar,D Olivier,0,0,,,,,,"",""
ball,3,1.3,Bangladesh,Imrul Kayes,Soumya Sarkar,D Olivier,0,0,,,,,,"",""
ball,3,1.4,Bangladesh,Imrul Kayes,Soumya Sarkar,D Olivier,0,0,,,,,,"",""
ball,3,1.5,Bangladesh,Imrul Kayes,Soumya Sarkar,D Olivier,4,0,,,,,,"",""
ball,3,1.6,Bangladesh,Imrul Kayes,Soumya Sarkar,D Olivier,0,0,,,,,,"",""
ball,3,2.1,Bangladesh,Soumya Sarkar,Imrul Kayes,K Rabada,0,0,,,,,,"",""
ball,3,2.2,Bangladesh,Soumya Sarkar,Imrul Kayes,K Rabada,1,0,,,,,,"",""
ball,3,2.3,Bangladesh,Imrul Kayes,Soumya Sarkar,K Rabada,0,0,,,,,,"",""
ball,3,2.4,Bangladesh,Imrul Kayes,Soumya Sarkar,K Rabada,0,0,,,,,,"",""
ball,3,2.5,Bangladesh,Imrul Kayes,Soumya Sarkar,K Rabada,0,0,,,,,,"",""
ball,3,2.6,Bangladesh,Imrul Kayes,Soumya Sarkar,K Rabada,0,0,,,,,,"",""
ball,3,3.1,Bangladesh,Soumya Sarkar,Imrul Kayes,D Olivier,0,0,,,,,,"",""
ball,3,3.2,Bangladesh,Soumya Sarkar,Imrul Kayes,D Olivier,0,0,,,,,,"",""
ball,3,3.3,Bangladesh,Soumya Sarkar,Imrul Kayes,D Olivier,1,0,,,,,,"",""
ball,3,3.4,Bangladesh,Imrul Kayes,Soumya Sarkar,D Olivier,0,0,,,,,,"",""
ball,3,3.5,Bangladesh,Imrul Kayes,Soumya Sarkar,D Olivier,0,0,,,,,,"",""
ball,3,3.6,Bangladesh,Imrul Kayes,Soumya Sarkar,D Olivier,0,0,,,,,,"",""
ball,3,4.1,Bangladesh,Soumya Sarkar,Imrul Kayes,K Rabada,0,0,,,,,,"",""
ball,3,4.2,Bangladesh,Soumya Sarkar,Imrul Kayes,K Rabada,0,0,,,,,,caught,Soumya Sarkar
ball,3,4.3,Bangladesh,Mominul Haque,Imrul Kayes,K Rabada,2,0,,,,,,"",""
ball,3,4.4,Bangladesh,Mominul Haque,Imrul Kayes,K Rabada,0,0,,,,,,"",""
ball,3,4.5,Bangladesh,Mominul Haque,Imrul Kayes,K Rabada,0,0,,,,,,"",""
ball,3,4.6,Bangladesh,Mominul Haque,Imrul Kayes,K Rabada,2,0,,,,,,"",""
ball,3,5.1,Bangladesh,Imrul Kayes,Mominul Haque,D Olivier,0,0,,,,,,"",""
ball,3,5.2,Bangladesh,Imrul Kayes,Mominul Haque,D Olivier,0,0,,,,,,"",""
ball,3,5.3,Bangladesh,Imrul Kayes,Mominul Haque,D Olivier,0,0,,,,,,"",""
ball,3,5.4,Bangladesh,Imrul Kayes,Mominul Haque,D Olivier,1,0,,,,,,"",""
ball,3,5.5,Bangladesh,Mominul Haque,Imrul Kayes,D Olivier,0,0,,,,,,"",""
ball,3,5.6,Bangladesh,Mominul Haque,Imrul Kayes,D Olivier,4,0,,,,,,"",""
ball,3,6.1,Bangladesh,Imrul Kayes,Mominul Haque,K Rabada,0,0,,,,,,"",""
ball,3,6.2,Bangladesh,Imrul Kayes,Mominul Haque,K Rabada,0,0,,,,,,"",""
ball,3,6.3,Bangladesh,Imrul Kayes,Mominul Haque,K Rabada,0,0,,,,,,"",""
ball,3,6.4,Bangladesh,Imrul Kayes,Mominul Haque,K Rabada,0,0,,,,,,"",""
ball,3,6.5,Bangladesh,Imrul Kayes,Mominul Haque,K Rabada,0,0,,,,,,"",""
ball,3,6.6,Bangladesh,Imrul Kayes,Mominul Haque,K Rabada,0,0,,,,,,"",""
ball,3,7.1,Bangladesh,Mominul Haque,Imrul Kayes,D Olivier,0,0,,,,,,"",""
ball,3,7.2,Bangladesh,Mominul Haque,Imrul Kayes,D Olivier,1,0,,,,,,"",""
ball,3,7.3,Bangladesh,Imrul Kayes,Mominul Haque,D Olivier,0,0,,,,,,"",""
ball,3,7.4,Bangladesh,Imrul Kayes,Mominul Haque,D Olivier,0,0,,,,,,"",""
ball,3,7.5,Bangladesh,Imrul Kayes,Mominul Haque,D Olivier,0,0,,,,,,"",""
ball,3,7.6,Bangladesh,Imrul Kayes,Mominul Haque,D Olivier,0,0,,,,,,"",""
ball,3,8.1,Bangladesh,Mominul Haque,Imrul Kayes,K Rabada,0,0,,,,,,"",""
ball,3,8.2,Bangladesh,Mominul Haque,Imrul Kayes,K Rabada,0,0,,,,,,"",""
ball,3,8.3,Bangladesh,Mominul Haque,Imrul Kayes,K Rabada,0,4,,,,4,,"",""
ball,3,8.4,Bangladesh,Mominul Haque,Imrul Kayes,K Rabada,2,0,,,,,,"",""
ball,3,8.5,Bangladesh,Mominul Haque,Imrul Kayes,K Rabada,0,0,,,,,,caught,Mominul Haque
ball,3,8.6,Bangladesh,Mushfiqur Rahim,Imrul Kayes,K Rabada,0,0,,,,,,"",""
ball,3,9.1,Bangladesh,Imrul Kayes,Mushfiqur Rahim,D Olivier,0,1,,,,1,,"",""
ball,3,9.2,Bangladesh,Mushfiqur Rahim,Imrul Kayes,D Olivier,5,0,,,,,,"",""
ball,3,9.3,Bangladesh,Imrul Kayes,Mushfiqur Rahim,D Olivier,4,0,,,,,,"",""
ball,3,9.4,Bangladesh,Imrul Kayes,Mushfiqur Rahim,D Olivier,0,0,,,,,,"",""
ball,3,9.5,Bangladesh,Imrul Kayes,Mushfiqur Rahim,D Olivier,0,0,,,,,,"",""
ball,3,9.6,Bangladesh,Imrul Kayes,Mushfiqur Rahim,D Olivier,1,0,,,,,,"",""
ball,3,10.1,Bangladesh,Imrul Kayes,Mushfiqur Rahim,K Rabada,1,0,,,,,,"",""
ball,3,10.2,Bangladesh,Mushfiqur Rahim,Imrul Kayes,K Rabada,0,0,,,,,,"",""
ball,3,10.3,Bangladesh,Mushfiqur Rahim,Imrul Kayes,K Rabada,4,0,,,,,,"",""
ball,3,10.4,Bangladesh,Mushfiqur Rahim,Imrul Kayes,K Rabada,0,0,,,,,,"",""
ball,3,10.5,Bangladesh,Mushfiqur Rahim,Imrul Kayes,K Rabada,0,0,,,,,,"",""
ball,3,10.6,Bangladesh,Mushfiqur Rahim,Imrul Kayes,K Rabada,0,0,,,,,,"",""
ball,3,11.1,Bangladesh,Imrul Kayes,Mushfiqur Rahim,D Olivier,0,0,,,,,,"",""
ball,3,11.2,Bangladesh,Imrul Kayes,Mushfiqur Rahim,D Olivier,0,0,,,,,,"",""
ball,3,11.3,Bangladesh,Imrul Kayes,Mushfiqur Rahim,D Olivier,4,0,,,,,,"",""
ball,3,11.4,Bangladesh,Imrul Kayes,Mushfiqur Rahim,D Olivier,0,0,,,,,,"",""
ball,3,11.5,Bangladesh,Imrul Kayes,Mushfiqur Rahim,D Olivier,0,0,,,,,,"",""
ball,3,11.6,Bangladesh,Imrul Kayes,Mushfiqur Rahim,D Olivier,0,0,,,,,,"",""
ball,3,12.1,Bangladesh,Mushfiqur Rahim,Imrul Kayes,KA Maharaj,0,0,,,,,,"",""
ball,3,12.2,Bangladesh,Mushfiqur Rahim,Imrul Kayes,KA Maharaj,2,0,,,,,,"",""
ball,3,12.3,Bangladesh,Mushfiqur Rahim,Imrul Kayes,KA Maharaj,0,0,,,,,,"",""
ball,3,12.4,Bangladesh,Mushfiqur Rahim,Imrul Kayes,KA Maharaj,0,0,,,,,,"",""
ball,3,12.5,Bangladesh,Mushfiqur Rahim,Imrul Kayes,KA Maharaj,0,0,,,,,,"",""
ball,3,12.6,Bangladesh,Mushfiqur Rahim,Imrul Kayes,KA Maharaj,0,0,,,,,,"",""
ball,3,13.1,Bangladesh,Imrul Kayes,Mushfiqur Rahim,D Olivier,1,0,,,,,,"",""
ball,3,13.2,Bangladesh,Mushfiqur Rahim,Imrul Kayes,D Olivier,0,0,,,,,,"",""
ball,3,13.3,Bangladesh,Mushfiqur Rahim,Imrul Kayes,D Olivier,0,0,,,,,,"",""
ball,3,13.4,Bangladesh,Mushfiqur Rahim,Imrul Kayes,D Olivier,0,0,,,,,,"",""
ball,3,13.5,Bangladesh,Mushfiqur Rahim,Imrul Kayes,D Olivier,0,0,,,,,,"",""
ball,3,13.6,Bangladesh,Mushfiqur Rahim,Imrul Kayes,D Olivier,0,0,,,,,,"",""
ball,3,14.1,Bangladesh,Imrul Kayes,Mushfiqur Rahim,KA Maharaj,6,0,,,,,,"",""
ball,3,14.2,Bangladesh,Imrul Kayes,Mushfiqur Rahim,KA Maharaj,0,0,,,,,,"",""
ball,3,14.3,Bangladesh,Imrul Kayes,Mushfiqur Rahim,KA Maharaj,0,0,,,,,,"",""
ball,3,14.4,Bangladesh,Imrul Kayes,Mushfiqur Rahim,KA Maharaj,4,0,,,,,,"",""
ball,3,14.5,Bangladesh,Imrul Kayes,Mushfiqur Rahim,KA Maharaj,0,0,,,,,,"",""
ball,3,14.6,Bangladesh,Imrul Kayes,Mushfiqur Rahim,KA Maharaj,0,0,,,,,,"",""
ball,3,15.1,Bangladesh,Mushfiqur Rahim,Imrul Kayes,D Olivier,1,0,,,,,,"",""
ball,3,15.2,Bangladesh,Imrul Kayes,Mushfiqur Rahim,D Olivier,0,0,,,,,,"",""
ball,3,15.3,Bangladesh,Imrul Kayes,Mushfiqur Rahim,D Olivier,0,0,,,,,,caught,Imrul Kayes
ball,3,15.4,Bangladesh,Mahmudullah,Mushfiqur Rahim,D Olivier,0,0,,,,,,"",""
ball,3,15.5,Bangladesh,Mahmudullah,Mushfiqur Rahim,D Olivier,0,0,,,,,,"",""
ball,3,15.6,Bangladesh,Mahmudullah,Mushfiqur Rahim,D Olivier,0,0,,,,,,"",""
ball,3,16.1,Bangladesh,Mushfiqur Rahim,Mahmudullah,KA Maharaj,0,0,,,,,,"",""
ball,3,16.2,Bangladesh,Mushfiqur Rahim,Mahmudullah,KA Maharaj,0,0,,,,,,"",""
ball,3,16.3,Bangladesh,Mushfiqur Rahim,Mahmudullah,KA Maharaj,0,0,,,,,,"",""
ball,3,16.4,Bangladesh,Mushfiqur Rahim,Mahmudullah,KA Maharaj,4,0,,,,,,"",""
ball,3,16.5,Bangladesh,Mushfiqur Rahim,Mahmudullah,KA Maharaj,0,0,,,,,,"",""
ball,3,16.6,Bangladesh,Mushfiqur Rahim,Mahmudullah,KA Maharaj,4,0,,,,,,"",""
ball,3,17.1,Bangladesh,Mahmudullah,Mushfiqur Rahim,D Olivier,0,1,,,,1,,"",""
ball,3,17.2,Bangladesh,Mushfiqur Rahim,Mahmudullah,D Olivier,0,0,,,,,,"",""
ball,3,17.3,Bangladesh,Mushfiqur Rahim,Mahmudullah,D Olivier,0,0,,,,,,"",""
ball,3,17.4,Bangladesh,Mushfiqur Rahim,Mahmudullah,D Olivier,0,0,,,,,,"",""
ball,3,17.5,Bangladesh,Mushfiqur Rahim,Mahmudullah,D Olivier,0,0,,,,,,"",""
ball,3,17.6,Bangladesh,Mushfiqur Rahim,Mahmudullah,D Olivier,0,0,,,,,,"",""
ball,3,18.1,Bangladesh,Mahmudullah,Mushfiqur Rahim,KA Maharaj,0,0,,,,,,"",""
ball,3,18.2,Bangladesh,Mahmudullah,Mushfiqur Rahim,KA Maharaj,0,0,,,,,,"",""
ball,3,18.3,Bangladesh,Mahmudullah,Mushfiqur Rahim,KA Maharaj,0,0,,,,,,"",""
ball,3,18.4,Bangladesh,Mahmudullah,Mushfiqur Rahim,KA Maharaj,0,0,,,,,,"",""
ball,3,18.5,Bangladesh,Mahmudullah,Mushfiqur Rahim,KA Maharaj,0,0,,,,,,"",""
ball,3,18.6,Bangladesh,Mahmudullah,Mushfiqur Rahim,KA Maharaj,0,0,,,,,,"",""
ball,3,19.1,Bangladesh,Mushfiqur Rahim,Mahmudullah,D Olivier,0,0,,,,,,"",""
ball,3,19.2,Bangladesh,Mushfiqur Rahim,Mahmudullah,D Olivier,3,0,,,,,,"",""
ball,3,19.3,Bangladesh,Mahmudullah,Mushfiqur Rahim,D Olivier,0,0,,,,,,"",""
ball,3,19.4,Bangladesh,Mahmudullah,Mushfiqur Rahim,D Olivier,0,0,,,,,,"",""
ball,3,19.5,Bangladesh,Mahmudullah,Mushfiqur Rahim,D Olivier,0,0,,,,,,"",""
ball,3,19.6,Bangladesh,Mahmudullah,Mushfiqur Rahim,D Olivier,0,0,,,,,,"",""
ball,3,20.1,Bangladesh,Mushfiqur Rahim,Mahmudullah,KA Maharaj,2,0,,,,,,"",""
ball,3,20.2,Bangladesh,Mushfiqur Rahim,Mahmudullah,KA Maharaj,0,0,,,,,,"",""
ball,3,20.3,Bangladesh,Mushfiqur Rahim,Mahmudullah,KA Maharaj,0,0,,,,,,"",""
ball,3,20.4,Bangladesh,Mushfiqur Rahim,Mahmudullah,KA Maharaj,0,0,,,,,,"",""
ball,3,20.5,Bangladesh,Mushfiqur Rahim,Mahmudullah,KA Maharaj,0,0,,,,,,"",""
ball,3,20.6,Bangladesh,Mushfiqur Rahim,Mahmudullah,KA Maharaj,0,0,,,,,,"",""
ball,3,21.1,Bangladesh,Mahmudullah,Mushfiqur Rahim,WD Parnell,0,0,,,,,,"",""
ball,3,21.2,Bangladesh,Mahmudullah,Mushfiqur Rahim,WD Parnell,4,0,,,,,,"",""
ball,3,21.3,Bangladesh,Mahmudullah,Mushfiqur Rahim,WD Parnell,2,0,,,,,,"",""
ball,3,21.4,Bangladesh,Mahmudullah,Mushfiqur Rahim,WD Parnell,0,0,,,,,,"",""
ball,3,21.5,Bangladesh,Mahmudullah,Mushfiqur Rahim,WD Parnell,0,0,,,,,,"",""
ball,3,21.6,Bangladesh,Mahmudullah,Mushfiqur Rahim,WD Parnell,1,0,,,,,,"",""
ball,3,22.1,Bangladesh,Mahmudullah,Mushfiqur Rahim,KA Maharaj,1,0,,,,,,"",""
ball,3,22.2,Bangladesh,Mushfiqur Rahim,Mahmudullah,KA Maharaj,0,0,,,,,,"",""
ball,3,22.3,Bangladesh,Mushfiqur Rahim,Mahmudullah,KA Maharaj,0,0,,,,,,"",""
ball,3,22.4,Bangladesh,Mushfiqur Rahim,Mahmudullah,KA Maharaj,1,0,,,,,,"",""
ball,3,22.5,Bangladesh,Mahmudullah,Mushfiqur Rahim,KA Maharaj,0,0,,,,,,"",""
ball,3,22.6,Bangladesh,Mahmudullah,Mushfiqur Rahim,KA Maharaj,6,0,,,,,,"",""
ball,3,23.1,Bangladesh,Mushfiqur Rahim,Mahmudullah,WD Parnell,0,0,,,,,,"",""
ball,3,23.2,Bangladesh,Mushfiqur Rahim,Mahmudullah,WD Parnell,0,0,,,,,,"",""
ball,3,23.3,Bangladesh,Mushfiqur Rahim,Mahmudullah,WD Parnell,0,0,,,,,,"",""
ball,3,23.4,Bangladesh,Mushfiqur Rahim,Mahmudullah,WD Parnell,0,0,,,,,,lbw,Mushfiqur Rahim
ball,3,23.5,Bangladesh,Liton Das,Mahmudullah,WD Parnell,1,0,,,,,,"",""
ball,3,23.6,Bangladesh,Mahmudullah,Liton Das,WD Parnell,1,0,,,,,,"",""
ball,3,24.1,Bangladesh,Mahmudullah,Liton Das,AL Phehlukwayo,4,0,,,,,,"",""
ball,3,24.2,Bangladesh,Mahmudullah,Liton Das,AL Phehlukwayo,0,0,,,,,,"",""
ball,3,24.3,Bangladesh,Mahmudullah,Liton Das,AL Phehlukwayo,0,0,,,,,,"",""
ball,3,24.4,Bangladesh,Mahmudullah,Liton Das,AL Phehlukwayo,0,0,,,,,,"",""
ball,3,24.5,Bangladesh,Mahmudullah,Liton Das,AL Phehlukwayo,0,0,,,,,,"",""
ball,3,24.6,Bangladesh,Mahmudullah,Liton Das,AL Phehlukwayo,0,0,,,,,,"",""
ball,3,25.1,Bangladesh,Liton Das,Mahmudullah,WD Parnell,0,0,,,,,,"",""
ball,3,25.2,Bangladesh,Liton Das,Mahmudullah,WD Parnell,4,0,,,,,,"",""
ball,3,25.3,Bangladesh,Liton Das,Mahmudullah,WD Parnell,1,0,,,,,,"",""
ball,3,25.4,Bangladesh,Mahmudullah,Liton Das,WD Parnell,0,0,,,,,,"",""
ball,3,25.5,Bangladesh,Mahmudullah,Liton Das,WD Parnell,0,0,,,,,,"",""
ball,3,25.6,Bangladesh,Mahmudullah,Liton Das,WD Parnell,0,0,,,,,,"",""
ball,3,26.1,Bangladesh,Liton Das,Mahmudullah,AL Phehlukwayo,0,0,,,,,,"",""
ball,3,26.2,Bangladesh,Liton Das,Mahmudullah,AL Phehlukwayo,0,0,,,,,,"",""
ball,3,26.3,Bangladesh,Liton Das,Mahmudullah,AL Phehlukwayo,0,0,,,,,,"",""
ball,3,26.4,Bangladesh,Liton Das,Mahmudullah,AL Phehlukwayo,0,0,,,,,,"",""
ball,3,26.5,Bangladesh,Liton Das,Mahmudullah,AL Phehlukwayo,4,0,,,,,,"",""
ball,3,26.6,Bangladesh,Liton Das,Mahmudullah,AL Phehlukwayo,4,0,,,,,,"",""
ball,3,27.1,Bangladesh,Mahmudullah,Liton Das,WD Parnell,0,0,,,,,,"",""
ball,3,27.2,Bangladesh,Mahmudullah,Liton Das,WD Parnell,4,0,,,,,,"",""
ball,3,27.3,Bangladesh,Mahmudullah,Liton Das,WD Parnell,0,0,,,,,,"",""
ball,3,27.4,Bangladesh,Mahmudullah,Liton Das,WD Parnell,0,0,,,,,,"",""
ball,3,27.5,Bangladesh,Mahmudullah,Liton Das,WD Parnell,4,0,,,,,,"",""
ball,3,27.6,Bangladesh,Mahmudullah,Liton Das,WD Parnell,0,0,,,,,,"",""
ball,3,28.1,Bangladesh,Liton Das,Mahmudullah,AL Phehlukwayo,0,0,,,,,,"",""
ball,3,28.2,Bangladesh,Liton Das,Mahmudullah,AL Phehlukwayo,0,0,,,,,,"",""
ball,3,28.3,Bangladesh,Liton Das,Mahmudullah,AL Phehlukwayo,0,0,,,,,,"",""
ball,3,28.4,Bangladesh,Liton Das,Mahmudullah,AL Phehlukwayo,0,0,,,,,,"",""
ball,3,28.5,Bangladesh,Liton Das,Mahmudullah,AL Phehlukwayo,0,0,,,,,,"",""
ball,3,28.6,Bangladesh,Liton Das,Mahmudullah,AL Phehlukwayo,0,0,,,,,,"",""
ball,3,29.1,Bangladesh,Mahmudullah,Liton Das,WD Parnell,0,0,,,,,,"",""
ball,3,29.2,Bangladesh,Mahmudullah,Liton Das,WD Parnell,4,0,,,,,,"",""
ball,3,29.3,Bangladesh,Mahmudullah,Liton Das,WD Parnell,1,0,,,,,,"",""
ball,3,29.4,Bangladesh,Liton Das,Mahmudullah,WD Parnell,4,0,,,,,,"",""
ball,3,29.5,Bangladesh,Liton Das,Mahmudullah,WD Parnell,0,0,,,,,,"",""
ball,3,29.6,Bangladesh,Liton Das,Mahmudullah,WD Parnell,0,0,,,,,,"",""
ball,3,30.1,Bangladesh,Mahmudullah,Liton Das,AL Phehlukwayo,0,0,,,,,,"",""
ball,3,30.2,Bangladesh,Mahmudullah,Liton Das,AL Phehlukwayo,0,0,,,,,,"",""
ball,3,30.3,Bangladesh,Mahmudullah,Liton Das,AL Phehlukwayo,4,0,,,,,,"",""
ball,3,30.4,Bangladesh,Mahmudullah,Liton Das,AL Phehlukwayo,0,0,,,,,,"",""
ball,3,30.5,Bangladesh,Mahmudullah,Liton Das,AL Phehlukwayo,1,0,,,,,,"",""
ball,3,30.6,Bangladesh,Liton Das,Mahmudullah,AL Phehlukwayo,0,0,,,,,,"",""
ball,3,31.1,Bangladesh,Mahmudullah,Liton Das,K Rabada,0,0,,,,,,"",""
ball,3,31.2,Bangladesh,Mahmudullah,Liton Das,K Rabada,0,0,,,,,,"",""
ball,3,31.3,Bangladesh,Mahmudullah,Liton Das,K Rabada,0,0,,,,,,"",""
ball,3,31.4,Bangladesh,Mahmudullah,Liton Das,K Rabada,2,0,,,,,,"",""
ball,3,31.5,Bangladesh,Mahmudullah,Liton Das,K Rabada,0,0,,,,,,"",""
ball,3,31.6,Bangladesh,Mahmudullah,Liton Das,K Rabada,0,0,,,,,,"",""
ball,3,32.1,Bangladesh,Liton Das,Mahmudullah,AL Phehlukwayo,0,0,,,,,,"",""
ball,3,32.2,Bangladesh,Liton Das,Mahmudullah,AL Phehlukwayo,0,0,,,,,,"",""
ball,3,32.3,Bangladesh,Liton Das,Mahmudullah,AL Phehlukwayo,0,0,,,,,,"",""
ball,3,32.4,Bangladesh,Liton Das,Mahmudullah,AL Phehlukwayo,0,0,,,,,,"",""
ball,3,32.5,Bangladesh,Liton Das,Mahmudullah,AL Phehlukwayo,0,0,,,,,,bowled,Liton Das
ball,3,32.6,Bangladesh,Sabbir Rahman,Mahmudullah,AL Phehlukwayo,0,0,,,,,,"",""
ball,3,33.1,Bangladesh,Mahmudullah,Sabbir Rahman,K Rabada,0,0,,,,,,"",""
ball,3,33.2,Bangladesh,Mahmudullah,Sabbir Rahman,K Rabada,4,0,,,,,,"",""
ball,3,33.3,Bangladesh,Mahmudullah,Sabbir Rahman,K Rabada,0,0,,,,,,"",""
ball,3,33.4,Bangladesh,Mahmudullah,Sabbir Rahman,K Rabada,0,0,,,,,,"",""
ball,3,33.5,Bangladesh,Mahmudullah,Sabbir Rahman,K Rabada,0,0,,,,,,"",""
ball,3,33.6,Bangladesh,Mahmudullah,Sabbir Rahman,K Rabada,0,0,,,,,,caught,Mahmudullah
ball,3,34.1,Bangladesh,Sabbir Rahman,Taijul Islam,AL Phehlukwayo,0,0,,,,,,"",""
ball,3,34.2,Bangladesh,Sabbir Rahman,Taijul Islam,AL Phehlukwayo,0,0,,,,,,"",""
ball,3,34.3,Bangladesh,Sabbir Rahman,Taijul Islam,AL Phehlukwayo,0,0,,,,,,"",""
ball,3,34.4,Bangladesh,Sabbir Rahman,Taijul Islam,AL Phehlukwayo,4,0,,,,,,"",""
ball,3,34.5,Bangladesh,Sabbir Rahman,Taijul Islam,AL Phehlukwayo,0,0,,,,,,"",""
ball,3,34.6,Bangladesh,Sabbir Rahman,Taijul Islam,AL Phehlukwayo,0,0,,,,,,"",""
ball,3,35.1,Bangladesh,Taijul Islam,Sabbir Rahman,K Rabada,0,0,,,,,,"",""
ball,3,35.2,Bangladesh,Taijul Islam,Sabbir Rahman,K Rabada,0,0,,,,,,"",""
ball,3,35.3,Bangladesh,Taijul Islam,Sabbir Rahman,K Rabada,0,0,,,,,,"",""
ball,3,35.4,Bangladesh,Taijul Islam,Sabbir Rahman,K Rabada,0,0,,,,,,"",""
ball,3,35.5,Bangladesh,Taijul Islam,Sabbir Rahman,K Rabada,1,0,,,,,,"",""
ball,3,35.6,Bangladesh,Sabbir Rahman,Taijul Islam,K Rabada,0,0,,,,,,"",""
ball,3,36.1,Bangladesh,Taijul Islam,Sabbir Rahman,AL Phehlukwayo,0,0,,,,,,"",""
ball,3,36.2,Bangladesh,Taijul Islam,Sabbir Rahman,AL Phehlukwayo,1,0,,,,,,"",""
ball,3,36.3,Bangladesh,Sabbir Rahman,Taijul Islam,AL Phehlukwayo,0,0,,,,,,"",""
ball,3,36.4,Bangladesh,Sabbir Rahman,Taijul Islam,AL Phehlukwayo,0,0,,,,,,"",""
ball,3,36.5,Bangladesh,Sabbir Rahman,Taijul Islam,AL Phehlukwayo,0,0,,,,,,"",""
ball,3,36.6,Bangladesh,Sabbir Rahman,Taijul Islam,AL Phehlukwayo,0,0,,,,,,caught,Sabbir Rahman
ball,3,37.1,Bangladesh,Taijul Islam,Rubel Hossain,K Rabada,0,0,,,,,,"",""
ball,3,37.2,Bangladesh,Taijul Islam,Rubel Hossain,K Rabada,0,0,,,,,,bowled,Taijul Islam
ball,3,37.3,Bangladesh,Subashis Roy,Rubel Hossain,K Rabada,0,0,,,,,,"",""
ball,3,37.4,Bangladesh,Subashis Roy,Rubel Hossain,K Rabada,0,0,,,,,,"",""
ball,3,37.5,Bangladesh,Subashis Roy,Rubel Hossain,K Rabada,0,0,,,,,,"",""
ball,3,37.6,Bangladesh,Subashis Roy,Rubel Hossain,K Rabada,4,0,,,,,,"",""
ball,3,38.1,Bangladesh,Rubel Hossain,Subashis Roy,AL Phehlukwayo,0,0,,,,,,"",""
ball,3,38.2,Bangladesh,Rubel Hossain,Subashis Roy,AL Phehlukwayo,0,0,,,,,,"",""
ball,3,38.3,Bangladesh,Rubel Hossain,Subashis Roy,AL Phehlukwayo,4,0,,,,,,"",""
ball,3,38.4,Bangladesh,Rubel Hossain,Subashis Roy,AL Phehlukwayo,0,0,,,,,,"",""
ball,3,38.5,Bangladesh,Rubel Hossain,Subashis Roy,AL Phehlukwayo,2,0,,,,,,"",""
ball,3,38.6,Bangladesh,Rubel Hossain,Subashis Roy,AL Phehlukwayo,1,0,,,,,,"",""
ball,3,39.1,Bangladesh,Rubel Hossain,Subashis Roy,K Rabada,0,0,,,,,,"",""
ball,3,39.2,Bangladesh,Rubel Hossain,Subashis Roy,K Rabada,0,0,,,,,,bowled,Rubel Hossain
ball,3,39.3,Bangladesh,Mustafizur Rahman,Subashis Roy,K Rabada,0,0,,,,,,"",""
ball,3,39.4,Bangladesh,Mustafizur Rahman,Subashis Roy,K Rabada,0,0,,,,,,"",""
ball,3,39.5,Bangladesh,Mustafizur Rahman,Subashis Roy,K Rabada,0,0,,,,,,"",""
ball,3,39.6,Bangladesh,Mustafizur Rahman,Subashis Roy,K Rabada,1,0,,,,,,"",""
ball,3,40.1,Bangladesh,Mustafizur Rahman,Subashis Roy,AL Phehlukwayo,0,0,,,,,,"",""
ball,3,40.2,Bangladesh,Mustafizur Rahman,Subashis Roy,AL Phehlukwayo,0,0,,,,,,"",""
ball,3,40.3,Bangladesh,Mustafizur Rahman,Subashis Roy,AL Phehlukwayo,0,0,,,,,,"",""
ball,3,40.4,Bangladesh,Mustafizur Rahman,Subashis Roy,AL Phehlukwayo,0,0,,,,,,"",""
ball,3,40.5,Bangladesh,Mustafizur Rahman,Subashis Roy,AL Phehlukwayo,6,0,,,,,,"",""
ball,3,40.6,Bangladesh,Mustafizur Rahman,Subashis Roy,AL Phehlukwayo,0,0,,,,,,"",""
ball,3,41.1,Bangladesh,Subashis Roy,Mustafizur Rahman,D Olivier,4,0,,,,,,"",""
ball,3,41.2,Bangladesh,Subashis Roy,Mustafizur Rahman,D Olivier,0,0,,,,,,"",""
ball,3,41.3,Bangladesh,Subashis Roy,Mustafizur Rahman,D Olivier,4,0,,,,,,"",""
ball,3,41.4,Bangladesh,Subashis Roy,Mustafizur Rahman,D Olivier,0,0,,,,,,"",""
ball,3,41.5,Bangladesh,Subashis Roy,Mustafizur Rahman,D Olivier,0,0,,,,,,"",""
ball,3,41.6,Bangladesh,Subashis Roy,Mustafizur Rahman,D Olivier,0,0,,,,,,"",""
ball,3,42.1,Bangladesh,Mustafizur Rahman,Subashis Roy,AL Phehlukwayo,0,0,,,,,,"",""
ball,3,42.2,Bangladesh,Mustafizur Rahman,Subashis Roy,AL Phehlukwayo,0,1,,1,,,,"",""
ball,3,42.3,Bangladesh,Mustafizur Rahman,Subashis Roy,AL Phehlukwayo,0,0,,,,,,"",""
ball,3,42.4,Bangladesh,Mustafizur Rahman,Subashis Roy,AL Phehlukwayo,0,0,,,,,,"",""
ball,3,42.5,Bangladesh,Mustafizur Rahman,Subashis Roy,AL Phehlukwayo,0,0,,,,,,bowled,Mustafizur Rahman
