version,1.6.0
info,balls_per_over,6
info,team,Karachi Kings
info,team,Peshawar Zalmi
info,gender,male
info,season,2016/17
info,date,2017/02/10
info,event,Pakistan Super League
info,match_number,3
info,venue,Dubai International Cricket Stadium
info,city,
info,neutralvenue,true
info,toss_winner,Peshawar Zalmi
info,toss_decision,field
info,player_of_match,EJG Morgan
info,umpire,Ahmed Shahab
info,umpire,Ahsan Raza
info,reserve_umpire,Shozab Raza
info,tv_umpire,Asif Yaqoob
info,match_referee,RS Mahanama
info,winner,Peshawar Zalmi
info,winner_wickets,7
info,player,Karachi Kings,Shahzaib Hasan
info,player,Karachi Kings,CH Gayle
info,player,Karachi Kings,Babar Azam
info,player,Karachi Kings,KC Sangakkara
info,player,Karachi Kings,Shoaib Malik
info,player,Karachi Kings,RS Bopara
info,player,Karachi Kings,KA Pollard
info,player,Karachi Kings,Imad Wasim
info,player,Karachi Kings,Mohammad Amir
info,player,Karachi Kings,Sohail Khan
info,player,Karachi Kings,Abrar Ahmed
info,player,Peshawar Zalmi,Mohammad Hafeez
info,player,Peshawar Zalmi,DJ Malan
info,player,Peshawar Zalmi,Kamran Akmal
info,player,Peshawar Zalmi,EJG Morgan
info,player,Peshawar Zalmi,Haris Sohail
info,player,Peshawar Zalmi,DJG Sammy
info,player,Peshawar Zalmi,Shahid Afridi
info,player,Peshawar Zalmi,Mohammad Asghar
info,player,Peshawar Zalmi,Wahab Riaz
info,player,Peshawar Zalmi,CJ Jordan
info,player,Peshawar Zalmi,Hasan Ali
info,registry,people,Abrar Ahmed,abb7c76c
info,registry,people,Ahmed Shahab,86a1918c
info,registry,people,Ahsan Raza,e0e5b209
info,registry,people,Asif Yaqoob,6b35790c
info,registry,people,Babar Azam,8a75e999
info,registry,people,CH Gayle,db584dad
info,registry,people,CJ Jordan,ffe699c0
info,registry,people,DJ Malan,ad9c32a2
info,registry,people,DJG Sammy,c03c6200
info,registry,people,EJG Morgan,d2a6c0e6
info,registry,people,Haris Sohail,7cd0a092
info,registry,people,Hasan Ali,2911de16
info,registry,people,Imad Wasim,9cb8d7a6
info,registry,people,KA Pollard,a757b0d8
info,registry,people,KC Sangakkara,6b71e6cf
info,registry,people,Kamran Akmal,ff077124
info,registry,people,Mohammad Amir,e174dadd
info,registry,people,Mohammad Asghar,574665e2
info,registry,people,Mohammad Hafeez,9ab63e7b
info,registry,people,RS Bopara,7ca5e05d
info,registry,people,RS Mahanama,57910393
info,registry,people,Shahid Afridi,0dc00542
info,registry,people,Shahzaib Hasan,fd201eb4
info,registry,people,Shoaib Malik,64c34cd0
info,registry,people,Shozab Raza,153c67dc
info,registry,people,Sohail Khan,5af743d0
info,registry,people,Wahab Riaz,b3118300
ball,1,0.1,Karachi Kings,Shahzaib Hasan,CH Gayle,Mohammad Hafeez,0,0,,,,,,"",""
ball,1,0.2,Karachi Kings,Shahzaib Hasan,CH Gayle,Mohammad Hafeez,0,0,,,,,,"",""
ball,1,0.3,Karachi Kings,Shahzaib Hasan,CH Gayle,Mohammad Hafeez,0,0,,,,,,caught,Shahzaib Hasan
ball,1,0.4,Karachi Kings,CH Gayle,Babar Azam,Mohammad Hafeez,1,0,,,,,,"",""
ball,1,0.5,Karachi Kings,Babar Azam,CH Gayle,Mohammad Hafeez,0,0,,,,,,"",""
ball,1,0.6,Karachi Kings,Babar Azam,CH Gayle,Mohammad Hafeez,1,0,,,,,,"",""
ball,1,1.1,Karachi Kings,Babar Azam,CH Gayle,Hasan Ali,0,0,,,,,,"",""
ball,1,1.2,Karachi Kings,Babar Azam,CH Gayle,Hasan Ali,0,0,,,,,,"",""
ball,1,1.3,Karachi Kings,Babar Azam,CH Gayle,Hasan Ali,0,0,,,,,,caught,Babar Azam
ball,1,1.4,Karachi Kings,KC Sangakkara,CH Gayle,Hasan Ali,2,0,,,,,,"",""
ball,1,1.5,Karachi Kings,KC Sangakkara,CH Gayle,Hasan Ali,2,0,,,,,,"",""
ball,1,1.6,Karachi Kings,KC Sangakkara,CH Gayle,Hasan Ali,0,0,,,,,,"",""
ball,1,2.1,Karachi Kings,CH Gayle,KC Sangakkara,Mohammad Hafeez,0,0,,,,,,"",""
ball,1,2.2,Karachi Kings,CH Gayle,KC Sangakkara,Mohammad Hafeez,0,0,,,,,,"",""
ball,1,2.3,Karachi Kings,CH Gayle,KC Sangakkara,Mohammad Hafeez,1,0,,,,,,"",""
ball,1,2.4,Karachi Kings,KC Sangakkara,CH Gayle,Mohammad Hafeez,0,0,,,,,,"",""
ball,1,2.5,Karachi Kings,KC Sangakkara,CH Gayle,Mohammad Hafeez,1,0,,,,,,"",""
ball,1,2.6,Karachi Kings,CH Gayle,KC Sangakkara,Mohammad Hafeez,0,0,,,,,,"",""
ball,1,3.1,Karachi Kings,KC Sangakkara,CH Gayle,CJ Jordan,0,0,,,,,,caught,KC Sangakkara
ball,1,3.2,Karachi Kings,Shoaib Malik,CH Gayle,CJ Jordan,0,0,,,,,,"",""
ball,1,3.3,Karachi Kings,Shoaib Malik,CH Gayle,CJ Jordan,0,0,,,,,,"",""
ball,1,3.4,Karachi Kings,Shoaib Malik,CH Gayle,CJ Jordan,4,0,,,,,,"",""
ball,1,3.5,Karachi Kings,Shoaib Malik,CH Gayle,CJ Jordan,0,0,,,,,,"",""
ball,1,3.6,Karachi Kings,Shoaib Malik,CH Gayle,CJ Jordan,0,0,,,,,,"",""
ball,1,4.1,Karachi Kings,CH Gayle,Shoaib Malik,Mohammad Hafeez,0,0,,,,,,"",""
ball,1,4.2,Karachi Kings,CH Gayle,Shoaib Malik,Mohammad Hafeez,0,0,,,,,,"",""
ball,1,4.3,Karachi Kings,CH Gayle,Shoaib Malik,Mohammad Hafeez,0,0,,,,,,"",""
ball,1,4.4,Karachi Kings,CH Gayle,Shoaib Malik,Mohammad Hafeez,0,0,,,,,,lbw,CH Gayle
ball,1,4.5,Karachi Kings,RS Bopara,Shoaib Malik,Mohammad Hafeez,2,0,,,,,,"",""
ball,1,4.6,Karachi Kings,RS Bopara,Shoaib Malik,Mohammad Hafeez,1,0,,,,,,"",""
ball,1,5.1,Karachi Kings,RS Bopara,Shoaib Malik,Hasan Ali,2,0,,,,,,"",""
ball,1,5.2,Karachi Kings,RS Bopara,Shoaib Malik,Hasan Ali,4,0,,,,,,"",""
ball,1,5.3,Karachi Kings,RS Bopara,Shoaib Malik,Hasan Ali,4,0,,,,,,"",""
ball,1,5.4,Karachi Kings,RS Bopara,Shoaib Malik,Hasan Ali,1,0,,,,,,"",""
ball,1,5.5,Karachi Kings,Shoaib Malik,RS Bopara,Hasan Ali,1,0,,,,,,"",""
ball,1,5.6,Karachi Kings,RS Bopara,Shoaib Malik,Hasan Ali,1,0,,,,,,"",""
ball,1,6.1,Karachi Kings,RS Bopara,Shoaib Malik,Shahid Afridi,1,0,,,,,,"",""
ball,1,6.2,Karachi Kings,Shoaib Malik,RS Bopara,Shahid Afridi,1,0,,,,,,"",""
ball,1,6.3,Karachi Kings,RS Bopara,Shoaib Malik,Shahid Afridi,1,0,,,,,,"",""
ball,1,6.4,Karachi Kings,Shoaib Malik,RS Bopara,Shahid Afridi,0,0,,,,,,"",""
ball,1,6.5,Karachi Kings,Shoaib Malik,RS Bopara,Shahid Afridi,0,0,,,,,,"",""
ball,1,6.6,Karachi Kings,Shoaib Malik,RS Bopara,Shahid Afridi,1,0,,,,,,"",""
ball,1,7.1,Karachi Kings,Shoaib Malik,RS Bopara,Wahab Riaz,1,0,,,,,,"",""
ball,1,7.2,Karachi Kings,RS Bopara,Shoaib Malik,Wahab Riaz,0,0,,,,,,"",""
ball,1,7.3,Karachi Kings,RS Bopara,Shoaib Malik,Wahab Riaz,0,0,,,,,,"",""
ball,1,7.4,Karachi Kings,RS Bopara,Shoaib Malik,Wahab Riaz,0,0,,,,,,"",""
ball,1,7.5,Karachi Kings,RS Bopara,Shoaib Malik,Wahab Riaz,0,0,,,,,,"",""
ball,1,7.6,Karachi Kings,RS Bopara,Shoaib Malik,Wahab Riaz,1,0,,,,,,"",""
ball,1,8.1,Karachi Kings,RS Bopara,Shoaib Malik,Shahid Afridi,1,0,,,,,,"",""
ball,1,8.2,Karachi Kings,Shoaib Malik,RS Bopara,Shahid Afridi,2,0,,,,,,"",""
ball,1,8.3,Karachi Kings,Shoaib Malik,RS Bopara,Shahid Afridi,1,0,,,,,,"",""
ball,1,8.4,Karachi Kings,RS Bopara,Shoaib Malik,Shahid Afridi,1,0,,,,,,"",""
ball,1,8.5,Karachi Kings,Shoaib Malik,RS Bopara,Shahid Afridi,0,0,,,,,,"",""
ball,1,8.6,Karachi Kings,Shoaib Malik,RS Bopara,Shahid Afridi,1,0,,,,,,"",""
ball,1,9.1,Karachi Kings,Shoaib Malik,RS Bopara,CJ Jordan,1,0,,,,,,"",""
ball,1,9.2,Karachi Kings,RS Bopara,Shoaib Malik,CJ Jordan,0,1,,,,1,,"",""
ball,1,9.3,Karachi Kings,Shoaib Malik,RS Bopara,CJ Jordan,4,0,,,,,,"",""
ball,1,9.4,Karachi Kings,Shoaib Malik,RS Bopara,CJ Jordan,1,0,,,,,,"",""
ball,1,9.5,Karachi Kings,RS Bopara,Shoaib Malik,CJ Jordan,0,0,,,,,,"",""
ball,1,9.6,Karachi Kings,RS Bopara,Shoaib Malik,CJ Jordan,1,0,,,,,,"",""
ball,1,10.1,Karachi Kings,RS Bopara,Shoaib Malik,Shahid Afridi,0,0,,,,,,"",""
ball,1,10.2,Karachi Kings,RS Bopara,Shoaib Malik,Shahid Afridi,0,0,,,,,,"",""
ball,1,10.3,Karachi Kings,RS Bopara,Shoaib Malik,Shahid Afridi,0,0,,,,,,"",""
ball,1,10.4,Karachi Kings,RS Bopara,Shoaib Malik,Shahid Afridi,0,0,,,,,,"",""
ball,1,10.5,Karachi Kings,RS Bopara,Shoaib Malik,Shahid Afridi,1,0,,,,,,"",""
ball,1,10.6,Karachi Kings,Shoaib Malik,RS Bopara,Shahid Afridi,1,0,,,,,,"",""
ball,1,11.1,Karachi Kings,Shoaib Malik,RS Bopara,Mohammad Asghar,0,0,,,,,,"",""
ball,1,11.2,Karachi Kings,Shoaib Malik,RS Bopara,Mohammad Asghar,2,0,,,,,,"",""
ball,1,11.3,Karachi Kings,Shoaib Malik,RS Bopara,Mohammad Asghar,1,0,,,,,,"",""
ball,1,11.4,Karachi Kings,RS Bopara,Shoaib Malik,Mohammad Asghar,0,0,,,,,,"",""
ball,1,11.5,Karachi Kings,RS Bopara,Shoaib Malik,Mohammad Asghar,0,0,,,,,,"",""
ball,1,11.6,Karachi Kings,RS Bopara,Shoaib Malik,Mohammad Asghar,1,0,,,,,,"",""
ball,1,12.1,Karachi Kings,RS Bopara,Shoaib Malik,Shahid Afridi,1,0,,,,,,"",""
ball,1,12.2,Karachi Kings,Shoaib Malik,RS Bopara,Shahid Afridi,1,0,,,,,,"",""
ball,1,12.3,Karachi Kings,RS Bopara,Shoaib Malik,Shahid Afridi,1,0,,,,,,"",""
ball,1,12.4,Karachi Kings,Shoaib Malik,RS Bopara,Shahid Afridi,1,0,,,,,,"",""
ball,1,12.5,Karachi Kings,RS Bopara,Shoaib Malik,Shahid Afridi,0,0,,,,,,"",""
ball,1,12.6,Karachi Kings,RS Bopara,Shoaib Malik,Shahid Afridi,0,0,,,,,,"",""
ball,1,13.1,Karachi Kings,Shoaib Malik,RS Bopara,Mohammad Asghar,1,0,,,,,,"",""
ball,1,13.2,Karachi Kings,RS Bopara,Shoaib Malik,Mohammad Asghar,0,0,,,,,,"",""
ball,1,13.3,Karachi Kings,RS Bopara,Shoaib Malik,Mohammad Asghar,0,0,,,,,,"",""
ball,1,13.4,Karachi Kings,RS Bopara,Shoaib Malik,Mohammad Asghar,1,0,,,,,,"",""
ball,1,13.5,Karachi Kings,Shoaib Malik,RS Bopara,Mohammad Asghar,1,0,,,,,,"",""
ball,1,13.6,Karachi Kings,RS Bopara,Shoaib Malik,Mohammad Asghar,1,0,,,,,,"",""
ball,1,14.1,Karachi Kings,RS Bopara,Shoaib Malik,Wahab Riaz,1,0,,,,,,"",""
ball,1,14.2,Karachi Kings,Shoaib Malik,RS Bopara,Wahab Riaz,1,0,,,,,,"",""
ball,1,14.3,Karachi Kings,RS Bopara,Shoaib Malik,Wahab Riaz,1,0,,,,,,"",""
ball,1,14.4,Karachi Kings,Shoaib Malik,RS Bopara,Wahab Riaz,1,0,,,,,,"",""
ball,1,14.5,Karachi Kings,RS Bopara,Shoaib Malik,Wahab Riaz,4,0,,,,,,"",""
ball,1,14.6,Karachi Kings,RS Bopara,Shoaib Malik,Wahab Riaz,0,0,,,,,,"",""
ball,1,15.1,Karachi Kings,Shoaib Malik,RS Bopara,Mohammad Asghar,1,0,,,,,,"",""
ball,1,15.2,Karachi Kings,RS Bopara,Shoaib Malik,Mohammad Asghar,0,0,,,,,,caught,RS Bopara
ball,1,15.3,Karachi Kings,Shoaib Malik,KA Pollard,Mohammad Asghar,1,0,,,,,,"",""
ball,1,15.4,Karachi Kings,KA Pollard,Shoaib Malik,Mohammad Asghar,6,0,,,,,,"",""
ball,1,15.5,Karachi Kings,KA Pollard,Shoaib Malik,Mohammad Asghar,1,0,,,,,,"",""
ball,1,15.6,Karachi Kings,Shoaib Malik,KA Pollard,Mohammad Asghar,6,0,,,,,,"",""
ball,1,16.1,Karachi Kings,KA Pollard,Shoaib Malik,Hasan Ali,0,1,,,,1,,"",""
ball,1,16.2,Karachi Kings,Shoaib Malik,KA Pollard,Hasan Ali,1,0,,,,,,"",""
ball,1,16.3,Karachi Kings,KA Pollard,Shoaib Malik,Hasan Ali,1,0,,,,,,"",""
ball,1,16.4,Karachi Kings,Shoaib Malik,KA Pollard,Hasan Ali,2,0,,,,,,"",""
ball,1,16.5,Karachi Kings,Shoaib Malik,KA Pollard,Hasan Ali,4,0,,,,,,"",""
ball,1,16.6,Karachi Kings,Shoaib Malik,KA Pollard,Hasan Ali,1,0,,,,,,"",""
ball,1,17.1,Karachi Kings,Shoaib Malik,KA Pollard,Wahab Riaz,0,0,,,,,,caught,Shoaib Malik
ball,1,17.2,Karachi Kings,Imad Wasim,KA Pollard,Wahab Riaz,0,0,,,,,,"",""
ball,1,17.3,Karachi Kings,Imad Wasim,KA Pollard,Wahab Riaz,0,0,,,,,,caught,Imad Wasim
ball,1,17.4,Karachi Kings,KA Pollard,Mohammad Amir,Wahab Riaz,1,0,,,,,,"",""
ball,1,17.5,Karachi Kings,Mohammad Amir,KA Pollard,Wahab Riaz,0,0,,,,,,"",""
ball,1,17.6,Karachi Kings,Mohammad Amir,KA Pollard,Wahab Riaz,0,1,1,,,,,"",""
ball,1,17.7,Karachi Kings,Mohammad Amir,KA Pollard,Wahab Riaz,1,0,,,,,,"",""
ball,1,18.1,Karachi Kings,Mohammad Amir,KA Pollard,CJ Jordan,1,0,,,,,,"",""
ball,1,18.2,Karachi Kings,KA Pollard,Mohammad Amir,CJ Jordan,6,0,,,,,,"",""
ball,1,18.3,Karachi Kings,KA Pollard,Mohammad Amir,CJ Jordan,1,0,,,,,,"",""
ball,1,18.4,Karachi Kings,Mohammad Amir,KA Pollard,CJ Jordan,0,0,,,,,,"",""
ball,1,18.5,Karachi Kings,Mohammad Amir,KA Pollard,CJ Jordan,1,0,,,,,,"",""
ball,1,18.6,Karachi Kings,KA Pollard,Mohammad Amir,CJ Jordan,1,0,,,,,,"",""
ball,1,19.1,Karachi Kings,KA Pollard,Mohammad Amir,Wahab Riaz,0,0,,,,,,"",""
ball,1,19.2,Karachi Kings,KA Pollard,Mohammad Amir,Wahab Riaz,4,0,,,,,,"",""
ball,1,19.3,Karachi Kings,KA Pollard,Mohammad Amir,Wahab Riaz,0,0,,,,,,"",""
ball,1,19.4,Karachi Kings,KA Pollard,Mohammad Amir,Wahab Riaz,2,0,,,,,,"",""
ball,1,19.5,Karachi Kings,KA Pollard,Mohammad Amir,Wahab Riaz,0,0,,,,,,"",""
ball,1,19.6,Karachi Kings,KA Pollard,Mohammad Amir,Wahab Riaz,4,0,,,,,,"",""
ball,2,0.1,Peshawar Zalmi,Mohammad Hafeez,DJ Malan,Mohammad Amir,0,0,,,,,,"",""
ball,2,0.2,Peshawar Zalmi,Mohammad Hafeez,DJ Malan,Mohammad Amir,0,0,,,,,,"",""
ball,2,0.3,Peshawar Zalmi,Mohammad Hafeez,DJ Malan,Mohammad Amir,0,0,,,,,,"",""
ball,2,0.4,Peshawar Zalmi,Mohammad Hafeez,DJ Malan,Mohammad Amir,0,0,,,,,,lbw,Mohammad Hafeez
ball,2,0.5,Peshawar Zalmi,Kamran Akmal,DJ Malan,Mohammad Amir,0,0,,,,,,"",""
ball,2,0.6,Peshawar Zalmi,Kamran Akmal,DJ Malan,Mohammad Amir,0,0,,,,,,"",""
ball,2,1.1,Peshawar Zalmi,DJ Malan,Kamran Akmal,Sohail Khan,0,1,1,,,,,"",""
ball,2,1.2,Peshawar Zalmi,DJ Malan,Kamran Akmal,Sohail Khan,0,0,,,,,,"",""
ball,2,1.3,Peshawar Zalmi,DJ Malan,Kamran Akmal,Sohail Khan,0,1,,,,1,,"",""
ball,2,1.4,Peshawar Zalmi,Kamran Akmal,DJ Malan,Sohail Khan,0,0,,,,,,"",""
ball,2,1.5,Peshawar Zalmi,Kamran Akmal,DJ Malan,Sohail Khan,0,0,,,,,,"",""
ball,2,1.6,Peshawar Zalmi,Kamran Akmal,DJ Malan,Sohail Khan,0,0,,,,,,"",""
ball,2,1.7,Peshawar Zalmi,Kamran Akmal,DJ Malan,Sohail Khan,0,0,,,,,,caught,Kamran Akmal
ball,2,2.1,Peshawar Zalmi,DJ Malan,EJG Morgan,Mohammad Amir,0,0,,,,,,"",""
ball,2,2.2,Peshawar Zalmi,DJ Malan,EJG Morgan,Mohammad Amir,1,0,,,,,,"",""
ball,2,2.3,Peshawar Zalmi,EJG Morgan,DJ Malan,Mohammad Amir,1,0,,,,,,"",""
ball,2,2.4,Peshawar Zalmi,DJ Malan,EJG Morgan,Mohammad Amir,0,0,,,,,,"",""
ball,2,2.5,Peshawar Zalmi,DJ Malan,EJG Morgan,Mohammad Amir,4,0,,,,,,"",""
ball,2,2.6,Peshawar Zalmi,DJ Malan,EJG Morgan,Mohammad Amir,0,0,,,,,,"",""
ball,2,3.1,Peshawar Zalmi,EJG Morgan,DJ Malan,Sohail Khan,0,0,,,,,,"",""
ball,2,3.2,Peshawar Zalmi,EJG Morgan,DJ Malan,Sohail Khan,0,0,,,,,,"",""
ball,2,3.3,Peshawar Zalmi,EJG Morgan,DJ Malan,Sohail Khan,0,0,,,,,,"",""
ball,2,3.4,Peshawar Zalmi,EJG Morgan,DJ Malan,Sohail Khan,4,0,,,,,,"",""
ball,2,3.5,Peshawar Zalmi,EJG Morgan,DJ Malan,Sohail Khan,4,0,,,,,,"",""
ball,2,3.6,Peshawar Zalmi,EJG Morgan,DJ Malan,Sohail Khan,2,0,,,,,,"",""
ball,2,4.1,Peshawar Zalmi,DJ Malan,EJG Morgan,Mohammad Amir,1,0,,,,,,"",""
ball,2,4.2,Peshawar Zalmi,EJG Morgan,DJ Malan,Mohammad Amir,0,0,,,,,,"",""
ball,2,4.3,Peshawar Zalmi,EJG Morgan,DJ Malan,Mohammad Amir,0,0,,,,,,"",""
ball,2,4.4,Peshawar Zalmi,EJG Morgan,DJ Malan,Mohammad Amir,0,0,,,,,,"",""
ball,2,4.5,Peshawar Zalmi,EJG Morgan,DJ Malan,Mohammad Amir,4,0,,,,,,"",""
ball,2,4.6,Peshawar Zalmi,EJG Morgan,DJ Malan,Mohammad Amir,4,0,,,,,,"",""
ball,2,5.1,Peshawar Zalmi,DJ Malan,EJG Morgan,Shoaib Malik,4,0,,,,,,"",""
ball,2,5.2,Peshawar Zalmi,DJ Malan,EJG Morgan,Shoaib Malik,1,0,,,,,,"",""
ball,2,5.3,Peshawar Zalmi,EJG Morgan,DJ Malan,Shoaib Malik,1,0,,,,,,"",""
ball,2,5.4,Peshawar Zalmi,DJ Malan,EJG Morgan,Shoaib Malik,4,0,,,,,,"",""
ball,2,5.5,Peshawar Zalmi,DJ Malan,EJG Morgan,Shoaib Malik,4,0,,,,,,"",""
ball,2,5.6,Peshawar Zalmi,DJ Malan,EJG Morgan,Shoaib Malik,0,0,,,,,,"",""
ball,2,6.1,Peshawar Zalmi,EJG Morgan,DJ Malan,Imad Wasim,0,0,,,,,,"",""
ball,2,6.2,Peshawar Zalmi,EJG Morgan,DJ Malan,Imad Wasim,0,0,,,,,,"",""
ball,2,6.3,Peshawar Zalmi,EJG Morgan,DJ Malan,Imad Wasim,0,0,,,,,,"",""
ball,2,6.4,Peshawar Zalmi,EJG Morgan,DJ Malan,Imad Wasim,1,0,,,,,,"",""
ball,2,6.5,Peshawar Zalmi,DJ Malan,EJG Morgan,Imad Wasim,0,0,,,,,,"",""
ball,2,6.6,Peshawar Zalmi,DJ Malan,EJG Morgan,Imad Wasim,0,0,,,,,,"",""
ball,2,7.1,Peshawar Zalmi,EJG Morgan,DJ Malan,Abrar Ahmed,1,0,,,,,,"",""
ball,2,7.2,Peshawar Zalmi,DJ Malan,EJG Morgan,Abrar Ahmed,1,0,,,,,,"",""
ball,2,7.3,Peshawar Zalmi,EJG Morgan,DJ Malan,Abrar Ahmed,1,0,,,,,,"",""
ball,2,7.4,Peshawar Zalmi,DJ Malan,EJG Morgan,Abrar Ahmed,1,0,,,,,,"",""
ball,2,7.5,Peshawar Zalmi,EJG Morgan,DJ Malan,Abrar Ahmed,0,0,,,,,,"",""
ball,2,7.6,Peshawar Zalmi,EJG Morgan,DJ Malan,Abrar Ahmed,0,0,,,,,,"",""
ball,2,8.1,Peshawar Zalmi,DJ Malan,EJG Morgan,Imad Wasim,0,0,,,,,,"",""
ball,2,8.2,Peshawar Zalmi,DJ Malan,EJG Morgan,Imad Wasim,1,0,,,,,,"",""
ball,2,8.3,Peshawar Zalmi,EJG Morgan,DJ Malan,Imad Wasim,0,0,,,,,,"",""
ball,2,8.4,Peshawar Zalmi,EJG Morgan,DJ Malan,Imad Wasim,1,0,,,,,,"",""
ball,2,8.5,Peshawar Zalmi,DJ Malan,EJG Morgan,Imad Wasim,0,0,,,,,,caught,DJ Malan
ball,2,8.6,Peshawar Zalmi,Haris Sohail,EJG Morgan,Imad Wasim,0,0,,,,,,"",""
ball,2,9.1,Peshawar Zalmi,EJG Morgan,Haris Sohail,Abrar Ahmed,1,0,,,,,,"",""
ball,2,9.2,Peshawar Zalmi,Haris Sohail,EJG Morgan,Abrar Ahmed,1,0,,,,,,"",""
ball,2,9.3,Peshawar Zalmi,EJG Morgan,Haris Sohail,Abrar Ahmed,0,0,,,,,,"",""
ball,2,9.4,Peshawar Zalmi,EJG Morgan,Haris Sohail,Abrar Ahmed,0,0,,,,,,"",""
ball,2,9.5,Peshawar Zalmi,EJG Morgan,Haris Sohail,Abrar Ahmed,1,0,,,,,,"",""
ball,2,9.6,Peshawar Zalmi,Haris Sohail,EJG Morgan,Abrar Ahmed,0,0,,,,,,"",""
ball,2,10.1,Peshawar Zalmi,EJG Morgan,Haris Sohail,Imad Wasim,1,0,,,,,,"",""
ball,2,10.2,Peshawar Zalmi,Haris Sohail,EJG Morgan,Imad Wasim,1,0,,,,,,"",""
ball,2,10.3,Peshawar Zalmi,EJG Morgan,Haris Sohail,Imad Wasim,6,0,,,,,,"",""
ball,2,10.4,Peshawar Zalmi,EJG Morgan,Haris Sohail,Imad Wasim,0,0,,,,,,"",""
ball,2,10.5,Peshawar Zalmi,EJG Morgan,Haris Sohail,Imad Wasim,1,0,,,,,,"",""
ball,2,10.6,Peshawar Zalmi,Haris Sohail,EJG Morgan,Imad Wasim,1,0,,,,,,"",""
ball,2,11.1,Peshawar Zalmi,Haris Sohail,EJG Morgan,Shoaib Malik,0,0,,,,,,"",""
ball,2,11.2,Peshawar Zalmi,Haris Sohail,EJG Morgan,Shoaib Malik,0,0,,,,,,"",""
ball,2,11.3,Peshawar Zalmi,Haris Sohail,EJG Morgan,Shoaib Malik,0,0,,,,,,"",""
ball,2,11.4,Peshawar Zalmi,Haris Sohail,EJG Morgan,Shoaib Malik,1,0,,,,,,"",""
ball,2,11.5,Peshawar Zalmi,EJG Morgan,Haris Sohail,Shoaib Malik,0,0,,,,,,"",""
ball,2,11.6,Peshawar Zalmi,EJG Morgan,Haris Sohail,Shoaib Malik,1,0,,,,,,"",""
ball,2,12.1,Peshawar Zalmi,EJG Morgan,Haris Sohail,Abrar Ahmed,1,0,,,,,,"",""
ball,2,12.2,Peshawar Zalmi,Haris Sohail,EJG Morgan,Abrar Ahmed,0,0,,,,,,"",""
ball,2,12.3,Peshawar Zalmi,Haris Sohail,EJG Morgan,Abrar Ahmed,0,0,,,,,,"",""
ball,2,12.4,Peshawar Zalmi,Haris Sohail,EJG Morgan,Abrar Ahmed,1,0,,,,,,"",""
ball,2,12.5,Peshawar Zalmi,EJG Morgan,Haris Sohail,Abrar Ahmed,0,0,,,,,,"",""
ball,2,12.6,Peshawar Zalmi,EJG Morgan,Haris Sohail,Abrar Ahmed,1,0,,,,,,"",""
ball,2,13.1,Peshawar Zalmi,EJG Morgan,Haris Sohail,Shoaib Malik,1,0,,,,,,"",""
ball,2,13.2,Peshawar Zalmi,Haris Sohail,EJG Morgan,Shoaib Malik,1,0,,,,,,"",""
ball,2,13.3,Peshawar Zalmi,EJG Morgan,Haris Sohail,Shoaib Malik,1,0,,,,,,"",""
ball,2,13.4,Peshawar Zalmi,Haris Sohail,EJG Morgan,Shoaib Malik,0,0,,,,,,"",""
ball,2,13.5,Peshawar Zalmi,Haris Sohail,EJG Morgan,Shoaib Malik,2,0,,,,,,"",""
ball,2,13.6,Peshawar Zalmi,Haris Sohail,EJG Morgan,Shoaib Malik,1,0,,,,,,"",""
ball,2,14.1,Peshawar Zalmi,Haris Sohail,EJG Morgan,Abrar Ahmed,1,0,,,,,,"",""
ball,2,14.2,Peshawar Zalmi,EJG Morgan,Haris Sohail,Abrar Ahmed,0,0,,,,,,"",""
ball,2,14.3,Peshawar Zalmi,EJG Morgan,Haris Sohail,Abrar Ahmed,2,0,,,,,,"",""
ball,2,14.4,Peshawar Zalmi,EJG Morgan,Haris Sohail,Abrar Ahmed,0,0,,,,,,"",""
ball,2,14.5,Peshawar Zalmi,EJG Morgan,Haris Sohail,Abrar Ahmed,6,0,,,,,,"",""
ball,2,14.6,Peshawar Zalmi,EJG Morgan,Haris Sohail,Abrar Ahmed,3,0,,,,,,"",""
ball,2,15.1,Peshawar Zalmi,EJG Morgan,Haris Sohail,Shoaib Malik,2,0,,,,,,"",""
ball,2,15.2,Peshawar Zalmi,EJG Morgan,Haris Sohail,Shoaib Malik,4,0,,,,,,"",""
ball,2,15.3,Peshawar Zalmi,EJG Morgan,Haris Sohail,Shoaib Malik,4,0,,,,,,"",""
ball,2,15.4,Peshawar Zalmi,EJG Morgan,Haris Sohail,Shoaib Malik,1,0,,,,,,"",""
ball,2,15.5,Peshawar Zalmi,Haris Sohail,EJG Morgan,Shoaib Malik,0,2,2,,,,,"",""
ball,2,15.6,Peshawar Zalmi,EJG Morgan,Haris Sohail,Shoaib Malik,0,0,,,,,,"",""
ball,2,15.7,Peshawar Zalmi,EJG Morgan,Haris Sohail,Shoaib Malik,6,0,,,,,,"",""
ball,2,16.1,Peshawar Zalmi,Haris Sohail,EJG Morgan,Sohail Khan,0,0,,,,,,"",""
ball,2,16.2,Peshawar Zalmi,Haris Sohail,EJG Morgan,Sohail Khan,0,0,,,,,,"",""
ball,2,16.3,Peshawar Zalmi,Haris Sohail,EJG Morgan,Sohail Khan,1,0,,,,,,"",""
ball,2,16.4,Peshawar Zalmi,EJG Morgan,Haris Sohail,Sohail Khan,0,0,,,,,,"",""
ball,2,16.5,Peshawar Zalmi,EJG Morgan,Haris Sohail,Sohail Khan,0,0,,,,,,"",""
ball,2,16.6,Peshawar Zalmi,EJG Morgan,Haris Sohail,Sohail Khan,4,0,,,,,,"",""
ball,2,17.1,Peshawar Zalmi,Haris Sohail,EJG Morgan,Mohammad Amir,0,0,,,,,,"",""
ball,2,17.2,Peshawar Zalmi,Haris Sohail,EJG Morgan,Mohammad Amir,0,0,,,,,,"",""
ball,2,17.3,Peshawar Zalmi,Haris Sohail,EJG Morgan,Mohammad Amir,1,0,,,,,,"",""
ball,2,17.4,Peshawar Zalmi,EJG Morgan,Haris Sohail,Mohammad Amir,2,0,,,,,,"",""
ball,2,17.5,Peshawar Zalmi,EJG Morgan,Haris Sohail,Mohammad Amir,0,0,,,,,,"",""
ball,2,17.6,Peshawar Zalmi,EJG Morgan,Haris Sohail,Mohammad Amir,4,0,,,,,,"",""
ball,2,18.1,Peshawar Zalmi,Haris Sohail,EJG Morgan,Sohail Khan,1,0,,,,,,"",""
ball,2,18.2,Peshawar Zalmi,EJG Morgan,Haris Sohail,Sohail Khan,2,0,,,,,,"",""
ball,2,18.3,Peshawar Zalmi,EJG Morgan,Haris Sohail,Sohail Khan,1,0,,,,,,"",""
