version,1.6.0
info,balls_per_over,6
info,team,Islamabad United
info,team,Lahore Qalandars
info,gender,male
info,season,2016/17
info,date,2017/02/11
info,event,Pakistan Super League
info,match_number,4
info,venue,Dubai International Cricket Stadium
info,city,
info,neutralvenue,true
info,toss_winner,Lahore Qalandars
info,toss_decision,field
info,player_of_match,JJ Roy
info,umpire,Asif Yaqoob
info,umpire,Shozab Raza
info,reserve_umpire,Rashid Riaz
info,tv_umpire,Ahsan Raza
info,match_referee,RS Mahanama
info,winner,Lahore Qalandars
info,winner_wickets,6
info,player,Islamabad United,DR Smith
info,player,Islamabad United,SW Billings
info,player,Islamabad United,BJ Haddin
info,player,Islamabad United,Misbah-ul-Haq
info,player,Islamabad United,SR Watson
info,player,Islamabad United,Asif Ali
info,player,Islamabad United,Shadab Khan
info,player,Islamabad United,Mohammad Sami
info,player,Islamabad United,Saeed Ajmal
info,player,Islamabad United,Rumman Raees
info,player,Islamabad United,Imran Khalid
info,player,Lahore Qalandars,JJ Roy
info,player,Lahore Qalandars,BB McCullum
info,player,Lahore Qalandars,Fakhar Zaman
info,player,Lahore Qalandars,Umar Akmal
info,player,Lahore Qalandars,GD Elliott
info,player,Lahore Qalandars,SP Narine
info,player,Lahore Qalandars,Sohail Tanvir
info,player,Lahore Qalandars,Mohammad Rizwan
info,player,Lahore Qalandars,Bilawal Bhatti
info,player,Lahore Qalandars,Yasir Shah
info,player,Lahore Qalandars,Mohammad Irfan (4)
info,registry,people,Ahsan Raza,e0e5b209
info,registry,people,Asif Ali,0a4736eb
info,registry,people,Asif Yaqoob,6b35790c
info,registry,people,BB McCullum,b8a55852
info,registry,people,BJ Haddin,b0c772ee
info,registry,people,Bilawal Bhatti,7662cf7a
info,registry,people,DR Smith,35205dfc
info,registry,people,Fakhar Zaman,1777c020
info,registry,people,GD Elliott,c03449e0
info,registry,people,Imran Khalid,b8eddbdb
info,registry,people,JJ Roy,d1c36f5c
info,registry,people,Misbah-ul-Haq,7eae4418
info,registry,people,Mohammad Irfan (4),1bf9a8ef
info,registry,people,Mohammad Rizwan,2f26ac1a
info,registry,people,Mohammad Sami,68ddabdb
info,registry,people,RS Mahanama,57910393
info,registry,people,Rashid Riaz,fb82725e
info,registry,people,Rumman Raees,1c790f4f
info,registry,people,SP Narine,9d430b40
info,registry,people,SR Watson,4329fbb5
info,registry,people,SW Billings,c16d4035
info,registry,people,Saeed Ajmal,05d74535
info,registry,people,Shadab Khan,9de62878
info,registry,people,Shozab Raza,153c67dc
info,registry,people,Sohail Tanvir,64d43928
info,registry,people,Umar Akmal,fd2bf2a0
info,registry,people,Yasir Shah,f2800ef3
ball,1,0.1,Islamabad United,DR Smith,SW Billings,Sohail Tanvir,1,0,,,,,,"",""
ball,1,0.2,Islamabad United,SW Billings,DR Smith,Sohail Tanvir,0,0,,,,,,"",""
ball,1,0.3,Islamabad United,SW Billings,DR Smith,Sohail Tanvir,0,0,,,,,,"",""
ball,1,0.4,Islamabad United,SW Billings,DR Smith,Sohail Tanvir,0,0,,,,,,"",""
ball,1,0.5,Islamabad United,SW Billings,DR Smith,Sohail Tanvir,1,0,,,,,,"",""
ball,1,0.6,Islamabad United,DR Smith,SW Billings,Sohail Tanvir,0,0,,,,,,"",""
ball,1,1.1,Islamabad United,SW Billings,DR Smith,Mohammad Irfan (4),0,0,,,,,,"",""
ball,1,1.2,Islamabad United,SW Billings,DR Smith,Mohammad Irfan (4),1,0,,,,,,"",""
ball,1,1.3,Islamabad United,DR Smith,SW Billings,Mohammad Irfan (4),0,0,,,,,,"",""
ball,1,1.4,Islamabad United,DR Smith,SW Billings,Mohammad Irfan (4),1,0,,,,,,"",""
ball,1,1.5,Islamabad United,SW Billings,DR Smith,Mohammad Irfan (4),2,0,,,,,,"",""
ball,1,1.6,Islamabad United,SW Billings,DR Smith,Mohammad Irfan (4),0,0,,,,,,"",""
ball,1,2.1,Islamabad United,DR Smith,SW Billings,Sohail Tanvir,0,0,,,,,,"",""
ball,1,2.2,Islamabad United,DR Smith,SW Billings,Sohail Tanvir,0,0,,,,,,"",""
ball,1,2.3,Islamabad United,DR Smith,SW Billings,Sohail Tanvir,2,0,,,,,,"",""
ball,1,2.4,Islamabad United,DR Smith,SW Billings,Sohail Tanvir,0,0,,,,,,"",""
ball,1,2.5,Islamabad United,DR Smith,SW Billings,Sohail Tanvir,1,0,,,,,,"",""
ball,1,2.6,Islamabad United,SW Billings,DR Smith,Sohail Tanvir,4,0,,,,,,"",""
ball,1,3.1,Islamabad United,DR Smith,SW Billings,Mohammad Irfan (4),4,0,,,,,,"",""
ball,1,3.2,Islamabad United,DR Smith,SW Billings,Mohammad Irfan (4),0,0,,,,,,"",""
ball,1,3.3,Islamabad United,DR Smith,SW Billings,Mohammad Irfan (4),4,0,,,,,,"",""
ball,1,3.4,Islamabad United,DR Smith,SW Billings,Mohammad Irfan (4),0,1,,1,,,,"",""
ball,1,3.5,Islamabad United,DR Smith,SW Billings,Mohammad Irfan (4),4,0,,,,,,"",""
ball,1,3.6,Islamabad United,DR Smith,SW Billings,Mohammad Irfan (4),1,0,,,,,,"",""
ball,1,3.7,Islamabad United,SW Billings,DR Smith,Mohammad Irfan (4),1,0,,,,,,"",""
ball,1,4.1,Islamabad United,SW Billings,DR Smith,Bilawal Bhatti,1,0,,,,,,"",""
ball,1,4.2,Islamabad United,DR Smith,SW Billings,Bilawal Bhatti,0,0,,,,,,"",""
ball,1,4.3,Islamabad United,DR Smith,SW Billings,Bilawal Bhatti,0,0,,,,,,"",""
ball,1,4.4,Islamabad United,DR Smith,SW Billings,Bilawal Bhatti,1,0,,,,,,"",""
ball,1,4.5,Islamabad United,SW Billings,DR Smith,Bilawal Bhatti,0,4,,,,4,,"",""
ball,1,4.6,Islamabad United,SW Billings,DR Smith,Bilawal Bhatti,0,0,,,,,,"",""
ball,1,5.1,Islamabad United,DR Smith,SW Billings,SP Narine,4,0,,,,,,"",""
ball,1,5.2,Islamabad United,DR Smith,SW Billings,SP Narine,1,0,,,,,,"",""
ball,1,5.3,Islamabad United,SW Billings,DR Smith,SP Narine,4,0,,,,,,"",""
ball,1,5.4,Islamabad United,SW Billings,DR Smith,SP Narine,4,0,,,,,,"",""
ball,1,5.5,Islamabad United,SW Billings,DR Smith,SP Narine,1,0,,,,,,"",""
ball,1,5.6,Islamabad United,DR Smith,SW Billings,SP Narine,0,0,,,,,,"",""
ball,1,6.1,Islamabad United,SW Billings,DR Smith,Yasir Shah,2,0,,,,,,"",""
ball,1,6.2,Islamabad United,SW Billings,DR Smith,Yasir Shah,4,0,,,,,,"",""
ball,1,6.3,Islamabad United,SW Billings,DR Smith,Yasir Shah,1,0,,,,,,"",""
ball,1,6.4,Islamabad United,DR Smith,SW Billings,Yasir Shah,2,0,,,,,,"",""
ball,1,6.5,Islamabad United,DR Smith,SW Billings,Yasir Shah,1,0,,,,,,"",""
ball,1,6.6,Islamabad United,SW Billings,DR Smith,Yasir Shah,1,0,,,,,,"",""
ball,1,7.1,Islamabad United,SW Billings,DR Smith,SP Narine,1,0,,,,,,"",""
ball,1,7.2,Islamabad United,DR Smith,SW Billings,SP Narine,1,0,,,,,,"",""
ball,1,7.3,Islamabad United,SW Billings,DR Smith,SP Narine,1,0,,,,,,"",""
ball,1,7.4,Islamabad United,DR Smith,SW Billings,SP Narine,2,0,,,,,,"",""
ball,1,7.5,Islamabad United,DR Smith,SW Billings,SP Narine,1,0,,,,,,"",""
ball,1,7.6,Islamabad United,SW Billings,DR Smith,SP Narine,1,0,,,,,,"",""
ball,1,8.1,Islamabad United,SW Billings,DR Smith,Bilawal Bhatti,0,0,,,,,,"",""
ball,1,8.2,Islamabad United,SW Billings,DR Smith,Bilawal Bhatti,6,0,,,,,,"",""
ball,1,8.3,Islamabad United,SW Billings,DR Smith,Bilawal Bhatti,0,0,,,,,,"",""
ball,1,8.4,Islamabad United,SW Billings,DR Smith,Bilawal Bhatti,1,0,,,,,,"",""
ball,1,8.5,Islamabad United,DR Smith,SW Billings,Bilawal Bhatti,0,0,,,,,,"",""
ball,1,8.6,Islamabad United,DR Smith,SW Billings,Bilawal Bhatti,0,0,,,,,,"",""
ball,1,9.1,Islamabad United,SW Billings,DR Smith,GD Elliott,0,0,,,,,,bowled,SW Billings
ball,1,9.2,Islamabad United,BJ Haddin,DR Smith,GD Elliott,1,0,,,,,,"",""
ball,1,9.3,Islamabad United,DR Smith,BJ Haddin,GD Elliott,0,0,,,,,,bowled,DR Smith
ball,1,9.4,Islamabad United,Misbah-ul-Haq,BJ Haddin,GD Elliott,1,0,,,,,,"",""
ball,1,9.5,Islamabad United,BJ Haddin,Misbah-ul-Haq,GD Elliott,0,0,,,,,,"",""
ball,1,9.6,Islamabad United,BJ Haddin,Misbah-ul-Haq,GD Elliott,1,0,,,,,,"",""
ball,1,10.1,Islamabad United,BJ Haddin,Misbah-ul-Haq,Bilawal Bhatti,1,0,,,,,,"",""
ball,1,10.2,Islamabad United,Misbah-ul-Haq,BJ Haddin,Bilawal Bhatti,0,0,,,,,,"",""
ball,1,10.3,Islamabad United,Misbah-ul-Haq,BJ Haddin,Bilawal Bhatti,0,0,,,,,,"",""
ball,1,10.4,Islamabad United,Misbah-ul-Haq,BJ Haddin,Bilawal Bhatti,1,0,,,,,,"",""
ball,1,10.5,Islamabad United,BJ Haddin,Misbah-ul-Haq,Bilawal Bhatti,0,0,,,,,,"",""
ball,1,10.6,Islamabad United,BJ Haddin,Misbah-ul-Haq,Bilawal Bhatti,1,0,,,,,,"",""
ball,1,11.1,Islamabad United,BJ Haddin,Misbah-ul-Haq,SP Narine,1,0,,,,,,"",""
ball,1,11.2,Islamabad United,Misbah-ul-Haq,BJ Haddin,SP Narine,4,0,,,,,,"",""
ball,1,11.3,Islamabad United,Misbah-ul-Haq,BJ Haddin,SP Narine,2,0,,,,,,"",""
ball,1,11.4,Islamabad United,Misbah-ul-Haq,BJ Haddin,SP Narine,1,0,,,,,,"",""
ball,1,11.5,Islamabad United,BJ Haddin,Misbah-ul-Haq,SP Narine,0,0,,,,,,"",""
ball,1,11.6,Islamabad United,BJ Haddin,Misbah-ul-Haq,SP Narine,1,0,,,,,,"",""
ball,1,12.1,Islamabad United,BJ Haddin,Misbah-ul-Haq,Bilawal Bhatti,1,0,,,,,,"",""
ball,1,12.2,Islamabad United,Misbah-ul-Haq,BJ Haddin,Bilawal Bhatti,0,0,,,,,,"",""
ball,1,12.3,Islamabad United,Misbah-ul-Haq,BJ Haddin,Bilawal Bhatti,1,0,,,,,,"",""
ball,1,12.4,Islamabad United,BJ Haddin,Misbah-ul-Haq,Bilawal Bhatti,0,0,,,,,,"",""
ball,1,12.5,Islamabad United,BJ Haddin,Misbah-ul-Haq,Bilawal Bhatti,0,0,,,,,,"",""
ball,1,12.6,Islamabad United,BJ Haddin,Misbah-ul-Haq,Bilawal Bhatti,1,0,,,,,,"",""
ball,1,13.1,Islamabad United,BJ Haddin,Misbah-ul-Haq,GD Elliott,1,0,,,,,,"",""
ball,1,13.2,Islamabad United,Misbah-ul-Haq,BJ Haddin,GD Elliott,4,0,,,,,,"",""
ball,1,13.3,Islamabad United,Misbah-ul-Haq,BJ Haddin,GD Elliott,1,0,,,,,,"",""
ball,1,13.4,Islamabad United,BJ Haddin,Misbah-ul-Haq,GD Elliott,0,0,,,,,,caught,BJ Haddin
ball,1,13.5,Islamabad United,Misbah-ul-Haq,SR Watson,GD Elliott,1,0,,,,,,"",""
ball,1,13.6,Islamabad United,SR Watson,Misbah-ul-Haq,GD Elliott,0,0,,,,,,"",""
ball,1,14.1,Islamabad United,Misbah-ul-Haq,SR Watson,Yasir Shah,0,0,,,,,,"",""
ball,1,14.2,Islamabad United,Misbah-ul-Haq,SR Watson,Yasir Shah,1,0,,,,,,"",""
ball,1,14.3,Islamabad United,SR Watson,Misbah-ul-Haq,Yasir Shah,1,0,,,,,,"",""
ball,1,14.4,Islamabad United,Misbah-ul-Haq,SR Watson,Yasir Shah,0,0,,,,,,"",""
ball,1,14.5,Islamabad United,Misbah-ul-Haq,SR Watson,Yasir Shah,1,0,,,,,,"",""
ball,1,14.6,Islamabad United,SR Watson,Misbah-ul-Haq,Yasir Shah,1,0,,,,,,"",""
ball,1,15.1,Islamabad United,SR Watson,Misbah-ul-Haq,GD Elliott,1,0,,,,,,"",""
ball,1,15.2,Islamabad United,Misbah-ul-Haq,SR Watson,GD Elliott,6,0,,,,,,"",""
ball,1,15.3,Islamabad United,Misbah-ul-Haq,SR Watson,GD Elliott,1,0,,,,,,"",""
ball,1,15.4,Islamabad United,SR Watson,Misbah-ul-Haq,GD Elliott,4,0,,,,,,"",""
ball,1,15.5,Islamabad United,SR Watson,Misbah-ul-Haq,GD Elliott,0,0,,,,,,caught,SR Watson
ball,1,15.6,Islamabad United,Misbah-ul-Haq,Asif Ali,GD Elliott,1,0,,,,,,"",""
ball,1,16.1,Islamabad United,Misbah-ul-Haq,Asif Ali,SP Narine,1,0,,,,,,"",""
ball,1,16.2,Islamabad United,Asif Ali,Misbah-ul-Haq,SP Narine,1,0,,,,,,"",""
ball,1,16.3,Islamabad United,Misbah-ul-Haq,Asif Ali,SP Narine,1,0,,,,,,"",""
ball,1,16.4,Islamabad United,Asif Ali,Misbah-ul-Haq,SP Narine,0,0,,,,,,caught,Asif Ali
ball,1,16.5,Islamabad United,Misbah-ul-Haq,Shadab Khan,SP Narine,0,0,,,,,,"",""
ball,1,16.6,Islamabad United,Misbah-ul-Haq,Shadab Khan,SP Narine,6,0,,,,,,"",""
ball,1,17.1,Islamabad United,Shadab Khan,Misbah-ul-Haq,Sohail Tanvir,1,0,,,,,,"",""
ball,1,17.2,Islamabad United,Misbah-ul-Haq,Shadab Khan,Sohail Tanvir,0,1,1,,,,,"",""
ball,1,17.3,Islamabad United,Misbah-ul-Haq,Shadab Khan,Sohail Tanvir,1,0,,,,,,"",""
ball,1,17.4,Islamabad United,Shadab Khan,Misbah-ul-Haq,Sohail Tanvir,1,0,,,,,,"",""
ball,1,17.5,Islamabad United,Misbah-ul-Haq,Shadab Khan,Sohail Tanvir,2,0,,,,,,"",""
ball,1,17.6,Islamabad United,Misbah-ul-Haq,Shadab Khan,Sohail Tanvir,0,0,,,,,,"",""
ball,1,17.7,Islamabad United,Misbah-ul-Haq,Shadab Khan,Sohail Tanvir,6,0,,,,,,"",""
ball,1,18.1,Islamabad United,Shadab Khan,Misbah-ul-Haq,Mohammad Irfan (4),1,0,,,,,,"",""
ball,1,18.2,Islamabad United,Misbah-ul-Haq,Shadab Khan,Mohammad Irfan (4),0,0,,,,,,"",""
ball,1,18.3,Islamabad United,Misbah-ul-Haq,Shadab Khan,Mohammad Irfan (4),4,0,,,,,,"",""
ball,1,18.4,Islamabad United,Misbah-ul-Haq,Shadab Khan,Mohammad Irfan (4),6,0,,,,,,"",""
ball,1,18.5,Islamabad United,Misbah-ul-Haq,Shadab Khan,Mohammad Irfan (4),0,1,,,,1,,"",""
ball,1,18.6,Islamabad United,Shadab Khan,Misbah-ul-Haq,Mohammad Irfan (4),0,0,,,,,,"",""
ball,1,19.1,Islamabad United,Misbah-ul-Haq,Shadab Khan,Sohail Tanvir,6,0,,,,,,"",""
ball,1,19.2,Islamabad United,Misbah-ul-Haq,Shadab Khan,Sohail Tanvir,1,0,,,,,,"",""
ball,1,19.3,Islamabad United,Shadab Khan,Misbah-ul-Haq,Sohail Tanvir,1,0,,,,,,"",""
ball,1,19.4,Islamabad United,Misbah-ul-Haq,Shadab Khan,Sohail Tanvir,0,0,,,,,,"",""
ball,1,19.5,Islamabad United,Misbah-ul-Haq,Shadab Khan,Sohail Tanvir,0,1,,1,,,,"",""
ball,1,19.6,Islamabad United,Misbah-ul-Haq,Shadab Khan,Sohail Tanvir,1,0,,,,,,run out,Shadab Khan
ball,1,19.7,Islamabad United,Mohammad Sami,Misbah-ul-Haq,Sohail Tanvir,0,0,,,,,,caught,Mohammad Sami
ball,2,0.1,Lahore Qalandars,JJ Roy,BB McCullum,Imran Khalid,1,0,,,,,,"",""
ball,2,0.2,Lahore Qalandars,BB McCullum,JJ Roy,Imran Khalid,4,0,,,,,,"",""
ball,2,0.3,Lahore Qalandars,BB McCullum,JJ Roy,Imran Khalid,0,1,1,,,,,"",""
ball,2,0.4,Lahore Qalandars,BB McCullum,JJ Roy,Imran Khalid,4,0,,,,,,"",""
ball,2,0.5,Lahore Qalandars,BB McCullum,JJ Roy,Imran Khalid,0,0,,,,,,"",""
ball,2,0.6,Lahore Qalandars,BB McCullum,JJ Roy,Imran Khalid,0,1,1,,,,,"",""
ball,2,0.7,Lahore Qalandars,BB McCullum,JJ Roy,Imran Khalid,6,0,,,,,,"",""
ball,2,0.8,Lahore Qalandars,BB McCullum,JJ Roy,Imran Khalid,4,0,,,,,,"",""
ball,2,1.1,Lahore Qalandars,JJ Roy,BB McCullum,Mohammad Sami,0,0,,,,,,"",""
ball,2,1.2,Lahore Qalandars,JJ Roy,BB McCullum,Mohammad Sami,1,0,,,,,,"",""
ball,2,1.3,Lahore Qalandars,BB McCullum,JJ Roy,Mohammad Sami,4,0,,,,,,"",""
ball,2,1.4,Lahore Qalandars,BB McCullum,JJ Roy,Mohammad Sami,1,1,,1,,,,"",""
ball,2,1.5,Lahore Qalandars,JJ Roy,BB McCullum,Mohammad Sami,4,0,,,,,,"",""
ball,2,1.6,Lahore Qalandars,JJ Roy,BB McCullum,Mohammad Sami,0,0,,,,,,"",""
ball,2,1.7,Lahore Qalandars,JJ Roy,BB McCullum,Mohammad Sami,4,0,,,,,,"",""
ball,2,2.1,Lahore Qalandars,BB McCullum,JJ Roy,Rumman Raees,0,0,,,,,,"",""
ball,2,2.2,Lahore Qalandars,BB McCullum,JJ Roy,Rumman Raees,2,0,,,,,,"",""
ball,2,2.3,Lahore Qalandars,BB McCullum,JJ Roy,Rumman Raees,0,0,,,,,,caught,BB McCullum
ball,2,2.4,Lahore Qalandars,Fakhar Zaman,JJ Roy,Rumman Raees,2,0,,,,,,"",""
ball,2,2.5,Lahore Qalandars,Fakhar Zaman,JJ Roy,Rumman Raees,1,0,,,,,,"",""
ball,2,2.6,Lahore Qalandars,JJ Roy,Fakhar Zaman,Rumman Raees,0,0,,,,,,"",""
ball,2,3.1,Lahore Qalandars,Fakhar Zaman,JJ Roy,Mohammad Sami,0,0,,,,,,"",""
ball,2,3.2,Lahore Qalandars,Fakhar Zaman,JJ Roy,Mohammad Sami,0,0,,,,,,"",""
ball,2,3.3,Lahore Qalandars,Fakhar Zaman,JJ Roy,Mohammad Sami,0,0,,,,,,"",""
ball,2,3.4,Lahore Qalandars,Fakhar Zaman,JJ Roy,Mohammad Sami,2,0,,,,,,"",""
ball,2,3.5,Lahore Qalandars,Fakhar Zaman,JJ Roy,Mohammad Sami,0,0,,,,,,"",""
ball,2,3.6,Lahore Qalandars,Fakhar Zaman,JJ Roy,Mohammad Sami,0,0,,,,,,caught and bowled,Fakhar Zaman
ball,2,4.1,Lahore Qalandars,JJ Roy,Umar Akmal,Rumman Raees,1,0,,,,,,"",""
ball,2,4.2,Lahore Qalandars,Umar Akmal,JJ Roy,Rumman Raees,0,0,,,,,,"",""
ball,2,4.3,Lahore Qalandars,Umar Akmal,JJ Roy,Rumman Raees,0,0,,,,,,"",""
ball,2,4.4,Lahore Qalandars,Umar Akmal,JJ Roy,Rumman Raees,1,0,,,,,,"",""
ball,2,4.5,Lahore Qalandars,JJ Roy,Umar Akmal,Rumman Raees,1,0,,,,,,"",""
ball,2,4.6,Lahore Qalandars,Umar Akmal,JJ Roy,Rumman Raees,0,0,,,,,,"",""
ball,2,5.1,Lahore Qalandars,JJ Roy,Umar Akmal,SR Watson,0,0,,,,,,"",""
ball,2,5.2,Lahore Qalandars,JJ Roy,Umar Akmal,SR Watson,0,0,,,,,,"",""
ball,2,5.3,Lahore Qalandars,JJ Roy,Umar Akmal,SR Watson,1,0,,,,,,"",""
ball,2,5.4,Lahore Qalandars,Umar Akmal,JJ Roy,SR Watson,0,0,,,,,,"",""
ball,2,5.5,Lahore Qalandars,Umar Akmal,JJ Roy,SR Watson,1,0,,,,,,"",""
ball,2,5.6,Lahore Qalandars,JJ Roy,Umar Akmal,SR Watson,0,1,1,,,,,"",""
ball,2,5.7,Lahore Qalandars,JJ Roy,Umar Akmal,SR Watson,1,0,,,,,,"",""
ball,2,6.1,Lahore Qalandars,JJ Roy,Umar Akmal,Shadab Khan,2,0,,,,,,"",""
ball,2,6.2,Lahore Qalandars,JJ Roy,Umar Akmal,Shadab Khan,0,0,,,,,,"",""
ball,2,6.3,Lahore Qalandars,JJ Roy,Umar Akmal,Shadab Khan,1,0,,,,,,"",""
ball,2,6.4,Lahore Qalandars,Umar Akmal,JJ Roy,Shadab Khan,4,0,,,,,,"",""
ball,2,6.5,Lahore Qalandars,Umar Akmal,JJ Roy,Shadab Khan,0,0,,,,,,"",""
ball,2,6.6,Lahore Qalandars,Umar Akmal,JJ Roy,Shadab Khan,4,0,,,,,,"",""
ball,2,7.1,Lahore Qalandars,JJ Roy,Umar Akmal,Saeed Ajmal,0,0,,,,,,"",""
ball,2,7.2,Lahore Qalandars,JJ Roy,Umar Akmal,Saeed Ajmal,0,0,,,,,,"",""
ball,2,7.3,Lahore Qalandars,JJ Roy,Umar Akmal,Saeed Ajmal,4,0,,,,,,"",""
ball,2,7.4,Lahore Qalandars,JJ Roy,Umar Akmal,Saeed Ajmal,0,0,,,,,,"",""
ball,2,7.5,Lahore Qalandars,JJ Roy,Umar Akmal,Saeed Ajmal,2,0,,,,,,"",""
ball,2,7.6,Lahore Qalandars,JJ Roy,Umar Akmal,Saeed Ajmal,1,0,,,,,,"",""
ball,2,8.1,Lahore Qalandars,JJ Roy,Umar Akmal,Shadab Khan,1,0,,,,,,"",""
ball,2,8.2,Lahore Qalandars,Umar Akmal,JJ Roy,Shadab Khan,4,0,,,,,,"",""
ball,2,8.3,Lahore Qalandars,Umar Akmal,JJ Roy,Shadab Khan,1,0,,,,,,"",""
ball,2,8.4,Lahore Qalandars,JJ Roy,Umar Akmal,Shadab Khan,1,0,,,,,,"",""
ball,2,8.5,Lahore Qalandars,Umar Akmal,JJ Roy,Shadab Khan,1,0,,,,,,"",""
ball,2,8.6,Lahore Qalandars,JJ Roy,Umar Akmal,Shadab Khan,2,0,,,,,,"",""
ball,2,9.1,Lahore Qalandars,Umar Akmal,JJ Roy,Saeed Ajmal,1,0,,,,,,"",""
ball,2,9.2,Lahore Qalandars,JJ Roy,Umar Akmal,Saeed Ajmal,4,0,,,,,,"",""
ball,2,9.3,Lahore Qalandars,JJ Roy,Umar Akmal,Saeed Ajmal,1,0,,,,,,"",""
ball,2,9.4,Lahore Qalandars,Umar Akmal,JJ Roy,Saeed Ajmal,1,0,,,,,,"",""
ball,2,9.5,Lahore Qalandars,JJ Roy,Umar Akmal,Saeed Ajmal,0,0,,,,,,"",""
ball,2,9.6,Lahore Qalandars,JJ Roy,Umar Akmal,Saeed Ajmal,1,0,,,,,,"",""
ball,2,10.1,Lahore Qalandars,JJ Roy,Umar Akmal,SR Watson,1,0,,,,,,"",""
ball,2,10.2,Lahore Qalandars,Umar Akmal,JJ Roy,SR Watson,6,0,,,,,,"",""
ball,2,10.3,Lahore Qalandars,Umar Akmal,JJ Roy,SR Watson,0,0,,,,,,"",""
ball,2,10.4,Lahore Qalandars,Umar Akmal,JJ Roy,SR Watson,1,0,,,,,,"",""
ball,2,10.5,Lahore Qalandars,JJ Roy,Umar Akmal,SR Watson,0,1,1,,,,,"",""
ball,2,10.6,Lahore Qalandars,JJ Roy,Umar Akmal,SR Watson,0,0,,,,,,"",""
ball,2,10.7,Lahore Qalandars,JJ Roy,Umar Akmal,SR Watson,1,0,,,,,,"",""
ball,2,11.1,Lahore Qalandars,JJ Roy,Umar Akmal,Saeed Ajmal,0,0,,,,,,"",""
ball,2,11.2,Lahore Qalandars,JJ Roy,Umar Akmal,Saeed Ajmal,1,0,,,,,,"",""
ball,2,11.3,Lahore Qalandars,Umar Akmal,JJ Roy,Saeed Ajmal,6,0,,,,,,"",""
ball,2,11.4,Lahore Qalandars,Umar Akmal,JJ Roy,Saeed Ajmal,0,0,,,,,,"",""
ball,2,11.5,Lahore Qalandars,Umar Akmal,JJ Roy,Saeed Ajmal,1,0,,,,,,"",""
ball,2,11.6,Lahore Qalandars,JJ Roy,Umar Akmal,Saeed Ajmal,1,0,,,,,,"",""
ball,2,12.1,Lahore Qalandars,JJ Roy,Umar Akmal,Rumman Raees,4,0,,,,,,"",""
ball,2,12.2,Lahore Qalandars,JJ Roy,Umar Akmal,Rumman Raees,0,0,,,,,,"",""
ball,2,12.3,Lahore Qalandars,JJ Roy,Umar Akmal,Rumman Raees,0,0,,,,,,"",""
ball,2,12.4,Lahore Qalandars,JJ Roy,Umar Akmal,Rumman Raees,0,0,,,,,,"",""
ball,2,12.5,Lahore Qalandars,JJ Roy,Umar Akmal,Rumman Raees,1,0,,,,,,"",""
ball,2,12.6,Lahore Qalandars,Umar Akmal,JJ Roy,Rumman Raees,1,0,,,,,,"",""
ball,2,13.1,Lahore Qalandars,Umar Akmal,JJ Roy,Mohammad Sami,0,0,,,,,,"",""
ball,2,13.2,Lahore Qalandars,Umar Akmal,JJ Roy,Mohammad Sami,1,0,,,,,,"",""
ball,2,13.3,Lahore Qalandars,JJ Roy,Umar Akmal,Mohammad Sami,1,0,,,,,,"",""
ball,2,13.4,Lahore Qalandars,Umar Akmal,JJ Roy,Mohammad Sami,0,0,,,,,,"",""
ball,2,13.5,Lahore Qalandars,Umar Akmal,JJ Roy,Mohammad Sami,1,0,,,,,,"",""
ball,2,13.6,Lahore Qalandars,JJ Roy,Umar Akmal,Mohammad Sami,0,0,,,,,,"",""
ball,2,14.1,Lahore Qalandars,Umar Akmal,JJ Roy,SR Watson,0,0,,,,,,caught,Umar Akmal
ball,2,14.2,Lahore Qalandars,JJ Roy,GD Elliott,SR Watson,1,0,,,,,,"",""
ball,2,14.3,Lahore Qalandars,GD Elliott,JJ Roy,SR Watson,0,0,,,,,,"",""
ball,2,14.4,Lahore Qalandars,GD Elliott,JJ Roy,SR Watson,1,0,,,,,,"",""
ball,2,14.5,Lahore Qalandars,JJ Roy,GD Elliott,SR Watson,1,0,,,,,,"",""
ball,2,14.6,Lahore Qalandars,GD Elliott,JJ Roy,SR Watson,2,0,,,,,,"",""
ball,2,15.1,Lahore Qalandars,JJ Roy,GD Elliott,Saeed Ajmal,0,0,,,,,,"",""
ball,2,15.2,Lahore Qalandars,JJ Roy,GD Elliott,Saeed Ajmal,6,0,,,,,,"",""
ball,2,15.3,Lahore Qalandars,JJ Roy,GD Elliott,Saeed Ajmal,1,0,,,,,,"",""
ball,2,15.4,Lahore Qalandars,GD Elliott,JJ Roy,Saeed Ajmal,0,0,,,,,,caught,GD Elliott
ball,2,15.5,Lahore Qalandars,JJ Roy,SP Narine,Saeed Ajmal,1,0,,,,,,"",""
ball,2,15.6,Lahore Qalandars,SP Narine,JJ Roy,Saeed Ajmal,1,0,,,,,,"",""
ball,2,16.1,Lahore Qalandars,SP Narine,JJ Roy,SR Watson,6,0,,,,,,"",""
ball,2,16.2,Lahore Qalandars,SP Narine,JJ Roy,SR Watson,0,0,,,,,,"",""
ball,2,16.3,Lahore Qalandars,SP Narine,JJ Roy,SR Watson,4,0,,,,,,"",""
ball,2,16.4,Lahore Qalandars,SP Narine,JJ Roy,SR Watson,6,0,,,,,,"",""
ball,2,16.5,Lahore Qalandars,SP Narine,JJ Roy,SR Watson,1,0,,,,,,"",""
ball,2,16.6,Lahore Qalandars,JJ Roy,SP Narine,SR Watson,4,0,,,,,,"",""
ball,2,17.1,Lahore Qalandars,SP Narine,JJ Roy,Mohammad Sami,0,0,,,,,,"",""
ball,2,17.2,Lahore Qalandars,SP Narine,JJ Roy,Mohammad Sami,0,1,,,,1,,"",""
ball,2,17.3,Lahore Qalandars,JJ Roy,SP Narine,Mohammad Sami,1,0,,,,,,"",""
ball,2,17.4,Lahore Qalandars,SP Narine,JJ Roy,Mohammad Sami,0,0,,,,,,"",""
ball,2,17.5,Lahore Qalandars,SP Narine,JJ Roy,Mohammad Sami,4,0,,,,,,"",""
ball,2,17.6,Lahore Qalandars,SP Narine,JJ Roy,Mohammad Sami,0,0,,,,,,"",""
ball,2,18.1,Lahore Qalandars,JJ Roy,SP Narine,Rumman Raees,1,0,,,,,,"",""
ball,2,18.2,Lahore Qalandars,SP Narine,JJ Roy,Rumman Raees,4,0,,,,,,"",""
