version,1.6.0
info,balls_per_over,6
info,team,Lahore Qalandars
info,team,Quetta Gladiators
info,gender,male
info,season,2016/17
info,date,2017/02/10
info,event,Pakistan Super League
info,match_number,2
info,venue,Dubai International Cricket Stadium
info,city,
info,neutralvenue,true
info,toss_winner,Lahore Qalandars
info,toss_decision,field
info,player_of_match,Hassan Khan
info,umpire,Rashid Riaz
info,umpire,Shozab Raza
info,reserve_umpire,Asif Yaqoob
info,tv_umpire,Ahsan Raza
info,match_referee,Mohammed Anees
info,winner,Quetta Gladiators
info,winner_runs,8
info,player,Lahore Qalandars,JJ Roy
info,player,Lahore Qalandars,BB McCullum
info,player,Lahore Qalandars,Fakhar Zaman
info,player,Lahore Qalandars,Umar Akmal
info,player,Lahore Qalandars,Mohammad Rizwan
info,player,Lahore Qalandars,GD Elliott
info,player,Lahore Qalandars,Sohail Tanvir
info,player,Lahore Qalandars,SP Narine
info,player,Lahore Qalandars,Bilawal Bhatti
info,player,Lahore Qalandars,Yasir Shah
info,player,Lahore Qalandars,Mohammad Irfan (4)
info,player,Quetta Gladiators,Asad Shafiq
info,player,Quetta Gladiators,Ahmed Shehzad
info,player,Quetta Gladiators,KP Pietersen
info,player,Quetta Gladiators,RR Rossouw
info,player,Quetta Gladiators,Sarfraz Ahmed
info,player,Quetta Gladiators,Mohammad Nawaz (3)
info,player,Quetta Gladiators,NLTC Perera
info,player,Quetta Gladiators,Hassan Khan
info,player,Quetta Gladiators,Anwar Ali
info,player,Quetta Gladiators,TS Mills
info,player,Quetta Gladiators,Zulfiqar Babar
info,registry,people,Ahmed Shehzad,f8fd6e3f
info,registry,people,Ahsan Raza,e0e5b209
info,registry,people,Anwar Ali,eb2d5fe7
info,registry,people,Asad Shafiq,50250426
info,registry,people,Asif Yaqoob,6b35790c
info,registry,people,BB McCullum,b8a55852
info,registry,people,Bilawal Bhatti,7662cf7a
info,registry,people,Fakhar Zaman,1777c020
info,registry,people,GD Elliott,c03449e0
info,registry,people,Hassan Khan,486065b3
info,registry,people,JJ Roy,d1c36f5c
info,registry,people,KP Pietersen,39f01cdb
info,registry,people,Mohammad Irfan (4),1bf9a8ef
info,registry,people,Mohammad Nawaz (3),3086f7a4
info,registry,people,Mohammad Rizwan,2f26ac1a
info,registry,people,Mohammed Anees,0d4da5c5
info,registry,people,NLTC Perera,0f12f9df
info,registry,people,RR Rossouw,cad00a4d
info,registry,people,Rashid Riaz,fb82725e
info,registry,people,SP Narine,9d430b40
info,registry,people,Sarfraz Ahmed,2254ab79
info,registry,people,Shozab Raza,153c67dc
info,registry,people,Sohail Tanvir,64d43928
info,registry,people,TS Mills,245c97cb
info,registry,people,Umar Akmal,fd2bf2a0
info,registry,people,Yasir Shah,f2800ef3
info,registry,people,Zulfiqar Babar,3a0f6df2
ball,1,0.1,Quetta Gladiators,Asad Shafiq,Ahmed Shehzad,Sohail Tanvir,0,0,,,,,,"",""
ball,1,0.2,Quetta Gladiators,Asad Shafiq,Ahmed Shehzad,Sohail Tanvir,1,0,,,,,,"",""
ball,1,0.3,Quetta Gladiators,Ahmed Shehzad,Asad Shafiq,Sohail Tanvir,1,0,,,,,,"",""
ball,1,0.4,Quetta Gladiators,Asad Shafiq,Ahmed Shehzad,Sohail Tanvir,1,0,,,,,,"",""
ball,1,0.5,Quetta Gladiators,Ahmed Shehzad,Asad Shafiq,Sohail Tanvir,1,0,,,,,,"",""
ball,1,0.6,Quetta Gladiators,Asad Shafiq,Ahmed Shehzad,Sohail Tanvir,0,0,,,,,,"",""
ball,1,1.1,Quetta Gladiators,Ahmed Shehzad,Asad Shafiq,Mohammad Irfan (4),0,0,,,,,,"",""
ball,1,1.2,Quetta Gladiators,Ahmed Shehzad,Asad Shafiq,Mohammad Irfan (4),0,1,1,,,,,"",""
ball,1,1.3,Quetta Gladiators,Ahmed Shehzad,Asad Shafiq,Mohammad Irfan (4),0,1,,,,1,,"",""
ball,1,1.4,Quetta Gladiators,Asad Shafiq,Ahmed Shehzad,Mohammad Irfan (4),1,0,,,,,,"",""
ball,1,1.5,Quetta Gladiators,Ahmed Shehzad,Asad Shafiq,Mohammad Irfan (4),1,0,,,,,,"",""
ball,1,1.6,Quetta Gladiators,Asad Shafiq,Ahmed Shehzad,Mohammad Irfan (4),4,0,,,,,,"",""
ball,1,1.7,Quetta Gladiators,Asad Shafiq,Ahmed Shehzad,Mohammad Irfan (4),0,0,,,,,,"",""
ball,1,2.1,Quetta Gladiators,Ahmed Shehzad,Asad Shafiq,Sohail Tanvir,0,0,,,,,,"",""
ball,1,2.2,Quetta Gladiators,Ahmed Shehzad,Asad Shafiq,Sohail Tanvir,2,0,,,,,,"",""
ball,1,2.3,Quetta Gladiators,Ahmed Shehzad,Asad Shafiq,Sohail Tanvir,0,0,,,,,,caught,Ahmed Shehzad
ball,1,2.4,Quetta Gladiators,KP Pietersen,Asad Shafiq,Sohail Tanvir,2,0,,,,,,"",""
ball,1,2.5,Quetta Gladiators,KP Pietersen,Asad Shafiq,Sohail Tanvir,0,1,,,,1,,"",""
ball,1,2.6,Quetta Gladiators,Asad Shafiq,KP Pietersen,Sohail Tanvir,0,0,,,,,,"",""
ball,1,3.1,Quetta Gladiators,KP Pietersen,Asad Shafiq,SP Narine,0,0,,,,,,"",""
ball,1,3.2,Quetta Gladiators,KP Pietersen,Asad Shafiq,SP Narine,0,0,,,,,,"",""
ball,1,3.3,Quetta Gladiators,KP Pietersen,Asad Shafiq,SP Narine,1,0,,,,,,"",""
ball,1,3.4,Quetta Gladiators,Asad Shafiq,KP Pietersen,SP Narine,4,0,,,,,,"",""
ball,1,3.5,Quetta Gladiators,Asad Shafiq,KP Pietersen,SP Narine,0,0,,,,,,"",""
ball,1,3.6,Quetta Gladiators,Asad Shafiq,KP Pietersen,SP Narine,0,0,,,,,,"",""
ball,1,4.1,Quetta Gladiators,KP Pietersen,Asad Shafiq,Mohammad Irfan (4),0,0,,,,,,"",""
ball,1,4.2,Quetta Gladiators,KP Pietersen,Asad Shafiq,Mohammad Irfan (4),0,0,,,,,,bowled,KP Pietersen
ball,1,4.3,Quetta Gladiators,RR Rossouw,Asad Shafiq,Mohammad Irfan (4),1,0,,,,,,"",""
ball,1,4.4,Quetta Gladiators,Asad Shafiq,RR Rossouw,Mohammad Irfan (4),0,0,,,,,,"",""
ball,1,4.5,Quetta Gladiators,Asad Shafiq,RR Rossouw,Mohammad Irfan (4),0,0,,,,,,"",""
ball,1,4.6,Quetta Gladiators,Asad Shafiq,RR Rossouw,Mohammad Irfan (4),0,0,,,,,,"",""
ball,1,5.1,Quetta Gladiators,RR Rossouw,Asad Shafiq,SP Narine,0,0,,,,,,"",""
ball,1,5.2,Quetta Gladiators,RR Rossouw,Asad Shafiq,SP Narine,1,0,,,,,,"",""
ball,1,5.3,Quetta Gladiators,Asad Shafiq,RR Rossouw,SP Narine,1,0,,,,,,"",""
ball,1,5.4,Quetta Gladiators,RR Rossouw,Asad Shafiq,SP Narine,0,0,,,,,,"",""
ball,1,5.5,Quetta Gladiators,RR Rossouw,Asad Shafiq,SP Narine,1,0,,,,,,"",""
ball,1,5.6,Quetta Gladiators,Asad Shafiq,RR Rossouw,SP Narine,0,0,,,,,,"",""
ball,1,6.1,Quetta Gladiators,RR Rossouw,Asad Shafiq,Bilawal Bhatti,1,0,,,,,,"",""
ball,1,6.2,Quetta Gladiators,Asad Shafiq,RR Rossouw,Bilawal Bhatti,0,0,,,,,,"",""
ball,1,6.3,Quetta Gladiators,Asad Shafiq,RR Rossouw,Bilawal Bhatti,4,0,,,,,,"",""
ball,1,6.4,Quetta Gladiators,Asad Shafiq,RR Rossouw,Bilawal Bhatti,0,0,,,,,,"",""
ball,1,6.5,Quetta Gladiators,Asad Shafiq,RR Rossouw,Bilawal Bhatti,1,0,,,,,,"",""
ball,1,6.6,Quetta Gladiators,RR Rossouw,Asad Shafiq,Bilawal Bhatti,2,0,,,,,,"",""
ball,1,7.1,Quetta Gladiators,Asad Shafiq,RR Rossouw,Yasir Shah,4,0,,,,,,"",""
ball,1,7.2,Quetta Gladiators,Asad Shafiq,RR Rossouw,Yasir Shah,1,0,,,,,,"",""
ball,1,7.3,Quetta Gladiators,RR Rossouw,Asad Shafiq,Yasir Shah,1,0,,,,,,"",""
ball,1,7.4,Quetta Gladiators,Asad Shafiq,RR Rossouw,Yasir Shah,1,0,,,,,,"",""
ball,1,7.5,Quetta Gladiators,RR Rossouw,Asad Shafiq,Yasir Shah,1,0,,,,,,"",""
ball,1,7.6,Quetta Gladiators,Asad Shafiq,RR Rossouw,Yasir Shah,0,0,,,,,,"",""
ball,1,8.1,Quetta Gladiators,RR Rossouw,Asad Shafiq,Bilawal Bhatti,1,0,,,,,,"",""
ball,1,8.2,Quetta Gladiators,Asad Shafiq,RR Rossouw,Bilawal Bhatti,3,0,,,,,,"",""
ball,1,8.3,Quetta Gladiators,RR Rossouw,Asad Shafiq,Bilawal Bhatti,0,0,,,,,,"",""
ball,1,8.4,Quetta Gladiators,RR Rossouw,Asad Shafiq,Bilawal Bhatti,1,0,,,,,,"",""
ball,1,8.5,Quetta Gladiators,Asad Shafiq,RR Rossouw,Bilawal Bhatti,0,1,1,,,,,"",""
ball,1,8.6,Quetta Gladiators,Asad Shafiq,RR Rossouw,Bilawal Bhatti,2,0,,,,,,"",""
ball,1,8.7,Quetta Gladiators,Asad Shafiq,RR Rossouw,Bilawal Bhatti,1,0,,,,,,"",""
ball,1,9.1,Quetta Gladiators,Asad Shafiq,RR Rossouw,SP Narine,0,0,,,,,,bowled,Asad Shafiq
ball,1,9.2,Quetta Gladiators,Sarfraz Ahmed,RR Rossouw,SP Narine,1,0,,,,,,"",""
ball,1,9.3,Quetta Gladiators,RR Rossouw,Sarfraz Ahmed,SP Narine,0,1,1,,,,,"",""
ball,1,9.4,Quetta Gladiators,RR Rossouw,Sarfraz Ahmed,SP Narine,0,0,,,,,,"",""
ball,1,9.5,Quetta Gladiators,RR Rossouw,Sarfraz Ahmed,SP Narine,0,0,,,,,,"",""
ball,1,9.6,Quetta Gladiators,RR Rossouw,Sarfraz Ahmed,SP Narine,1,0,,,,,,"",""
ball,1,9.7,Quetta Gladiators,Sarfraz Ahmed,RR Rossouw,SP Narine,0,0,,,,,,bowled,Sarfraz Ahmed
ball,1,10.1,Quetta Gladiators,RR Rossouw,Mohammad Nawaz (3),Yasir Shah,1,0,,,,,,"",""
ball,1,10.2,Quetta Gladiators,Mohammad Nawaz (3),RR Rossouw,Yasir Shah,0,0,,,,,,"",""
ball,1,10.3,Quetta Gladiators,Mohammad Nawaz (3),RR Rossouw,Yasir Shah,1,0,,,,,,"",""
ball,1,10.4,Quetta Gladiators,RR Rossouw,Mohammad Nawaz (3),Yasir Shah,0,0,,,,,,"",""
ball,1,10.5,Quetta Gladiators,RR Rossouw,Mohammad Nawaz (3),Yasir Shah,0,0,,,,,,"",""
ball,1,10.6,Quetta Gladiators,RR Rossouw,Mohammad Nawaz (3),Yasir Shah,0,0,,,,,,"",""
ball,1,11.1,Quetta Gladiators,Mohammad Nawaz (3),RR Rossouw,GD Elliott,0,0,,,,,,run out,Mohammad Nawaz (3)
ball,1,11.2,Quetta Gladiators,RR Rossouw,NLTC Perera,GD Elliott,0,0,,,,,,"",""
ball,1,11.3,Quetta Gladiators,RR Rossouw,NLTC Perera,GD Elliott,1,0,,,,,,"",""
ball,1,11.4,Quetta Gladiators,NLTC Perera,RR Rossouw,GD Elliott,1,0,,,,,,"",""
ball,1,11.5,Quetta Gladiators,RR Rossouw,NLTC Perera,GD Elliott,1,0,,,,,,"",""
ball,1,11.6,Quetta Gladiators,NLTC Perera,RR Rossouw,GD Elliott,1,0,,,,,,"",""
ball,1,12.1,Quetta Gladiators,NLTC Perera,RR Rossouw,SP Narine,1,0,,,,,,"",""
ball,1,12.2,Quetta Gladiators,RR Rossouw,NLTC Perera,SP Narine,1,0,,,,,,"",""
ball,1,12.3,Quetta Gladiators,NLTC Perera,RR Rossouw,SP Narine,0,0,,,,,,"",""
ball,1,12.4,Quetta Gladiators,NLTC Perera,RR Rossouw,SP Narine,1,0,,,,,,"",""
ball,1,12.5,Quetta Gladiators,RR Rossouw,NLTC Perera,SP Narine,1,0,,,,,,"",""
ball,1,12.6,Quetta Gladiators,NLTC Perera,RR Rossouw,SP Narine,1,0,,,,,,"",""
ball,1,13.1,Quetta Gladiators,NLTC Perera,RR Rossouw,GD Elliott,1,0,,,,,,"",""
ball,1,13.2,Quetta Gladiators,RR Rossouw,NLTC Perera,GD Elliott,6,0,,,,,,"",""
ball,1,13.3,Quetta Gladiators,RR Rossouw,NLTC Perera,GD Elliott,2,0,,,,,,"",""
ball,1,13.4,Quetta Gladiators,RR Rossouw,NLTC Perera,GD Elliott,1,0,,,,,,"",""
ball,1,13.5,Quetta Gladiators,NLTC Perera,RR Rossouw,GD Elliott,4,0,,,,,,"",""
ball,1,13.6,Quetta Gladiators,NLTC Perera,RR Rossouw,GD Elliott,1,0,,,,,,"",""
ball,1,14.1,Quetta Gladiators,NLTC Perera,RR Rossouw,Yasir Shah,1,0,,,,,,"",""
ball,1,14.2,Quetta Gladiators,RR Rossouw,NLTC Perera,Yasir Shah,1,0,,,,,,"",""
ball,1,14.3,Quetta Gladiators,NLTC Perera,RR Rossouw,Yasir Shah,0,1,1,,,,,"",""
ball,1,14.4,Quetta Gladiators,NLTC Perera,RR Rossouw,Yasir Shah,0,0,,,,,,caught,NLTC Perera
ball,1,14.5,Quetta Gladiators,RR Rossouw,Hassan Khan,Yasir Shah,1,0,,,,,,"",""
ball,1,14.6,Quetta Gladiators,Hassan Khan,RR Rossouw,Yasir Shah,1,0,,,,,,"",""
ball,1,14.7,Quetta Gladiators,RR Rossouw,Hassan Khan,Yasir Shah,4,0,,,,,,"",""
ball,1,15.1,Quetta Gladiators,Hassan Khan,RR Rossouw,Sohail Tanvir,1,0,,,,,,"",""
ball,1,15.2,Quetta Gladiators,RR Rossouw,Hassan Khan,Sohail Tanvir,1,0,,,,,,"",""
ball,1,15.3,Quetta Gladiators,Hassan Khan,RR Rossouw,Sohail Tanvir,1,0,,,,,,"",""
ball,1,15.4,Quetta Gladiators,RR Rossouw,Hassan Khan,Sohail Tanvir,4,0,,,,,,"",""
ball,1,15.5,Quetta Gladiators,RR Rossouw,Hassan Khan,Sohail Tanvir,4,0,,,,,,"",""
ball,1,15.6,Quetta Gladiators,RR Rossouw,Hassan Khan,Sohail Tanvir,1,0,,,,,,"",""
ball,1,16.1,Quetta Gladiators,RR Rossouw,Hassan Khan,Yasir Shah,1,0,,,,,,"",""
ball,1,16.2,Quetta Gladiators,Hassan Khan,RR Rossouw,Yasir Shah,1,0,,,,,,"",""
ball,1,16.3,Quetta Gladiators,RR Rossouw,Hassan Khan,Yasir Shah,1,0,,,,,,"",""
ball,1,16.4,Quetta Gladiators,Hassan Khan,RR Rossouw,Yasir Shah,0,0,,,,,,"",""
ball,1,16.5,Quetta Gladiators,Hassan Khan,RR Rossouw,Yasir Shah,6,0,,,,,,"",""
ball,1,16.6,Quetta Gladiators,Hassan Khan,RR Rossouw,Yasir Shah,4,0,,,,,,"",""
ball,1,17.1,Quetta Gladiators,RR Rossouw,Hassan Khan,Mohammad Irfan (4),6,0,,,,,,"",""
ball,1,17.2,Quetta Gladiators,RR Rossouw,Hassan Khan,Mohammad Irfan (4),2,0,,,,,,"",""
ball,1,17.3,Quetta Gladiators,RR Rossouw,Hassan Khan,Mohammad Irfan (4),1,0,,,,,,"",""
ball,1,17.4,Quetta Gladiators,Hassan Khan,RR Rossouw,Mohammad Irfan (4),1,0,,,,,,"",""
ball,1,17.5,Quetta Gladiators,RR Rossouw,Hassan Khan,Mohammad Irfan (4),1,0,,,,,,"",""
ball,1,17.6,Quetta Gladiators,Hassan Khan,RR Rossouw,Mohammad Irfan (4),0,0,,,,,,"",""
ball,1,18.1,Quetta Gladiators,RR Rossouw,Hassan Khan,Sohail Tanvir,0,0,,,,,,"",""
ball,1,18.2,Quetta Gladiators,RR Rossouw,Hassan Khan,Sohail Tanvir,1,0,,,,,,"",""
ball,1,18.3,Quetta Gladiators,Hassan Khan,RR Rossouw,Sohail Tanvir,1,0,,,,,,"",""
ball,1,18.4,Quetta Gladiators,RR Rossouw,Hassan Khan,Sohail Tanvir,1,0,,,,,,"",""
ball,1,18.5,Quetta Gladiators,Hassan Khan,RR Rossouw,Sohail Tanvir,0,0,,,,,,caught,Hassan Khan
ball,1,18.6,Quetta Gladiators,RR Rossouw,Anwar Ali,Sohail Tanvir,1,0,,,,,,"",""
ball,1,19.1,Quetta Gladiators,RR Rossouw,Anwar Ali,Mohammad Irfan (4),2,0,,,,,,"",""
ball,1,19.2,Quetta Gladiators,RR Rossouw,Anwar Ali,Mohammad Irfan (4),2,0,,,,,,"",""
ball,1,19.3,Quetta Gladiators,RR Rossouw,Anwar Ali,Mohammad Irfan (4),0,0,,,,,,caught,RR Rossouw
ball,1,19.4,Quetta Gladiators,Anwar Ali,TS Mills,Mohammad Irfan (4),2,0,,,,,,"",""
ball,1,19.5,Quetta Gladiators,Anwar Ali,TS Mills,Mohammad Irfan (4),1,0,,,,,,"",""
ball,1,19.6,Quetta Gladiators,TS Mills,Anwar Ali,Mohammad Irfan (4),0,0,,,,,,lbw,TS Mills
ball,2,0.1,Lahore Qalandars,JJ Roy,BB McCullum,Zulfiqar Babar,0,0,,,,,,"",""
ball,2,0.2,Lahore Qalandars,JJ Roy,BB McCullum,Zulfiqar Babar,4,0,,,,,,"",""
ball,2,0.3,Lahore Qalandars,JJ Roy,BB McCullum,Zulfiqar Babar,6,0,,,,,,"",""
ball,2,0.4,Lahore Qalandars,JJ Roy,BB McCullum,Zulfiqar Babar,0,0,,,,,,"",""
ball,2,0.5,Lahore Qalandars,JJ Roy,BB McCullum,Zulfiqar Babar,0,0,,,,,,"",""
ball,2,0.6,Lahore Qalandars,JJ Roy,BB McCullum,Zulfiqar Babar,0,0,,,,,,"",""
ball,2,1.1,Lahore Qalandars,BB McCullum,JJ Roy,TS Mills,1,0,,,,,,"",""
ball,2,1.2,Lahore Qalandars,JJ Roy,BB McCullum,TS Mills,4,0,,,,,,"",""
ball,2,1.3,Lahore Qalandars,JJ Roy,BB McCullum,TS Mills,4,0,,,,,,"",""
ball,2,1.4,Lahore Qalandars,JJ Roy,BB McCullum,TS Mills,0,0,,,,,,"",""
ball,2,1.5,Lahore Qalandars,JJ Roy,BB McCullum,TS Mills,0,0,,,,,,"",""
ball,2,1.6,Lahore Qalandars,JJ Roy,BB McCullum,TS Mills,4,0,,,,,,"",""
ball,2,2.1,Lahore Qalandars,BB McCullum,JJ Roy,Zulfiqar Babar,1,0,,,,,,"",""
ball,2,2.2,Lahore Qalandars,JJ Roy,BB McCullum,Zulfiqar Babar,4,0,,,,,,"",""
ball,2,2.3,Lahore Qalandars,JJ Roy,BB McCullum,Zulfiqar Babar,1,0,,,,,,"",""
ball,2,2.4,Lahore Qalandars,BB McCullum,JJ Roy,Zulfiqar Babar,4,0,,,,,,"",""
ball,2,2.5,Lahore Qalandars,BB McCullum,JJ Roy,Zulfiqar Babar,1,0,,,,,,"",""
ball,2,2.6,Lahore Qalandars,JJ Roy,BB McCullum,Zulfiqar Babar,0,0,,,,,,bowled,JJ Roy
ball,2,3.1,Lahore Qalandars,BB McCullum,Fakhar Zaman,TS Mills,4,0,,,,,,"",""
ball,2,3.2,Lahore Qalandars,BB McCullum,Fakhar Zaman,TS Mills,0,0,,,,,,"",""
ball,2,3.3,Lahore Qalandars,BB McCullum,Fakhar Zaman,TS Mills,1,0,,,,,,"",""
ball,2,3.4,Lahore Qalandars,Fakhar Zaman,BB McCullum,TS Mills,1,0,,,,,,"",""
ball,2,3.5,Lahore Qalandars,BB McCullum,Fakhar Zaman,TS Mills,1,0,,,,,,"",""
ball,2,3.6,Lahore Qalandars,Fakhar Zaman,BB McCullum,TS Mills,0,0,,,,,,"",""
ball,2,4.1,Lahore Qalandars,BB McCullum,Fakhar Zaman,Zulfiqar Babar,6,0,,,,,,"",""
ball,2,4.2,Lahore Qalandars,BB McCullum,Fakhar Zaman,Zulfiqar Babar,1,0,,,,,,"",""
ball,2,4.3,Lahore Qalandars,Fakhar Zaman,BB McCullum,Zulfiqar Babar,1,0,,,,,,"",""
ball,2,4.4,Lahore Qalandars,BB McCullum,Fakhar Zaman,Zulfiqar Babar,0,0,,,,,,caught,BB McCullum
ball,2,4.5,Lahore Qalandars,Umar Akmal,Fakhar Zaman,Zulfiqar Babar,0,0,,,,,,"",""
ball,2,4.6,Lahore Qalandars,Umar Akmal,Fakhar Zaman,Zulfiqar Babar,0,0,,,,,,"",""
ball,2,5.1,Lahore Qalandars,Fakhar Zaman,Umar Akmal,Anwar Ali,1,0,,,,,,"",""
ball,2,5.2,Lahore Qalandars,Umar Akmal,Fakhar Zaman,Anwar Ali,0,0,,,,,,"",""
ball,2,5.3,Lahore Qalandars,Umar Akmal,Fakhar Zaman,Anwar Ali,0,0,,,,,,caught,Umar Akmal
ball,2,5.4,Lahore Qalandars,Mohammad Rizwan,Fakhar Zaman,Anwar Ali,2,0,,,,,,"",""
ball,2,5.5,Lahore Qalandars,Mohammad Rizwan,Fakhar Zaman,Anwar Ali,1,0,,,,,,"",""
ball,2,5.6,Lahore Qalandars,Fakhar Zaman,Mohammad Rizwan,Anwar Ali,4,0,,,,,,"",""
ball,2,6.1,Lahore Qalandars,Mohammad Rizwan,Fakhar Zaman,Mohammad Nawaz (3),0,0,,,,,,"",""
ball,2,6.2,Lahore Qalandars,Mohammad Rizwan,Fakhar Zaman,Mohammad Nawaz (3),1,0,,,,,,"",""
ball,2,6.3,Lahore Qalandars,Fakhar Zaman,Mohammad Rizwan,Mohammad Nawaz (3),1,0,,,,,,"",""
ball,2,6.4,Lahore Qalandars,Mohammad Rizwan,Fakhar Zaman,Mohammad Nawaz (3),0,0,,,,,,"",""
ball,2,6.5,Lahore Qalandars,Mohammad Rizwan,Fakhar Zaman,Mohammad Nawaz (3),0,0,,,,,,"",""
ball,2,6.6,Lahore Qalandars,Mohammad Rizwan,Fakhar Zaman,Mohammad Nawaz (3),1,0,,,,,,"",""
ball,2,7.1,Lahore Qalandars,Mohammad Rizwan,Fakhar Zaman,Hassan Khan,0,0,,,,,,lbw,Mohammad Rizwan
ball,2,7.2,Lahore Qalandars,GD Elliott,Fakhar Zaman,Hassan Khan,0,0,,,,,,"",""
ball,2,7.3,Lahore Qalandars,GD Elliott,Fakhar Zaman,Hassan Khan,1,0,,,,,,"",""
ball,2,7.4,Lahore Qalandars,Fakhar Zaman,GD Elliott,Hassan Khan,1,0,,,,,,"",""
ball,2,7.5,Lahore Qalandars,GD Elliott,Fakhar Zaman,Hassan Khan,1,0,,,,,,"",""
ball,2,7.6,Lahore Qalandars,Fakhar Zaman,GD Elliott,Hassan Khan,0,0,,,,,,"",""
ball,2,8.1,Lahore Qalandars,GD Elliott,Fakhar Zaman,Mohammad Nawaz (3),1,0,,,,,,"",""
ball,2,8.2,Lahore Qalandars,Fakhar Zaman,GD Elliott,Mohammad Nawaz (3),0,0,,,,,,"",""
ball,2,8.3,Lahore Qalandars,Fakhar Zaman,GD Elliott,Mohammad Nawaz (3),0,0,,,,,,"",""
ball,2,8.4,Lahore Qalandars,Fakhar Zaman,GD Elliott,Mohammad Nawaz (3),1,0,,,,,,"",""
ball,2,8.5,Lahore Qalandars,GD Elliott,Fakhar Zaman,Mohammad Nawaz (3),0,0,,,,,,"",""
ball,2,8.6,Lahore Qalandars,GD Elliott,Fakhar Zaman,Mohammad Nawaz (3),1,0,,,,,,"",""
ball,2,9.1,Lahore Qalandars,GD Elliott,Fakhar Zaman,Zulfiqar Babar,0,0,,,,,,"",""
ball,2,9.2,Lahore Qalandars,GD Elliott,Fakhar Zaman,Zulfiqar Babar,0,0,,,,,,"",""
ball,2,9.3,Lahore Qalandars,GD Elliott,Fakhar Zaman,Zulfiqar Babar,1,0,,,,,,"",""
ball,2,9.4,Lahore Qalandars,Fakhar Zaman,GD Elliott,Zulfiqar Babar,1,0,,,,,,"",""
ball,2,9.5,Lahore Qalandars,GD Elliott,Fakhar Zaman,Zulfiqar Babar,0,0,,,,,,run out,Fakhar Zaman
ball,2,9.6,Lahore Qalandars,Sohail Tanvir,GD Elliott,Zulfiqar Babar,0,0,,,,,,"",""
ball,2,10.1,Lahore Qalandars,GD Elliott,Sohail Tanvir,Hassan Khan,1,0,,,,,,"",""
ball,2,10.2,Lahore Qalandars,Sohail Tanvir,GD Elliott,Hassan Khan,0,0,,,,,,"",""
ball,2,10.3,Lahore Qalandars,Sohail Tanvir,GD Elliott,Hassan Khan,1,0,,,,,,"",""
ball,2,10.4,Lahore Qalandars,GD Elliott,Sohail Tanvir,Hassan Khan,0,0,,,,,,"",""
ball,2,10.5,Lahore Qalandars,GD Elliott,Sohail Tanvir,Hassan Khan,1,0,,,,,,"",""
ball,2,10.6,Lahore Qalandars,Sohail Tanvir,GD Elliott,Hassan Khan,1,0,,,,,,"",""
ball,2,11.1,Lahore Qalandars,Sohail Tanvir,GD Elliott,NLTC Perera,1,0,,,,,,"",""
ball,2,11.2,Lahore Qalandars,GD Elliott,Sohail Tanvir,NLTC Perera,1,0,,,,,,"",""
ball,2,11.3,Lahore Qalandars,Sohail Tanvir,GD Elliott,NLTC Perera,1,0,,,,,,"",""
ball,2,11.4,Lahore Qalandars,GD Elliott,Sohail Tanvir,NLTC Perera,0,0,,,,,,"",""
ball,2,11.5,Lahore Qalandars,GD Elliott,Sohail Tanvir,NLTC Perera,1,0,,,,,,"",""
ball,2,11.6,Lahore Qalandars,Sohail Tanvir,GD Elliott,NLTC Perera,1,0,,,,,,"",""
ball,2,12.1,Lahore Qalandars,Sohail Tanvir,GD Elliott,Mohammad Nawaz (3),0,0,,,,,,bowled,Sohail Tanvir
ball,2,12.2,Lahore Qalandars,SP Narine,GD Elliott,Mohammad Nawaz (3),1,0,,,,,,"",""
ball,2,12.3,Lahore Qalandars,GD Elliott,SP Narine,Mohammad Nawaz (3),0,0,,,,,,"",""
ball,2,12.4,Lahore Qalandars,GD Elliott,SP Narine,Mohammad Nawaz (3),1,0,,,,,,"",""
ball,2,12.5,Lahore Qalandars,SP Narine,GD Elliott,Mohammad Nawaz (3),1,0,,,,,,"",""
ball,2,12.6,Lahore Qalandars,GD Elliott,SP Narine,Mohammad Nawaz (3),2,0,,,,,,"",""
ball,2,13.1,Lahore Qalandars,SP Narine,GD Elliott,NLTC Perera,2,0,,,,,,"",""
ball,2,13.2,Lahore Qalandars,SP Narine,GD Elliott,NLTC Perera,0,1,,,,1,,"",""
ball,2,13.3,Lahore Qalandars,GD Elliott,SP Narine,NLTC Perera,4,0,,,,,,"",""
ball,2,13.4,Lahore Qalandars,GD Elliott,SP Narine,NLTC Perera,4,0,,,,,,"",""
ball,2,13.5,Lahore Qalandars,GD Elliott,SP Narine,NLTC Perera,1,0,,,,,,"",""
ball,2,13.6,Lahore Qalandars,SP Narine,GD Elliott,NLTC Perera,0,0,,,,,,"",""
ball,2,14.1,Lahore Qalandars,GD Elliott,SP Narine,TS Mills,0,0,,,,,,"",""
ball,2,14.2,Lahore Qalandars,GD Elliott,SP Narine,TS Mills,1,0,,,,,,"",""
ball,2,14.3,Lahore Qalandars,SP Narine,GD Elliott,TS Mills,0,0,,,,,,"",""
ball,2,14.4,Lahore Qalandars,SP Narine,GD Elliott,TS Mills,2,0,,,,,,"",""
ball,2,14.5,Lahore Qalandars,SP Narine,GD Elliott,TS Mills,0,0,,,,,,"",""
ball,2,14.6,Lahore Qalandars,SP Narine,GD Elliott,TS Mills,0,1,1,,,,,"",""
ball,2,14.7,Lahore Qalandars,SP Narine,GD Elliott,TS Mills,6,0,,,,,,"",""
ball,2,15.1,Lahore Qalandars,GD Elliott,SP Narine,NLTC Perera,1,0,,,,,,"",""
ball,2,15.2,Lahore Qalandars,SP Narine,GD Elliott,NLTC Perera,6,0,,,,,,"",""
ball,2,15.3,Lahore Qalandars,SP Narine,GD Elliott,NLTC Perera,1,0,,,,,,"",""
ball,2,15.4,Lahore Qalandars,GD Elliott,SP Narine,NLTC Perera,1,0,,,,,,"",""
ball,2,15.5,Lahore Qalandars,SP Narine,GD Elliott,NLTC Perera,1,0,,,,,,"",""
ball,2,15.6,Lahore Qalandars,GD Elliott,SP Narine,NLTC Perera,1,0,,,,,,"",""
ball,2,16.1,Lahore Qalandars,GD Elliott,SP Narine,Mohammad Nawaz (3),1,0,,,,,,"",""
ball,2,16.2,Lahore Qalandars,SP Narine,GD Elliott,Mohammad Nawaz (3),0,1,,,,1,,"",""
ball,2,16.3,Lahore Qalandars,GD Elliott,SP Narine,Mohammad Nawaz (3),0,0,,,,,,"",""
ball,2,16.4,Lahore Qalandars,GD Elliott,SP Narine,Mohammad Nawaz (3),0,0,,,,,,bowled,GD Elliott
ball,2,16.5,Lahore Qalandars,Bilawal Bhatti,SP Narine,Mohammad Nawaz (3),1,0,,,,,,"",""
ball,2,16.6,Lahore Qalandars,SP Narine,Bilawal Bhatti,Mohammad Nawaz (3),6,0,,,,,,"",""
ball,2,17.1,Lahore Qalandars,Bilawal Bhatti,SP Narine,TS Mills,0,0,,,,,,"",""
ball,2,17.2,Lahore Qalandars,Bilawal Bhatti,SP Narine,TS Mills,0,0,,,,,,run out,Bilawal Bhatti
ball,2,17.3,Lahore Qalandars,SP Narine,Yasir Shah,TS Mills,0,0,,,,,,lbw,SP Narine
ball,2,17.4,Lahore Qalandars,Mohammad Irfan (4),Yasir Shah,TS Mills,1,0,,,,,,"",""
ball,2,17.5,Lahore Qalandars,Yasir Shah,Mohammad Irfan (4),TS Mills,0,0,,,,,,"",""
ball,2,17.6,Lahore Qalandars,Yasir Shah,Mohammad Irfan (4),TS Mills,0,0,,,,,,"",""
ball,2,18.1,Lahore Qalandars,Mohammad Irfan (4),Yasir Shah,Hassan Khan,1,0,,,,,,"",""
ball,2,18.2,Lahore Qalandars,Yasir Shah,Mohammad Irfan (4),Hassan Khan,1,0,,,,,,"",""
ball,2,18.3,Lahore Qalandars,Mohammad Irfan (4),Yasir Shah,Hassan Khan,1,0,,,,,,"",""
ball,2,18.4,Lahore Qalandars,Yasir Shah,Mohammad Irfan (4),Hassan Khan,0,0,,,,,,caught and bowled,Yasir Shah
