version,1.6.0
info,balls_per_over,6
info,team,South Africa
info,team,Bangladesh
info,gender,male
info,season,2017/18
info,date,2017/10/22
info,event,Bangladesh tour of South Africa
info,match_number,3
info,venue,Buffalo Park
info,city,East London
info,toss_winner,South Africa
info,toss_decision,bat
info,player_of_match,F du Plessis
info,umpire,Aleem Dar
info,umpire,S George
info,reserve_umpire,AT Holdstock
info,tv_umpire,RSA Palliyaguruge
info,match_referee,RS Madugalle
info,winner,South Africa
info,winner_runs,200
info,player,South Africa,T Bavuma
info,player,South Africa,Q de Kock
info,player,South Africa,F du Plessis
info,player,South Africa,AK Markram
info,player,South Africa,AB de Villiers
info,player,South Africa,F Behardien
info,player,South Africa,PWA Mulder
info,player,South Africa,AL Phehlukwayo
info,player,South Africa,K Rabada
info,player,South Africa,D Paterson
info,player,South Africa,Imran Tahir
info,player,Bangladesh,Imrul Kayes
info,player,Bangladesh,Soumya Sarkar
info,player,Bangladesh,Liton Das
info,player,Bangladesh,Mushfiqur Rahim
info,player,Bangladesh,Shakib Al Hasan
info,player,Bangladesh,Mahmudullah
info,player,Bangladesh,Sabbir Rahman
info,player,Bangladesh,Mehedi Hasan Miraz
info,player,Bangladesh,Mashrafe Mortaza
info,player,Bangladesh,Taskin Ahmed
info,player,Bangladesh,Rubel Hossain
info,registry,people,AB de Villiers,c4487b84
info,registry,people,AK Markram,6a26221c
info,registry,people,AL Phehlukwayo,ab6b1c45
info,registry,people,AT Holdstock,6fa3258c
info,registry,people,Aleem Dar,f02778d1
info,registry,people,D Paterson,462d7c62
info,registry,people,F Behardien,dce2019b
info,registry,people,F du Plessis,3355b542
info,registry,people,Imran Tahir,acee4cc4
info,registry,people,Imrul Kayes,5fbe14fc
info,registry,people,JP Duminy,2e8994e7
info,registry,people,K Rabada,e62dd25d
info,registry,people,Liton Das,0404d43c
info,registry,people,Mahmudullah,bf1d7d3e
info,registry,people,Mashrafe Mortaza,e186f49c
info,registry,people,Mehedi Hasan Miraz,c58b0108
info,registry,people,Mushfiqur Rahim,a94e08ea
info,registry,people,PWA Mulder,c96f6ac5
info,registry,people,Q de Kock,372455c4
info,registry,people,RS Madugalle,766b5798
info,registry,people,RSA Palliyaguruge,4339c19d
info,registry,people,Rubel Hossain,f56cd097
info,registry,people,S George,6d9e5a54
info,registry,people,Sabbir Rahman,7147f314
info,registry,people,Shakib Al Hasan,7dc35884
info,registry,people,Soumya Sarkar,4d9f9686
info,registry,people,T Bavuma,9ffd1ac1
info,registry,people,Taskin Ahmed,ef18b66e
ball,1,0.1,South Africa,T Bavuma,Q de Kock,Mashrafe Mortaza,4,0,,,,,,"",""
ball,1,0.2,South Africa,T Bavuma,Q de Kock,Mashrafe Mortaza,0,0,,,,,,"",""
ball,1,0.3,South Africa,T Bavuma,Q de Kock,Mashrafe Mortaza,1,0,,,,,,"",""
ball,1,0.4,South Africa,Q de Kock,T Bavuma,Mashrafe Mortaza,0,0,,,,,,"",""
ball,1,0.5,South Africa,Q de Kock,T Bavuma,Mashrafe Mortaza,1,0,,,,,,"",""
ball,1,0.6,South Africa,T Bavuma,Q de Kock,Mashrafe Mortaza,0,0,,,,,,"",""
ball,1,1.1,South Africa,Q de Kock,T Bavuma,Mehedi Hasan Miraz,0,0,,,,,,"",""
ball,1,1.2,South Africa,Q de Kock,T Bavuma,Mehedi Hasan Miraz,4,0,,,,,,"",""
ball,1,1.3,South Africa,Q de Kock,T Bavuma,Mehedi Hasan Miraz,4,0,,,,,,"",""
ball,1,1.4,South Africa,Q de Kock,T Bavuma,Mehedi Hasan Miraz,0,0,,,,,,"",""
ball,1,1.5,South Africa,Q de Kock,T Bavuma,Mehedi Hasan Miraz,0,0,,,,,,"",""
ball,1,1.6,South Africa,Q de Kock,T Bavuma,Mehedi Hasan Miraz,4,0,,,,,,"",""
ball,1,2.1,South Africa,T Bavuma,Q de Kock,Mashrafe Mortaza,0,0,,,,,,"",""
ball,1,2.2,South Africa,T Bavuma,Q de Kock,Mashrafe Mortaza,0,0,,,,,,"",""
ball,1,2.3,South Africa,T Bavuma,Q de Kock,Mashrafe Mortaza,4,0,,,,,,"",""
ball,1,2.4,South Africa,T Bavuma,Q de Kock,Mashrafe Mortaza,1,0,,,,,,"",""
ball,1,2.5,South Africa,Q de Kock,T Bavuma,Mashrafe Mortaza,1,0,,,,,,"",""
ball,1,2.6,South Africa,T Bavuma,Q de Kock,Mashrafe Mortaza,0,0,,,,,,"",""
ball,1,3.1,South Africa,Q de Kock,T Bavuma,Rubel Hossain,0,0,,,,,,"",""
ball,1,3.2,South Africa,Q de Kock,T Bavuma,Rubel Hossain,0,0,,,,,,"",""
ball,1,3.3,South Africa,Q de Kock,T Bavuma,Rubel Hossain,0,0,,,,,,"",""
ball,1,3.4,South Africa,Q de Kock,T Bavuma,Rubel Hossain,0,0,,,,,,"",""
ball,1,3.5,South Africa,Q de Kock,T Bavuma,Rubel Hossain,4,0,,,,,,"",""
ball,1,3.6,South Africa,Q de Kock,T Bavuma,Rubel Hossain,0,0,,,,,,"",""
ball,1,4.1,South Africa,T Bavuma,Q de Kock,Mashrafe Mortaza,0,0,,,,,,"",""
ball,1,4.2,South Africa,T Bavuma,Q de Kock,Mashrafe Mortaza,0,0,,,,,,"",""
ball,1,4.3,South Africa,T Bavuma,Q de Kock,Mashrafe Mortaza,1,0,,,,,,"",""
ball,1,4.4,South Africa,Q de Kock,T Bavuma,Mashrafe Mortaza,1,0,,,,,,"",""
ball,1,4.5,South Africa,T Bavuma,Q de Kock,Mashrafe Mortaza,1,0,,,,,,"",""
ball,1,4.6,South Africa,Q de Kock,T Bavuma,Mashrafe Mortaza,0,1,1,,,,,"",""
ball,1,4.7,South Africa,Q de Kock,T Bavuma,Mashrafe Mortaza,0,0,,,,,,"",""
ball,1,5.1,South Africa,T Bavuma,Q de Kock,Rubel Hossain,3,0,,,,,,"",""
ball,1,5.2,South Africa,Q de Kock,T Bavuma,Rubel Hossain,0,0,,,,,,"",""
ball,1,5.3,South Africa,Q de Kock,T Bavuma,Rubel Hossain,0,0,,,,,,"",""
ball,1,5.4,South Africa,Q de Kock,T Bavuma,Rubel Hossain,4,0,,,,,,"",""
ball,1,5.5,South Africa,Q de Kock,T Bavuma,Rubel Hossain,0,0,,,,,,"",""
ball,1,5.6,South Africa,Q de Kock,T Bavuma,Rubel Hossain,2,0,,,,,,"",""
ball,1,6.1,South Africa,T Bavuma,Q de Kock,Mashrafe Mortaza,0,0,,,,,,"",""
ball,1,6.2,South Africa,T Bavuma,Q de Kock,Mashrafe Mortaza,4,0,,,,,,"",""
ball,1,6.3,South Africa,T Bavuma,Q de Kock,Mashrafe Mortaza,0,0,,,,,,"",""
ball,1,6.4,South Africa,T Bavuma,Q de Kock,Mashrafe Mortaza,1,0,,,,,,"",""
ball,1,6.5,South Africa,Q de Kock,T Bavuma,Mashrafe Mortaza,0,0,,,,,,"",""
ball,1,6.6,South Africa,Q de Kock,T Bavuma,Mashrafe Mortaza,0,0,,,,,,"",""
ball,1,7.1,South Africa,T Bavuma,Q de Kock,Shakib Al Hasan,0,0,,,,,,"",""
ball,1,7.2,South Africa,T Bavuma,Q de Kock,Shakib Al Hasan,1,0,,,,,,"",""
ball,1,7.3,South Africa,Q de Kock,T Bavuma,Shakib Al Hasan,1,0,,,,,,"",""
ball,1,7.4,South Africa,T Bavuma,Q de Kock,Shakib Al Hasan,0,0,,,,,,"",""
ball,1,7.5,South Africa,T Bavuma,Q de Kock,Shakib Al Hasan,0,0,,,,,,"",""
ball,1,7.6,South Africa,T Bavuma,Q de Kock,Shakib Al Hasan,4,0,,,,,,"",""
ball,1,8.1,South Africa,Q de Kock,T Bavuma,Taskin Ahmed,0,0,,,,,,"",""
ball,1,8.2,South Africa,Q de Kock,T Bavuma,Taskin Ahmed,2,0,,,,,,"",""
ball,1,8.3,South Africa,Q de Kock,T Bavuma,Taskin Ahmed,4,0,,,,,,"",""
ball,1,8.4,South Africa,Q de Kock,T Bavuma,Taskin Ahmed,0,0,,,,,,"",""
ball,1,8.5,South Africa,Q de Kock,T Bavuma,Taskin Ahmed,0,0,,,,,,"",""
ball,1,8.6,South Africa,Q de Kock,T Bavuma,Taskin Ahmed,1,0,,,,,,"",""
ball,1,9.1,South Africa,Q de Kock,T Bavuma,Shakib Al Hasan,6,0,,,,,,"",""
ball,1,9.2,South Africa,Q de Kock,T Bavuma,Shakib Al Hasan,1,0,,,,,,"",""
ball,1,9.3,South Africa,T Bavuma,Q de Kock,Shakib Al Hasan,1,0,,,,,,"",""
ball,1,9.4,South Africa,Q de Kock,T Bavuma,Shakib Al Hasan,1,0,,,,,,"",""
ball,1,9.5,South Africa,T Bavuma,Q de Kock,Shakib Al Hasan,0,0,,,,,,"",""
ball,1,9.6,South Africa,T Bavuma,Q de Kock,Shakib Al Hasan,1,0,,,,,,"",""
ball,1,10.1,South Africa,T Bavuma,Q de Kock,Taskin Ahmed,1,0,,,,,,"",""
ball,1,10.2,South Africa,Q de Kock,T Bavuma,Taskin Ahmed,1,0,,,,,,"",""
ball,1,10.3,South Africa,T Bavuma,Q de Kock,Taskin Ahmed,2,0,,,,,,"",""
ball,1,10.4,South Africa,T Bavuma,Q de Kock,Taskin Ahmed,1,0,,,,,,"",""
ball,1,10.5,South Africa,Q de Kock,T Bavuma,Taskin Ahmed,0,0,,,,,,"",""
ball,1,10.6,South Africa,Q de Kock,T Bavuma,Taskin Ahmed,2,0,,,,,,"",""
ball,1,11.1,South Africa,T Bavuma,Q de Kock,Mehedi Hasan Miraz,1,0,,,,,,"",""
ball,1,11.2,South Africa,Q de Kock,T Bavuma,Mehedi Hasan Miraz,0,0,,,,,,"",""
ball,1,11.3,South Africa,Q de Kock,T Bavuma,Mehedi Hasan Miraz,1,0,,,,,,"",""
ball,1,11.4,South Africa,T Bavuma,Q de Kock,Mehedi Hasan Miraz,0,0,,,,,,"",""
ball,1,11.5,South Africa,T Bavuma,Q de Kock,Mehedi Hasan Miraz,1,0,,,,,,"",""
ball,1,11.6,South Africa,Q de Kock,T Bavuma,Mehedi Hasan Miraz,1,0,,,,,,"",""
ball,1,12.1,South Africa,Q de Kock,T Bavuma,Taskin Ahmed,1,0,,,,,,"",""
ball,1,12.2,South Africa,T Bavuma,Q de Kock,Taskin Ahmed,1,0,,,,,,"",""
ball,1,12.3,South Africa,Q de Kock,T Bavuma,Taskin Ahmed,1,0,,,,,,"",""
ball,1,12.4,South Africa,T Bavuma,Q de Kock,Taskin Ahmed,0,1,1,,,,,"",""
ball,1,12.5,South Africa,T Bavuma,Q de Kock,Taskin Ahmed,4,0,,,,,,"",""
ball,1,12.6,South Africa,T Bavuma,Q de Kock,Taskin Ahmed,2,0,,,,,,"",""
ball,1,12.7,South Africa,T Bavuma,Q de Kock,Taskin Ahmed,0,0,,,,,,"",""
ball,1,13.1,South Africa,Q de Kock,T Bavuma,Mehedi Hasan Miraz,0,0,,,,,,"",""
ball,1,13.2,South Africa,Q de Kock,T Bavuma,Mehedi Hasan Miraz,0,0,,,,,,"",""
ball,1,13.3,South Africa,Q de Kock,T Bavuma,Mehedi Hasan Miraz,0,0,,,,,,"",""
ball,1,13.4,South Africa,Q de Kock,T Bavuma,Mehedi Hasan Miraz,1,0,,,,,,"",""
ball,1,13.5,South Africa,T Bavuma,Q de Kock,Mehedi Hasan Miraz,1,0,,,,,,"",""
ball,1,13.6,South Africa,Q de Kock,T Bavuma,Mehedi Hasan Miraz,1,0,,,,,,"",""
ball,1,14.1,South Africa,Q de Kock,T Bavuma,Rubel Hossain,1,0,,,,,,"",""
ball,1,14.2,South Africa,T Bavuma,Q de Kock,Rubel Hossain,1,0,,,,,,"",""
ball,1,14.3,South Africa,Q de Kock,T Bavuma,Rubel Hossain,4,0,,,,,,"",""
ball,1,14.4,South Africa,Q de Kock,T Bavuma,Rubel Hossain,4,0,,,,,,"",""
ball,1,14.5,South Africa,Q de Kock,T Bavuma,Rubel Hossain,0,0,,,,,,"",""
ball,1,14.6,South Africa,Q de Kock,T Bavuma,Rubel Hossain,1,0,,,,,,"",""
ball,1,15.1,South Africa,Q de Kock,T Bavuma,Mehedi Hasan Miraz,0,0,,,,,,"",""
ball,1,15.2,South Africa,Q de Kock,T Bavuma,Mehedi Hasan Miraz,1,0,,,,,,"",""
ball,1,15.3,South Africa,T Bavuma,Q de Kock,Mehedi Hasan Miraz,1,0,,,,,,"",""
ball,1,15.4,South Africa,Q de Kock,T Bavuma,Mehedi Hasan Miraz,1,0,,,,,,"",""
ball,1,15.5,South Africa,T Bavuma,Q de Kock,Mehedi Hasan Miraz,1,0,,,,,,"",""
ball,1,15.6,South Africa,Q de Kock,T Bavuma,Mehedi Hasan Miraz,4,0,,,,,,"",""
ball,1,16.1,South Africa,T Bavuma,Q de Kock,Rubel Hossain,0,0,,,,,,"",""
ball,1,16.2,South Africa,T Bavuma,Q de Kock,Rubel Hossain,1,0,,,,,,"",""
ball,1,16.3,South Africa,Q de Kock,T Bavuma,Rubel Hossain,1,0,,,,,,"",""
ball,1,16.4,South Africa,T Bavuma,Q de Kock,Rubel Hossain,2,0,,,,,,"",""
ball,1,16.5,South Africa,T Bavuma,Q de Kock,Rubel Hossain,0,0,,,,,,"",""
ball,1,16.6,South Africa,T Bavuma,Q de Kock,Rubel Hossain,0,0,,,,,,"",""
ball,1,17.1,South Africa,Q de Kock,T Bavuma,Mehedi Hasan Miraz,0,0,,,,,,"",""
ball,1,17.2,South Africa,Q de Kock,T Bavuma,Mehedi Hasan Miraz,1,0,,,,,,"",""
ball,1,17.3,South Africa,T Bavuma,Q de Kock,Mehedi Hasan Miraz,1,0,,,,,,"",""
ball,1,17.4,South Africa,Q de Kock,T Bavuma,Mehedi Hasan Miraz,1,0,,,,,,"",""
ball,1,17.5,South Africa,T Bavuma,Q de Kock,Mehedi Hasan Miraz,0,0,,,,,,caught,T Bavuma
ball,1,17.6,South Africa,Q de Kock,F du Plessis,Mehedi Hasan Miraz,0,0,,,,,,"",""
ball,1,18.1,South Africa,F du Plessis,Q de Kock,Shakib Al Hasan,2,0,,,,,,"",""
ball,1,18.2,South Africa,F du Plessis,Q de Kock,Shakib Al Hasan,0,0,,,,,,"",""
ball,1,18.3,South Africa,F du Plessis,Q de Kock,Shakib Al Hasan,0,0,,,,,,"",""
ball,1,18.4,South Africa,F du Plessis,Q de Kock,Shakib Al Hasan,1,0,,,,,,"",""
ball,1,18.5,South Africa,Q de Kock,F du Plessis,Shakib Al Hasan,0,0,,,,,,"",""
ball,1,18.6,South Africa,Q de Kock,F du Plessis,Shakib Al Hasan,0,0,,,,,,"",""
ball,1,19.1,South Africa,F du Plessis,Q de Kock,Mehedi Hasan Miraz,1,0,,,,,,"",""
ball,1,19.2,South Africa,Q de Kock,F du Plessis,Mehedi Hasan Miraz,1,0,,,,,,"",""
ball,1,19.3,South Africa,F du Plessis,Q de Kock,Mehedi Hasan Miraz,1,0,,,,,,"",""
ball,1,19.4,South Africa,Q de Kock,F du Plessis,Mehedi Hasan Miraz,1,0,,,,,,"",""
ball,1,19.5,South Africa,F du Plessis,Q de Kock,Mehedi Hasan Miraz,0,0,,,,,,"",""
ball,1,19.6,South Africa,F du Plessis,Q de Kock,Mehedi Hasan Miraz,1,0,,,,,,"",""
ball,1,20.1,South Africa,F du Plessis,Q de Kock,Shakib Al Hasan,1,0,,,,,,"",""
ball,1,20.2,South Africa,Q de Kock,F du Plessis,Shakib Al Hasan,1,0,,,,,,"",""
ball,1,20.3,South Africa,F du Plessis,Q de Kock,Shakib Al Hasan,0,1,1,,,,,"",""
ball,1,20.4,South Africa,F du Plessis,Q de Kock,Shakib Al Hasan,0,0,,,,,,"",""
ball,1,20.5,South Africa,F du Plessis,Q de Kock,Shakib Al Hasan,1,0,,,,,,"",""
ball,1,20.6,South Africa,Q de Kock,F du Plessis,Shakib Al Hasan,1,0,,,,,,"",""
ball,1,20.7,South Africa,F du Plessis,Q de Kock,Shakib Al Hasan,0,0,,,,,,"",""
ball,1,21.1,South Africa,Q de Kock,F du Plessis,Mehedi Hasan Miraz,0,0,,,,,,caught and bowled,Q de Kock
ball,1,21.2,South Africa,F du Plessis,AK Markram,Mehedi Hasan Miraz,1,0,,,,,,"",""
ball,1,21.3,South Africa,AK Markram,F du Plessis,Mehedi Hasan Miraz,0,0,,,,,,"",""
ball,1,21.4,South Africa,AK Markram,F du Plessis,Mehedi Hasan Miraz,1,0,,,,,,"",""
ball,1,21.5,South Africa,F du Plessis,AK Markram,Mehedi Hasan Miraz,1,0,,,,,,"",""
ball,1,21.6,South Africa,AK Markram,F du Plessis,Mehedi Hasan Miraz,1,0,,,,,,"",""
ball,1,22.1,South Africa,AK Markram,F du Plessis,Shakib Al Hasan,0,0,,,,,,"",""
ball,1,22.2,South Africa,AK Markram,F du Plessis,Shakib Al Hasan,1,0,,,,,,"",""
ball,1,22.3,South Africa,F du Plessis,AK Markram,Shakib Al Hasan,0,0,,,,,,"",""
ball,1,22.4,South Africa,F du Plessis,AK Markram,Shakib Al Hasan,1,0,,,,,,"",""
ball,1,22.5,South Africa,AK Markram,F du Plessis,Shakib Al Hasan,0,0,,,,,,"",""
ball,1,22.6,South Africa,AK Markram,F du Plessis,Shakib Al Hasan,1,0,,,,,,"",""
ball,1,23.1,South Africa,AK Markram,F du Plessis,Mehedi Hasan Miraz,0,0,,,,,,"",""
ball,1,23.2,South Africa,AK Markram,F du Plessis,Mehedi Hasan Miraz,6,0,,,,,,"",""
ball,1,23.3,South Africa,AK Markram,F du Plessis,Mehedi Hasan Miraz,0,0,,,,,,"",""
ball,1,23.4,South Africa,AK Markram,F du Plessis,Mehedi Hasan Miraz,0,0,,,,,,"",""
ball,1,23.5,South Africa,AK Markram,F du Plessis,Mehedi Hasan Miraz,0,0,,,,,,"",""
ball,1,23.6,South Africa,AK Markram,F du Plessis,Mehedi Hasan Miraz,1,0,,,,,,"",""
ball,1,24.1,South Africa,AK Markram,F du Plessis,Shakib Al Hasan,0,0,,,,,,"",""
ball,1,24.2,South Africa,AK Markram,F du Plessis,Shakib Al Hasan,1,0,,,,,,"",""
ball,1,24.3,South Africa,F du Plessis,AK Markram,Shakib Al Hasan,1,0,,,,,,"",""
ball,1,24.4,South Africa,AK Markram,F du Plessis,Shakib Al Hasan,0,1,1,,,,,"",""
ball,1,24.5,South Africa,AK Markram,F du Plessis,Shakib Al Hasan,0,0,,,,,,"",""
ball,1,24.6,South Africa,AK Markram,F du Plessis,Shakib Al Hasan,0,0,,,,,,"",""
ball,1,24.7,South Africa,AK Markram,F du Plessis,Shakib Al Hasan,1,0,,,,,,"",""
ball,1,25.1,South Africa,AK Markram,F du Plessis,Mahmudullah,1,0,,,,,,"",""
ball,1,25.2,South Africa,F du Plessis,AK Markram,Mahmudullah,0,0,,,,,,"",""
ball,1,25.3,South Africa,F du Plessis,AK Markram,Mahmudullah,0,0,,,,,,"",""
ball,1,25.4,South Africa,F du Plessis,AK Markram,Mahmudullah,4,0,,,,,,"",""
ball,1,25.5,South Africa,F du Plessis,AK Markram,Mahmudullah,0,0,,,,,,"",""
ball,1,25.6,South Africa,F du Plessis,AK Markram,Mahmudullah,6,0,,,,,,"",""
ball,1,26.1,South Africa,AK Markram,F du Plessis,Shakib Al Hasan,1,0,,,,,,"",""
ball,1,26.2,South Africa,F du Plessis,AK Markram,Shakib Al Hasan,0,0,,,,,,"",""
ball,1,26.3,South Africa,F du Plessis,AK Markram,Shakib Al Hasan,1,0,,,,,,"",""
ball,1,26.4,South Africa,AK Markram,F du Plessis,Shakib Al Hasan,1,0,,,,,,"",""
ball,1,26.5,South Africa,F du Plessis,AK Markram,Shakib Al Hasan,1,0,,,,,,"",""
ball,1,26.6,South Africa,AK Markram,F du Plessis,Shakib Al Hasan,1,0,,,,,,"",""
ball,1,27.1,South Africa,AK Markram,F du Plessis,Mahmudullah,2,0,,,,,,"",""
ball,1,27.2,South Africa,AK Markram,F du Plessis,Mahmudullah,0,0,,,,,,"",""
ball,1,27.3,South Africa,AK Markram,F du Plessis,Mahmudullah,0,0,,,,,,"",""
ball,1,27.4,South Africa,AK Markram,F du Plessis,Mahmudullah,1,0,,,,,,"",""
ball,1,27.5,South Africa,F du Plessis,AK Markram,Mahmudullah,0,1,1,,,,,"",""
ball,1,27.6,South Africa,F du Plessis,AK Markram,Mahmudullah,0,0,,,,,,"",""
ball,1,27.7,South Africa,F du Plessis,AK Markram,Mahmudullah,1,0,,,,,,"",""
ball,1,28.1,South Africa,F du Plessis,AK Markram,Shakib Al Hasan,0,0,,,,,,"",""
ball,1,28.2,South Africa,F du Plessis,AK Markram,Shakib Al Hasan,1,0,,,,,,"",""
ball,1,28.3,South Africa,AK Markram,F du Plessis,Shakib Al Hasan,1,0,,,,,,"",""
ball,1,28.4,South Africa,F du Plessis,AK Markram,Shakib Al Hasan,1,0,,,,,,"",""
ball,1,28.5,South Africa,AK Markram,F du Plessis,Shakib Al Hasan,1,0,,,,,,"",""
ball,1,28.6,South Africa,F du Plessis,AK Markram,Shakib Al Hasan,0,0,,,,,,"",""
ball,1,29.1,South Africa,AK Markram,F du Plessis,Mahmudullah,0,0,,,,,,"",""
ball,1,29.2,South Africa,AK Markram,F du Plessis,Mahmudullah,6,0,,,,,,"",""
ball,1,29.3,South Africa,AK Markram,F du Plessis,Mahmudullah,4,0,,,,,,"",""
ball,1,29.4,South Africa,AK Markram,F du Plessis,Mahmudullah,1,0,,,,,,"",""
ball,1,29.5,South Africa,F du Plessis,AK Markram,Mahmudullah,2,0,,,,,,"",""
ball,1,29.6,South Africa,F du Plessis,AK Markram,Mahmudullah,4,0,,,,,,"",""
ball,1,30.1,South Africa,AK Markram,F du Plessis,Sabbir Rahman,1,0,,,,,,"",""
ball,1,30.2,South Africa,F du Plessis,AK Markram,Sabbir Rahman,1,0,,,,,,"",""
ball,1,30.3,South Africa,AK Markram,F du Plessis,Sabbir Rahman,1,0,,,,,,"",""
ball,1,30.4,South Africa,F du Plessis,AK Markram,Sabbir Rahman,1,0,,,,,,"",""
ball,1,30.5,South Africa,AK Markram,F du Plessis,Sabbir Rahman,4,0,,,,,,"",""
ball,1,30.6,South Africa,AK Markram,F du Plessis,Sabbir Rahman,0,0,,,,,,"",""
ball,1,31.1,South Africa,F du Plessis,AK Markram,Mashrafe Mortaza,0,0,,,,,,"",""
ball,1,31.2,South Africa,F du Plessis,AK Markram,Mashrafe Mortaza,0,0,,,,,,"",""
ball,1,31.3,South Africa,F du Plessis,AK Markram,Mashrafe Mortaza,2,0,,,,,,"",""
ball,1,31.4,South Africa,F du Plessis,AK Markram,Mashrafe Mortaza,1,0,,,,,,"",""
ball,1,31.5,South Africa,AK Markram,F du Plessis,Mashrafe Mortaza,1,0,,,,,,"",""
ball,1,31.6,South Africa,F du Plessis,AK Markram,Mashrafe Mortaza,4,0,,,,,,"",""
ball,1,32.1,South Africa,AK Markram,F du Plessis,Mehedi Hasan Miraz,0,0,,,,,,"",""
ball,1,32.2,South Africa,AK Markram,F du Plessis,Mehedi Hasan Miraz,0,0,,,,,,"",""
ball,1,32.3,South Africa,AK Markram,F du Plessis,Mehedi Hasan Miraz,1,0,,,,,,"",""
ball,1,32.4,South Africa,F du Plessis,AK Markram,Mehedi Hasan Miraz,1,0,,,,,,"",""
ball,1,32.5,South Africa,AK Markram,F du Plessis,Mehedi Hasan Miraz,1,0,,,,,,"",""
ball,1,32.6,South Africa,F du Plessis,AK Markram,Mehedi Hasan Miraz,2,0,,,,,,"",""
ball,1,33.1,South Africa,AK Markram,F du Plessis,Mashrafe Mortaza,1,0,,,,,,"",""
ball,1,33.2,South Africa,F du Plessis,AK Markram,Mashrafe Mortaza,4,0,,,,,,"",""
ball,1,33.3,South Africa,F du Plessis,AK Markram,Mashrafe Mortaza,1,0,,,,,,"",""
ball,1,33.4,South Africa,AK Markram,F du Plessis,Mashrafe Mortaza,0,0,,,,,,"",""
ball,1,33.5,South Africa,AK Markram,F du Plessis,Mashrafe Mortaza,1,0,,,,,,"",""
ball,1,33.6,South Africa,F du Plessis,AK Markram,Mashrafe Mortaza,1,0,,,,,,"",""
ball,1,34.1,South Africa,F du Plessis,AK Markram,Mehedi Hasan Miraz,0,0,,,,,,"",""
ball,1,34.2,South Africa,F du Plessis,AK Markram,Mehedi Hasan Miraz,1,0,,,,,,"",""
ball,1,34.3,South Africa,AK Markram,F du Plessis,Mehedi Hasan Miraz,1,0,,,,,,"",""
ball,1,34.4,South Africa,F du Plessis,AK Markram,Mehedi Hasan Miraz,1,0,,,,,,"",""
ball,1,34.5,South Africa,AK Markram,F du Plessis,Mehedi Hasan Miraz,4,0,,,,,,"",""
ball,1,34.6,South Africa,AK Markram,F du Plessis,Mehedi Hasan Miraz,1,0,,,,,,"",""
ball,1,35.1,South Africa,AK Markram,F du Plessis,Mashrafe Mortaza,1,0,,,,,,"",""
ball,1,35.2,South Africa,F du Plessis,AK Markram,Mashrafe Mortaza,4,0,,,,,,"",""
ball,1,35.3,South Africa,F du Plessis,AK Markram,Mashrafe Mortaza,4,0,,,,,,"",""
ball,1,35.4,South Africa,F du Plessis,AK Markram,Mashrafe Mortaza,1,0,,,,,,"",""
ball,1,35.5,South Africa,AK Markram,F du Plessis,Mashrafe Mortaza,1,0,,,,,,"",""
ball,1,35.6,South Africa,F du Plessis,AK Markram,Mashrafe Mortaza,4,0,,,,,,"",""
ball,1,36.1,South Africa,AK Markram,F du Plessis,Shakib Al Hasan,1,0,,,,,,"",""
ball,1,36.2,South Africa,F du Plessis,AK Markram,Shakib Al Hasan,2,0,,,,,,"",""
ball,1,36.3,South Africa,F du Plessis,AK Markram,Shakib Al Hasan,1,0,,,,,,"",""
ball,1,36.4,South Africa,AK Markram,F du Plessis,Shakib Al Hasan,1,0,,,,,,"",""
ball,1,36.5,South Africa,F du Plessis,AK Markram,Shakib Al Hasan,1,0,,,,,,"",""
ball,1,36.6,South Africa,AK Markram,F du Plessis,Shakib Al Hasan,4,0,,,,,,"",""
ball,1,37.1,South Africa,F du Plessis,AK Markram,Taskin Ahmed,1,0,,,,,,"",""
ball,1,37.2,South Africa,AK Markram,F du Plessis,Taskin Ahmed,2,0,,,,,,"",""
ball,1,37.3,South Africa,AK Markram,F du Plessis,Taskin Ahmed,1,0,,,,,,"",""
ball,1,37.4,South Africa,F du Plessis,AK Markram,Taskin Ahmed,4,0,,,,,,"",""
ball,1,37.5,South Africa,F du Plessis,AK Markram,Taskin Ahmed,2,0,,,,,,"",""
ball,1,37.6,South Africa,F du Plessis,AK Markram,Taskin Ahmed,4,0,,,,,,"",""
ball,1,38.1,South Africa,AK Markram,F du Plessis,Shakib Al Hasan,0,0,,,,,,"",""
ball,1,38.2,South Africa,AK Markram,F du Plessis,Shakib Al Hasan,1,0,,,,,,"",""
ball,1,38.3,South Africa,F du Plessis,AK Markram,Shakib Al Hasan,1,0,,,,,,"",""
ball,1,38.4,South Africa,AK Markram,F du Plessis,Shakib Al Hasan,2,0,,,,,,"",""
ball,1,38.5,South Africa,AK Markram,F du Plessis,Shakib Al Hasan,1,0,,,,,,"",""
ball,1,38.6,South Africa,F du Plessis,AK Markram,Shakib Al Hasan,1,0,,,,,,"",""
ball,1,39.1,South Africa,F du Plessis,AK Markram,Rubel Hossain,4,0,,,,,,"",""
ball,1,39.2,South Africa,F du Plessis,AK Markram,Rubel Hossain,0,0,,,,,,"",""
ball,1,39.3,South Africa,F du Plessis,AK Markram,Rubel Hossain,0,0,,,,,,"",""
ball,1,39.4,South Africa,F du Plessis,AK Markram,Rubel Hossain,1,0,,,,,,"",""
ball,1,39.5,South Africa,AK Markram,F du Plessis,Rubel Hossain,0,1,,,,1,,"",""
ball,1,39.6,South Africa,F du Plessis,AK Markram,Rubel Hossain,1,0,,,,,,"",""
ball,1,40.1,South Africa,F du Plessis,AK Markram,Mashrafe Mortaza,2,0,,,,,,retired hurt,F du Plessis
ball,1,40.2,South Africa,AB de Villiers,AK Markram,Mashrafe Mortaza,0,0,,,,,,"",""
ball,1,40.3,South Africa,AB de Villiers,AK Markram,Mashrafe Mortaza,0,0,,,,,,"",""
ball,1,40.4,South Africa,AB de Villiers,AK Markram,Mashrafe Mortaza,4,0,,,,,,"",""
ball,1,40.5,South Africa,AB de Villiers,AK Markram,Mashrafe Mortaza,1,0,,,,,,"",""
ball,1,40.6,South Africa,AK Markram,AB de Villiers,Mashrafe Mortaza,1,0,,,,,,run out,AK Markram
ball,1,41.1,South Africa,AB de Villiers,F Behardien,Rubel Hossain,1,0,,,,,,"",""
ball,1,41.2,South Africa,F Behardien,AB de Villiers,Rubel Hossain,1,0,,,,,,"",""
ball,1,41.3,South Africa,AB de Villiers,F Behardien,Rubel Hossain,0,0,,,,,,"",""
ball,1,41.4,South Africa,AB de Villiers,F Behardien,Rubel Hossain,1,0,,,,,,"",""
ball,1,41.5,South Africa,F Behardien,AB de Villiers,Rubel Hossain,1,0,,,,,,"",""
ball,1,41.6,South Africa,AB de Villiers,F Behardien,Rubel Hossain,2,0,,,,,,"",""
ball,1,42.1,South Africa,F Behardien,AB de Villiers,Mashrafe Mortaza,2,0,,,,,,"",""
ball,1,42.2,South Africa,F Behardien,AB de Villiers,Mashrafe Mortaza,0,0,,,,,,"",""
ball,1,42.3,South Africa,F Behardien,AB de Villiers,Mashrafe Mortaza,0,0,,,,,,"",""
ball,1,42.4,South Africa,F Behardien,AB de Villiers,Mashrafe Mortaza,0,0,,,,,,"",""
ball,1,42.5,South Africa,F Behardien,AB de Villiers,Mashrafe Mortaza,1,0,,,,,,"",""
ball,1,42.6,South Africa,AB de Villiers,F Behardien,Mashrafe Mortaza,6,0,,,,,,"",""
ball,1,43.1,South Africa,F Behardien,AB de Villiers,Rubel Hossain,1,0,,,,,,"",""
ball,1,43.2,South Africa,AB de Villiers,F Behardien,Rubel Hossain,1,0,,,,,,"",""
ball,1,43.3,South Africa,F Behardien,AB de Villiers,Rubel Hossain,0,2,,,,2,,"",""
ball,1,43.4,South Africa,F Behardien,AB de Villiers,Rubel Hossain,4,0,,,,,,"",""
ball,1,43.5,South Africa,F Behardien,AB de Villiers,Rubel Hossain,1,0,,,,,,"",""
ball,1,43.6,South Africa,AB de Villiers,F Behardien,Rubel Hossain,1,0,,,,,,"",""
ball,1,44.1,South Africa,AB de Villiers,F Behardien,Taskin Ahmed,0,0,,,,,,"",""
ball,1,44.2,South Africa,AB de Villiers,F Behardien,Taskin Ahmed,2,0,,,,,,"",""
ball,1,44.3,South Africa,AB de Villiers,F Behardien,Taskin Ahmed,1,0,,,,,,"",""
ball,1,44.4,South Africa,F Behardien,AB de Villiers,Taskin Ahmed,0,0,,,,,,"",""
ball,1,44.5,South Africa,F Behardien,AB de Villiers,Taskin Ahmed,4,0,,,,,,"",""
ball,1,44.6,South Africa,F Behardien,AB de Villiers,Taskin Ahmed,4,0,,,,,,"",""
ball,1,45.1,South Africa,AB de Villiers,F Behardien,Rubel Hossain,0,0,,,,,,caught,AB de Villiers
ball,1,45.2,South Africa,F Behardien,PWA Mulder,Rubel Hossain,1,0,,,,,,"",""
ball,1,45.3,South Africa,PWA Mulder,F Behardien,Rubel Hossain,1,0,,,,,,"",""
ball,1,45.4,South Africa,F Behardien,PWA Mulder,Rubel Hossain,1,0,,,,,,"",""
ball,1,45.5,South Africa,PWA Mulder,F Behardien,Rubel Hossain,0,0,,,,,,"",""
ball,1,45.6,South Africa,PWA Mulder,F Behardien,Rubel Hossain,1,0,,,,,,"",""
ball,1,46.1,South Africa,PWA Mulder,F Behardien,Taskin Ahmed,0,0,,,,,,lbw,PWA Mulder
ball,1,46.2,South Africa,AL Phehlukwayo,F Behardien,Taskin Ahmed,4,0,,,,,,"",""
ball,1,46.3,South Africa,AL Phehlukwayo,F Behardien,Taskin Ahmed,0,0,,,,,,"",""
ball,1,46.4,South Africa,AL Phehlukwayo,F Behardien,Taskin Ahmed,1,0,,,,,,"",""
ball,1,46.5,South Africa,F Behardien,AL Phehlukwayo,Taskin Ahmed,1,0,,,,,,"",""
ball,1,46.6,South Africa,AL Phehlukwayo,F Behardien,Taskin Ahmed,0,0,,,,,,caught,AL Phehlukwayo
ball,1,47.1,South Africa,F Behardien,K Rabada,Rubel Hossain,1,0,,,,,,"",""
ball,1,47.2,South Africa,K Rabada,F Behardien,Rubel Hossain,2,0,,,,,,"",""
ball,1,47.3,South Africa,K Rabada,F Behardien,Rubel Hossain,0,0,,,,,,"",""
ball,1,47.4,South Africa,K Rabada,F Behardien,Rubel Hossain,0,0,,,,,,"",""
ball,1,47.5,South Africa,K Rabada,F Behardien,Rubel Hossain,1,0,,,,,,"",""
ball,1,47.6,South Africa,F Behardien,K Rabada,Rubel Hossain,1,0,,,,,,"",""
ball,1,48.1,South Africa,F Behardien,K Rabada,Taskin Ahmed,1,0,,,,,,"",""
ball,1,48.2,South Africa,K Rabada,F Behardien,Taskin Ahmed,0,0,,,,,,"",""
ball,1,48.3,South Africa,K Rabada,F Behardien,Taskin Ahmed,4,0,,,,,,"",""
ball,1,48.4,South Africa,K Rabada,F Behardien,Taskin Ahmed,1,0,,,,,,"",""
ball,1,48.5,South Africa,F Behardien,K Rabada,Taskin Ahmed,1,0,,,,,,"",""
ball,1,48.6,South Africa,K Rabada,F Behardien,Taskin Ahmed,4,0,,,,,,"",""
ball,1,49.1,South Africa,F Behardien,K Rabada,Rubel Hossain,1,0,,,,,,"",""
ball,1,49.2,South Africa,K Rabada,F Behardien,Rubel Hossain,6,0,,,,,,"",""
ball,1,49.3,South Africa,K Rabada,F Behardien,Rubel Hossain,4,0,,,,,,"",""
ball,1,49.4,South Africa,K Rabada,F Behardien,Rubel Hossain,1,0,,,,,,"",""
ball,1,49.5,South Africa,F Behardien,K Rabada,Rubel Hossain,2,0,,,,,,"",""
ball,1,49.6,South Africa,F Behardien,K Rabada,Rubel Hossain,4,0,,,,,,"",""
ball,2,0.1,Bangladesh,Imrul Kayes,Soumya Sarkar,K Rabada,1,0,,,,,,"",""
ball,2,0.2,Bangladesh,Soumya Sarkar,Imrul Kayes,K Rabada,1,0,,,,,,"",""
ball,2,0.3,Bangladesh,Imrul Kayes,Soumya Sarkar,K Rabada,0,0,,,,,,"",""
ball,2,0.4,Bangladesh,Imrul Kayes,Soumya Sarkar,K Rabada,0,0,,,,,,"",""
ball,2,0.5,Bangladesh,Imrul Kayes,Soumya Sarkar,K Rabada,0,0,,,,,,"",""
ball,2,0.6,Bangladesh,Imrul Kayes,Soumya Sarkar,K Rabada,0,0,,,,,,"",""
ball,2,1.1,Bangladesh,Soumya Sarkar,Imrul Kayes,D Paterson,1,0,,,,,,"",""
ball,2,1.2,Bangladesh,Imrul Kayes,Soumya Sarkar,D Paterson,0,0,,,,,,caught,Imrul Kayes
ball,2,1.3,Bangladesh,Liton Das,Soumya Sarkar,D Paterson,0,0,,,,,,"",""
ball,2,1.4,Bangladesh,Liton Das,Soumya Sarkar,D Paterson,4,0,,,,,,"",""
ball,2,1.5,Bangladesh,Liton Das,Soumya Sarkar,D Paterson,2,0,,,,,,"",""
ball,2,1.6,Bangladesh,Liton Das,Soumya Sarkar,D Paterson,0,0,,,,,,"",""
ball,2,2.1,Bangladesh,Soumya Sarkar,Liton Das,K Rabada,0,0,,,,,,"",""
ball,2,2.2,Bangladesh,Soumya Sarkar,Liton Das,K Rabada,0,0,,,,,,"",""
ball,2,2.3,Bangladesh,Soumya Sarkar,Liton Das,K Rabada,4,0,,,,,,"",""
ball,2,2.4,Bangladesh,Soumya Sarkar,Liton Das,K Rabada,2,0,,,,,,"",""
ball,2,2.5,Bangladesh,Soumya Sarkar,Liton Das,K Rabada,0,0,,,,,,"",""
ball,2,2.6,Bangladesh,Soumya Sarkar,Liton Das,K Rabada,0,0,,,,,,"",""
ball,2,3.1,Bangladesh,Liton Das,Soumya Sarkar,D Paterson,0,0,,,,,,"",""
ball,2,3.2,Bangladesh,Liton Das,Soumya Sarkar,D Paterson,0,0,,,,,,lbw,Liton Das
ball,2,3.3,Bangladesh,Mushfiqur Rahim,Soumya Sarkar,D Paterson,0,0,,,,,,"",""
ball,2,3.4,Bangladesh,Mushfiqur Rahim,Soumya Sarkar,D Paterson,0,1,1,,,,,"",""
ball,2,3.5,Bangladesh,Mushfiqur Rahim,Soumya Sarkar,D Paterson,0,0,,,,,,"",""
ball,2,3.6,Bangladesh,Mushfiqur Rahim,Soumya Sarkar,D Paterson,4,0,,,,,,"",""
ball,2,3.7,Bangladesh,Mushfiqur Rahim,Soumya Sarkar,D Paterson,0,0,,,,,,"",""
ball,2,4.1,Bangladesh,Soumya Sarkar,Mushfiqur Rahim,K Rabada,0,0,,,,,,"",""
ball,2,4.2,Bangladesh,Soumya Sarkar,Mushfiqur Rahim,K Rabada,0,0,,,,,,"",""
ball,2,4.3,Bangladesh,Soumya Sarkar,Mushfiqur Rahim,K Rabada,0,0,,,,,,"",""
ball,2,4.4,Bangladesh,Soumya Sarkar,Mushfiqur Rahim,K Rabada,0,0,,,,,,"",""
ball,2,4.5,Bangladesh,Soumya Sarkar,Mushfiqur Rahim,K Rabada,0,0,,,,,,caught,Soumya Sarkar
ball,2,4.6,Bangladesh,Shakib Al Hasan,Mushfiqur Rahim,K Rabada,0,0,,,,,,"",""
ball,2,5.1,Bangladesh,Mushfiqur Rahim,Shakib Al Hasan,D Paterson,0,0,,,,,,"",""
ball,2,5.2,Bangladesh,Mushfiqur Rahim,Shakib Al Hasan,D Paterson,0,0,,,,,,"",""
ball,2,5.3,Bangladesh,Mushfiqur Rahim,Shakib Al Hasan,D Paterson,1,0,,,,,,"",""
ball,2,5.4,Bangladesh,Shakib Al Hasan,Mushfiqur Rahim,D Paterson,0,0,,,,,,"",""
ball,2,5.5,Bangladesh,Shakib Al Hasan,Mushfiqur Rahim,D Paterson,4,0,,,,,,"",""
ball,2,5.6,Bangladesh,Shakib Al Hasan,Mushfiqur Rahim,D Paterson,0,0,,,,,,"",""
ball,2,6.1,Bangladesh,Mushfiqur Rahim,Shakib Al Hasan,K Rabada,1,0,,,,,,"",""
ball,2,6.2,Bangladesh,Shakib Al Hasan,Mushfiqur Rahim,K Rabada,2,0,,,,,,"",""
ball,2,6.3,Bangladesh,Shakib Al Hasan,Mushfiqur Rahim,K Rabada,0,0,,,,,,"",""
ball,2,6.4,Bangladesh,Shakib Al Hasan,Mushfiqur Rahim,K Rabada,1,0,,,,,,"",""
ball,2,6.5,Bangladesh,Mushfiqur Rahim,Shakib Al Hasan,K Rabada,0,0,,,,,,"",""
ball,2,6.6,Bangladesh,Mushfiqur Rahim,Shakib Al Hasan,K Rabada,0,0,,,,,,"",""
ball,2,7.1,Bangladesh,Shakib Al Hasan,Mushfiqur Rahim,D Paterson,1,0,,,,,,"",""
ball,2,7.2,Bangladesh,Mushfiqur Rahim,Shakib Al Hasan,D Paterson,0,1,,,,1,,"",""
ball,2,7.3,Bangladesh,Shakib Al Hasan,Mushfiqur Rahim,D Paterson,4,0,,,,,,"",""
ball,2,7.4,Bangladesh,Shakib Al Hasan,Mushfiqur Rahim,D Paterson,0,0,,,,,,"",""
ball,2,7.5,Bangladesh,Shakib Al Hasan,Mushfiqur Rahim,D Paterson,0,0,,,,,,"",""
ball,2,7.6,Bangladesh,Shakib Al Hasan,Mushfiqur Rahim,D Paterson,0,0,,,,,,"",""
ball,2,8.1,Bangladesh,Mushfiqur Rahim,Shakib Al Hasan,K Rabada,0,0,,,,,,"",""
ball,2,8.2,Bangladesh,Mushfiqur Rahim,Shakib Al Hasan,K Rabada,0,0,,,,,,"",""
ball,2,8.3,Bangladesh,Mushfiqur Rahim,Shakib Al Hasan,K Rabada,0,0,,,,,,"",""
ball,2,8.4,Bangladesh,Mushfiqur Rahim,Shakib Al Hasan,K Rabada,1,0,,,,,,"",""
ball,2,8.5,Bangladesh,Shakib Al Hasan,Mushfiqur Rahim,K Rabada,1,0,,,,,,"",""
ball,2,8.6,Bangladesh,Mushfiqur Rahim,Shakib Al Hasan,K Rabada,0,1,1,,,,,"",""
ball,2,8.7,Bangladesh,Mushfiqur Rahim,Shakib Al Hasan,K Rabada,0,0,,,,,,"",""
ball,2,9.1,Bangladesh,Shakib Al Hasan,Mushfiqur Rahim,D Paterson,0,0,,,,,,"",""
ball,2,9.2,Bangladesh,Shakib Al Hasan,Mushfiqur Rahim,D Paterson,0,0,,,,,,"",""
ball,2,9.3,Bangladesh,Shakib Al Hasan,Mushfiqur Rahim,D Paterson,4,0,,,,,,"",""
ball,2,9.4,Bangladesh,Shakib Al Hasan,Mushfiqur Rahim,D Paterson,4,0,,,,,,"",""
ball,2,9.5,Bangladesh,Shakib Al Hasan,Mushfiqur Rahim,D Paterson,1,0,,,,,,"",""
ball,2,9.6,Bangladesh,Mushfiqur Rahim,Shakib Al Hasan,D Paterson,0,0,,,,,,"",""
ball,2,10.1,Bangladesh,Shakib Al Hasan,Mushfiqur Rahim,PWA Mulder,0,0,,,,,,"",""
ball,2,10.2,Bangladesh,Shakib Al Hasan,Mushfiqur Rahim,PWA Mulder,1,0,,,,,,"",""
ball,2,10.3,Bangladesh,Mushfiqur Rahim,Shakib Al Hasan,PWA Mulder,0,0,,,,,,"",""
ball,2,10.4,Bangladesh,Mushfiqur Rahim,Shakib Al Hasan,PWA Mulder,0,0,,,,,,"",""
ball,2,10.5,Bangladesh,Mushfiqur Rahim,Shakib Al Hasan,PWA Mulder,1,0,,,,,,"",""
ball,2,10.6,Bangladesh,Shakib Al Hasan,Mushfiqur Rahim,PWA Mulder,1,0,,,,,,"",""
ball,2,11.1,Bangladesh,Shakib Al Hasan,Mushfiqur Rahim,AL Phehlukwayo,0,0,,,,,,"",""
ball,2,11.2,Bangladesh,Shakib Al Hasan,Mushfiqur Rahim,AL Phehlukwayo,1,0,,,,,,"",""
ball,2,11.3,Bangladesh,Mushfiqur Rahim,Shakib Al Hasan,AL Phehlukwayo,0,0,,,,,,caught,Mushfiqur Rahim
ball,2,11.4,Bangladesh,Shakib Al Hasan,Mahmudullah,AL Phehlukwayo,1,0,,,,,,"",""
ball,2,11.5,Bangladesh,Mahmudullah,Shakib Al Hasan,AL Phehlukwayo,0,0,,,,,,"",""
ball,2,11.6,Bangladesh,Mahmudullah,Shakib Al Hasan,AL Phehlukwayo,1,0,,,,,,"",""
ball,2,12.1,Bangladesh,Mahmudullah,Shakib Al Hasan,PWA Mulder,1,0,,,,,,"",""
ball,2,12.2,Bangladesh,Shakib Al Hasan,Mahmudullah,PWA Mulder,0,0,,,,,,"",""
ball,2,12.3,Bangladesh,Shakib Al Hasan,Mahmudullah,PWA Mulder,0,0,,,,,,"",""
ball,2,12.4,Bangladesh,Shakib Al Hasan,Mahmudullah,PWA Mulder,1,0,,,,,,"",""
ball,2,12.5,Bangladesh,Mahmudullah,Shakib Al Hasan,PWA Mulder,0,0,,,,,,"",""
ball,2,12.6,Bangladesh,Mahmudullah,Shakib Al Hasan,PWA Mulder,0,0,,,,,,"",""
ball,2,13.1,Bangladesh,Shakib Al Hasan,Mahmudullah,AL Phehlukwayo,0,0,,,,,,"",""
ball,2,13.2,Bangladesh,Shakib Al Hasan,Mahmudullah,AL Phehlukwayo,0,0,,,,,,"",""
ball,2,13.3,Bangladesh,Shakib Al Hasan,Mahmudullah,AL Phehlukwayo,4,0,,,,,,"",""
ball,2,13.4,Bangladesh,Shakib Al Hasan,Mahmudullah,AL Phehlukwayo,0,0,,,,,,"",""
ball,2,13.5,Bangladesh,Shakib Al Hasan,Mahmudullah,AL Phehlukwayo,0,0,,,,,,"",""
ball,2,13.6,Bangladesh,Shakib Al Hasan,Mahmudullah,AL Phehlukwayo,1,0,,,,,,"",""
ball,2,14.1,Bangladesh,Shakib Al Hasan,Mahmudullah,PWA Mulder,1,0,,,,,,"",""
ball,2,14.2,Bangladesh,Mahmudullah,Shakib Al Hasan,PWA Mulder,0,0,,,,,,"",""
ball,2,14.3,Bangladesh,Mahmudullah,Shakib Al Hasan,PWA Mulder,0,0,,,,,,lbw,Mahmudullah
ball,2,14.4,Bangladesh,Sabbir Rahman,Shakib Al Hasan,PWA Mulder,0,0,,,,,,"",""
ball,2,14.5,Bangladesh,Sabbir Rahman,Shakib Al Hasan,PWA Mulder,0,1,,1,,,,"",""
ball,2,14.6,Bangladesh,Sabbir Rahman,Shakib Al Hasan,PWA Mulder,1,0,,,,,,"",""
ball,2,14.7,Bangladesh,Shakib Al Hasan,Sabbir Rahman,PWA Mulder,0,0,,,,,,"",""
ball,2,15.1,Bangladesh,Sabbir Rahman,Shakib Al Hasan,AL Phehlukwayo,0,0,,,,,,"",""
ball,2,15.2,Bangladesh,Sabbir Rahman,Shakib Al Hasan,AL Phehlukwayo,0,0,,,,,,"",""
ball,2,15.3,Bangladesh,Sabbir Rahman,Shakib Al Hasan,AL Phehlukwayo,0,0,,,,,,"",""
ball,2,15.4,Bangladesh,Sabbir Rahman,Shakib Al Hasan,AL Phehlukwayo,0,0,,,,,,"",""
ball,2,15.5,Bangladesh,Sabbir Rahman,Shakib Al Hasan,AL Phehlukwayo,0,0,,,,,,"",""
ball,2,15.6,Bangladesh,Sabbir Rahman,Shakib Al Hasan,AL Phehlukwayo,0,0,,,,,,"",""
ball,2,16.1,Bangladesh,Shakib Al Hasan,Sabbir Rahman,PWA Mulder,0,0,,,,,,"",""
ball,2,16.2,Bangladesh,Shakib Al Hasan,Sabbir Rahman,PWA Mulder,2,0,,,,,,"",""
ball,2,16.3,Bangladesh,Shakib Al Hasan,Sabbir Rahman,PWA Mulder,1,0,,,,,,"",""
ball,2,16.4,Bangladesh,Sabbir Rahman,Shakib Al Hasan,PWA Mulder,0,0,,,,,,"",""
ball,2,16.5,Bangladesh,Sabbir Rahman,Shakib Al Hasan,PWA Mulder,0,0,,,,,,"",""
ball,2,16.6,Bangladesh,Sabbir Rahman,Shakib Al Hasan,PWA Mulder,0,0,,,,,,"",""
ball,2,17.1,Bangladesh,Shakib Al Hasan,Sabbir Rahman,AL Phehlukwayo,1,0,,,,,,"",""
ball,2,17.2,Bangladesh,Sabbir Rahman,Shakib Al Hasan,AL Phehlukwayo,1,0,,,,,,"",""
ball,2,17.3,Bangladesh,Shakib Al Hasan,Sabbir Rahman,AL Phehlukwayo,1,0,,,,,,"",""
ball,2,17.4,Bangladesh,Sabbir Rahman,Shakib Al Hasan,AL Phehlukwayo,1,0,,,,,,"",""
ball,2,17.5,Bangladesh,Shakib Al Hasan,Sabbir Rahman,AL Phehlukwayo,0,0,,,,,,"",""
ball,2,17.6,Bangladesh,Shakib Al Hasan,Sabbir Rahman,AL Phehlukwayo,1,0,,,,,,"",""
ball,2,18.1,Bangladesh,Shakib Al Hasan,Sabbir Rahman,PWA Mulder,0,0,,,,,,"",""
ball,2,18.2,Bangladesh,Shakib Al Hasan,Sabbir Rahman,PWA Mulder,1,0,,,,,,"",""
ball,2,18.3,Bangladesh,Sabbir Rahman,Shakib Al Hasan,PWA Mulder,1,0,,,,,,"",""
ball,2,18.4,Bangladesh,Shakib Al Hasan,Sabbir Rahman,PWA Mulder,1,0,,,,,,"",""
ball,2,18.5,Bangladesh,Sabbir Rahman,Shakib Al Hasan,PWA Mulder,0,0,,,,,,"",""
ball,2,18.6,Bangladesh,Sabbir Rahman,Shakib Al Hasan,PWA Mulder,1,0,,,,,,"",""
ball,2,19.1,Bangladesh,Sabbir Rahman,Shakib Al Hasan,Imran Tahir,2,0,,,,,,"",""
ball,2,19.2,Bangladesh,Sabbir Rahman,Shakib Al Hasan,Imran Tahir,0,0,,,,,,"",""
ball,2,19.3,Bangladesh,Sabbir Rahman,Shakib Al Hasan,Imran Tahir,1,0,,,,,,"",""
ball,2,19.4,Bangladesh,Shakib Al Hasan,Sabbir Rahman,Imran Tahir,0,0,,,,,,"",""
ball,2,19.5,Bangladesh,Shakib Al Hasan,Sabbir Rahman,Imran Tahir,1,0,,,,,,"",""
ball,2,19.6,Bangladesh,Sabbir Rahman,Shakib Al Hasan,Imran Tahir,0,0,,,,,,"",""
ball,2,20.1,Bangladesh,Shakib Al Hasan,Sabbir Rahman,K Rabada,0,0,,,,,,"",""
ball,2,20.2,Bangladesh,Shakib Al Hasan,Sabbir Rahman,K Rabada,0,0,,,,,,"",""
ball,2,20.3,Bangladesh,Shakib Al Hasan,Sabbir Rahman,K Rabada,0,0,,,,,,"",""
ball,2,20.4,Bangladesh,Shakib Al Hasan,Sabbir Rahman,K Rabada,0,0,,,,,,"",""
ball,2,20.5,Bangladesh,Shakib Al Hasan,Sabbir Rahman,K Rabada,1,0,,,,,,"",""
ball,2,20.6,Bangladesh,Sabbir Rahman,Shakib Al Hasan,K Rabada,4,0,,,,,,"",""
ball,2,21.1,Bangladesh,Shakib Al Hasan,Sabbir Rahman,Imran Tahir,0,0,,,,,,"",""
ball,2,21.2,Bangladesh,Shakib Al Hasan,Sabbir Rahman,Imran Tahir,0,0,,,,,,"",""
ball,2,21.3,Bangladesh,Shakib Al Hasan,Sabbir Rahman,Imran Tahir,0,0,,,,,,"",""
ball,2,21.4,Bangladesh,Shakib Al Hasan,Sabbir Rahman,Imran Tahir,0,0,,,,,,"",""
ball,2,21.5,Bangladesh,Shakib Al Hasan,Sabbir Rahman,Imran Tahir,1,0,,,,,,"",""
ball,2,21.6,Bangladesh,Sabbir Rahman,Shakib Al Hasan,Imran Tahir,0,0,,,,,,"",""
ball,2,22.1,Bangladesh,Shakib Al Hasan,Sabbir Rahman,K Rabada,0,0,,,,,,"",""
ball,2,22.2,Bangladesh,Shakib Al Hasan,Sabbir Rahman,K Rabada,4,0,,,,,,"",""
ball,2,22.3,Bangladesh,Shakib Al Hasan,Sabbir Rahman,K Rabada,0,0,,,,,,"",""
ball,2,22.4,Bangladesh,Shakib Al Hasan,Sabbir Rahman,K Rabada,0,0,,,,,,"",""
ball,2,22.5,Bangladesh,Shakib Al Hasan,Sabbir Rahman,K Rabada,1,0,,,,,,"",""
ball,2,22.6,Bangladesh,Sabbir Rahman,Shakib Al Hasan,K Rabada,0,1,1,,,,,"",""
ball,2,22.7,Bangladesh,Sabbir Rahman,Shakib Al Hasan,K Rabada,0,0,,,,,,"",""
ball,2,23.1,Bangladesh,Shakib Al Hasan,Sabbir Rahman,Imran Tahir,1,0,,,,,,"",""
ball,2,23.2,Bangladesh,Sabbir Rahman,Shakib Al Hasan,Imran Tahir,0,0,,,,,,"",""
ball,2,23.3,Bangladesh,Sabbir Rahman,Shakib Al Hasan,Imran Tahir,1,0,,,,,,"",""
ball,2,23.4,Bangladesh,Shakib Al Hasan,Sabbir Rahman,Imran Tahir,0,0,,,,,,"",""
ball,2,23.5,Bangladesh,Shakib Al Hasan,Sabbir Rahman,Imran Tahir,0,0,,,,,,"",""
ball,2,23.6,Bangladesh,Shakib Al Hasan,Sabbir Rahman,Imran Tahir,1,0,,,,,,"",""
ball,2,24.1,Bangladesh,Shakib Al Hasan,Sabbir Rahman,K Rabada,0,0,,,,,,"",""
ball,2,24.2,Bangladesh,Shakib Al Hasan,Sabbir Rahman,K Rabada,1,0,,,,,,"",""
ball,2,24.3,Bangladesh,Sabbir Rahman,Shakib Al Hasan,K Rabada,1,0,,,,,,"",""
ball,2,24.4,Bangladesh,Shakib Al Hasan,Sabbir Rahman,K Rabada,1,0,,,,,,"",""
ball,2,24.5,Bangladesh,Sabbir Rahman,Shakib Al Hasan,K Rabada,0,0,,,,,,"",""
ball,2,24.6,Bangladesh,Sabbir Rahman,Shakib Al Hasan,K Rabada,4,0,,,,,,"",""
ball,2,25.1,Bangladesh,Shakib Al Hasan,Sabbir Rahman,Imran Tahir,4,0,,,,,,"",""
ball,2,25.2,Bangladesh,Shakib Al Hasan,Sabbir Rahman,Imran Tahir,0,0,,,,,,"",""
ball,2,25.3,Bangladesh,Shakib Al Hasan,Sabbir Rahman,Imran Tahir,0,0,,,,,,"",""
ball,2,25.4,Bangladesh,Shakib Al Hasan,Sabbir Rahman,Imran Tahir,0,0,,,,,,"",""
ball,2,25.5,Bangladesh,Shakib Al Hasan,Sabbir Rahman,Imran Tahir,0,0,,,,,,"",""
ball,2,25.6,Bangladesh,Shakib Al Hasan,Sabbir Rahman,Imran Tahir,0,0,,,,,,"",""
ball,2,26.1,Bangladesh,Sabbir Rahman,Shakib Al Hasan,AK Markram,0,0,,,,,,"",""
ball,2,26.2,Bangladesh,Sabbir Rahman,Shakib Al Hasan,AK Markram,2,0,,,,,,"",""
ball,2,26.3,Bangladesh,Sabbir Rahman,Shakib Al Hasan,AK Markram,0,0,,,,,,"",""
ball,2,26.4,Bangladesh,Sabbir Rahman,Shakib Al Hasan,AK Markram,0,0,,,,,,"",""
ball,2,26.5,Bangladesh,Sabbir Rahman,Shakib Al Hasan,AK Markram,0,0,,,,,,"",""
ball,2,26.6,Bangladesh,Sabbir Rahman,Shakib Al Hasan,AK Markram,4,0,,,,,,"",""
ball,2,27.1,Bangladesh,Shakib Al Hasan,Sabbir Rahman,Imran Tahir,1,0,,,,,,"",""
ball,2,27.2,Bangladesh,Sabbir Rahman,Shakib Al Hasan,Imran Tahir,4,0,,,,,,"",""
ball,2,27.3,Bangladesh,Sabbir Rahman,Shakib Al Hasan,Imran Tahir,0,0,,,,,,"",""
ball,2,27.4,Bangladesh,Sabbir Rahman,Shakib Al Hasan,Imran Tahir,0,0,,,,,,"",""
ball,2,27.5,Bangladesh,Sabbir Rahman,Shakib Al Hasan,Imran Tahir,0,0,,,,,,"",""
ball,2,27.6,Bangladesh,Sabbir Rahman,Shakib Al Hasan,Imran Tahir,1,0,,,,,,"",""
ball,2,28.1,Bangladesh,Sabbir Rahman,Shakib Al Hasan,AK Markram,0,0,,,,,,"",""
ball,2,28.2,Bangladesh,Sabbir Rahman,Shakib Al Hasan,AK Markram,0,0,,,,,,"",""
ball,2,28.3,Bangladesh,Sabbir Rahman,Shakib Al Hasan,AK Markram,1,0,,,,,,"",""
ball,2,28.4,Bangladesh,Shakib Al Hasan,Sabbir Rahman,AK Markram,0,0,,,,,,"",""
ball,2,28.5,Bangladesh,Shakib Al Hasan,Sabbir Rahman,AK Markram,0,0,,,,,,"",""
ball,2,28.6,Bangladesh,Shakib Al Hasan,Sabbir Rahman,AK Markram,4,0,,,,,,"",""
ball,2,29.1,Bangladesh,Sabbir Rahman,Shakib Al Hasan,Imran Tahir,0,0,,,,,,"",""
ball,2,29.2,Bangladesh,Sabbir Rahman,Shakib Al Hasan,Imran Tahir,4,0,,,,,,"",""
ball,2,29.3,Bangladesh,Sabbir Rahman,Shakib Al Hasan,Imran Tahir,0,0,,,,,,"",""
ball,2,29.4,Bangladesh,Sabbir Rahman,Shakib Al Hasan,Imran Tahir,1,0,,,,,,"",""
ball,2,29.5,Bangladesh,Shakib Al Hasan,Sabbir Rahman,Imran Tahir,0,0,,,,,,"",""
ball,2,29.6,Bangladesh,Shakib Al Hasan,Sabbir Rahman,Imran Tahir,1,0,,,,,,"",""
ball,2,30.1,Bangladesh,Shakib Al Hasan,Sabbir Rahman,AK Markram,0,0,,,,,,caught,Shakib Al Hasan
ball,2,30.2,Bangladesh,Mehedi Hasan Miraz,Sabbir Rahman,AK Markram,2,0,,,,,,"",""
ball,2,30.3,Bangladesh,Mehedi Hasan Miraz,Sabbir Rahman,AK Markram,0,0,,,,,,"",""
ball,2,30.4,Bangladesh,Mehedi Hasan Miraz,Sabbir Rahman,AK Markram,1,0,,,,,,"",""
ball,2,30.5,Bangladesh,Sabbir Rahman,Mehedi Hasan Miraz,AK Markram,4,0,,,,,,"",""
ball,2,30.6,Bangladesh,Sabbir Rahman,Mehedi Hasan Miraz,AK Markram,0,0,,,,,,caught,Sabbir Rahman
ball,2,31.1,Bangladesh,Mehedi Hasan Miraz,Mashrafe Mortaza,Imran Tahir,0,0,,,,,,"",""
ball,2,31.2,Bangladesh,Mehedi Hasan Miraz,Mashrafe Mortaza,Imran Tahir,0,0,,,,,,"",""
ball,2,31.3,Bangladesh,Mehedi Hasan Miraz,Mashrafe Mortaza,Imran Tahir,0,0,,,,,,"",""
ball,2,31.4,Bangladesh,Mehedi Hasan Miraz,Mashrafe Mortaza,Imran Tahir,0,0,,,,,,"",""
ball,2,31.5,Bangladesh,Mehedi Hasan Miraz,Mashrafe Mortaza,Imran Tahir,0,0,,,,,,"",""
ball,2,31.6,Bangladesh,Mehedi Hasan Miraz,Mashrafe Mortaza,Imran Tahir,0,0,,,,,,"",""
ball,2,32.1,Bangladesh,Mashrafe Mortaza,Mehedi Hasan Miraz,PWA Mulder,0,0,,,,,,"",""
ball,2,32.2,Bangladesh,Mashrafe Mortaza,Mehedi Hasan Miraz,PWA Mulder,0,0,,,,,,"",""
ball,2,32.3,Bangladesh,Mashrafe Mortaza,Mehedi Hasan Miraz,PWA Mulder,4,0,,,,,,"",""
ball,2,32.4,Bangladesh,Mashrafe Mortaza,Mehedi Hasan Miraz,PWA Mulder,1,0,,,,,,"",""
ball,2,32.5,Bangladesh,Mehedi Hasan Miraz,Mashrafe Mortaza,PWA Mulder,1,0,,,,,,"",""
ball,2,32.6,Bangladesh,Mashrafe Mortaza,Mehedi Hasan Miraz,PWA Mulder,0,0,,,,,,"",""
ball,2,33.1,Bangladesh,Mehedi Hasan Miraz,Mashrafe Mortaza,D Paterson,0,0,,,,,,"",""
ball,2,33.2,Bangladesh,Mehedi Hasan Miraz,Mashrafe Mortaza,D Paterson,0,0,,,,,,"",""
ball,2,33.3,Bangladesh,Mehedi Hasan Miraz,Mashrafe Mortaza,D Paterson,3,0,,,,,,"",""
ball,2,33.4,Bangladesh,Mashrafe Mortaza,Mehedi Hasan Miraz,D Paterson,0,0,,,,,,"",""
ball,2,33.5,Bangladesh,Mashrafe Mortaza,Mehedi Hasan Miraz,D Paterson,4,0,,,,,,"",""
ball,2,33.6,Bangladesh,Mashrafe Mortaza,Mehedi Hasan Miraz,D Paterson,0,0,,,,,,"",""
ball,2,34.1,Bangladesh,Mehedi Hasan Miraz,Mashrafe Mortaza,PWA Mulder,0,0,,,,,,"",""
ball,2,34.2,Bangladesh,Mehedi Hasan Miraz,Mashrafe Mortaza,PWA Mulder,0,1,1,,,,,"",""
ball,2,34.3,Bangladesh,Mehedi Hasan Miraz,Mashrafe Mortaza,PWA Mulder,4,0,,,,,,"",""
ball,2,34.4,Bangladesh,Mehedi Hasan Miraz,Mashrafe Mortaza,PWA Mulder,0,0,,,,,,"",""
ball,2,34.5,Bangladesh,Mehedi Hasan Miraz,Mashrafe Mortaza,PWA Mulder,0,0,,,,,,"",""
ball,2,34.6,Bangladesh,Mehedi Hasan Miraz,Mashrafe Mortaza,PWA Mulder,0,0,,,,,,"",""
ball,2,34.7,Bangladesh,Mehedi Hasan Miraz,Mashrafe Mortaza,PWA Mulder,0,0,,,,,,"",""
ball,2,35.1,Bangladesh,Mashrafe Mortaza,Mehedi Hasan Miraz,D Paterson,0,0,,,,,,"",""
ball,2,35.2,Bangladesh,Mashrafe Mortaza,Mehedi Hasan Miraz,D Paterson,0,0,,,,,,"",""
ball,2,35.3,Bangladesh,Mashrafe Mortaza,Mehedi Hasan Miraz,D Paterson,2,0,,,,,,"",""
ball,2,35.4,Bangladesh,Mashrafe Mortaza,Mehedi Hasan Miraz,D Paterson,1,0,,,,,,"",""
ball,2,35.5,Bangladesh,Mehedi Hasan Miraz,Mashrafe Mortaza,D Paterson,0,0,,,,,,"",""
ball,2,35.6,Bangladesh,Mehedi Hasan Miraz,Mashrafe Mortaza,D Paterson,0,0,,,,,,"",""
ball,2,36.1,Bangladesh,Mashrafe Mortaza,Mehedi Hasan Miraz,PWA Mulder,4,0,,,,,,"",""
ball,2,36.2,Bangladesh,Mashrafe Mortaza,Mehedi Hasan Miraz,PWA Mulder,0,0,,,,,,"",""
ball,2,36.3,Bangladesh,Mashrafe Mortaza,Mehedi Hasan Miraz,PWA Mulder,1,0,,,,,,"",""
ball,2,36.4,Bangladesh,Mehedi Hasan Miraz,Mashrafe Mortaza,PWA Mulder,0,0,,,,,,"",""
ball,2,36.5,Bangladesh,Mehedi Hasan Miraz,Mashrafe Mortaza,PWA Mulder,1,0,,,,,,"",""
ball,2,36.6,Bangladesh,Mashrafe Mortaza,Mehedi Hasan Miraz,PWA Mulder,0,0,,,,,,"",""
ball,2,37.1,Bangladesh,Mehedi Hasan Miraz,Mashrafe Mortaza,D Paterson,0,1,,,1,,,"",""
ball,2,37.2,Bangladesh,Mashrafe Mortaza,Mehedi Hasan Miraz,D Paterson,0,0,,,,,,caught,Mashrafe Mortaza
ball,2,37.3,Bangladesh,Taskin Ahmed,Mehedi Hasan Miraz,D Paterson,1,0,,,,,,"",""
ball,2,37.4,Bangladesh,Mehedi Hasan Miraz,Taskin Ahmed,D Paterson,0,0,,,,,,"",""
ball,2,37.5,Bangladesh,Mehedi Hasan Miraz,Taskin Ahmed,D Paterson,0,0,,,,,,"",""
ball,2,37.6,Bangladesh,Mehedi Hasan Miraz,Taskin Ahmed,D Paterson,0,0,,,,,,"",""
ball,2,38.1,Bangladesh,Taskin Ahmed,Mehedi Hasan Miraz,Imran Tahir,0,1,1,,,,,"",""
ball,2,38.2,Bangladesh,Taskin Ahmed,Mehedi Hasan Miraz,Imran Tahir,0,0,,,,,,"",""
ball,2,38.3,Bangladesh,Taskin Ahmed,Mehedi Hasan Miraz,Imran Tahir,1,0,,,,,,"",""
ball,2,38.4,Bangladesh,Mehedi Hasan Miraz,Taskin Ahmed,Imran Tahir,0,0,,,,,,"",""
ball,2,38.5,Bangladesh,Mehedi Hasan Miraz,Taskin Ahmed,Imran Tahir,1,0,,,,,,"",""
ball,2,38.6,Bangladesh,Taskin Ahmed,Mehedi Hasan Miraz,Imran Tahir,0,0,,,,,,"",""
ball,2,38.7,Bangladesh,Taskin Ahmed,Mehedi Hasan Miraz,Imran Tahir,0,0,,,,,,"",""
ball,2,39.1,Bangladesh,Mehedi Hasan Miraz,Taskin Ahmed,D Paterson,0,0,,,,,,"",""
ball,2,39.2,Bangladesh,Mehedi Hasan Miraz,Taskin Ahmed,D Paterson,0,0,,,,,,"",""
ball,2,39.3,Bangladesh,Mehedi Hasan Miraz,Taskin Ahmed,D Paterson,2,0,,,,,,"",""
ball,2,39.4,Bangladesh,Mehedi Hasan Miraz,Taskin Ahmed,D Paterson,0,0,,,,,,"",""
ball,2,39.5,Bangladesh,Mehedi Hasan Miraz,Taskin Ahmed,D Paterson,0,0,,,,,,"",""
ball,2,39.6,Bangladesh,Mehedi Hasan Miraz,Taskin Ahmed,D Paterson,0,0,,,,,,"",""
ball,2,40.1,Bangladesh,Taskin Ahmed,Mehedi Hasan Miraz,Imran Tahir,0,0,,,,,,caught,Taskin Ahmed
ball,2,40.2,Bangladesh,Mehedi Hasan Miraz,Rubel Hossain,Imran Tahir,0,0,,,,,,"",""
ball,2,40.3,Bangladesh,Mehedi Hasan Miraz,Rubel Hossain,Imran Tahir,0,0,,,,,,"",""
ball,2,40.4,Bangladesh,Mehedi Hasan Miraz,Rubel Hossain,Imran Tahir,0,0,,,,,,caught,Mehedi Hasan Miraz
